# Blender 4.5.4 LTS
# www.blender.org
mtllib PootisExtreme.mtl
o PootisExtreme
v 7.531875 83.246307 0.642376
v 8.138480 82.793060 0.216512
v 7.945776 82.868607 0.762578
v 7.474393 82.066208 2.686717
v 7.374544 82.114471 2.496131
v 7.621256 82.907440 2.663298
v 7.578213 82.215988 2.374875
v 7.265604 82.135666 2.422634
v 7.199279 82.272614 1.931081
v 6.628092 82.311890 2.921560
v 7.367303 82.755157 1.346861
v 6.915366 83.208160 1.867327
v 7.625114 82.795532 0.810587
v 7.973119 82.693359 0.838582
v 7.975307 82.570847 0.883978
v 7.687898 82.494370 0.887820
v 8.279795 82.524384 1.092946
v 7.585341 82.482422 1.192420
v 8.065523 82.466171 1.546044
v 7.694620 82.462112 1.542195
v 7.847011 82.433228 1.567210
v 6.810035 81.961044 2.831504
v 8.075359 83.227585 1.869351
v 7.911509 82.406830 1.784858
v 7.853395 82.995880 2.222363
v 7.580604 84.999405 3.075577
v 8.491584 85.360825 1.423365
v 8.368025 83.160995 1.018786
v 8.324733 83.029022 0.782318
v 7.270612 82.814743 3.014776
v 6.999468 83.115219 3.330636
v 6.023427 84.009018 4.777429
v 6.620692 83.115219 4.238029
v 6.209002 82.767578 5.005755
v 6.550465 82.790817 4.680827
v 6.219109 81.757812 4.902612
v 6.601945 81.767075 4.287412
v 6.111094 81.881180 4.556480
v 6.435455 81.803833 4.080492
v 6.081495 82.189621 4.396735
v 6.631544 81.788269 3.424281
v 6.894882 81.888199 3.239427
v 7.089820 81.888657 3.216279
v 6.914532 82.019501 3.226749
v 7.008605 81.847794 3.405015
v 6.804689 81.781494 4.016448
v 6.608420 81.833603 4.118936
v 6.916020 82.854187 3.799019
v 6.121493 81.642075 4.995739
v 6.195015 81.787140 4.947459
v 6.083570 81.681564 4.969389
v 5.601454 82.380463 4.891649
v 5.450647 81.723282 5.451330
v 4.657598 81.599228 5.996729
v 5.085089 81.521149 5.794011
v 4.871803 81.499939 6.154601
v 5.195601 81.512131 5.940264
v 5.263858 82.497772 5.995398
v 5.476313 81.537842 5.708913
v 5.499148 81.568512 5.516438
v 5.774071 81.506927 5.320778
v 5.888687 81.512817 5.339277
v 5.845535 82.354507 5.437882
v 5.464778 82.601074 5.744808
v 4.903890 83.960754 6.109777
v 4.748601 82.652496 6.288380
v 3.733355 83.953979 6.585267
v 3.733355 82.772537 6.547364
v 2.718110 82.652496 6.288380
v 4.734641 81.638916 6.194486
v 5.534702 81.572815 5.634897
v 5.629982 81.571930 5.587726
v 4.298808 83.002869 5.722700
v 3.733355 81.938492 6.109280
v 3.929245 81.506729 6.337447
v 3.733355 81.814880 6.262684
v 3.733355 83.200287 5.938617
v 3.167903 83.002869 5.722700
v 3.733355 81.535614 6.551267
v 3.733355 81.501282 6.431430
v 3.965279 81.391891 6.470030
v 3.501431 81.391891 6.470030
v 3.498523 81.397537 6.572856
v 3.016740 81.397980 6.466669
v 3.225518 82.292465 6.602973
v 3.733355 82.239014 6.546371
v 4.241192 82.292465 6.602973
v 4.696432 81.481216 6.336883
v 4.685772 81.438354 6.288199
v 4.414983 81.483047 6.238545
v 3.537466 81.506729 6.337447
v 3.968187 81.397537 6.572856
v 4.449970 81.397980 6.466669
v 4.442350 81.397095 6.377942
v 2.770279 81.481216 6.336883
v 3.024361 81.397095 6.377942
v 3.051728 81.483047 6.238545
v 2.809115 81.599228 5.996752
v 2.780938 81.438354 6.288199
v 2.732069 81.639145 6.194486
v 2.594907 81.499939 6.154601
v 2.202852 82.497772 5.995398
v 2.271109 81.512131 5.940264
v 1.990397 81.537842 5.708913
v 2.381622 81.521149 5.794011
v 1.967563 81.568512 5.516438
v 2.016063 81.723282 5.451330
v 1.932008 81.572815 5.634897
v 1.692640 81.506927 5.320778
v 1.836728 81.571930 5.587726
v 2.001932 82.601074 5.744808
v 2.562820 83.960754 6.109777
v 1.443284 84.009018 4.777429
v 1.865257 82.380463 4.891649
v 1.383140 81.681564 4.969389
v 1.578023 81.512817 5.339277
v 1.621176 82.354507 5.437882
v 1.257709 82.767578 5.005755
v 0.846018 83.115219 4.238029
v 0.467242 83.115219 3.330636
v 0.550690 82.854187 3.799019
v -0.113893 84.999405 3.075577
v 0.458106 81.847794 3.405015
v 0.662022 81.781494 4.016448
v 0.835167 81.788269 3.424281
v 1.031255 81.803833 4.080492
v 1.385215 82.189621 4.396735
v 1.355617 81.881180 4.556480
v 1.247602 81.757812 4.902612
v 1.271696 81.787140 4.947459
v 1.345217 81.642075 4.995739
v 0.864766 81.767075 4.287412
v 0.916246 82.790817 4.680827
v 0.858290 81.833603 4.118936
v -0.608649 83.227585 1.869351
v -1.024873 85.360825 1.423365
v -0.901314 83.160995 1.018786
v -0.154546 82.907440 2.663298
v 0.196098 82.814743 3.014776
v -0.598812 82.466171 1.546044
v -0.380300 82.433228 1.567210
v -0.813083 82.524384 1.092946
v -0.479066 82.868607 0.762578
v -0.508597 82.570847 0.883978
v -0.858021 83.029022 0.782318
v -0.671770 82.793060 0.216512
v -0.065164 83.246307 0.642376
v 0.551344 83.208160 1.867327
v 0.099408 82.755157 1.346861
v -0.158404 82.795532 0.810587
v -0.506408 82.693359 0.838582
v -0.221187 82.494370 0.887820
v -0.118631 82.482422 1.192420
v -0.227910 82.462112 1.542195
v -0.444798 82.406830 1.784858
v -0.386684 82.995880 2.222363
v -0.111502 82.215988 2.374875
v 0.267432 82.272614 1.931081
v 0.838619 82.311890 2.921560
v 0.571829 81.888199 3.239427
v 0.552179 82.019501 3.226749
v 0.376891 81.888657 3.216279
v -0.007683 82.066208 2.686717
v 0.092166 82.114471 2.496131
v 0.201107 82.135666 2.422634
v 0.656675 81.961044 2.831504
v 7.782718 84.849808 4.399407
v 8.339667 82.993195 3.407900
v 8.536893 83.167511 3.310355
v 6.420611 87.985138 5.434795
v 7.096869 88.014511 5.152111
v 7.124922 88.769165 5.095167
v 7.196267 87.273544 5.155946
v 6.289134 87.248581 5.475964
v 6.495645 86.728592 5.374311
v 5.861169 86.939987 5.684685
v 6.589894 86.386047 5.164986
v 6.552982 86.251831 5.156627
v 7.345479 86.094955 4.961261
v 7.246345 85.856750 4.854385
v 8.098467 85.887741 4.697905
v 7.930639 85.496826 4.464503
v 8.029428 85.080612 4.200084
v 8.734122 83.341934 3.212807
v 9.135323 81.485962 2.507275
v 9.078091 81.390549 2.681165
v 7.773128 88.043793 4.869428
v 8.805275 93.967514 2.534802
v 8.990294 91.399475 3.190682
v 9.931609 91.968048 0.888681
v 9.379913 90.803986 2.350084
v 8.954784 90.524231 3.843541
v 9.485627 89.538834 2.848854
v 9.037143 90.114563 3.948996
v 8.921209 89.366028 3.501798
v 9.039331 88.130203 3.618069
v 8.648396 88.962006 3.740997
v 8.103400 87.298431 4.835927
v 7.380974 86.503571 5.152811
v 8.266304 86.278549 4.931309
v 8.673031 85.317032 3.606834
v 7.477168 95.365997 3.308191
v 5.387372 93.249100 6.313281
v 6.876135 92.161163 5.333844
v 7.586632 92.156723 4.940970
v 8.297143 92.152176 4.548092
v 8.480328 91.314041 4.851765
v 8.588680 90.690292 5.049138
v 8.756773 89.781586 4.292489
v 8.376845 89.329926 4.312204
v 8.236254 88.918671 4.235481
v 7.735579 88.760635 4.878695
v 5.947937 88.456436 5.337315
v 5.620388 87.813263 5.561377
v 6.408001 88.846405 5.192684
v 7.058734 88.850510 5.057996
v 7.591355 88.879044 4.828455
v 8.038654 89.010513 4.335646
v 8.054343 89.223145 4.527481
v 8.105272 89.697662 4.883393
v 8.592313 90.196899 5.083181
v 7.660163 90.104889 5.705752
v 7.607937 90.612396 5.907820
v 6.728008 90.012802 6.328311
v 6.627213 90.534393 6.766511
v 6.817954 90.252640 5.109347
v 6.762434 91.341583 6.421440
v 7.621376 91.327744 5.636607
v 5.832687 91.267365 6.957209
v 5.767917 90.370850 7.278571
v 4.422114 89.769257 7.095363
v 4.766816 89.385895 6.600177
v 5.094747 89.665207 6.411903
v 5.299972 89.455597 5.346381
v 5.911380 89.839035 6.370110
v 5.986134 89.912186 5.304024
v 6.696866 89.815247 5.217484
v 7.262197 89.678528 5.081019
v 7.461611 89.975189 4.996371
v 7.799993 89.528061 4.806764
v 7.839373 89.187897 4.576954
v 7.650362 89.372086 4.819551
v 7.206254 89.441071 5.006320
v 6.709856 89.558563 5.115384
v 6.106902 89.630920 5.162849
v 5.645606 89.329376 5.030716
v 5.514696 89.188721 5.163990
v 5.253901 88.795059 5.430132
v 5.475260 88.927689 5.239835
v 6.050433 88.934326 5.120997
v 6.179550 89.010605 5.007516
v 6.411790 88.889481 5.129653
v 6.164097 89.400070 5.063249
v 5.910717 89.199738 4.927474
v 5.641777 89.185791 5.034858
v 5.680667 88.982513 5.038942
v 5.947320 89.131470 4.885398
v 5.929017 89.149033 4.906450
v 0.704276 91.341583 6.421442
v -0.141227 90.612396 5.907820
v 0.839510 90.534454 6.766507
v 1.634023 91.267365 6.957210
v 1.698794 90.370850 7.278571
v 2.563766 91.193314 7.492975
v 2.558081 90.207092 7.790644
v 2.922240 90.375290 7.428630
v 3.044597 89.769257 7.095363
v 3.733355 90.026031 7.079566
v 3.733355 89.669235 7.178110
v 4.322538 89.442688 7.154471
v 4.543133 88.782181 6.764643
v 4.890875 88.502350 6.310796
v 5.223339 87.650131 6.283757
v 4.319449 88.178497 6.929122
v 4.405550 87.145660 7.354349
v 5.175266 87.141876 6.373204
v -0.193452 90.104889 5.705752
v 0.648757 90.252594 5.109348
v 0.738698 90.012878 6.328316
v 1.480577 89.912216 5.304025
v 1.555331 89.839035 6.370111
v 2.166739 89.455597 5.346383
v 2.371964 89.665207 6.411903
v 2.699895 89.385895 6.600178
v 3.144173 89.442688 7.154471
v 3.733355 89.212845 7.304195
v 4.195144 89.024826 7.230092
v 4.067750 88.606995 7.305718
v 4.128471 87.568832 8.091983
v 4.170083 86.388245 8.430109
v 3.733355 86.387497 8.673224
v 3.733355 85.241714 8.823495
v 3.733355 87.709824 8.249282
v 3.733355 88.756500 7.430281
v 3.271567 89.024826 7.230092
v 2.923578 88.782181 6.764645
v 2.575835 88.502350 6.310796
v 2.212810 88.795059 5.430132
v 1.846323 87.813263 5.561377
v 1.518773 88.456436 5.337315
v 1.046099 87.985138 5.434795
v 1.058606 88.846451 5.192686
v 3.398961 88.606995 7.305718
v 3.147261 88.178497 6.929122
v 2.243372 87.650131 6.283758
v 1.605542 86.939987 5.684685
v 1.177584 87.248581 5.475966
v 3.061160 87.145660 7.354349
v 2.291444 87.141876 6.373214
v 3.338239 87.568832 8.091983
v 3.296628 86.388245 8.430109
v -0.463924 85.496887 4.464498
v -0.316007 84.849808 4.399407
v -0.180117 85.374939 4.818547
v 0.220366 85.856750 4.854385
v 0.454467 85.699539 5.112877
v 2.012476 85.808594 6.116024
v 2.387719 85.932449 6.576805
v 2.666556 85.957367 7.602627
v 3.246566 85.202469 8.438652
v 2.549779 84.766602 6.759705
v 2.692064 84.872284 6.784769
v 3.068438 84.975967 7.345758
v 2.920210 84.869110 7.628756
v 2.604499 85.230560 7.823537
v 2.299658 85.686569 6.525936
v 2.167483 85.490082 5.826610
v 2.082122 85.032242 6.455174
v 0.896173 85.462234 5.287251
v 1.990043 84.769836 5.715353
v 2.466256 84.529190 6.174310
v 2.629972 84.755585 6.350990
v 2.882709 85.110626 6.759402
v 3.351956 85.059830 6.939243
v 3.471675 84.771225 7.189716
v 3.070892 84.858475 6.514624
v 3.010408 84.458923 6.533708
v 2.531399 84.087097 6.075575
v 3.101411 84.309982 6.565504
v 3.733355 84.431564 7.077041
v 0.519159 84.977005 5.044921
v 0.216379 85.242813 5.033300
v -0.069293 84.619064 4.598735
v 0.170836 84.292831 4.535347
v -0.872947 82.993149 3.407912
v 0.923052 84.251770 5.301992
v 1.414227 84.440002 5.392143
v 1.905402 84.628265 5.482296
v 1.246339 83.554672 5.754622
v 0.343300 83.374664 4.752298
v -0.606419 82.700150 3.624816
v -1.112034 81.359192 3.485316
v -1.554167 81.295090 2.855054
v -1.136362 79.798721 3.750582
v -1.469606 79.251663 3.268116
v -0.929378 78.436142 3.844112
v -1.732996 78.931107 2.953603
v -1.216268 77.583099 3.860590
v -0.456303 78.437485 4.582105
v -0.176350 81.856567 4.342804
v -0.728936 81.036575 3.416450
v -0.789576 80.420914 3.614165
v -1.611380 81.390549 2.681165
v 1.986373 82.196045 7.171180
v 0.671722 81.970779 5.855757
v -0.002832 81.503311 4.572902
v -0.671657 80.632553 3.567782
v -0.555949 80.715546 3.722902
v -0.506767 80.487244 3.872075
v -0.508876 79.586700 4.317156
v 0.540737 79.105667 5.882529
v 0.561632 80.695480 5.506147
v 0.219628 81.085083 5.143572
v 0.997370 81.241180 6.500530
v 0.995904 81.370239 6.185102
v 2.204948 81.494751 7.450065
v -0.251304 80.934158 4.131321
v 0.169072 81.235779 4.694838
v -0.327467 77.272568 5.283701
v 0.693628 77.987427 5.880410
v 1.422687 78.285889 6.789879
v 1.244502 79.489670 6.811423
v 1.162529 81.046280 6.713943
v 2.325358 81.487549 7.895639
v 3.733355 81.639801 7.977327
v 7.923014 78.437485 4.582105
v 6.925969 79.105713 5.882532
v 6.773083 77.987427 5.880411
v 7.975577 79.586670 4.317142
v 6.905079 80.695480 5.506147
v 7.247083 81.085083 5.143571
v 6.469340 81.241180 6.500530
v 6.470807 81.370239 6.185102
v 5.261762 81.494751 7.450065
v 5.141353 81.487549 7.895639
v 3.733355 81.555679 8.386559
v 2.335108 81.145309 7.997225
v 2.471418 79.558685 7.674103
v 2.514755 78.350632 7.492000
v 1.640590 76.237015 8.092561
v 6.222199 79.489670 6.811423
v 6.304181 81.046280 6.713943
v 4.995293 79.558685 7.674103
v 4.951956 78.350632 7.492000
v 5.131602 81.145309 7.997225
v 6.044024 78.285889 6.789879
v 5.826120 76.237015 8.092561
v 4.807637 76.232742 8.400681
v 3.733355 78.359207 7.882529
v 3.733355 79.551483 8.137252
v 3.733355 81.311783 8.476255
v 0.070286 75.424454 6.199121
v 2.573123 75.332123 6.895774
v 1.613237 75.522797 8.114444
v 2.661189 75.508789 8.350259
v 2.659073 76.232742 8.400681
v 3.733355 76.171814 8.532203
v 4.805521 75.508789 8.350259
v 5.853474 75.522797 8.114444
v 7.396427 75.424423 6.199133
v 4.893587 75.332123 6.895774
v 5.557081 74.953369 4.353036
v 3.733355 74.717499 4.306453
v 3.733355 74.411026 2.230271
v -0.367718 75.202942 2.341614
v 3.733355 75.193649 6.743496
v 3.733355 75.413376 8.529698
v -0.198632 76.107544 5.985302
v 7.665338 76.107513 5.985291
v 8.949838 76.115631 3.692038
v 7.834422 75.202866 2.341621
v 3.733355 74.467667 1.833468
v -2.991484 76.773254 -1.365614
v -2.839568 76.869125 1.249461
v -3.796299 77.730469 -0.732877
v -3.015781 77.931015 1.335849
v -3.737667 79.078613 -0.317078
v -2.787524 79.092834 1.515712
v -3.432009 80.403366 0.213172
v -4.704954 76.091064 -3.845815
v -1.844666 74.249527 -0.852992
v 3.733355 73.318024 1.894937
v -8.807039 74.713989 -8.138956
v -6.387992 77.179550 -5.728528
v -7.532442 78.582993 -8.226733
v -5.270389 73.678741 -3.249764
v -1.241490 71.655380 -0.029174
v 3.733355 72.082748 1.899557
v 9.311378 74.249527 -0.852992
v 10.458197 76.773254 -1.365614
v 10.306279 76.869125 1.249461
v 8.969871 76.729950 3.877071
v 7.794178 77.272568 5.283701
v 8.682980 77.583099 3.860590
v 8.396090 78.436142 3.844112
v 1.313372 69.441422 0.956555
v 3.733355 68.985001 2.011605
v 12.448767 79.524399 -3.774018
v 13.168191 78.487335 -4.678655
v 11.263010 77.730499 -0.732876
v 10.482491 77.931015 1.335849
v 9.463091 78.610535 2.639093
v 9.199708 78.931107 2.953603
v 8.936324 79.251663 3.268123
v 8.603074 79.798721 3.750582
v 7.973479 80.487244 3.872064
v 7.718015 80.934158 4.131321
v 7.297638 81.235779 4.694838
v 8.022659 80.715546 3.722902
v 8.256287 80.420914 3.614165
v 8.138368 80.632553 3.567782
v 9.020877 81.295090 2.855054
v 10.254234 79.092834 1.515712
v 11.204377 79.078613 -0.317078
v 11.932602 80.853851 -2.342295
v 12.375244 82.480835 -4.044462
v 12.645508 82.223862 -4.916230
v 12.757517 84.393219 -4.941094
v 12.831152 84.537827 -6.157531
v 12.789483 84.703201 -4.987521
v 12.897725 84.983612 -6.031106
v 13.026223 85.078583 -5.427795
v 9.523168 81.842865 1.889410
v 10.898717 80.403320 0.213177
v 9.230186 83.903885 2.136150
v 10.248504 82.528885 0.810326
v 11.239097 82.310059 -0.973012
v 11.892401 82.701935 -2.416606
v 12.530995 84.665298 -4.195025
v 12.607540 84.841721 -4.415365
v 12.772225 84.920883 -4.608858
v 12.888430 84.948639 -4.931099
v 12.781069 85.065048 -4.561415
v 12.931879 85.185287 -4.916097
v 12.644583 85.851929 -4.369929
v 12.496299 86.722260 -4.616844
v 12.308062 86.798538 -3.795043
v 9.372018 86.453827 3.639704
v 9.431530 85.567703 2.696596
v 9.521384 84.383743 1.145305
v 10.954056 83.646057 -0.541852
v 12.092595 84.924271 -2.726146
v 12.218003 86.758820 -3.532539
v 11.714044 86.536606 -2.063568
v 11.471303 88.308899 -1.939559
v 10.620308 86.351379 0.780051
v 10.353293 90.057037 0.008339
v 10.091941 88.164764 1.893725
v 9.823707 89.632217 1.501913
v 10.376822 85.101135 0.383392
v 11.956515 88.852371 -3.654135
v 11.044408 90.513428 -1.891888
v 12.521317 87.462463 -5.227916
v 12.256445 87.622177 -4.913368
v 12.658232 87.425461 -5.054749
v 12.435162 87.691437 -4.623409
v 12.041677 88.939667 -3.907164
v 11.653021 90.584717 -4.254805
v 11.562150 90.736526 -4.099755
v 10.536343 92.692657 -1.201785
v 12.906094 89.874969 -6.595322
v 12.904809 90.616074 -7.308406
v 12.756027 90.822067 -6.894910
v 12.511977 90.625748 -5.858928
v 12.188473 90.839417 -5.794929
v 12.339171 90.021378 -4.976151
v 12.262311 89.330154 -4.517692
v 12.332177 88.624969 -4.560851
v 12.363333 88.669861 -4.819023
v 12.123591 87.665482 -5.010667
v 11.951326 87.417572 -5.555527
v 12.049145 87.346725 -5.694133
v 12.004341 88.448990 -6.498315
v 12.236932 88.037048 -6.785296
v 12.935331 88.191620 -6.309491
v 12.691258 88.568100 -5.985555
v 12.533680 89.687515 -5.368778
v 12.283403 88.672546 -4.964194
v 11.915750 89.346619 -5.208019
v 12.332990 89.159836 -5.079564
v 12.363040 89.659317 -5.513360
v 12.535395 89.207001 -4.930264
v 12.678061 89.966125 -6.009517
v 12.549202 89.916046 -6.063183
v 12.085173 89.746613 -5.342268
v 12.112357 89.715698 -5.398737
v 12.051716 89.280075 -5.243888
v 12.400714 89.338974 -5.701149
v 12.458308 89.031021 -5.455091
v 12.186804 88.954330 -5.543029
v 11.818021 87.691437 -5.375659
v 11.664886 88.532913 -5.196533
v 12.073554 90.007843 -6.326590
v 12.777910 89.833008 -6.651134
v 12.022344 89.873398 -6.303556
v 12.512767 89.627060 -5.973396
v 12.797243 88.933777 -6.282149
v 13.057379 88.573059 -6.571205
v 13.178118 88.158875 -6.813879
v 13.201377 88.594955 -7.261640
v 13.021103 89.025375 -7.020883
v 12.478477 88.792816 -7.581064
v 12.363873 89.161865 -7.447601
v 12.669715 88.950027 -7.771487
v 12.498554 89.389053 -7.613572
v 13.039467 89.438461 -7.301076
v 12.873472 88.003220 -7.704576
v 12.724263 87.934402 -7.648382
v 13.145339 87.676132 -7.602090
v 13.165372 89.005310 -7.451527
v 12.834964 89.319794 -6.724001
v 12.220034 89.466202 -7.191209
v 12.013298 89.708267 -6.751116
v 12.132413 89.814087 -6.941339
v 12.304295 89.647583 -7.316324
v 12.920532 89.712326 -6.964574
v 13.098256 87.679703 -6.526358
v 13.316408 87.560150 -7.088340
v 13.185247 87.952240 -7.385628
v 12.983767 87.453888 -7.496962
v 13.389839 87.624222 -7.462762
v 13.279049 89.009583 -7.427498
v 13.221748 89.461487 -7.256902
v 13.062974 89.738937 -6.935497
v 13.252677 86.261841 -6.622620
v 13.379350 87.006531 -7.298686
v 13.264973 86.938400 -7.241632
v 13.153619 85.266052 -5.954607
v 13.095391 85.293106 -5.390165
v 13.223080 85.442917 -5.876843
v 12.973660 85.991791 -5.411146
v 13.398119 85.825089 -6.754661
v 13.439042 86.113373 -6.995372
v 13.488109 86.990753 -7.556249
v 13.469024 87.611130 -7.762216
v 13.292067 89.180145 -7.871110
v 13.204332 89.689301 -7.758831
v 13.170606 89.234299 -8.300532
v 13.045806 89.791092 -8.214310
v 12.692162 90.811661 -7.733362
v 12.557119 90.926468 -7.118885
v 14.307429 80.631622 -11.440392
v 13.494111 82.589584 -11.183687
v 14.210491 80.650787 -8.474556
v 13.436290 83.186722 -8.384068
v 13.132909 82.098221 -6.267281
v 12.730581 85.224533 -7.330989
v 12.832573 85.569702 -7.097657
v 13.289856 85.735062 -6.951177
v 13.315190 86.053421 -7.202604
v 13.404210 86.991165 -7.873640
v 13.367596 87.639771 -8.145571
v 12.824473 84.219925 -10.965673
v 12.305985 86.473648 -8.478415
v 12.573002 85.753311 -7.755383
v 12.792349 85.958160 -7.397429
v 12.742921 86.766495 -8.179616
v 12.672332 87.637299 -8.418565
v 12.441953 89.261597 -8.513563
v 12.314806 89.810715 -8.405257
v 12.258972 86.683258 -8.343422
v 11.966103 87.677429 -8.636539
v 11.665790 89.018631 -8.705976
v 11.635243 89.811569 -8.456126
v 11.746756 89.027405 -8.455609
v 11.972848 87.638428 -8.392962
v 11.488268 89.926407 -8.569894
v 11.576114 90.562164 -8.045180
v 12.030375 90.781204 -7.919930
v 11.919675 90.957169 -7.420775
v 11.873653 90.917007 -6.005047
v 11.601380 90.847061 -5.842911
v 11.507510 90.895554 -5.919278
v 10.953966 93.198669 -4.581106
v 9.430154 95.141312 -0.990216
v 11.572933 90.866470 -7.418949
v 11.451857 90.923996 -7.536012
v 10.907290 92.992722 -6.178530
v 9.657397 95.969925 -5.013235
v 7.758306 97.349426 -0.301403
v 8.031232 97.676559 -4.966875
v 7.967546 97.296860 -6.720457
v 9.574491 95.726715 -6.600327
v 10.790115 92.789688 -7.758809
v 10.665609 91.921814 -9.341748
v 11.434349 90.576141 -8.066071
v 10.879789 90.446640 -9.872328
v 11.213853 89.075699 -10.154685
v 5.816923 98.075378 -6.779269
v 5.939451 98.507660 -4.913341
v 11.567159 87.427490 -10.461926
v 9.174509 89.537735 -11.389777
v 9.154746 91.066360 -10.865852
v 9.180419 93.685730 -10.104128
v 9.491584 95.483521 -8.187418
v 7.903838 96.917206 -8.474037
v 5.820370 97.643158 -8.641227
v 3.733355 98.263779 -6.873681
v 3.733355 98.794830 -4.963310
v 5.814338 98.223602 0.258139
v 5.541391 96.259354 3.907262
v 3.733355 98.528152 0.622939
v 3.733355 96.485199 4.235346
v 3.733355 93.563705 6.463689
v 3.733355 91.686493 7.228305
v 4.564406 91.358276 7.232504
v 4.902945 91.193359 7.492976
v 1.649788 98.075378 -6.779269
v 1.527260 98.507660 -4.913341
v 1.652373 98.223602 0.258139
v 1.925320 96.259308 3.907253
v 2.079336 93.249100 6.313281
v 2.902304 91.358276 7.232499
v 3.733355 90.452667 7.473957
v 4.544470 90.375351 7.428636
v 4.908630 90.207062 7.790650
v 0.590580 92.161194 5.333850
v -0.154665 91.327744 5.636607
v -0.119921 92.156723 4.940970
v -1.013615 91.314041 4.851766
v -1.338564 93.967514 2.534804
v -0.830431 92.152176 4.548093
v -0.010458 95.365997 3.308193
v -0.291595 97.349426 -0.301403
v -0.564522 97.676559 -4.966875
v -1.963443 95.141312 -0.990216
v -2.190686 95.969925 -5.013235
v -3.487254 93.198669 -4.581106
v -3.440579 92.992722 -6.178530
v -4.040800 90.895554 -5.919278
v -3.985145 90.923996 -7.536012
v -4.106222 90.866470 -7.418949
v -4.109404 90.562164 -8.045180
v -4.563663 90.781204 -7.919930
v -4.452964 90.957169 -7.420775
v -4.406942 90.917007 -6.005047
v -4.134670 90.847061 -5.842911
v -3.967639 90.576141 -8.066071
v -4.021557 89.926407 -8.569894
v -1.523583 91.399475 3.190682
v -2.464905 91.968109 0.888683
v -3.069631 92.692657 -1.201785
v -4.095439 90.736526 -4.099755
v -4.186309 90.584717 -4.254805
v -4.721761 90.839417 -5.794929
v -5.090408 90.926468 -7.118885
v -5.225450 90.811661 -7.733362
v -4.848095 89.810715 -8.405257
v -5.289316 90.822067 -6.894910
v -4.280045 89.027405 -8.455609
v -4.506137 87.638428 -8.392962
v -5.205621 87.637299 -8.418565
v -4.975241 89.261597 -8.513563
v -5.579095 89.791092 -8.214310
v -5.438098 90.616074 -7.308406
v -5.439383 89.874969 -6.595322
v -5.045266 90.625748 -5.858928
v -5.211350 89.966125 -6.009517
v -5.066968 89.687515 -5.368778
v -4.872459 90.021378 -4.976151
v -5.068684 89.207001 -4.930264
v -4.795599 89.330154 -4.517692
v -4.865466 88.624969 -4.560851
v -4.168532 89.811569 -8.456126
v -4.199078 89.018631 -8.705976
v -4.499392 87.677429 -8.636539
v -4.574966 88.939667 -3.907164
v -4.968451 87.691437 -4.623409
v -4.896622 88.669861 -4.819023
v -4.866279 89.159836 -5.079564
v -4.896328 89.659317 -5.513360
v -5.082490 89.916046 -6.063183
v -5.311199 89.833008 -6.651134
v -5.453821 89.712326 -6.964574
v -4.665701 89.814087 -6.941339
v -4.753323 89.466202 -7.191209
v -4.546586 89.708267 -6.751116
v -4.606842 90.007843 -6.326590
v -4.555633 89.873398 -6.303556
v -4.618462 89.746613 -5.342268
v -4.837583 89.647583 -7.316324
v -4.897162 89.161865 -7.447601
v -5.368253 89.319794 -6.724001
v -5.046056 89.627060 -5.973396
v -4.645646 89.715698 -5.398737
v -4.449039 89.346619 -5.208019
v -4.816691 88.672546 -4.964194
v -5.203003 88.950027 -7.771487
v -5.011765 88.792816 -7.581064
v -5.554392 89.025375 -7.020883
v -5.330532 88.933777 -6.282149
v -4.934003 89.338974 -5.701149
v -4.585005 89.280075 -5.243888
v -4.198175 88.532913 -5.196533
v -4.656879 87.665482 -5.010667
v -4.789734 87.622177 -4.913368
v -5.191521 87.425461 -5.054749
v -5.029588 86.722260 -4.616844
v -5.226939 86.670380 -5.053170
v -5.054606 87.462463 -5.227916
v -5.219584 87.391373 -5.309582
v -4.582433 87.346725 -5.694133
v -4.484615 87.417572 -5.555527
v -4.537630 88.448990 -6.498315
v -4.351310 87.691437 -5.375659
v -4.720092 88.954330 -5.543029
v -4.991597 89.031021 -5.455091
v -5.224547 88.568100 -5.985555
v -5.590668 88.573059 -6.571205
v -5.734666 88.594955 -7.261640
v -5.257552 87.934402 -7.648382
v -5.406761 88.003220 -7.704576
v -5.678628 87.676132 -7.602090
v -5.517056 87.453888 -7.496962
v -5.923128 87.624222 -7.462762
v -5.468620 88.191620 -6.309491
v -5.711407 88.158875 -6.813879
v -4.770221 88.037048 -6.785296
v -5.631545 87.679703 -6.526358
v -5.849697 87.560150 -7.088340
v -5.718536 87.952240 -7.385628
v -5.683365 87.506897 -7.292639
v -5.798262 86.938400 -7.241632
v -5.811888 86.931854 -7.039633
v -5.785966 86.261841 -6.622620
v -5.818881 86.936813 -6.821888
v -5.623740 86.337646 -6.202514
v -5.681853 86.904770 -6.314929
v -5.912639 87.006531 -7.298686
v -5.972331 86.113373 -6.995372
v -5.506949 85.991791 -5.411146
v -5.931408 85.825089 -6.754661
v -5.823145 85.735062 -6.951177
v -6.021398 86.990753 -7.556249
v -5.848479 86.053421 -7.202604
v -5.365862 85.569702 -7.097657
v -5.686908 85.266052 -5.954607
v -5.756369 85.442917 -5.876843
v -5.628680 85.293106 -5.390165
v -5.416327 85.963150 -5.228661
v -5.969579 83.186722 -8.384071
v -6.027400 82.589584 -11.183694
v -6.743780 80.650787 -8.474556
v -5.357762 84.219971 -10.965683
v -4.839274 86.473648 -8.478415
v -5.263868 85.224533 -7.330991
v -5.106290 85.753342 -7.755383
v -5.325638 85.958160 -7.397429
v -5.937499 86.991165 -7.873640
v -6.002313 87.611130 -7.762216
v -5.812338 89.009583 -7.427498
v -5.698661 89.005310 -7.451527
v -5.031843 89.389053 -7.613572
v -5.572756 89.438461 -7.301076
v -5.755037 89.461487 -7.256902
v -5.825356 89.180145 -7.871110
v -5.900885 87.639771 -8.145571
v -5.276210 86.766495 -8.179616
v -4.792260 86.683258 -8.343422
v -5.596263 89.738937 -6.935497
v -5.737621 89.689301 -7.758831
v -5.703895 89.234299 -8.300532
v -3.747141 89.075699 -10.154685
v -4.100448 87.427490 -10.461926
v -4.512882 86.276962 -10.690590
v -2.190054 84.323303 -13.262383
v -2.425397 81.590408 -14.407388
v -6.840718 80.631622 -11.440392
v -4.171782 78.435242 -16.384947
v -8.902487 77.049606 -11.546721
v 0.653991 81.800461 -14.695245
v 3.733355 78.430695 -17.615009
v -2.069493 85.627014 -12.794227
v -1.948938 86.930511 -12.326070
v -1.707797 89.537735 -11.389777
v -3.413079 90.446640 -9.872328
v -3.198897 91.921814 -9.341748
v -3.323404 92.789688 -7.758809
v -2.107780 95.726715 -6.600327
v -0.500836 97.296860 -6.720457
v 0.989001 87.169174 -12.763026
v 1.355798 89.937454 -11.913094
v 1.557169 94.283829 -10.792490
v 3.733355 97.732697 -8.784075
v 3.733355 94.335464 -11.114100
v -0.039131 91.272766 -11.255910
v -1.688035 91.066360 -10.865852
v -1.713709 93.685730 -10.104128
v -2.024873 95.483521 -8.187418
v -0.437128 96.917206 -8.474037
v 1.646341 97.643158 -8.641227
v -0.115879 94.068146 -10.453102
v 6.153347 69.441391 0.956555
v 3.733355 66.988907 2.876218
v 8.516106 67.821808 0.737919
v 8.708201 71.655380 -0.029174
v 12.737100 73.678711 -3.249764
v 12.171666 76.091064 -3.845815
v 14.299625 71.431564 -3.886247
v 16.273750 74.713989 -8.138959
v 13.854703 77.179550 -5.728525
v -1.049395 67.821838 0.737919
v -6.832918 71.431595 -3.886246
v 16.369198 77.049606 -11.546722
v 14.999153 78.582993 -8.226730
v 13.426612 78.874451 -6.319119
v 11.638492 78.435211 -16.384947
v 9.892107 81.590408 -14.407387
v 9.656764 84.323303 -13.262383
v 11.979593 86.276962 -10.690587
v 5.909541 94.283829 -10.792490
v 6.110913 89.937454 -11.913094
v 3.733355 89.879044 -12.272084
v 3.733355 87.178635 -13.122538
v 6.477710 87.169174 -12.763027
v 9.415648 86.930511 -12.326070
v 9.536207 85.626984 -12.794227
v 3.733355 85.828461 -13.547740
v 7.505841 91.272766 -11.255910
v 7.582589 94.068146 -10.453102
v 8.431395 81.182526 -3.493083
v 8.986722 81.220673 0.009008
v 8.894881 83.760422 0.320216
v 7.591004 79.268799 -4.031017
v 7.614782 78.249115 1.607408
v 6.359114 85.765091 -4.406363
v 8.078449 85.634903 1.912390
v 6.576182 86.269287 3.479485
v 7.479446 85.006393 -3.967940
v 8.287781 84.548676 -3.402506
v 6.444096 78.815353 -4.393799
v 6.523754 77.803787 3.661515
v 5.065690 78.749939 -4.609784
v 5.057957 77.359802 5.513140
v 3.728904 78.747009 -4.715927
v 3.733355 77.244308 6.050914
v 2.377590 77.331161 5.637918
v 2.375824 78.749054 -4.596677
v 0.895897 77.821625 3.812912
v 1.101145 85.772720 -4.409927
v -0.012398 85.003922 -3.969609
v 2.380356 86.346222 -4.771174
v 3.733919 86.562088 -4.895275
v 5.082463 86.347107 -4.767768
v -0.148071 78.249115 1.607408
v -0.130881 79.276031 -4.033837
v -0.964503 81.176682 -3.494143
v -0.820054 84.530594 -3.402596
v -1.428171 83.728851 0.320216
v -0.611738 85.634903 1.912390
v 0.890528 86.269287 3.479485
v 2.132866 86.614899 4.228597
v 3.733355 86.764694 4.594765
v 5.333845 86.614899 4.228597
v -1.520011 81.220673 0.009008
v 2.921306 80.398819 4.797439
v 3.237572 80.624878 5.401541
v 2.713435 80.723907 5.003633
v 3.364594 80.955811 5.285920
v 2.908948 81.175995 4.450380
v 3.733355 81.246384 4.588219
v 3.733355 80.856781 5.417242
v 3.733355 80.457230 5.335935
v 3.733355 80.362701 4.618787
v 2.579366 80.410995 3.985496
v 1.987176 80.805557 3.995558
v 2.664438 81.419434 2.775376
v 3.733355 80.343536 3.707697
v 3.733355 80.105087 3.512850
v 2.511423 80.370178 2.776165
v 3.005776 79.707352 4.062898
v 3.733355 79.661331 4.383648
v 1.693253 79.876541 2.663480
v 0.742898 80.163986 0.909069
v 1.976586 81.243668 2.687730
v 1.423657 80.964828 0.378122
v 2.541515 81.585693 -0.420231
v 0.698794 81.203293 -1.050858
v 1.042264 81.783524 -2.462379
v 3.733355 81.796402 -2.981521
v 3.733355 81.804520 -0.181321
v 3.733355 81.389862 2.601329
v 3.316501 83.097183 -1.695382
v 3.733355 83.073502 -1.534114
v 3.733355 83.658447 -1.416867
v 3.733355 82.942627 -1.774726
v 3.733355 83.101898 -1.984621
v 3.502519 83.900513 -1.627872
v 3.733355 83.916519 -1.945696
v 3.733355 84.523651 -2.011936
v 3.458997 84.689911 -1.650161
v 3.733355 84.476242 -2.958059
v 1.665605 84.723709 -1.486545
v 3.733355 85.276901 -0.021580
v 2.296714 85.240784 2.120464
v 3.733355 85.558411 1.298697
v 3.733355 84.784164 4.909967
v 2.860643 84.575287 4.304467
v 3.733355 84.780579 -0.923935
v 3.733355 84.390732 -4.390301
v -0.066451 83.171402 -1.756029
v 3.733355 80.308792 -5.207726
v -0.599219 80.122665 -1.588014
v -0.433834 80.812790 -0.538207
v 6.723812 80.163986 0.909069
v 6.043054 80.964828 0.378122
v 5.490124 81.243668 2.687730
v 6.767917 81.203293 -1.050858
v 4.460934 79.707352 4.062898
v 4.955288 80.370178 2.776165
v 5.773458 79.876541 2.663480
v 5.479535 80.805557 3.995558
v 4.802273 81.419434 2.775376
v 4.925196 81.585693 -0.420231
v 6.424447 81.783524 -2.462379
v 4.557763 81.175995 4.450380
v 4.102117 80.955811 5.285920
v 4.887345 80.410995 3.985496
v 4.229139 80.624878 5.401541
v 4.545404 80.398819 4.797439
v 4.753275 80.723907 5.003633
v -5.364441 84.537827 -6.157531
v -5.666198 82.098221 -6.267281
v -5.178797 82.223862 -4.916230
v -5.392956 85.944885 -4.878762
v -5.465168 85.185287 -4.916097
v -5.559512 85.078583 -5.427795
v -5.431014 84.983612 -6.031106
v -5.959901 78.874451 -6.319125
v -5.701487 78.487289 -4.678666
v -4.982055 79.524399 -3.774019
v -4.908532 82.480835 -4.044462
v -5.290806 84.393219 -4.941094
v -5.322772 84.703201 -4.987521
v -5.421719 84.948639 -4.931099
v -3.153598 86.351410 0.780051
v -2.910111 85.101135 0.383392
v -2.054683 84.383713 1.145305
v -3.487336 83.646088 -0.541852
v -2.781788 82.528854 0.810326
v -3.772386 82.310059 -0.973012
v -4.465890 80.853821 -2.342295
v -4.004590 88.308899 -1.939559
v -2.886583 90.057037 0.008339
v -3.577697 90.513458 -1.891887
v -4.247333 86.536606 -2.063568
v -4.425689 82.701935 -2.416606
v -4.625883 84.924271 -2.726146
v -4.751292 86.758820 -3.532539
v -4.489803 88.852371 -3.654135
v -4.841350 86.798538 -3.795043
v -5.064284 84.665298 -4.195025
v -5.140829 84.841721 -4.415365
v -5.177872 85.851929 -4.369929
v -5.314358 85.065048 -4.561415
v -5.305514 84.920883 -4.608858
v 2.192845 81.081253 5.697723
v 1.386321 80.710373 4.880143
v 2.740669 80.566666 6.007377
v 1.715456 81.160873 5.248584
v 2.164409 81.510788 5.700569
v 1.803832 81.751953 5.402441
v 2.476122 81.580048 5.972590
v 2.502155 81.724655 5.873734
v 2.288868 81.552063 5.699438
v 2.515317 81.707718 5.763419
v 2.327086 81.548691 5.586122
v 2.202045 81.445801 5.613083
v 2.220921 81.417160 5.756359
v 2.732821 81.136505 6.141268
v 3.217149 81.101532 6.265774
v 2.717489 81.575531 6.019198
v 2.727966 81.615234 5.896835
v 2.816066 81.288788 5.744132
v 2.357526 81.223831 5.336276
v 2.245159 81.441971 5.480387
v 2.183695 81.530609 5.640267
v 1.869376 81.682907 5.192955
v 1.801470 81.461594 5.146099
v 1.636816 81.596298 5.200194
v 0.869029 81.739532 4.202542
v 0.178908 81.605316 2.688950
v 0.036873 82.103867 2.485214
v -0.669988 82.071365 1.070255
v 2.762486 81.495682 6.053038
v 2.838366 81.574615 5.974643
v 3.051929 81.334366 5.863652
v 3.194000 81.545273 6.125906
v 3.243521 81.298706 5.982065
v 3.054106 81.012436 5.485237
v 2.187241 80.995956 4.897401
v 2.210293 81.277054 5.101205
v 1.928189 81.210510 4.797597
v 2.014029 81.558838 5.030345
v 2.825638 81.565140 6.080200
v 2.999317 79.707352 4.062898
v 1.686795 79.876541 2.663480
v 3.733355 79.661331 4.416925
v 3.733355 80.913849 5.664630
v 3.219443 81.452332 6.216008
v 3.284074 81.573715 6.246510
v 3.309167 81.582291 6.164437
v 3.682278 81.594925 6.213481
v 3.704314 81.549133 6.307149
v 3.191471 81.533127 6.207729
v 2.791203 81.446930 6.159903
v 2.746632 81.451447 6.135335
v 3.253433 81.453476 6.306202
v 3.188450 81.423935 6.270783
v 2.817584 79.644196 5.775173
v 1.339374 79.732422 4.265503
v 3.733355 80.389999 6.252938
v 3.733355 81.100876 6.312788
v 3.706780 81.443771 6.391770
v 3.733355 79.581467 6.357096
v 4.649127 79.644196 5.775173
v 6.127337 79.732422 4.265503
v 6.080390 80.710373 4.880143
v 4.726041 80.566666 6.007377
v 4.249562 81.101532 6.265774
v 4.213277 81.453476 6.306202
v 3.759931 81.443771 6.391770
v 3.762396 81.549133 6.307149
v 3.739812 81.483246 6.277145
v 4.182637 81.573715 6.246510
v 4.247268 81.452332 6.216008
v 6.909094 81.803833 2.122102
v 7.277064 82.018799 0.843800
v 6.295225 81.257431 3.027434
v 6.223733 81.433609 3.819658
v 6.227636 81.774063 3.891037
v 5.627720 81.699600 4.778670
v 5.650690 81.676819 5.169580
v 5.665241 81.461594 5.146099
v 5.829895 81.596298 5.200194
v 5.751254 81.160873 5.248584
v 5.273866 81.081253 5.697723
v 4.733890 81.136505 6.141268
v 4.278260 81.423935 6.270783
v 4.275239 81.533127 6.207729
v 4.272710 81.545273 6.125906
v 4.641073 81.565140 6.080200
v 6.597682 81.739532 4.202542
v 5.662879 81.751953 5.402441
v 5.302302 81.510788 5.700569
v 4.628345 81.574615 5.974643
v 4.704224 81.495682 6.053038
v 4.675508 81.446930 6.159903
v 5.245790 81.417160 5.756359
v 4.990589 81.580048 5.972590
v 4.720079 81.451447 6.135335
v 4.749221 81.575531 6.019198
v 5.256418 81.277054 5.101205
v 5.452682 81.558838 5.030345
v 5.538521 81.210510 4.797597
v 5.597334 81.682907 5.192955
v 5.283016 81.530609 5.640267
v 5.264666 81.445801 5.613083
v 5.177843 81.552063 5.699438
v 4.964555 81.724655 5.873734
v 4.738745 81.615234 5.896835
v 4.650645 81.288788 5.744132
v 4.414782 81.334366 5.863652
v 5.279469 80.995956 4.897401
v 4.951394 81.707718 5.763419
v 5.139625 81.548691 5.586122
v 5.109185 81.223831 5.336276
v 5.221552 81.441971 5.480387
v 4.412605 81.012436 5.485237
v 4.223190 81.298706 5.982065
v 4.157544 81.582291 6.164437
v 3.784432 81.594925 6.213481
v 3.739812 81.282455 6.102940
v 4.467393 79.707352 4.062898
v 5.779916 79.876541 2.663480
v 6.730265 80.163986 0.909069
v 6.774368 81.203293 -1.050858
v 7.914689 83.478424 -0.560904
v 6.430899 81.783524 -2.462379
v 8.041496 83.869843 -2.007749
v 8.298406 84.020065 -1.909653
v 8.160069 83.633179 -0.464382
v 8.532620 83.816833 -1.813434
v 8.522603 83.451126 -0.428404
v 8.621662 82.809296 -2.002211
v 8.228132 81.905106 0.304835
v 8.611759 81.940323 -2.008175
v 8.278261 80.724121 0.410822
v 7.354805 81.168304 2.434072
v 7.558022 79.998169 2.488776
v 8.136699 82.071365 1.070255
v 7.800244 82.242828 0.904244
v 7.358302 82.206512 1.008774
v 6.889287 82.136780 2.161031
v 7.429838 82.103867 2.485214
v 7.287803 81.605316 2.688950
v 8.022795 82.440216 1.327092
v 7.364866 82.470917 1.011711
v 7.833429 82.494598 1.077120
v 7.318777 81.216812 4.653689
v 6.485583 81.365280 6.138607
v 5.278942 81.485519 7.404516
v 3.733355 81.639801 7.951272
v 2.187769 81.485519 7.404516
v 0.981128 81.365280 6.138607
v 0.147933 81.216812 4.653689
v 1.171486 81.257431 3.027434
v 0.557616 81.803833 2.122102
v 1.242977 81.433609 3.819658
v 0.189646 82.018799 0.843800
v 0.111906 81.168304 2.434072
v -0.761422 81.905106 0.304835
v -1.055893 83.451126 -0.428404
v -0.333534 82.242828 0.904244
v -0.693359 83.633179 -0.464382
v -0.447979 83.478424 -0.560904
v 0.108409 82.206512 1.008774
v 0.577424 82.136780 2.161031
v 1.239074 81.774063 3.891037
v 1.838991 81.699600 4.778670
v 1.816021 81.676819 5.169580
v 0.101844 82.470917 1.011711
v 0.736446 80.163986 0.909069
v 0.692342 81.203293 -1.050858
v 1.035812 81.783524 -2.462379
v -0.574786 83.869843 -2.007749
v -0.831695 84.020065 -1.909653
v -1.065909 83.816833 -1.813434
v -1.154952 82.809296 -2.002211
v -1.145049 81.940323 -2.008175
v -0.811549 80.724121 0.410822
v -0.091311 79.998169 2.488776
v -0.556084 82.440216 1.327092
v -0.366719 82.494598 1.077120
v 5.801106 84.723709 -1.486545
v 4.150209 83.097183 -1.695382
v 3.964192 83.900513 -1.627872
v 4.007714 84.689911 -1.650161
v 5.169997 85.240784 2.120464
v 4.606067 84.575287 4.304467
v 7.533161 83.171402 -1.756029
v 8.065929 80.122665 -1.588014
v 7.900544 80.812790 -0.538207
v 0.861336 81.663528 6.031425
v 2.125516 81.913681 7.348682
v 3.146365 82.994537 7.279785
v 3.132379 84.007919 6.549758
v 3.733355 82.262009 8.104180
v 3.733355 81.989273 8.092743
v 5.341195 81.913681 7.348682
v 6.605374 81.663528 6.031425
v 7.469543 81.503311 4.572902
v 8.195647 81.036575 3.416450
v 8.578753 81.359192 3.485305
v 3.733355 82.886932 7.699100
v 7.643049 81.856598 4.342795
v 6.794989 81.970779 5.855757
v 5.480338 82.196045 7.171180
v 4.320345 82.994492 7.279785
v 3.733355 83.928680 7.023958
v 8.073126 82.700104 3.624813
v 7.123411 83.374664 4.752298
v 6.220372 83.554703 5.754614
v 4.935311 84.087097 6.075575
v 4.334332 84.007889 6.549762
v 4.365300 84.309982 6.565504
v 4.456303 84.458923 6.533708
v 5.000454 84.529190 6.174310
v 4.836739 84.755585 6.350990
v 4.916932 84.766602 6.759705
v 4.774646 84.872284 6.784769
v 4.800154 85.957367 7.602627
v 4.220144 85.202438 8.438652
v 4.862211 85.230560 7.823537
v 4.546501 84.869110 7.628756
v 4.398273 84.975967 7.345758
v 4.584002 85.110626 6.759402
v 4.395818 84.858475 6.514624
v 3.995035 84.771225 7.189716
v 4.114755 85.059830 6.939243
v 5.167053 85.686569 6.525936
v 5.384588 85.032242 6.455174
v 3.733355 84.529953 8.261017
v 3.271637 84.616318 8.240118
v 3.525649 84.620758 7.805923
v 3.733355 84.514526 7.596323
v 3.941061 84.620758 7.805923
v 4.195074 84.616318 8.240118
v 3.733355 84.522263 7.928676
v 12.883038 85.963150 -5.228661
v 12.693650 86.670380 -5.053170
v 12.859667 85.944885 -4.878762
v 12.658593 86.773727 -5.508918
v 12.686296 87.391373 -5.309582
v 12.444186 86.009384 -5.554782
v 12.031842 86.977890 -6.052763
v 12.495915 86.018204 -5.647006
v 13.148564 86.904770 -6.314929
v 13.090451 86.337646 -6.202514
v 13.285592 86.936813 -6.821888
v 13.278599 86.931854 -7.039633
v 13.150076 87.506897 -7.292639
v 12.437035 86.863739 -6.683891
v 12.367393 87.582901 -6.861548
v 1.416924 88.934357 5.121850
v 1.991451 88.927689 5.239836
v 1.786043 88.982513 5.038943
v 1.952015 89.188721 5.163990
v 1.824934 89.185791 5.034859
v 1.821105 89.329544 5.030794
v 1.519391 89.131470 4.885400
v 1.287109 89.010651 5.007516
v 1.537694 89.149033 4.906450
v 1.555994 89.199692 4.927476
v 1.304042 89.398285 5.054836
v 1.362319 89.630539 5.155673
v 0.762397 89.550018 5.099774
v 0.407873 88.850510 5.058203
v 1.054818 88.889481 5.129653
v 0.775834 89.806030 5.201993
v 0.209368 89.670670 5.075116
v 0.265069 89.434464 4.998283
v -0.180295 89.369476 4.814320
v -0.331613 89.524475 4.805009
v -0.372670 89.187820 4.576954
v 0.005099 89.975143 4.996373
v 0.341582 88.769165 5.095477
v -0.106462 88.873535 4.794574
v -0.268766 88.760635 4.878697
v -0.571944 89.010513 4.335646
v 0.270450 87.273544 5.155941
v 0.369841 88.014511 5.152111
v -0.306417 88.043793 4.869428
v -0.769543 88.918671 4.235481
v -0.587632 89.223206 4.527466
v -0.638562 89.697662 4.883394
v -1.181693 88.962006 3.740999
v -0.910135 89.329956 4.312204
v -1.905307 86.453827 3.639704
v -1.964808 85.567703 2.696608
v -1.206320 85.317032 3.606834
v -2.625225 88.164825 1.893726
v -1.572621 88.130203 3.618069
v -2.018920 89.538940 2.848852
v -1.454498 89.366028 3.501798
v -1.570440 90.114594 3.948992
v -1.290062 89.781586 4.292490
v -1.121963 90.690323 5.049131
v -1.125602 90.196899 5.083181
v -0.636686 87.298508 4.835916
v -0.799586 86.278549 4.931309
v -1.763475 83.903885 2.136150
v 0.085737 86.503525 5.152815
v -1.488071 90.524231 3.843541
v -1.913193 90.804062 2.350089
v -2.356996 89.632217 1.501913
v 0.121232 86.094955 4.961261
v -0.631757 85.887741 4.697905
v -0.562721 85.080612 4.200090
v -1.267411 83.341934 3.212808
v -2.056457 81.842865 1.889410
v -1.996384 78.610565 2.639091
v -1.668612 81.485962 2.507275
v -1.070182 83.167511 3.310355
v -5.191881 86.773727 -5.508918
v -4.977475 86.009384 -5.554782
v -5.029204 86.018204 -5.647006
v -4.970324 86.863739 -6.683891
v -4.900682 87.582901 -6.861548
v -4.565130 86.977890 -6.052763
v 6.282736 85.195007 5.230461
v 5.897307 85.679581 5.538747
v 5.625665 85.410416 5.413836
v 6.570538 85.462234 5.287251
v 6.947552 84.977005 5.044921
v 7.250331 85.242813 5.033300
v 5.299227 85.490082 5.826610
v 5.454234 85.808594 6.116024
v 5.078991 85.932449 6.576805
v 5.476667 84.769806 5.715353
v 5.561309 84.628265 5.482296
v 6.052484 84.440002 5.392143
v 6.543658 84.251770 5.301992
v 7.295879 84.292831 4.535342
v 7.536004 84.619034 4.598735
v 7.646828 85.374939 4.818547
v 7.012244 85.699539 5.112874
v 6.351306 85.960098 5.295144
v 0.771639 84.400894 -13.617675
v 0.880331 85.784912 -13.190348
v 3.733355 84.478485 -13.972963
v 3.733355 82.010437 -14.983130
v 6.695071 84.400864 -13.617673
v 6.586379 85.784912 -13.190348
v 6.812720 81.800461 -14.695245
v 7.058734 88.850510 5.057996
v 7.591355 88.879044 4.828456
v 8.038654 89.010513 4.335646
v 7.839373 89.187897 4.576954
v 7.650362 89.372086 4.819552
v 7.206254 89.441071 5.006321
v 6.709856 89.558563 5.115384
v 6.179550 89.010605 5.007515
v 6.411790 88.889481 5.129653
v 6.164097 89.400070 5.063249
v 5.910717 89.199692 4.927476
v 5.947320 89.131470 4.885398
v 5.929017 89.149033 4.906449
v 1.519391 89.131470 4.885398
v 1.287109 89.010605 5.007515
v 1.537694 89.149033 4.906449
v 1.555994 89.199692 4.927476
v 1.304042 89.398285 5.054834
v 0.762397 89.550018 5.099773
v 0.407873 88.850510 5.058203
v 1.054818 88.889481 5.129653
v 0.265069 89.434464 4.998283
v -0.180295 89.369476 4.814320
v -0.372670 89.187820 4.576954
v -0.124593 88.879044 4.828456
v -0.571944 89.010513 4.335646
v 1.299225 89.186783 5.140961
v 0.870447 89.206512 5.246820
v 0.299573 89.154251 5.158259
v -0.199199 89.108231 4.877521
v 6.172614 89.185303 5.145021
v 6.603301 89.205551 5.252602
v 7.172542 89.152740 5.161082
v 7.668355 89.105347 4.878484
v 1.909629 74.953369 4.353036
v -1.483127 76.115631 3.692038
v -1.503159 76.729950 3.877071
v 1.022615 78.815353 -4.393799
v 0.971066 86.728592 5.374311
v 0.876817 86.386047 5.164986
v 0.913728 86.251831 5.156627
v 1.183975 85.195007 5.230461
v 1.569403 85.679581 5.538747
v 1.115405 85.960098 5.295144
v 1.841046 85.410416 5.413836
v 6.444096 78.815353 -4.393799
v 22.896824 -15.105247 13.425672
v 31.929871 -16.572243 15.159651
v 32.554127 -16.091103 16.429115
v 23.241812 -15.701904 12.452950
v 36.591042 -15.205658 8.553589
v 38.189110 -14.695869 0.527359
v 39.484371 -14.013573 0.228194
v 35.575806 -15.820999 8.040397
v 30.532991 -12.771240 -4.431769
v 30.138813 -13.618622 -3.672456
v 31.123901 -4.235001 -3.954217
v 27.054110 -4.816078 5.806302
v 26.240000 -29.306046 2.317571
v 29.371305 -26.637947 -4.722359
v 22.867609 -6.799118 15.359087
v 23.150343 -28.502846 9.820459
v -3.309455 70.315430 -21.481293
v -5.586370 70.397629 -20.350010
v -4.332956 68.409821 -22.819988
v -9.019095 69.015808 -20.076380
v -7.284370 66.264679 -23.494835
v -21.335140 62.369171 -20.700682
v -19.453175 59.384476 -24.409285
v -21.168800 62.479568 -24.237961
v 2.347069 51.278351 -21.978172
v 4.573426 54.619537 -19.701206
v 5.459699 53.186737 -21.347832
v 1.120449 53.261307 -19.696655
v -9.578650 43.935043 -22.187965
v -10.911027 46.085190 -19.707289
v 7.075033 54.158539 -19.720169
v 6.361403 51.717010 -19.742653
v 3.595014 49.244186 -19.754023
v -8.226425 41.727158 -19.769524
v -8.865738 69.113434 -23.333519
v -5.474994 70.466919 -22.702154
v -6.160014 65.494278 -24.546038
v -3.142275 67.276443 -21.542366
v -2.790071 66.859711 -23.834114
v -6.646941 66.069672 -21.372108
v -18.610037 59.138138 -25.433485
v -19.138851 59.758682 -21.985655
v -0.769002 66.905090 -22.379379
v -1.741219 64.793076 -23.411402
v -4.707876 62.632721 -23.958855
v -17.035200 56.029999 -24.791958
v -12.683412 72.094391 -16.642546
v -8.502104 71.956833 -14.692523
v -9.210083 73.368347 -16.440710
v -11.702316 70.138565 -14.222980
v -24.907606 65.293289 -17.353539
v -23.842199 63.165695 -14.728548
v -6.768568 72.897202 -16.299212
v -8.304674 71.957764 -18.096090
v -11.429070 70.139862 -18.933529
v -23.545757 63.167130 -19.838919
v 0.238872 48.466324 5.823364
v 4.778482 48.512787 4.989895
v 3.422429 50.346207 5.581016
v 2.116496 45.927917 5.003002
v -11.220475 40.473389 4.829698
v -9.183210 37.716431 3.934739
v 5.509871 50.855743 4.321646
v 3.169511 51.024719 3.339270
v -0.110322 49.404449 2.718534
v -11.599031 41.488068 1.456370
v -2.079092 51.963196 4.305611
v 2.475452 51.737564 3.591415
v 1.195033 53.671280 4.004922
v -0.306134 49.285767 3.731169
v -13.880124 44.449310 3.621544
v -11.956443 41.541168 2.993641
v 3.332602 53.985870 2.766028
v 1.026012 54.185089 1.712055
v -2.312162 52.673141 1.130136
v -14.132741 45.216049 0.171832
v -4.502728 55.427185 2.727653
v 0.083255 55.116226 2.307008
v -1.194320 57.083145 2.527822
v -2.733596 52.703644 2.420022
v -16.338474 47.998779 1.765771
v -14.418702 45.040344 1.427561
v 1.018035 57.303482 1.405342
v -1.217965 57.461929 0.202798
v -4.534480 55.950134 -0.492210
v -16.372446 48.562363 -1.731857
v -6.178892 58.659592 1.246890
v -1.644836 58.145401 0.552050
v -2.808734 60.161926 0.910984
v -4.567270 55.867477 0.748004
v -18.404322 51.843521 0.725965
v -16.655863 48.810822 0.180119
v -0.654608 60.316376 -0.329537
v -2.943893 60.624222 -1.395045
v -6.365167 59.298172 -1.946776
v -18.606365 52.532700 -2.743388
v -8.332020 62.195267 -0.542444
v -3.707326 61.658463 -0.487670
v -4.972832 63.741074 -0.775148
v -6.642281 59.408951 -0.694426
v -20.373859 55.082458 -1.312526
v -18.540281 52.055664 -1.481690
v -2.740934 63.841354 -1.875867
v -4.955873 64.007584 -3.115761
v -8.307589 62.562729 -3.783800
v -20.346931 55.477127 -4.833281
v -9.857720 65.379929 -3.232258
v -5.278939 64.833252 -3.434146
v -6.470346 66.865540 -3.447905
v -8.207830 62.565765 -3.215073
v -21.984650 58.411880 -3.990540
v -20.194250 55.354675 -3.975979
v -4.210303 66.883881 -4.494269
v -6.390669 67.025192 -5.796934
v -9.746466 65.599380 -6.485173
v -21.863482 58.645813 -7.523643
v -11.969294 70.084930 -14.547182
v -24.233183 63.319702 -14.832623
v -25.167105 64.971329 -11.840612
v -12.829310 71.602097 -11.790272
v -8.717286 71.743301 -13.882208
v -9.337817 72.837891 -11.890590
v -6.912831 72.361130 -12.199009
v -8.409708 71.145645 -10.539837
v -11.543608 69.257736 -9.921336
v -23.771362 62.422287 -9.814142
v -6.525646 30.235413 23.336357
v -6.737922 30.101715 23.417221
v -4.396205 28.710472 23.419804
v -4.281652 28.880684 23.384361
v -2.419008 26.976425 22.558737
v -2.340381 27.216728 22.532438
v -2.417175 27.296288 22.459322
v -2.570595 25.842300 19.776548
v -2.483358 27.122322 19.730715
v -2.377816 27.326805 19.756067
v -2.462308 27.425461 19.770624
v -2.519162 27.868332 17.573214
v -2.640263 27.795273 17.588987
v -2.604011 27.359200 19.763786
v -2.609106 27.226089 22.398106
v -4.290301 28.904480 23.256220
v -6.462587 30.214355 23.209818
v -6.495917 30.393250 23.113428
v -6.560719 30.475494 23.212326
v -6.999650 30.905029 20.707684
v -6.753714 30.468750 23.218010
v -7.186336 30.893814 20.719116
v -7.097916 31.204102 18.903822
v -7.298788 31.095139 18.855122
v -7.133058 31.292313 17.957747
v -7.358538 31.174774 17.890751
v -2.859488 28.026558 17.263826
v -6.591391 30.130020 23.111811
v -4.386127 28.820274 23.134100
v -3.142348 28.271622 17.119980
v -2.771042 28.129204 17.247166
v -3.059396 28.383270 17.094000
v -3.825954 28.812592 17.035625
v -3.743179 28.926453 16.996702
v -4.922531 29.647385 17.075771
v -4.847751 29.761475 17.023991
v -5.985228 30.552261 17.451002
v -6.031794 30.580017 17.328300
v -6.741080 31.049850 17.828039
v -6.820813 31.101349 17.720501
v -7.016939 31.219406 18.022411
v -7.004917 31.121475 18.917027
v -6.927869 30.814529 20.696527
v -7.007593 30.596558 20.690296
v -4.863990 29.767853 16.894550
v -6.066187 30.436157 17.494341
v -6.794651 30.914215 17.868290
v -7.013522 31.053619 18.024170
v -7.037576 30.912125 18.883373
v -2.709389 28.064819 17.133516
v -2.800783 27.872124 17.050179
v -3.119809 28.145218 16.892237
v -3.020252 28.342400 16.965204
v -3.726876 28.907112 16.862967
v -4.990479 29.602158 16.822666
v -6.188906 30.423569 17.248379
v -7.009848 30.965561 17.646793
v -3.832249 28.721634 16.774096
v -7.967373 29.936310 17.195215
v -6.571304 29.113541 16.630941
v -5.242559 28.353394 16.423077
v -3.920734 27.445564 16.328259
v -2.906110 26.608925 16.788919
v -2.546430 27.583969 17.423559
v -2.440028 27.783157 17.500151
v -10.060404 25.395592 16.833424
v -8.524452 24.217178 16.627151
v -7.072154 23.135155 16.544216
v -9.351053 20.743698 17.620214
v -10.932528 21.896248 17.743515
v -12.349320 23.087105 18.070217
v -11.636582 26.626518 17.280107
v -9.053967 31.072327 18.485270
v -9.704355 32.341583 20.501646
v -13.058795 29.297829 18.984337
v -13.781705 24.205803 18.591352
v -13.186570 21.964882 19.477945
v -9.339254 19.391083 19.309555
v -8.135580 19.810081 18.263357
v -5.892957 22.431778 17.472963
v -15.163581 31.323761 20.478680
v -15.920833 28.191940 20.047297
v -17.760117 24.917862 20.050428
v -18.385019 22.973946 22.188347
v -8.183865 20.318382 29.003675
v -9.145826 17.875038 25.993443
v -6.295712 19.201080 26.761486
v -7.244291 19.011444 22.187254
v -9.056722 18.540245 22.400316
v -9.771477 22.034233 31.433905
v -10.391955 19.096031 31.781652
v -10.431632 17.078979 30.039251
v -11.194801 15.761742 23.428585
v -11.006199 17.869888 21.164379
v -11.267557 20.154076 19.280910
v -14.767642 21.768059 20.571564
v -15.149930 21.529549 20.159771
v -18.887276 22.733368 21.771202
v -18.860073 22.417130 21.929369
v -15.243701 21.303947 20.393129
v -14.993024 21.602715 20.790539
v -11.611050 20.094727 19.590235
v -11.652081 20.028473 19.787169
v -11.967786 13.329849 26.728418
v -14.975583 21.319092 21.140738
v -18.299095 22.609711 22.494303
v -18.492277 22.702599 22.316978
v -11.382672 15.611549 33.526249
v -13.646150 12.038696 28.999743
v -11.529866 19.917625 18.874454
v -11.208702 17.475380 20.763931
v -11.337501 15.209175 23.034159
v -12.091937 12.819466 26.423548
v -13.752732 11.492226 28.834469
v -15.754785 10.961647 31.080376
v -15.843780 10.379082 31.054676
v -19.632948 10.741501 32.485252
v -15.973969 10.528465 30.921333
v -13.910201 11.584305 28.777571
v -12.276696 12.854240 26.443106
v -11.579577 15.314705 23.135782
v -11.437118 17.460655 20.969034
v -11.744620 19.782646 19.183016
v -23.215204 11.919090 33.285511
v -23.395578 11.832291 33.441338
v -23.919861 15.843666 30.714218
v -19.664276 10.878304 32.332512
v -15.917325 11.076385 31.011841
v -13.861915 12.071548 28.943457
v -12.236782 13.280800 26.684355
v -11.575133 15.664696 23.417685
v -11.368112 17.791695 21.313589
v -19.538807 11.386787 32.403305
v -11.698678 17.832413 21.638241
v -11.745291 15.636353 23.489302
v -12.371461 13.329018 26.715332
v -14.328088 12.216576 28.945869
v -16.035278 11.245964 30.892065
v -19.293203 11.814949 32.126602
v -22.585104 12.389862 33.373997
v -22.812853 12.343658 33.434902
v -23.744741 15.805702 30.592106
v -23.512745 19.044197 28.023741
v -23.139765 15.967285 30.790777
v -23.354958 16.075668 30.796583
v -23.394297 18.944519 27.941013
v -21.955992 21.951942 24.859632
v -22.088171 22.157677 24.838055
v -22.817551 19.106461 28.130304
v -23.018623 19.214661 28.140799
v -21.567511 22.230003 25.156889
v -21.353643 22.129707 25.243855
v -23.037064 19.296783 28.293671
v -21.491810 22.510689 25.189249
v -21.073713 25.333138 23.835709
v -17.807278 27.823921 21.769489
v -19.643730 27.672310 24.589479
v -16.986567 30.764893 22.957439
v -18.222111 29.671722 26.046192
v -15.755307 34.081421 28.365747
v -18.718485 28.929268 28.883732
v -16.254950 32.664078 31.326841
v -19.248947 27.555153 31.791656
v -16.757984 31.228851 34.278343
v -19.416210 26.055923 34.184620
v -16.615826 29.458923 36.654102
v -14.892629 35.311737 25.540009
v -22.465797 22.713150 28.606644
v -21.894569 23.916473 26.046278
v -13.183507 14.582161 36.315201
v -15.678948 16.744553 39.270317
v -16.922497 15.512398 37.183403
v -19.444519 11.242867 32.544674
v -22.845547 12.174263 33.636368
v -23.421206 16.076485 31.010023
v -22.552019 21.444557 30.959234
v -22.005369 21.452980 30.828037
v -21.935862 22.652924 28.611677
v -21.384384 23.782562 26.196957
v -20.583279 25.125549 24.132021
v -21.830284 20.453712 33.105473
v -21.568771 16.902962 37.653561
v -19.630934 18.356026 39.540665
v -17.422272 20.190094 41.252899
v -14.324559 18.737679 41.092819
v -13.026080 22.033615 42.874393
v -10.232928 21.184937 41.993706
v -11.918573 23.932159 43.865929
v -9.263084 23.140244 42.457787
v -11.082915 24.966660 44.668026
v -8.451965 24.460136 43.281010
v -8.361355 24.602707 43.436501
v -7.949568 26.230217 41.547272
v -8.024688 26.450562 41.778152
v -8.113986 28.158318 40.100430
v -8.047320 28.314476 40.250538
v -15.744220 23.548027 43.228073
v -9.638276 23.550423 39.645206
v -8.936218 25.123016 40.498669
v -8.692868 24.592651 43.174816
v -8.453644 24.726334 43.407593
v -8.186244 26.500595 41.813801
v -8.172105 28.268555 40.355076
v -10.486318 29.371490 40.881969
v -10.609966 29.232033 40.736588
v -9.648904 26.935287 38.679325
v -9.540497 26.027336 37.294113
v -10.620353 19.729454 36.465080
v -11.043707 17.917305 40.276897
v -11.926732 15.894974 38.331161
v -10.732009 17.561523 34.915134
v -8.443739 26.318962 41.609280
v -8.433002 28.043419 40.174271
v -10.493202 29.241539 41.011986
v -10.682805 28.979805 40.820229
v -10.335961 33.342346 36.449833
v -10.546094 33.000992 36.256744
v -7.904004 31.855072 35.864494
v -7.618889 32.151474 36.052612
v -10.322687 33.461868 36.288956
v -7.477401 32.187164 35.942463
v -10.458740 33.270096 36.136364
v -7.548202 31.982162 35.793995
v -9.021618 30.121017 34.336040
v -9.035233 28.659378 36.506874
v -9.635948 28.823151 32.944454
v -9.391995 27.255951 38.696285
v -7.761600 30.136566 37.825161
v -7.693708 30.347549 37.988472
v -7.872610 30.401947 38.008190
v -8.152755 30.148895 37.788841
v -8.318941 28.834686 39.996246
v -8.577490 28.629631 39.741287
v -10.898330 29.725632 40.916031
v -11.086237 29.514908 40.633911
v -8.316226 28.516556 39.893074
v -8.219312 28.708832 40.051037
v -11.046194 29.412781 40.851189
v -12.120379 28.347710 39.625587
v -12.154235 28.218277 39.745491
v -10.927219 29.588089 41.027138
v -2.258493 25.326660 23.573839
v -3.588193 21.966576 25.487144
v -4.508106 22.081581 21.196146
v -4.675786 26.926994 25.119802
v -5.659632 23.570381 27.576851
v -6.903437 28.938286 26.341682
v -8.020342 25.337967 29.134205
v -7.287390 33.362152 33.018570
v -6.739492 34.677048 31.064569
v -7.053204 34.345200 30.886747
v -9.719282 36.329163 30.992336
v -9.711262 36.378021 30.811954
v -6.592578 34.655212 30.943588
v -9.850444 36.129211 30.670341
v -6.703821 34.408249 30.783731
v -10.951909 34.398804 29.523691
v -7.282071 32.464279 29.335606
v -7.191895 33.155838 29.451746
v -6.724996 34.109589 26.838968
v -6.374029 35.074692 24.209223
v -8.289755 33.385956 22.214893
v -5.825947 37.022964 25.580734
v -5.771292 37.248230 25.712894
v -6.071733 35.814575 28.018492
v -6.757164 33.610779 33.259178
v -6.965330 33.680328 33.262482
v -7.816741 32.343765 35.445755
v -7.503399 32.652252 35.745419
v -10.323547 33.602264 36.280560
v -10.355389 33.496323 36.456135
v -7.373142 32.542618 35.855366
v -7.450448 32.295517 35.685814
v -6.833377 33.345276 33.089653
v -7.756092 31.488129 31.824604
v -10.543499 33.265915 35.959766
v -12.098847 31.701569 35.106514
v -8.950621 30.496353 34.214184
v -10.507127 33.264801 36.286861
v -12.146232 31.903290 34.945625
v -12.947793 34.521088 36.734318
v -13.135907 34.773666 36.497040
v -13.282741 34.812225 36.668678
v -12.826177 34.562820 36.549076
v -13.261922 34.398941 36.169796
v -12.962234 34.194305 36.219944
v -13.176734 34.307281 36.580818
v -13.240777 33.621185 38.047935
v -13.109754 33.720917 37.011528
v -12.978911 34.084702 37.227234
v -12.965125 33.852356 36.747284
v -12.799783 34.223389 36.959980
v -12.507546 34.165558 36.805763
v -12.574998 34.323486 36.682758
v -12.775626 34.159836 36.528225
v -14.496175 32.747711 35.642750
v -14.617419 32.823868 35.255688
v -13.545775 34.628006 36.549271
v -13.408969 35.093491 36.368954
v -13.268739 34.993408 36.233608
v -14.960227 32.832932 35.721039
v -12.644765 33.797150 36.600513
v -15.230863 30.221481 39.317543
v -13.787650 30.864975 41.125385
v -13.929217 31.634964 40.501682
v -14.812181 29.400665 40.196423
v -16.486410 27.745125 39.114342
v -15.257394 31.171219 38.251671
v -15.076612 32.000504 36.995327
v -14.977197 32.623138 36.079102
v -15.081285 33.039429 35.338234
v -13.671334 34.939163 36.266556
v -13.475596 35.695786 35.550114
v -13.359788 35.576172 35.474274
v -13.359237 36.490112 34.159710
v -13.833140 32.716782 39.348991
v -13.470046 36.603592 34.206154
v -13.831162 35.631180 35.427235
v -13.782538 36.504059 34.082893
v -15.041869 33.839218 34.010162
v -15.002946 34.628784 32.699081
v -15.073638 33.194595 35.080544
v -13.400201 34.615952 35.913822
v -13.500424 35.188980 35.197296
v -13.500699 36.107895 33.900299
v -13.108455 37.152206 32.784424
v -13.234874 37.256470 32.792603
v -13.527127 37.115372 32.661762
v -14.774478 35.225983 31.290880
v -14.583327 35.725647 30.112741
v -14.524518 35.865814 29.849541
v -12.847209 37.469727 31.231697
v -12.729033 37.188934 31.348207
v -12.319699 37.140411 31.008562
v -12.154622 37.534698 31.181849
v -12.569636 37.591782 31.534115
v -12.240611 37.628357 31.030649
v -12.695411 37.709747 31.412767
v -13.134246 37.371048 31.628456
v -13.000306 37.600693 31.835373
v -12.865161 37.485352 31.911358
v -13.250133 36.771179 32.544445
v -13.019601 37.085800 31.719824
v -12.404664 37.382721 30.887423
v -14.203290 35.768723 29.809872
v -9.949780 35.963501 30.836342
v -11.139042 34.588181 29.487986
v -13.091243 37.258331 30.362404
v -13.363540 37.539566 30.180426
v -13.262816 37.293015 30.502455
v -12.924325 37.037781 30.629257
v -13.096683 36.838852 30.490862
v -10.390414 35.966064 30.558762
v -14.427268 35.692688 29.351748
v -14.792121 35.830231 29.303089
v -14.515815 36.616669 27.817474
v -14.174672 37.192780 26.549753
v -13.471414 38.845993 27.772728
v -13.049884 39.415161 26.349672
v -12.806132 39.549393 26.481724
v -12.463286 39.849197 25.579203
v -12.334853 39.748871 25.675850
v -13.581998 37.394394 30.079048
v -13.343970 38.109848 29.315474
v -13.476182 37.120667 30.388824
v -12.673656 39.457611 26.498474
v -13.202939 38.943039 27.904615
v -13.078292 38.842133 27.885614
v -13.656997 38.043518 29.175858
v -14.723927 35.945526 29.052475
v -13.693055 37.632324 25.283848
v -12.534793 39.636917 25.402361
v -12.115414 39.946487 25.204962
v -12.002945 39.844315 25.342930
v -12.084691 39.475891 25.203468
v -12.411298 39.383438 25.531273
v -12.731994 39.108383 26.308195
v -13.133187 38.491501 27.677530
v -13.209058 38.003067 29.270645
v -13.197896 37.449921 30.080524
v -13.259849 37.647736 29.046997
v -13.234023 37.102859 29.817062
v -13.121268 36.913727 30.092251
v -12.782708 37.074768 30.464796
v -10.296061 36.179825 30.702299
v -12.822639 36.735519 30.191200
v -10.248160 36.273148 30.530651
v -10.372747 35.961517 30.252998
v -6.054165 36.055069 28.155725
v -6.737810 34.987640 30.670500
v -6.758765 34.763687 30.531456
v -6.862616 35.082077 30.549929
v -6.262585 36.109344 28.139357
v -5.929815 37.260971 25.814171
v -6.164977 36.951416 25.660807
v -6.499197 35.812332 27.922762
v -7.085114 34.794617 30.281153
v -13.076253 37.978485 24.046383
v -12.697747 37.967087 23.768223
v -13.601748 36.457260 22.708540
v -12.932595 38.069443 23.840254
v -11.720640 39.649261 24.785824
v -12.207066 39.724915 25.051519
v -11.611776 39.875534 24.904808
v -9.071123 38.673126 24.770067
v -8.986063 38.901794 24.884827
v -11.544522 39.794998 25.063711
v -9.017755 38.860367 25.056448
v -11.634573 39.434387 24.934364
v -9.175903 38.524628 24.933487
v -9.849247 36.903397 23.750744
v -10.687875 35.720139 22.588057
v -11.559772 34.821289 21.801580
v -13.371131 33.291489 37.806419
v -13.587420 32.410751 39.123589
v -13.458909 32.724136 39.367741
v -13.555861 31.696396 40.545216
v -13.681310 31.399673 40.294666
v -13.647368 30.842300 40.865757
v -13.521173 31.102371 41.152222
v -13.470183 30.573013 41.065670
v -13.341062 30.828751 41.357765
v -13.035512 30.555389 41.369350
v -13.143540 30.467346 41.493927
v -13.284228 30.294739 41.317760
v -14.196694 28.974991 40.178429
v -13.168101 30.313477 41.078869
v -12.663217 30.008667 41.329735
v -14.105102 28.957100 40.490108
v -14.581159 29.099190 40.270107
v -13.617385 30.573746 41.330612
v -13.480062 30.777908 41.485897
v -13.660069 31.089920 41.259533
v -13.671782 31.750076 40.612358
v -13.555854 32.810669 39.430279
v -13.337499 33.734772 38.103767
v -14.479051 29.089821 40.644218
v -13.654639 33.656998 38.045757
v -13.310149 34.146423 37.111980
v -13.125142 34.274948 36.759136
v -12.898612 34.396957 36.906445
v -13.084273 34.245361 37.240437
v -12.919394 29.977234 41.986481
v -13.105348 29.566238 42.616295
v -13.020202 29.473328 42.548779
v -13.267335 28.506599 43.652294
v -13.352353 28.574768 43.722919
v -13.388110 29.516052 42.578266
v -13.122766 29.917419 41.878098
v -14.483018 28.939087 40.804005
v -12.968387 30.081512 41.568489
v -12.764068 30.158432 41.695854
v -14.636718 28.280396 41.567921
v -13.600200 28.513184 43.660027
v -13.418170 27.460938 44.660435
v -13.316613 27.421707 44.587940
v -13.385932 28.275337 43.413052
v -13.140271 29.227463 42.310253
v -12.825170 29.836121 41.950977
v -12.673810 29.995468 41.718208
v -12.481986 30.121490 41.469563
v -13.432765 27.205963 44.344593
v -12.417916 29.961899 41.556812
v -12.790523 29.709274 41.503239
v -12.944798 29.556290 41.731655
v -12.542907 29.676544 41.346642
v -13.273868 26.737823 45.087826
v -13.391828 26.559891 44.816742
v -13.229169 26.234985 45.009487
v -19.362087 24.292679 36.228134
v -16.159529 25.907990 41.010136
v -14.642026 27.352905 42.561546
v -13.649011 27.384972 44.568111
v -13.394383 26.713402 45.190304
v -13.108430 26.408134 45.284870
v -12.838309 26.058937 45.354153
v -12.962174 25.897705 45.081871
v -10.951780 25.225746 44.748028
v -11.124752 25.091904 44.490078
v -14.460177 26.344124 43.424644
v -13.509839 26.541748 45.057125
v -13.228274 26.346825 45.401661
v -20.978035 22.199783 35.113510
v -22.393646 20.376656 33.372921
v -14.228389 25.282394 44.347019
v -13.353040 26.196999 45.252705
v -12.930505 25.964844 45.461845
v -10.973724 25.088432 44.833382
v -13.059007 25.846039 45.298027
v -14.171487 25.100670 44.491692
v -13.988477 24.908607 44.486118
v -5.768916 69.790955 -7.878107
v -6.896353 67.793854 -6.777458
v -7.961213 69.996460 -9.151877
v -11.376418 68.686630 -9.775211
v -9.902648 65.638199 -6.489009
v -23.753048 62.170380 -10.556859
v -22.154188 58.863235 -6.991728
v -23.831743 61.983704 -7.019746
v -11.448722 68.510620 -6.518554
v -8.012809 69.868164 -6.800143
v -0.296576 29.375046 21.546865
v -0.353206 29.462402 21.448200
v -0.747485 28.525368 21.327152
v -0.114120 29.695938 21.626669
v -0.134813 29.825684 21.551065
v 0.518342 29.779099 22.240469
v 0.650325 29.835526 22.056114
v 1.929234 29.694122 23.424360
v 1.904660 32.376419 24.083651
v -0.122584 31.895660 25.310951
v 3.892838 32.508621 22.898903
v -1.212448 27.115463 21.240612
v -1.132148 27.105377 21.343142
v -0.676118 28.478661 21.430696
v -0.542650 28.451721 21.372616
v -0.169064 29.314987 21.491858
v -0.025824 29.573212 21.558527
v 0.522452 29.655884 22.261683
v 1.817457 29.573776 23.514498
v 3.578670 29.198578 25.333860
v 0.368412 31.644394 28.079683
v -2.214801 32.675400 26.306784
v -1.563277 32.188538 28.914808
v -2.446740 32.771881 26.396742
v -1.785655 32.323822 29.010811
v 3.414557 28.962341 25.352638
v 3.469785 29.070892 25.429531
v 1.820874 29.458313 23.503397
v 0.629719 29.524689 22.130142
v 1.975628 29.354309 23.365023
v 3.604913 28.836472 25.190374
v -0.971129 32.425674 31.591253
v -1.699614 32.521866 29.005470
v -0.994295 32.271820 31.713017
v -0.782416 32.149216 31.612974
v -2.379460 32.907639 26.508987
v -1.969518 32.902649 26.427885
v -1.287233 32.524277 28.860369
v -0.565318 32.421555 31.392040
v 0.141632 35.836105 31.699108
v 0.212337 35.821075 31.886837
v 0.461217 35.762833 31.787556
v 0.923469 31.491745 30.840542
v 2.062951 28.354630 29.083208
v 3.898711 28.929817 25.333635
v 3.661966 28.877846 25.437130
v 0.508945 35.739395 31.485891
v 3.414729 26.313438 25.916283
v 2.176147 35.495667 31.017361
v 2.101514 35.279922 31.035059
v 0.805264 31.350052 30.690281
v -0.406459 35.902298 31.886837
v -0.975578 32.628082 31.782064
v 0.036447 35.787796 31.843399
v -1.460902 32.661942 31.840954
v -0.399945 35.924362 31.701218
v -1.521461 32.540024 31.706175
v -0.102425 35.832779 31.634651
v -1.240594 32.429825 31.617401
v 1.172676 31.075333 33.366528
v 3.988216 30.477051 35.265114
v 4.792936 26.634262 32.566940
v 8.918869 25.570839 35.179695
v 4.688909 28.571617 40.021412
v 2.792276 30.103012 38.657364
v 3.430749 29.424164 41.111328
v 0.589861 30.361053 39.447948
v 1.541499 29.655212 41.857193
v -0.686630 32.168167 34.077892
v -0.276016 31.466385 37.080265
v 2.355454 31.060135 36.261093
v 2.088110 31.278854 36.057461
v -1.016434 31.847733 34.082142
v -1.286923 31.995850 34.181808
v -1.185172 32.189270 34.202263
v -0.236787 31.897934 36.710991
v -0.736457 31.920425 36.892582
v 0.516488 34.567886 37.643059
v 0.565635 34.520462 37.839012
v -0.784202 31.756287 37.001465
v -0.525030 31.622299 36.898251
v 0.867544 34.448837 37.744095
v 3.259898 34.524445 36.962921
v 3.319166 34.352463 37.151920
v 0.866563 34.412888 37.590057
v 0.973129 34.460190 37.432594
v 0.043655 31.621109 37.227200
v 1.076102 34.282547 37.773499
v 0.654546 34.394989 37.860767
v -0.400530 31.649246 37.307426
v 0.606083 34.465652 37.679111
v -0.497706 31.573318 37.172447
v 0.362659 30.474991 39.553738
v 1.307245 29.735413 41.957214
v 2.661562 32.220383 43.014488
v 4.428127 32.129028 42.201454
v 4.558661 29.373062 40.665577
v 4.646956 31.989197 42.151512
v 2.638856 31.402649 42.286304
v 2.232640 28.889801 41.142605
v 2.022383 28.927925 41.218102
v 4.706551 27.477592 42.533020
v 2.418319 32.273926 43.132015
v 1.308945 29.892761 41.893913
v 0.449500 30.638046 39.588745
v 0.869334 30.636612 39.468872
v 1.690604 29.909836 41.726730
v 2.334636 32.349167 42.992603
v 2.676373 32.312469 42.789684
v 2.409791 31.387604 42.342659
v 2.084268 28.981323 41.366180
v 2.453779 31.295151 42.495499
v 2.467359 29.046379 41.344635
v 2.826553 31.283859 42.449326
v 8.425283 28.305222 46.745049
v 9.049604 31.284576 47.361172
v 6.138850 30.740982 47.896786
v 5.900813 28.609535 46.885441
v 7.209903 25.734680 45.643753
v 5.514774 26.235573 44.916405
v 5.808748 26.942390 42.807777
v 9.801764 24.699554 40.639252
v 6.104478 31.003479 47.915131
v 4.609710 30.582001 48.092480
v 4.360133 28.585381 47.079372
v 3.776031 26.414917 45.066860
v 2.927800 27.364517 42.882767
v 2.720284 27.543221 43.063042
v 3.559578 26.425690 45.142643
v 3.535972 26.578644 45.116405
v 4.143869 28.567665 47.163116
v 4.385141 30.548004 48.169125
v 4.546191 31.036667 48.062061
v 6.065872 31.178955 47.757389
v 2.762693 27.693634 43.136879
v 3.122399 27.786942 43.081829
v 3.862459 26.692375 45.017639
v 4.067940 28.649399 47.044048
v 4.308843 30.550919 48.017071
v 4.307629 31.027237 48.118717
v 4.469289 31.398773 47.850780
v 5.814910 32.136719 46.731922
v 4.366794 28.715797 46.900352
v 4.604891 30.563950 47.850773
v 4.546578 30.991989 47.790127
v 4.242560 30.988800 47.957325
v 4.226898 31.412155 47.890770
v 4.145625 32.102524 47.242901
v 3.827520 32.599396 45.883465
v 4.239875 31.844498 47.012005
v 3.921073 31.875748 47.141010
v 4.181932 31.347656 47.751339
v 4.486044 31.345215 47.588318
v 3.921917 31.970612 47.231052
v 3.680739 32.892303 46.120392
v 5.549034 33.016663 45.756889
v 8.396428 33.245239 44.836128
v 13.167409 29.908646 46.201561
v 11.954800 26.722313 45.873146
v 10.357485 23.840820 44.755909
v 12.794219 22.891251 43.408272
v 14.677823 26.122612 44.709560
v 16.367331 30.015076 45.240856
v 13.087729 33.998581 40.806328
v 15.888642 33.536835 40.387299
v 15.654031 33.159744 39.976120
v 18.137167 32.764160 38.919502
v 13.004717 33.586426 40.342686
v 21.336391 32.570038 34.544758
v 17.642092 35.013733 31.401499
v 18.210627 34.643677 34.206760
v 18.527630 33.884537 36.751305
v 18.164886 33.510086 36.540703
v 18.523413 33.106186 39.278236
v 19.167084 30.205063 43.994011
v 16.886658 25.988167 43.121254
v 15.048061 22.710396 41.906750
v 11.687426 23.132721 39.588493
v 11.206800 23.876686 36.196648
v 8.297616 23.095108 33.444530
v 21.460001 23.593620 40.304504
v 23.182543 26.587593 41.633724
v 22.424389 30.177948 38.116302
v 20.305447 34.236069 30.235876
v 19.485210 34.215149 30.429502
v 19.279419 20.968704 38.404743
v 21.925243 23.258774 40.388580
v 23.896843 26.603271 41.589661
v 23.074842 30.250549 37.937340
v 21.969685 32.613312 34.393734
v 20.311419 33.974731 30.289541
v 21.966753 32.445587 34.318172
v 23.006804 30.099670 37.799721
v 23.765574 26.557007 41.387424
v 19.699347 20.504013 38.529362
v 21.430883 32.472992 34.407013
v 19.721642 34.009598 30.473581
v 22.457926 30.118683 37.891510
v 23.138903 26.700836 41.384850
v 21.507965 23.766838 40.139229
v 21.931870 23.386307 40.205254
v 19.769423 20.704659 38.375629
v 18.281500 20.027412 35.740047
v 17.812565 20.461205 35.763199
v 13.774153 22.100922 38.730812
v 18.375912 20.200363 35.681030
v 19.369349 21.163864 38.329185
v 15.512620 32.642761 24.776436
v 17.951668 32.476059 26.871151
v 18.658197 32.533707 26.571545
v 18.757034 32.249985 26.803749
v 18.143118 32.311676 27.080296
v 19.575106 33.797501 30.557661
v 21.338251 32.253433 34.395882
v 22.352299 29.890747 37.883327
v 22.955484 26.597710 41.282303
v 21.258492 24.096687 39.797707
v 19.412518 21.376114 38.182777
v 17.972439 32.126465 27.256884
v 17.987503 20.617226 35.726559
v 17.276333 20.132324 32.798382
v 17.157587 19.987091 32.762688
v 16.639648 20.389984 32.933613
v 12.989304 22.361656 34.918594
v 12.544496 21.880424 30.649471
v 8.182001 20.888474 31.237768
v 9.343910 21.178802 27.310213
v 4.825849 20.972389 28.519068
v 5.610174 21.489410 24.884407
v 0.791306 22.395828 26.858662
v 1.608173 22.817444 23.125347
v 2.736459 23.659935 25.520639
v 1.081330 25.284081 28.397583
v 4.926520 23.651955 30.503683
v 1.059867 26.326523 19.932722
v 0.763591 24.756409 19.980642
v -1.273528 25.642563 21.220146
v -1.261192 24.740440 21.419699
v 0.730032 23.473099 20.459724
v -1.178305 24.330223 21.581409
v -0.911168 23.962883 21.865721
v 6.783106 22.516029 22.073874
v 10.418448 22.197594 23.484451
v 12.927196 22.144661 27.023815
v 15.935496 21.795937 28.908005
v 16.528658 21.359360 28.658802
v 16.618858 21.609291 28.768290
v 16.899611 20.506851 32.935871
v 16.019444 23.098694 25.800484
v 16.127195 23.242386 26.041733
v 16.298553 21.940994 28.969885
v 15.741462 23.523186 26.302891
v 15.850127 23.788536 26.665453
v 16.421505 22.025734 29.071507
v 16.966166 20.634430 32.973385
v 18.144232 20.991600 35.482025
v 15.278753 25.551338 24.259396
v 15.286674 25.568398 24.038633
v 15.737839 25.338486 23.717905
v 17.147598 28.925644 25.039207
v 17.035542 29.048782 24.736593
v 15.612538 25.301041 23.344887
v 16.615067 29.071449 25.337839
v 16.625595 28.838898 25.758141
v 0.002652 29.891937 21.336910
v 3.742038 31.023651 21.531944
v 8.910109 32.537277 22.433208
v 9.346785 35.535782 23.521902
v 12.050943 33.760422 23.843588
v 11.851905 29.287758 23.607719
v 14.336422 27.336082 24.127722
v 16.427696 29.062065 25.046976
v 15.103375 25.385223 23.666042
v 11.694947 27.469856 23.112305
v 8.164700 29.493576 21.908464
v 15.468279 23.359077 26.085663
v 13.328975 22.820641 23.903204
v 11.421679 25.615288 22.875517
v 7.960828 27.498825 21.486032
v 1.962883 29.378922 20.296421
v -0.229567 29.490112 21.239519
v -0.633648 28.515907 21.121008
v 1.472012 27.799049 19.963747
v -1.104467 27.078629 21.051929
v 11.082902 23.688065 22.749807
v 7.692008 25.580383 21.291916
v 7.389092 23.794769 21.210474
v 0.825802 23.685669 23.429739
v -1.023439 24.038010 22.062199
v -1.274763 24.411247 21.772631
v -1.371182 24.818657 21.609173
v -1.369814 25.708984 21.419439
v 2.548839 23.779465 25.643642
v 0.677352 23.762901 23.589945
v -0.979283 24.157379 22.113773
v -1.201867 24.505287 21.854490
v -1.287521 24.880859 21.703604
v -1.283360 25.740089 21.519854
v 3.239765 26.357018 26.020414
v 2.498314 23.886711 25.584314
v 0.678466 23.893250 23.600409
v -0.865970 24.188019 22.033310
v -1.089287 24.492088 21.778423
v -1.166850 24.857758 21.633432
v -1.153047 25.715836 21.458519
v -0.997437 27.076035 21.295380
v 3.146994 26.374588 25.930174
v 3.556579 28.813751 25.364893
v 3.161990 26.373749 25.754202
v 2.596545 23.964622 25.411707
v 0.784051 23.941971 23.495531
v 3.490916 39.125534 30.992172
v 1.355149 39.153641 31.387819
v 1.449060 38.909927 31.725271
v 1.092556 39.070786 31.444855
v 1.166174 38.847916 31.790615
v 1.115069 38.687637 31.642448
v 1.080611 38.882645 31.345268
v 1.449839 38.496002 31.433031
v 1.419757 38.694519 31.143372
v 0.801899 39.210297 30.463806
v 1.149165 39.029648 30.303713
v 0.661638 39.412506 28.814034
v 0.318352 39.586700 28.959175
v 0.791775 39.383163 30.503845
v 1.891282 38.409561 36.936317
v 1.613341 38.951324 35.452801
v 1.294999 38.814804 35.505482
v 1.045801 39.065765 33.971004
v 1.378919 39.157852 33.916267
v 0.887755 39.112915 32.940182
v 1.184987 39.028793 32.805782
v 3.846461 38.579987 33.153233
v 3.671496 38.760132 31.883936
v 5.923046 38.398972 30.640627
v 3.602117 38.810089 31.592258
v 3.363839 38.755890 31.026196
v 1.421866 38.439636 31.834457
v 1.138515 38.426849 31.923801
v 1.054028 38.333389 31.743252
v 1.391182 38.152817 31.530525
v 3.446764 38.517502 31.525177
v 1.013185 38.886230 32.358891
v 0.839765 38.504440 31.976667
v 0.526225 38.576721 32.041695
v 0.702765 38.964508 32.463528
v 0.660876 38.797897 32.585777
v 0.908740 38.275452 32.129684
v 0.489354 38.456360 32.193958
v 1.084944 38.606308 32.510147
v 0.848612 38.939789 33.016590
v 1.268360 38.746948 32.934109
v 1.436677 38.712692 33.830002
v 1.026304 38.902954 33.965004
v 1.717867 38.462189 35.312988
v 1.302069 38.654327 35.466595
v 1.580079 38.048462 36.922287
v 1.565307 38.218109 36.989155
v 1.711627 37.596008 37.760422
v 1.712462 37.770828 37.892464
v 1.696675 37.356857 38.039547
v 1.733740 37.493088 38.220016
v 1.670376 37.054794 38.291634
v 1.601835 36.993591 38.085720
v 2.113226 37.156586 37.816441
v 2.131995 37.397812 37.545898
v 2.002861 37.851379 36.752533
v 2.021910 36.804626 37.861038
v 2.565091 36.347519 41.335094
v 2.568275 36.215439 41.277313
v 3.023453 35.586945 42.637440
v 3.054245 35.708389 42.709087
v 2.844324 36.465866 41.316654
v 2.419507 36.969299 39.840054
v 4.779597 36.694458 39.366909
v 4.524745 37.038406 38.340363
v 7.152545 37.167068 37.141960
v 4.462809 37.163452 37.949162
v 4.507413 37.379654 37.555344
v 4.338988 36.901367 37.449070
v 2.071570 37.534363 38.180592
v 2.011751 37.049667 38.220009
v 2.025980 37.834091 37.863441
v 4.280039 37.875320 36.103588
v 4.463282 37.475815 37.273678
v 6.576322 37.735153 33.921799
v 4.055612 38.364639 34.670391
v 11.953182 36.096375 35.841362
v 11.386911 36.603149 32.671478
v 11.242850 36.677414 29.701103
v 10.403414 36.488678 26.306742
v 13.927964 36.135315 28.903048
v 13.213322 34.862259 25.867191
v 16.669567 35.383011 28.854847
v 17.871471 34.236801 34.144299
v 17.329666 34.573242 31.497725
v 16.383812 34.908936 29.109833
v 13.794876 35.612381 29.139700
v 11.262428 36.105621 29.919394
v 11.373847 36.053482 32.701748
v 11.907476 35.568878 35.683617
v 12.405219 34.757156 38.172520
v 12.469573 35.226990 38.483223
v 7.630666 35.888092 39.774967
v 3.241034 34.844986 43.565521
v 3.200217 34.437363 43.585640
v 3.304433 34.452942 43.740051
v 3.341980 34.908981 43.720566
v 3.612185 34.847961 43.631573
v 3.592495 35.167297 43.400124
v 5.513251 34.764938 42.946682
v 5.488023 35.609756 41.994244
v 7.992282 34.726654 42.612106
v 3.320750 35.249161 43.465954
v 3.340526 35.796387 42.663464
v 5.144634 36.271133 40.776272
v 3.240001 35.158249 43.338764
v 3.572934 34.734848 43.353138
v 3.525103 34.339737 43.372570
v 3.561420 34.416245 43.625027
v 5.359254 34.032730 42.922005
v 3.571290 35.043198 43.132256
v 2.925855 36.065094 41.122787
v 3.369476 35.446350 42.472923
v 4.936025 33.863831 43.295330
v 3.046990 33.646774 43.617901
v 4.993159 34.216263 43.527184
v 5.529038 34.390625 43.043461
v 2.924151 33.501831 44.007641
v 3.127106 33.625290 43.991711
v 5.038210 34.105148 43.711296
v 2.985183 33.342133 43.979012
v 3.113629 33.193359 44.677845
v 3.068836 33.311600 44.744556
v 3.281903 33.494110 44.816673
v 5.286755 33.715561 44.620964
v 3.469415 32.741013 46.079693
v 3.497909 32.639374 46.004063
v 3.020799 33.393204 43.317139
v 2.823614 33.532013 43.646530
v 2.879074 33.355453 43.677261
v 3.236959 33.275711 43.591763
v 3.341946 33.269196 43.888931
v 3.454208 33.144821 44.562023
v 2.779995 33.318100 43.355862
v 2.821785 33.157150 43.453522
v 3.181865 33.083725 43.374935
v 4.155255 35.664261 23.564240
v 3.407259 39.137573 30.721062
v 2.995171 39.361298 29.380529
v 1.056855 39.588272 30.405561
v 0.572056 39.898560 28.883755
v 0.311364 39.747406 28.973673
v -0.144270 39.770370 27.443436
v 0.130530 39.879272 27.356857
v -0.422100 39.661011 26.477610
v -0.182119 39.584808 26.343235
v -0.639999 39.436005 26.062366
v -0.384871 39.370651 25.954308
v -0.833918 38.986694 25.731775
v -0.570955 38.932892 25.659929
v -1.402013 36.236450 25.552031
v 0.626483 35.755478 24.896023
v 1.599369 38.678467 25.010319
v 2.749952 35.754166 24.015593
v 3.998754 38.344131 24.373787
v 5.039699 38.595627 27.508989
v -0.155514 39.609787 27.461967
v -0.438580 39.500183 26.576422
v -0.652848 39.287613 26.203575
v -1.651757 36.310501 25.621548
v -0.840161 38.887802 25.894386
v -0.291868 39.125397 26.131166
v -0.082192 39.335449 26.498022
v 0.185569 39.439545 27.334438
v -0.482065 38.737122 25.831478
v -1.631207 36.314178 25.799700
v -1.252672 36.232834 25.745483
v 2.183854 39.286270 26.649607
v 2.580375 39.421066 28.010145
v 1.770780 38.988464 25.318701
v 1.651387 38.927460 25.087685
v 2.090877 36.556503 38.437408
v 2.243578 36.596619 38.744244
v 1.858193 36.780731 38.860806
v 4.207264 36.779785 37.821041
v 1.952401 36.998642 38.391403
v 2.081935 37.047623 38.786465
v 1.824398 36.970291 38.857246
v 2.128191 36.810898 39.833199
v 2.147684 36.659592 39.787369
v 2.516632 36.498810 39.638912
v 1.835831 36.665192 38.138496
v 1.547360 36.653336 38.225391
v 1.572876 36.497742 38.365959
v 1.963253 36.315125 38.261402
v 1.705113 36.746887 38.547485
v 1.674601 36.938446 38.475746
v 32.619781 -94.492020 15.111844
v 27.604233 -93.154549 14.295304
v 27.109901 -95.216278 15.751436
v 32.108013 -92.507668 13.902388
v 28.310535 -92.376411 5.880068
v 23.431421 -94.354134 8.139378
v 22.011419 -90.794601 2.608432
v 23.952284 -84.060745 -3.077997
v 26.105515 -85.113205 -6.888501
v 26.152866 -82.191353 -7.079154
v 23.699066 -80.911598 -3.608578
v 23.969736 -75.190926 -2.893346
v 19.509174 -75.343285 -2.508450
v 19.689840 -81.195038 -3.536103
v 19.555862 -84.535599 -3.434376
v 23.957855 -86.536934 -2.383774
v 19.792437 -88.064865 -2.311308
v 25.594120 -89.362061 1.472451
v 29.910681 -93.284164 -1.155452
v 33.599045 -92.953659 3.464799
v 35.070129 -93.394028 9.839454
v 35.738758 -95.019119 11.155693
v 32.093376 -96.405731 14.931186
v 26.341673 -97.293983 15.329579
v 26.634829 -88.110420 -6.419398
v 36.261337 -96.694191 10.714979
v 35.124149 -96.149727 2.394104
v 35.269234 -97.429039 2.519916
v 31.128942 -97.365715 -3.174041
v 30.955296 -95.854416 -3.069714
v 28.010677 -95.061607 -8.659032
v 27.308586 -92.851524 -8.608096
v 24.592123 -94.939308 -14.440922
v 24.587908 -92.344254 -14.241662
v 18.826147 -94.880051 -16.230719
v 18.742769 -91.862816 -15.852266
v 13.230441 -94.960739 -13.054106
v 13.293839 -92.135689 -12.830521
v 14.455474 -89.331863 -11.688553
v 19.537107 -86.634537 -13.202386
v 14.318253 -86.238335 -11.386604
v 19.593197 -84.418098 -13.474168
v 15.446719 -83.420731 -11.997701
v 25.010056 -88.366577 -12.329809
v 24.567049 -84.985474 -11.829612
v 24.653273 -80.098755 -12.692413
v 20.372417 -78.912041 -14.206075
v 15.698067 -73.484634 -12.200410
v 20.078650 -73.402214 -14.677173
v 26.142624 -73.211739 -13.767190
v 27.299103 -74.034386 -7.920082
v 13.440053 -95.023491 -7.235743
v 12.880767 -95.377403 -6.995280
v 17.061787 -96.305084 -3.245475
v 17.312815 -95.187027 -3.136839
v 20.333727 -97.421974 1.398023
v 19.855837 -98.667221 1.575012
v 21.618710 -97.726540 8.505639
v 20.618000 -98.667221 8.648834
v 26.134605 -98.667221 15.889901
v 12.787341 -98.667221 -6.971590
v 16.899748 -98.667221 -3.151093
v 12.619714 -95.481964 -13.679710
v 12.638841 -98.667221 -13.912504
v 18.838730 -95.409821 -16.790836
v 19.111410 -98.667221 -16.990078
v 25.411619 -95.390076 -15.034172
v 25.674782 -98.667221 -15.111592
v 28.198761 -96.341202 -8.634196
v 28.589918 -98.667221 -8.630802
v 32.445454 -97.926498 15.424657
v 36.735630 -98.667213 11.242123
v 36.257271 -98.667213 2.395091
v 31.641880 -98.667213 -3.141753
v 13.707924 -92.421875 -6.873577
v 15.827428 -73.709351 -6.918680
v 16.318609 -83.352432 -7.633304
v 15.067620 -86.422256 -7.368804
v 14.929152 -89.753036 -7.247136
v 17.214148 -93.553848 -3.211705
v 20.313810 -95.654243 1.615451
v 21.900986 -96.360825 8.707251
v 34.726646 16.671783 26.112150
v 30.914877 16.277740 20.550867
v 26.186115 24.430229 15.864625
v 25.616980 30.168900 15.607135
v 32.665207 31.472443 10.201717
v 27.048151 35.762497 18.719255
v 31.438643 37.907471 23.908672
v 34.303852 33.408676 26.430595
v 37.169132 28.909943 28.952524
v 37.957714 19.851440 29.016180
v 44.235870 16.684738 17.412790
v 39.187634 17.004921 11.240012
v 43.115681 20.123550 7.583076
v 38.306828 23.672516 7.383314
v 49.047386 40.727036 -0.221897
v 45.588776 34.900238 -6.364351
v 43.418262 39.913376 -9.880226
v 35.943180 31.623230 -7.466272
v 42.342949 23.850266 1.619567
v 50.149353 28.172150 3.192489
v 50.348877 22.072342 7.848761
v 46.962189 22.062492 22.444496
v 45.815502 29.632950 23.476511
v 39.682362 37.846252 19.428185
v 51.888546 26.998848 12.099319
v 45.432571 36.104034 15.679644
v 51.224922 32.757797 7.852043
v 38.042850 26.786156 3.419090
v 31.831097 32.994446 -2.640877
v 30.399214 33.698074 -5.701248
v 34.241066 35.401459 -11.170142
v 43.052841 42.205627 -11.432809
v 46.569706 46.223648 -4.163347
v 47.572800 44.697601 4.699815
v 48.883694 36.438583 12.120769
v 41.638367 36.090576 12.499127
v 36.833912 36.561646 14.551200
v 42.925045 47.424667 9.954485
v 44.182468 37.760895 14.138989
v 40.233467 35.891968 13.417006
v 38.302746 46.754456 11.097887
v 37.989368 34.439178 9.390788
v 40.452442 32.437622 11.239941
v 38.586231 32.242081 8.576365
v 33.842457 39.155075 4.908412
v 39.193768 29.826370 9.126042
v 34.159622 26.157372 8.068188
v 46.948898 48.271042 -5.847985
v 45.370300 50.828506 -0.088576
v 41.195427 51.299484 5.900557
v 37.285423 49.973892 8.949612
v 33.005375 40.698593 3.554933
v -3.973337 72.075104 3.838660
v -1.806462 66.609634 2.899408
v -2.638567 72.386642 2.896434
v -3.061809 66.144363 3.905424
v -8.188420 76.391922 -2.064591
v -6.819689 76.834839 -2.560510
v -8.593016 79.492722 -6.994667
v -10.224330 79.422638 -6.928835
v 15.413595 81.986755 -10.575076
v 16.059755 79.492722 -6.994667
v 17.691069 79.422638 -6.928835
v 16.539860 82.017639 -11.417197
v 11.318555 83.445343 -14.081464
v 11.786551 83.710876 -15.330444
v 3.733369 83.711090 -15.838701
v 3.733369 83.936768 -17.116732
v -4.319812 83.710876 -15.330444
v -3.851815 83.445343 -14.081464
v -9.073122 82.017639 -11.417197
v -7.946856 81.986755 -10.575076
v 15.655159 76.391922 -2.064591
v 14.286427 76.834839 -2.560510
v 10.105307 72.386642 2.896431
v 11.440077 72.075104 3.838660
v 9.273199 66.609634 2.899408
v 10.528546 66.144363 3.905421
v 39.863514 54.334930 -21.126585
v 32.232452 50.801010 -26.220619
v 36.681896 60.449493 -22.229136
v 33.591259 43.864700 -21.269100
v 28.315380 39.704697 -24.237490
v 28.915403 34.087906 -22.538876
v 33.592682 31.012787 -11.370339
v 33.502121 28.227455 -10.020494
v 31.870899 39.009918 -11.022549
v 30.329699 34.972809 -15.376052
v 34.147800 35.077209 -11.792995
v 44.481956 42.337646 -12.971733
v 43.187191 58.877106 -13.716539
v 37.554146 64.251953 -15.120828
v 36.364742 64.693466 -8.070641
v 42.208061 60.713867 -7.740301
v 35.306778 60.843430 -2.668018
v 38.299164 58.864166 -2.271467
v 33.136200 53.105576 1.953190
v 35.079895 55.999084 2.518763
v 30.777201 42.696823 2.091030
v 32.928555 38.520752 -3.025796
v 29.919102 33.331192 -6.188784
v 32.748180 40.560104 4.014242
v 48.604843 48.852585 -7.191472
v 47.313618 51.802658 -0.613745
v 41.485493 52.005722 6.303274
v 35.224762 48.970032 3.211580
v 37.158909 50.253677 9.214455
v 36.163006 61.913620 -23.609417
v 27.607994 72.099899 -13.960595
v 37.286934 66.187469 -15.565272
v 31.399363 51.727951 -27.401440
v 27.211241 39.212143 -26.840940
v 12.353855 20.033539 -21.276590
v 12.039474 2.378052 -18.823017
v 3.733369 2.896523 -20.254267
v 26.330637 17.923103 -18.565546
v 27.703939 32.696091 -23.568987
v 33.946903 25.333290 -8.588247
v 19.871527 42.945236 -30.045891
v 23.236822 58.496246 -29.898195
v 25.590984 70.106339 -23.083023
v 17.748905 77.534286 -13.199740
v 14.317618 78.805496 -16.525167
v 14.615265 71.627365 -22.541416
v 10.160254 78.436661 -18.209969
v 25.854309 1.937668 -15.455173
v 33.495777 14.147392 -4.756946
v 32.698498 0.878181 -3.351991
v 3.733369 20.232193 -22.189186
v -5.458731 36.027161 -26.195543
v 3.733369 36.133377 -26.118881
v 12.925470 36.027176 -26.195545
v 12.120452 45.992294 -29.602802
v 13.186606 62.378815 -28.277248
v 3.733369 64.293365 -26.447298
v 3.733369 72.705048 -22.348038
v -7.148526 71.627365 -22.541416
v -5.719868 62.378815 -28.277248
v -18.124245 70.106308 -23.083015
v -15.770082 58.496246 -29.898195
v -29.422819 62.901520 -23.664265
v -25.137886 52.806946 -28.877411
v -29.924974 61.635712 -22.236750
v -25.901041 51.680481 -27.665863
v 3.733369 77.799454 -19.065762
v -2.693515 78.436661 -18.209969
v -6.850880 78.805542 -16.525167
v -10.282166 77.534286 -13.199739
v -20.141260 72.099930 -13.960584
v -29.589872 66.905289 -14.648104
v -29.877546 64.908371 -14.245837
v 3.733369 41.614731 -27.473501
v 3.733369 49.151443 -27.714663
v -4.653713 45.992294 -29.602802
v -12.404790 42.945236 -30.045891
v -4.887123 20.033638 -21.276608
v -20.237200 32.696091 -23.568987
v -20.608734 39.262787 -28.771091
v -21.734108 39.708237 -26.406254
v -21.448669 34.087906 -22.538876
v -26.035383 28.227448 -10.020492
v -26.480141 25.333191 -8.588242
v -18.863897 17.923103 -18.565548
v -26.029036 14.147400 -4.756947
v -18.387569 1.937660 -15.455173
v -25.231760 0.878174 -3.351991
v -4.572734 2.378052 -18.823017
v -25.558199 51.183762 1.595022
v -28.941580 56.675232 -1.587032
v -32.251041 47.009323 4.504760
v -38.931747 50.206924 -0.691137
v -33.399010 60.578476 -6.197584
v -41.905334 49.899902 -7.376927
v -35.599297 60.011353 -12.643021
v -40.466484 45.015610 -15.557837
v -33.905468 55.694229 -21.452536
v -29.197893 44.599152 -24.309589
v -32.210236 35.970688 -18.862682
v -26.358868 34.635895 -22.358326
v -27.744869 31.705978 -15.092996
v -26.680857 35.128342 -8.487673
v -27.093307 35.542816 -2.877579
v -24.701071 38.055298 -12.647742
v -27.923513 64.340836 -6.904519
v -26.583538 59.152527 -1.805328
v -24.813681 50.224136 1.623035
v -23.180805 43.572037 2.601784
v -26.609644 44.661362 1.292480
v -28.104725 43.612564 5.743234
v -26.125944 31.012787 -11.370339
v 26.260159 70.441620 -7.390326
v 18.285704 75.310959 -8.313770
v 16.153152 71.945053 -3.108629
v 34.649670 62.516083 -2.046059
v 36.093414 66.355408 -8.272277
v 9.793598 45.756866 16.018206
v 9.999734 39.023834 18.954912
v 18.834017 37.731140 16.068712
v 19.877159 44.575012 13.915294
v 10.103876 56.573257 11.235502
v 21.257683 54.170151 8.903389
v 23.317331 63.370239 2.238127
v 24.883284 67.581985 -2.225836
v 32.428307 54.609940 3.692348
v 29.557461 41.881027 5.074625
v 29.129070 33.790375 8.023095
v 27.392998 16.437180 14.101969
v 14.806971 17.952782 21.726282
v -18.999094 -0.092949 14.105258
v -7.340224 17.952698 21.726267
v -19.926254 16.437164 14.101967
v -6.158000 -1.054306 21.033659
v 3.733369 18.594345 23.956652
v 3.733369 -1.493889 23.933537
v 13.624739 -1.054291 21.033661
v 26.465834 -0.092949 14.105256
v -2.532995 39.023819 18.954912
v -11.367276 37.731125 16.068712
v -21.662333 33.790375 8.023093
v -8.686414 71.945053 -3.108629
v -10.818962 75.310928 -8.313768
v -18.793423 70.441650 -7.390317
v -17.416548 67.582016 -2.225825
v -27.629869 65.902374 -6.657770
v -25.884953 61.121567 -1.042986
v -15.850587 63.370239 2.238134
v -23.887651 51.089127 3.577824
v -13.790944 54.170151 8.903389
v -22.090723 41.881042 5.074625
v -12.410419 44.574997 13.915290
v -2.326864 45.756973 16.018225
v 3.733369 39.305222 18.981455
v -2.637138 56.573257 11.235502
v 3.733369 46.063309 16.545757
v 3.733369 56.913055 11.526965
v 0.092710 61.024902 8.524317
v 7.374029 61.024902 8.524317
v 3.733369 60.271103 9.291115
v 8.516120 67.821671 0.737919
v 14.299639 71.431427 -3.886245
v 3.733369 66.988693 2.876228
v 3.733369 66.510910 3.531465
v 6.701450 62.146179 6.866529
v 3.733369 61.566589 7.857620
v 0.765288 62.146179 6.866527
v -1.049380 67.821671 0.737919
v -6.832899 71.431427 -3.886244
v -4.171770 78.435135 -16.384932
v 3.733369 78.430496 -17.614994
v -8.902473 77.049469 -11.546722
v -8.807021 74.713852 -8.138951
v 11.638508 78.435135 -16.384932
v 16.369221 77.049606 -11.546733
v 16.273760 74.713852 -8.138955
v 0.962935 -29.602058 -0.797270
v 3.733369 -29.494438 -8.085523
v 3.733369 -29.277893 -0.841082
v 0.767792 -29.383827 -8.073765
v 3.733369 -28.697540 -11.176537
v 3.733369 -27.438766 -13.192465
v -9.309921 -28.461639 -12.690017
v -8.305398 -22.999702 -14.977065
v -9.851185 -30.855438 -10.325774
v -1.137619 -33.774231 -7.359284
v -0.904978 -34.093529 -1.063670
v -5.599945 -46.061249 -1.319901
v -7.141331 -45.428249 -9.388450
v -7.049939 -50.510536 -2.498037
v -17.120356 -30.150520 -7.901123
v -21.411427 -21.739380 -0.504996
v -21.826283 -29.144676 -0.239288
v -17.463673 -23.142029 -11.410464
v -16.025238 -13.443993 -11.766194
v -21.079021 -12.552734 -0.746262
v -13.893933 -44.481499 -10.849836
v -17.672707 -43.801353 -8.842946
v -20.590485 -42.039196 -2.285204
v -16.629860 -29.721077 7.927136
v -15.896079 -24.640388 8.884503
v -15.129519 -18.132347 9.669075
v -14.614484 -13.877396 10.687775
v -20.941322 -9.366188 -0.235621
v -15.476623 -8.464912 -11.652802
v -6.134091 -14.650055 -14.902380
v 3.733369 -22.132835 -15.519581
v -4.185466 -17.099510 14.648258
v 3.733369 -14.078255 -15.149776
v -3.773530 -8.813187 -14.314666
v 3.733369 -8.861404 -14.689139
v -4.038166 -23.291573 11.771516
v 3.733369 -18.192535 14.817236
v -13.557170 -49.457401 -12.564620
v -19.293970 -48.357578 -9.765470
v -22.530056 -47.982216 -3.128945
v -17.317612 -48.952877 4.369802
v -7.311944 -31.992722 9.312983
v -2.093079 -28.067032 10.217870
v 3.733369 -24.093544 11.749477
v 11.504903 -23.291557 11.771515
v 11.652205 -17.099510 14.648258
v 22.596256 -18.132355 9.669075
v 23.362816 -24.640388 8.884506
v 28.878139 -21.739441 -0.504992
v -11.555301 -49.992420 5.070833
v -1.732444 -28.765594 7.575245
v 3.733369 -28.573906 10.047841
v 9.559815 -28.067032 10.217873
v 24.096600 -29.721046 7.927140
v 24.784351 -48.952873 4.369806
v 28.057213 -42.039200 -2.285200
v 29.293001 -29.144707 -0.239284
v 14.778683 -31.992714 9.312984
v 9.199177 -28.765648 7.575243
v 3.733369 -29.323822 7.790775
v -11.027225 -51.118122 2.825830
v -18.035301 -50.191666 1.757272
v 13.066687 -46.061241 -1.319898
v 8.371714 -34.093521 -1.063665
v 6.503802 -29.602058 -0.797267
v 19.022055 -49.992367 5.070843
v 18.493963 -51.118107 2.825833
v 29.887167 -71.041855 -14.233743
v 32.996574 -71.869026 -6.601627
v 30.659885 -66.029945 -6.013497
v 26.155117 -68.629440 3.585283
v 26.216425 -66.128540 4.879634
v 18.385063 -71.810226 3.817263
v 18.895142 -61.357090 2.605550
v 10.592701 -70.347038 -6.546716
v 13.060996 -61.069118 -6.222881
v 12.466733 -55.679993 -3.735400
v 18.375668 -54.813629 2.114745
v 14.516679 -50.510517 -2.498034
v 26.026615 -72.312828 4.737762
v 29.996792 -47.982204 -3.128944
v 25.502035 -50.191647 1.757275
v 25.829479 -54.542824 2.252719
v 26.558098 -61.467815 3.292488
v 32.620285 -62.068569 -6.149024
v 31.318249 -53.803986 -4.575900
v 24.587080 -30.150543 -7.901115
v 25.139442 -43.801342 -8.842942
v 26.760708 -48.357567 -9.765465
v 28.239370 -53.501682 -11.039603
v 29.590845 -61.361397 -13.679384
v 28.528009 -65.338913 -12.900366
v 20.076199 -70.396805 -15.930742
v 20.069717 -72.606598 -16.289431
v 11.724965 -70.008377 -14.599306
v 20.042822 -67.828186 -17.325327
v 20.668621 -61.298145 -16.070198
v 21.258015 -54.761684 -14.974171
v 21.023905 -49.457386 -12.564620
v 21.360668 -44.481495 -10.849831
v 17.317921 -30.855431 -10.325772
v 16.776657 -28.461632 -12.690011
v 15.772135 -22.999695 -14.977063
v 14.608070 -45.428246 -9.388448
v 8.604358 -33.774231 -7.359282
v 6.698943 -29.383842 -8.073757
v 14.656986 -50.552357 -11.129274
v 14.286795 -53.938549 -12.333454
v 15.015397 -59.334732 -13.118783
v 22.081224 -13.877396 10.687775
v 28.545776 -12.552681 -0.746262
v 28.408062 -9.366188 -0.235621
v 22.943363 -8.464912 -11.652802
v 23.491972 -13.443977 -11.766191
v 13.600830 -14.650055 -14.902381
v 24.930420 -23.141975 -11.410467
v 11.240268 -8.813187 -14.314666
v -22.980974 -0.254982 -2.804307
v -17.527386 -1.035355 12.767495
v 24.994125 -1.035355 12.767495
v 13.277534 -2.113472 19.673330
v 3.733369 -2.428047 22.517569
v -5.810795 -2.113480 19.673330
v 30.447716 -0.254990 -2.804307
v 3.733369 -12.535942 18.561506
v -5.100503 -8.336815 19.426609
v -4.168711 -11.953995 16.705212
v -15.227479 -8.453880 12.359392
v -17.002518 -5.447937 13.901833
v -21.869982 -3.308105 -0.232026
v 3.733369 -9.066788 21.968538
v 12.567243 -8.336815 19.426609
v 11.635450 -11.953995 16.705212
v 22.694220 -8.453880 12.359392
v 24.469259 -5.447937 13.901834
v 29.336718 -3.308105 -0.232026
v -17.453312 0.899605 -13.976635
v -4.025294 1.175285 -17.168583
v 3.733369 1.397850 -18.680079
v 11.492033 1.175285 -17.168583
v 24.920050 0.899605 -13.976635
v -16.668293 -2.902405 -11.839128
v -4.579633 -0.693474 -16.918131
v -4.190201 -3.589493 -13.932454
v 3.733369 -3.560944 -14.682223
v 3.733369 -0.597847 -18.114603
v 12.046373 -0.693459 -16.918135
v 11.656940 -3.589470 -13.932457
v 24.135033 -2.902397 -11.839128
v 3.733369 -8.321152 -15.622295
v -4.249700 -8.414497 -14.978823
v -16.286741 -8.020164 -12.112700
v -21.926737 -8.842758 -0.243316
v -15.221200 -13.690170 11.227181
v -4.688337 -16.703384 15.244454
v 3.733369 -18.202164 16.537369
v 12.155076 -16.703384 15.244454
v 22.687941 -13.690170 11.227181
v 29.393494 -8.842697 -0.243316
v 23.753481 -8.020164 -12.112700
v 11.716438 -8.414497 -14.978823
v -6.820054 -53.938564 -12.333457
v -7.190246 -50.552368 -11.129277
v -16.502989 -75.190941 -2.893348
v -12.042429 -75.343300 -2.508455
v -10.918319 -71.810242 3.817258
v -18.559891 -72.312828 4.737764
v -18.688375 -68.629456 3.585283
v -25.529833 -71.869049 -6.601629
v -23.193146 -66.029968 -6.013497
v -22.420425 -71.041878 -14.233746
v -21.061272 -65.338928 -12.900371
v -12.609471 -70.396797 -15.930756
v -12.576081 -67.828209 -17.325329
v -4.258214 -70.008415 -14.599294
v -7.548657 -59.334747 -13.118785
v -5.594251 -61.069130 -6.222884
v -4.999985 -55.680035 -3.735400
v -19.832359 -74.034409 -7.920085
v -18.675882 -73.211761 -13.767192
v -8.231322 -73.484650 -12.200414
v -12.602975 -72.606613 -16.289434
v -12.611907 -73.402229 -14.677175
v -3.125961 -70.347038 -6.546721
v -8.360681 -73.709373 -6.918684
v -23.851509 -53.804008 -4.575900
v -20.772633 -53.501698 -11.039603
v -13.791280 -54.761700 -14.974173
v -13.201865 -61.298195 -16.070185
v -22.124105 -61.361416 -13.679386
v -25.153549 -62.068588 -6.149026
v -18.749683 -66.128563 4.879631
v -19.091356 -61.467838 3.292485
v -11.428397 -61.357109 2.605550
v -18.362740 -54.542843 2.252719
v -10.908926 -54.813644 2.114742
v -12.070362 -86.634537 -13.202387
v -11.276025 -91.862816 -15.852268
v -17.121166 -92.344254 -14.241664
v -17.543312 -88.366592 -12.329811
v -19.841845 -92.851524 -8.608099
v -17.100302 -84.985489 -11.829614
v -12.126453 -84.418114 -13.474170
v -17.186529 -80.098770 -12.692415
v -12.905673 -78.912056 -14.206079
v -6.988730 -89.331863 -11.688553
v -5.827096 -92.135681 -12.830524
v -6.851504 -86.238342 -11.386605
v -7.979970 -83.420746 -11.997705
v -18.686121 -82.191368 -7.079159
v -18.638765 -85.113220 -6.888504
v -19.168087 -88.110420 -6.419399
v -22.443935 -93.284164 -1.155456
v -23.488560 -95.854424 -3.069713
v -27.657404 -96.149727 2.394101
v -26.132301 -92.953659 3.464796
v -27.603380 -93.394020 9.839445
v -28.272009 -95.019112 11.155687
v -24.641266 -92.507660 13.902383
v -25.153028 -94.492020 15.111840
v -24.626627 -96.405724 14.931179
v -28.794588 -96.694183 10.714972
v -27.802488 -97.429039 2.519913
v -23.662203 -97.365723 -3.174042
v -20.543936 -95.061607 -8.659035
v -17.125380 -94.939301 -14.440924
v -11.359402 -94.880051 -16.230721
v -5.763696 -94.960732 -13.054110
v -18.874926 -97.293976 15.329572
v -19.643158 -95.216270 15.751431
v -5.973309 -95.023491 -7.235746
v -16.232321 -80.911613 -3.608581
v -12.223094 -81.195061 -3.536106
v -16.485537 -84.060768 -3.078002
v -16.491114 -86.536934 -2.383777
v -18.127378 -89.362061 1.472450
v -20.843792 -92.376404 5.880062
v -20.137482 -93.154541 14.295298
v -12.089114 -84.535622 -3.434381
v -12.325788 -88.065331 -2.311460
v -14.544679 -90.794601 2.608432
v -15.964675 -94.354126 8.139373
v -20.732021 -96.341202 -8.634198
v -9.433002 -98.667213 -3.151099
v -9.595046 -96.305084 -3.245479
v -21.123171 -98.667213 -8.630806
v -18.208040 -98.667213 -15.111594
v -17.944876 -95.390076 -15.034175
v -11.644668 -98.667221 -16.990082
v -11.371987 -95.409813 -16.790838
v -5.172093 -98.667221 -13.912509
v -5.152967 -95.481964 -13.679714
v -5.320594 -98.667221 -6.971594
v -5.414022 -95.377403 -6.995284
v -14.151969 -97.726540 8.505632
v -18.667858 -98.667213 15.889896
v -13.151256 -98.667213 8.648829
v -12.389091 -98.667213 1.575009
v -12.866981 -97.421974 1.398020
v -9.846071 -95.187027 -3.136843
v -24.175138 -98.667213 -3.141757
v -28.790525 -98.667213 2.395091
v -29.268885 -98.667213 11.242119
v -24.978708 -97.926491 15.424652
v -8.851860 -83.352440 -7.633307
v -7.600876 -86.422256 -7.368808
v -7.462410 -89.753036 -7.247140
v -6.241181 -92.421875 -6.873581
v -9.747404 -93.553848 -3.211707
v -12.847068 -95.654236 1.615447
v -14.434239 -96.360825 8.707245
v -39.580601 41.550186 -13.615361
v -43.287231 40.161301 -3.129050
v -40.151020 46.083923 -5.769758
v -42.367706 36.157974 -11.300417
v -47.947624 26.273376 -2.878001
v -37.905220 23.466988 -9.211134
v -41.675259 16.472542 -2.265459
v -47.953289 19.189224 1.442285
v -39.323078 11.113747 4.505334
v -34.126575 31.681122 -15.427417
v -40.137077 41.925919 2.267754
v -47.019707 29.901825 1.935337
v -48.752380 22.846848 3.831586
v -43.379868 13.803764 10.673823
v -34.991501 10.043854 17.340654
v -30.978121 8.489716 14.047577
v -26.574270 10.706589 9.419149
v -33.706898 14.296326 -0.174791
v -36.696697 19.395988 -4.108326
v -32.449085 24.735916 -5.880605
v -35.524128 18.438591 20.794584
v -43.492851 20.420265 14.645711
v -43.188305 29.437225 10.037479
v -43.945126 31.631760 7.976424
v -34.210770 41.834473 6.906795
v -38.625359 31.180771 11.598680
v -34.196281 29.178276 10.394568
v -34.907387 31.089935 4.897776
v -35.391014 28.020821 4.553905
v -29.319380 28.538513 5.379506
v -29.755857 24.378441 1.192282
v -34.223080 25.799995 0.927032
v -31.976778 27.747101 2.877054
v -29.782228 39.967941 6.744743
v -28.353155 34.153076 -2.205062
v -39.094868 31.033203 7.755388
v -34.671772 31.101700 10.581794
v -25.393345 29.616440 15.652108
v -30.616617 29.165054 20.480610
v -38.220032 30.095795 15.046071
v -33.070358 23.801819 20.637600
v -22.569687 20.429512 8.953322
v -22.813705 25.838753 10.954396
v -29.115664 30.578720 -11.458867
v -28.038288 31.973953 -14.425994
v -32.123623 36.081772 -18.168468
v -38.897575 44.115433 -14.482482
v -40.261223 48.606247 -6.663815
v -37.235455 48.767242 -0.917306
v -32.210907 46.435211 3.861459
v -28.335810 43.465317 5.444320
v -27.374937 35.871277 -3.207836
v 35.820091 -26.356415 -1.121050
v 30.174477 -28.048836 12.076765
v 39.238831 -6.194504 0.336427
v 31.745504 -8.440834 17.853664
v -13.360158 67.333206 -10.547742
v -14.099605 69.058182 -17.155256
v -21.543339 65.008026 -16.907476
v -20.960783 63.106934 -9.058076
v -18.344267 57.551712 -4.440227
v -9.582113 60.318405 -2.782312
v -10.691936 44.279587 3.635675
v -3.204313 49.314743 4.005247
v 1.844812 41.936508 7.415270
v -4.662788 35.888916 8.203541
v 4.805374 38.108978 10.388816
v -1.258686 31.727051 12.576012
v 10.520293 33.136642 10.490296
v 5.204305 26.276718 14.084266
v 16.638163 28.062721 9.695482
v 12.591928 20.363289 12.028097
v 20.277668 22.279381 4.715676
v 18.480740 13.393509 6.174473
v 22.955372 19.476509 -3.699920
v 22.266369 10.332413 -2.562210
v 6.429906 38.834274 13.079101
v 10.175972 39.797928 10.560519
v 8.884373 41.309708 11.823877
v 8.217500 36.741287 11.328122
v -2.947839 28.780724 15.757722
v -1.009749 26.507256 13.853139
v 10.173641 42.258713 9.915944
v 7.643653 41.995300 9.942293
v 4.712769 39.782455 10.472492
v -4.811952 29.806549 12.924889
v 9.193378 36.437531 13.768493
v 12.689317 37.618622 10.995720
v 11.383591 39.056412 12.328982
v 11.000406 34.446915 11.920777
v 0.725821 25.808365 17.161510
v 2.684873 23.645821 15.152098
v 12.475419 40.064514 10.330315
v 9.976790 39.630417 10.528640
v 7.246265 37.231232 11.274337
v -1.387913 26.666466 14.450791
v 11.746930 34.898499 13.820512
v 14.521069 36.578049 10.535988
v 13.474906 37.784821 12.267762
v 13.194222 33.227875 11.421268
v 4.622281 23.465065 17.655556
v 6.190170 21.650146 15.047883
v 14.074371 39.061676 10.215136
v 11.694706 38.453781 10.877382
v 9.282535 35.823898 11.893758
v 1.946464 24.466507 15.560476
v 14.566162 32.172943 12.863338
v 16.433783 34.295944 9.215085
v 15.896804 35.256348 11.298129
v 15.308113 30.843613 9.978134
v 8.426948 20.254272 16.918747
v 9.228418 18.810188 13.784335
v 15.973438 36.794571 9.340839
v 13.832898 36.077347 10.513258
v 11.708483 33.309082 11.774813
v 5.323256 21.484932 15.733509
v 17.867865 29.589035 10.658984
v 19.223427 31.902527 6.901986
v 18.900076 32.771744 9.067554
v 18.313904 28.385918 7.659723
v 12.657147 17.314339 14.945186
v 13.137173 16.007217 11.687388
v 18.695099 34.375992 7.173511
v 16.731731 33.538223 8.557061
v 14.865394 30.649719 9.950350
v 9.395960 18.463150 14.172442
v 20.797104 27.004265 8.267649
v 21.641853 29.723587 4.634945
v 21.576612 30.359299 6.902408
v 20.885670 26.124512 5.127557
v 16.341063 14.218948 11.855189
v 16.432842 13.262932 8.444941
v 21.114563 32.141220 5.224818
v 19.350555 31.113525 6.742388
v 17.714510 28.048172 8.044265
v 12.992515 15.349861 11.609207
v 23.232304 24.770844 5.030198
v 23.239977 27.668488 1.437368
v 23.545370 28.217728 3.707801
v 22.807594 24.010712 1.886342
v 20.289949 11.590179 8.745533
v 19.824409 10.763779 5.331951
v 22.680000 30.021698 2.224611
v 21.284828 28.821945 3.981029
v 20.101667 25.607086 5.406774
v 16.888807 12.495644 9.151192
v 24.532907 22.688118 0.331969
v 23.828646 25.912384 -2.894954
v 24.600693 26.247513 -0.694632
v 23.462070 22.224442 -2.714392
v 22.289646 9.186783 3.310710
v 21.122625 8.682228 0.003794
v 23.466076 28.174965 -1.790350
v 22.451010 26.800804 0.094378
v 21.555424 23.454002 1.422849
v 19.054146 10.016167 4.492195
v 4.090724 41.382370 12.422567
v 8.051872 42.302399 10.239068
v 6.745184 43.798935 11.505071
v 5.899346 39.310638 10.667902
v -5.925360 31.685867 13.781732
v -3.964217 29.435867 11.872904
v 8.213699 44.794937 9.757362
v 5.678846 44.662704 9.590234
v 2.615067 42.577286 9.769910
v -7.527259 32.979782 10.898692
v 25.310608 21.387024 -3.725669
v 24.548801 24.714951 -6.832016
v 25.213953 24.988914 -4.588738
v 24.387751 21.007935 -6.831573
v 23.731560 7.657120 -1.448113
v 22.725260 7.244125 -4.819911
v 24.014170 26.899612 -5.643600
v 23.006931 25.384308 -3.865894
v 22.253805 21.934319 -2.726455
v 20.410185 8.249146 -0.366360
v 1.605039 44.375412 11.264584
v 5.924888 45.072144 9.795471
v 4.485056 46.655457 10.780221
v 3.598351 42.183502 9.899249
v -8.919466 35.135666 11.034673
v -6.757133 32.755142 9.548177
v 6.280441 47.541504 9.298826
v 3.810801 47.507675 8.690034
v 0.672445 45.554306 8.369324
v -9.931384 36.412064 7.888395
v 0.588861 46.535446 8.677658
v 5.080965 46.939819 7.696669
v 3.623671 48.644867 8.417001
v 2.606580 44.174911 7.678399
v -10.318175 37.802536 7.696037
v -8.128885 35.238770 6.606858
v 5.623546 49.355789 7.113882
v 3.242865 49.401672 6.218810
v 0.062649 47.582062 5.633030
v -10.888749 38.935120 4.387884
v 26.957119 19.377525 -12.081058
v 24.966393 23.154137 -13.835818
v 26.832541 23.066727 -12.400676
v 24.371840 19.498863 -14.066915
v 25.276255 5.558739 -10.529733
v 22.465881 5.689240 -12.683107
v 25.495134 25.167595 -12.373856
v 25.518791 23.463028 -10.485789
v 25.136362 19.926361 -9.430464
v 23.295305 6.153038 -7.653126
v 26.706495 19.036430 -15.482517
v 24.680170 22.973007 -16.787197
v 26.766186 22.733490 -15.719042
v 23.817060 19.368423 -16.959999
v 24.440041 5.310257 -13.855680
v 21.299923 5.669632 -15.456535
v 25.595409 24.910866 -15.416811
v 25.850594 23.158623 -13.590489
v 25.436924 19.625305 -12.535755
v 23.057280 5.948334 -10.656768
v 23.018244 23.070427 -16.049387
v 21.868521 27.425858 -15.042788
v 23.979445 26.634041 -15.726020
v 20.095665 24.166794 -15.101490
v 18.437012 9.853973 -15.322156
v 15.263484 11.042679 -14.288764
v 23.948389 28.741211 -14.398669
v 24.771524 26.503845 -13.511193
v 24.113424 22.890755 -12.981764
v 19.622261 9.658318 -11.989119
v 26.130558 19.905579 -8.940287
v 24.357096 23.492546 -11.241017
v 25.943283 23.563271 -9.500676
v 23.932705 19.807968 -11.349005
v 24.656925 6.131729 -6.866505
v 22.266813 6.024529 -9.479569
v 24.553877 25.603111 -9.834718
v 24.300659 24.005966 -7.871078
v 23.854599 20.518532 -6.685004
v 22.182077 6.795410 -4.419696
v 20.009136 25.584114 -16.303215
v 19.689230 30.049530 -15.179573
v 21.558748 28.942863 -16.090609
v 17.421007 27.116333 -15.039930
v 13.474684 13.256943 -15.064937
v 10.664481 14.918892 -13.689099
v 22.010717 31.005325 -14.769618
v 22.556114 28.650688 -13.976449
v 21.388779 25.180336 -13.374808
v 14.969032 12.818573 -11.882648
v 26.508919 19.523788 -16.403444
v 24.604177 23.638023 -17.269444
v 26.797829 23.215729 -16.521561
v 23.470694 20.108864 -17.437321
v 23.523066 5.918480 -14.929936
v 20.221832 6.552681 -16.048794
v 25.839685 25.450127 -15.980751
v 26.225006 23.607132 -14.270238
v 25.713924 20.066124 -13.286414
v 22.655464 6.506317 -11.545570
v 24.853870 20.967461 -17.123636
v 22.915436 25.121178 -16.581490
v 25.204056 24.647781 -16.877953
v 21.684933 21.623047 -16.711250
v 22.249846 7.229889 -16.293255
v 18.808407 7.940147 -15.841301
v 24.641350 26.771935 -15.705618
v 25.634846 24.727699 -14.563257
v 25.448603 21.078453 -13.918021
v 22.891529 7.349342 -12.810987
v 4.677794 47.354691 -20.619587
v 6.904910 50.699829 -18.349161
v 7.781680 49.286285 -20.017359
v 3.464359 49.311005 -18.308216
v -7.184720 39.907471 -20.722143
v -8.502707 42.028702 -18.209063
v 9.409991 50.261215 -18.404560
v 8.717594 47.813660 -18.434582
v 5.973117 45.316498 -18.426439
v -5.781012 37.695145 -18.337322
v 6.774699 43.313934 -19.265491
v 8.839302 46.951553 -17.313601
v 9.791292 45.420670 -18.830141
v 5.457130 45.432846 -17.164026
v -4.776838 35.410065 -18.734404
v -6.207817 37.708191 -16.448971
v 11.360466 46.613007 -17.307318
v 10.767426 44.147629 -17.104954
v 8.125656 41.552216 -16.875256
v -3.312791 33.498154 -16.135689
v 11.405904 33.975082 -17.761690
v 12.359207 38.176605 -16.105392
v 13.797475 36.772446 -17.334030
v 9.415003 35.918869 -16.058735
v 1.964460 23.641418 -17.246349
v -0.197428 25.749725 -15.393374
v 14.874419 38.450760 -15.841860
v 14.837476 35.948120 -15.387591
v 12.844935 32.834625 -15.065295
v 3.523631 22.403679 -14.315607
v 9.061509 37.029526 -18.246183
v 10.302601 41.079437 -16.412407
v 11.607264 39.682510 -17.789440
v 7.255665 38.963181 -16.337812
v -0.845181 27.137062 -17.812843
v -2.806050 29.234161 -15.736946
v 12.838231 41.219803 -16.264826
v 12.699292 38.699646 -15.947906
v 10.572689 35.669540 -15.694942
v 0.792516 25.660980 -15.039513
v 7.954728 39.258484 -18.225479
v 9.609644 43.121292 -16.316345
v 10.741809 41.657761 -17.774445
v 6.387725 41.284256 -16.204891
v -2.787014 30.281357 -17.759514
v -4.488665 32.478363 -15.561852
v 12.150845 43.029953 -16.246458
v 11.794485 40.523514 -15.998180
v 9.411547 37.688904 -15.764558
v -1.208184 28.577850 -15.084138
v 16.924616 28.525269 -15.934880
v 17.302969 32.856979 -14.386365
v 18.935207 31.612579 -15.542647
v 14.665138 30.247986 -14.332080
v 8.845123 17.101036 -15.302438
v 6.391807 18.969429 -13.558145
v 19.756821 33.453278 -14.079863
v 20.023352 30.979279 -13.551500
v 18.430155 27.649246 -13.176630
v 10.476391 16.150101 -12.304623
v 14.494233 31.217621 -16.725193
v 15.238444 35.465683 -15.080486
v 16.749140 34.125748 -16.293802
v 12.403056 33.072556 -15.043447
v 5.544287 20.454636 -16.227669
v 3.273600 22.466469 -14.397709
v 17.736227 35.858521 -14.801760
v 17.813583 33.358688 -14.337182
v 15.967052 30.156464 -14.014708
v 7.140106 19.302864 -13.281650
v -20.174124 62.885239 -24.685888
v -11.708393 67.105698 -24.588961
v -13.459702 53.744537 -25.173300
v -5.287745 57.124374 -24.546473
v -4.890391 41.003906 -16.112505
v 3.222883 44.171738 -16.182829
v 0.448647 33.062271 -14.697426
v 7.148189 38.050842 -15.119003
v -3.370351 61.708832 -23.676012
v -0.592805 63.858353 -20.681082
v -0.070361 63.193436 -22.879879
v -4.093040 62.628067 -20.630560
v -15.682141 55.115448 -24.742752
v -16.467039 56.109482 -21.433969
v 1.837861 63.429962 -21.296915
v 0.957181 61.202194 -22.152643
v -1.947862 58.951874 -22.667202
v -14.139779 52.121277 -23.643478
v -0.160387 55.693069 -24.489445
v 2.145028 58.896149 -22.095678
v 3.017887 57.438187 -23.727327
v -1.368541 57.710785 -22.228664
v -12.417785 48.952576 -25.206059
v -13.730372 51.140518 -22.747950
v 4.620018 58.311905 -22.032389
v 3.788424 55.909103 -22.109306
v 0.905920 53.576721 -22.247528
v -11.262860 46.655594 -22.768414
v -11.599464 72.054657 -19.995972
v -7.799608 72.628906 -17.439377
v -8.214233 73.504013 -19.586935
v -11.024392 70.841385 -17.022881
v -23.502119 64.717834 -20.826239
v -22.877192 63.396088 -17.599066
v -5.827869 73.204300 -18.940071
v -7.039472 71.758682 -20.646896
v -9.972357 69.637009 -21.462097
v -21.735865 62.089478 -22.415073
v -19.225790 27.332520 24.828333
v -17.876692 29.199738 26.227585
v -18.336843 28.532455 28.892094
v -18.831367 27.233429 31.626774
v -19.001711 25.818985 33.878937
v -18.950945 24.140465 35.781464
v -20.490791 22.162201 34.756447
v 33.499588 -27.811073 5.614700
v 36.042007 -6.767769 9.400766
v 24.903372 9.505287 -8.269614
v 25.540018 18.860901 -9.397471
v 20.572344 10.680405 -15.615790
v 21.011086 20.155846 -17.332947
v 11.507573 19.658043 -12.037251
v 15.937290 26.436295 -12.767215
v 4.767549 27.054184 -13.748781
v 10.418990 33.258148 -14.551395
v -1.581659 30.969543 31.475061
v -1.518660 31.123077 31.376434
v -1.636590 30.978134 31.564730
v -3.872623 27.662636 32.039246
v -3.891268 27.723602 32.120075
v -4.008449 27.528282 31.989748
v -3.557319 28.585625 31.953260
v -3.558189 28.681114 32.104923
v -3.010257 29.501953 31.877232
v -3.007839 29.520309 31.991419
v -2.426826 30.313324 31.826410
v -2.355373 30.320114 31.657341
v -2.603882 29.952164 29.187510
v -2.130950 30.387085 29.272402
v -2.098425 30.322845 29.211266
v -2.024410 30.398056 29.231342
v -1.994290 30.446121 29.299612
v -1.995323 30.710190 29.998503
v -1.805763 30.789444 29.995152
v -1.838000 31.066772 31.527620
v -3.823574 28.548965 30.323587
v -3.915988 27.788818 29.715988
v -4.042416 27.739250 30.505600
v -3.712693 28.337250 29.463226
v -3.319421 29.397659 30.132959
v -3.260406 29.187775 29.197380
v -2.695013 30.187073 30.043993
v -2.672742 30.501038 31.779440
v -3.309571 29.723907 31.936079
v -3.813678 28.855492 32.060173
v -4.056680 27.865028 32.073860
v -4.041921 27.544189 30.549055
v -3.912378 27.654579 29.776194
v -3.890919 27.680794 29.695255
v -3.853566 27.767387 29.647554
v -3.631191 28.284805 29.361712
v -3.157279 29.097878 29.073538
v -2.540621 29.873840 29.090401
v -2.230055 27.610435 41.506561
v -2.309297 26.102448 40.768246
v -2.350600 26.534767 39.901974
v -2.448840 25.200638 40.342350
v -3.377204 28.861229 37.691975
v -3.875502 30.066589 37.866215
v -3.097997 29.340164 39.921932
v -2.617019 28.469917 39.614250
v -2.853365 27.082954 38.230152
v -2.484976 27.002853 39.090816
v -2.628448 25.713081 38.713249
v -2.505109 25.451546 39.494530
v -3.022107 24.044319 39.749229
v -3.059000 24.090065 39.101368
v -4.064460 23.100090 39.437366
v -4.307190 23.379616 38.503967
v -5.499383 23.264709 38.857273
v -5.763977 23.604881 37.973381
v -6.109964 23.676430 38.210953
v -6.140553 24.039230 37.362236
v -6.169302 23.969215 37.454258
v -6.261396 24.070679 37.353352
v -2.957632 25.944954 37.989784
v -4.615605 23.700714 37.605610
v -5.967255 24.059166 37.274696
v -4.770092 24.114464 37.014732
v -6.187899 24.207352 37.227802
v -6.017512 24.251343 37.151665
v -4.820294 24.333115 36.874592
v -3.745610 24.833183 37.343407
v -3.445719 24.511734 37.815411
v -3.217356 24.284782 38.440521
v -3.374489 26.209900 37.264702
v -3.320496 27.205025 37.405716
v -6.146458 23.613708 38.228203
v -5.911240 23.364677 39.044018
v -5.940994 23.266541 39.017128
v -5.662394 23.085915 39.837845
v -5.613083 23.134644 39.863220
v -5.244995 22.961411 40.527832
v -5.163662 22.974068 40.610672
v -5.255201 22.973572 40.699219
v -5.108886 23.030846 40.815819
v -4.950023 22.928070 40.597843
v -4.900569 23.042542 40.810043
v -3.849715 23.050941 40.176811
v -3.747607 23.172562 40.385849
v -5.224117 23.016571 39.767601
v -6.766058 25.310760 37.940014
v -6.689312 25.281487 38.030422
v -6.777043 25.393028 37.814255
v -6.644485 32.186874 39.499722
v -7.049082 31.175278 39.217094
v -7.211611 31.205704 39.530514
v -7.305853 29.619659 38.802223
v -7.005140 29.717819 38.526768
v -6.626403 27.628662 37.818523
v -5.356177 28.441704 37.640163
v -5.217233 27.329552 37.267078
v -4.915681 25.902458 36.954247
v -6.150352 25.672897 37.253849
v -6.592341 25.562592 37.526520
v -6.980029 26.084602 38.004887
v -6.750908 32.224518 39.820240
v -7.332230 31.261963 39.901722
v -7.472138 29.532990 39.134525
v -6.949095 27.200211 37.990437
v -6.451590 26.971642 37.602974
v -7.566424 29.473923 39.926704
v -7.157963 26.353401 38.773312
v -7.067205 26.456398 38.142838
v -7.043643 26.028206 38.532078
v -6.994465 26.151817 38.025154
v -7.013673 25.966484 38.461826
v -6.872142 26.701836 37.840046
v -7.101710 26.331299 39.448376
v -7.027757 26.055061 39.336643
v -7.087876 26.046440 38.625957
v -6.895197 25.961487 40.182693
v -6.796312 26.008583 38.529667
v -6.806678 26.064781 38.592361
v -6.808338 26.064606 38.686855
v -6.818304 26.063644 39.253811
v -6.686825 25.926476 40.103447
v -6.568456 25.554268 40.863941
v -6.641244 25.829231 40.979572
v -6.347820 25.470055 41.467278
v -6.754668 28.588791 42.626015
v -6.270871 28.223183 43.129063
v -5.873774 29.625763 43.658882
v -5.584077 29.379852 43.723221
v -5.979686 25.118172 41.245171
v -6.184577 25.091522 41.388668
v -6.010525 25.196678 41.239792
v -6.265471 25.149734 41.360657
v -6.059092 25.247665 41.178288
v -6.350523 25.553612 40.809296
v -5.754493 24.262207 41.138939
v -6.134482 25.007851 41.385391
v -5.870405 24.926201 41.762955
v -5.940477 25.227882 41.889267
v -4.895428 30.204971 44.028847
v -5.288837 29.200569 43.751621
v -5.951876 28.143349 43.304554
v -5.637867 25.770515 42.350647
v -5.579330 25.292221 42.138981
v -5.859127 24.862427 41.732193
v -5.768826 24.223412 41.256088
v -5.701899 24.220741 41.389412
v -5.376289 24.236664 41.570244
v -4.852592 24.257889 41.569248
v -5.064651 25.459396 42.214897
v -4.033113 29.037987 43.133553
v -2.603211 30.902985 43.455612
v -5.211816 26.086243 42.522442
v -5.546947 28.127869 43.375671
v -4.091335 28.778526 43.099945
v -2.377704 28.736450 42.084957
v -1.203572 29.949539 42.070278
v -1.798267 30.967697 42.810471
v -2.463207 28.493271 41.986195
v -3.927627 26.884087 42.390476
v -3.806453 25.791290 41.958340
v -3.633059 24.503960 41.219318
v -5.149316 30.409714 43.967529
v -3.973182 31.732574 44.418095
v -1.562631 33.027481 43.995388
v -1.760659 30.941116 42.792339
v -1.443329 33.078049 43.964283
v -1.672665 30.870621 42.744740
v -1.323683 33.128510 43.933041
v -1.509972 30.779587 42.671257
v 2.130877 32.427490 42.939976
v 1.157306 30.056442 41.912758
v 2.981234 34.437241 43.522137
v -1.616426 34.781296 44.816391
v -0.702439 34.879272 44.597576
v -0.657026 35.238998 44.451904
v 3.030304 34.826263 43.502800
v -0.670640 35.491379 44.180176
v -1.740006 35.440643 44.459351
v -1.910414 35.933868 43.791393
v -3.047228 35.320709 43.954453
v -3.485117 35.938614 42.817184
v -5.496409 33.069473 42.416370
v -3.798962 36.355362 41.464870
v -5.843284 33.578873 41.015850
v -3.956956 36.556137 40.556438
v -5.916106 33.796463 40.257576
v -6.732827 32.147766 40.124939
v -2.526159 36.977051 41.255665
v -2.209125 36.598587 42.612347
v -0.796396 35.973389 43.535282
v -1.065078 36.653900 42.320057
v 3.028281 35.128357 43.282784
v 2.832387 35.531464 42.626419
v 2.397226 36.149521 41.282925
v -1.411131 37.038361 40.961727
v -2.720921 37.117645 40.381359
v -2.779712 37.130783 40.088474
v -3.993290 36.588730 40.262096
v -5.947758 33.843872 39.973171
v -1.736464 37.175217 39.867439
v -1.630962 37.158615 40.148376
v 1.571973 36.639297 38.612942
v 1.993076 36.580780 39.807640
v 1.722110 36.676956 38.918037
v 1.445601 36.400696 38.438702
v -1.844411 36.988708 39.706856
v -2.819871 36.934830 39.904209
v -3.915880 36.447067 40.058140
v -5.787750 33.782623 39.773212
v 0.564577 34.377823 37.953678
v -2.796071 35.185501 39.197712
v -2.918511 35.134201 39.225506
v -3.040945 35.082855 39.253296
v -4.360684 32.882584 38.913048
v -5.627472 30.814102 38.482521
v -5.708904 30.580490 38.381149
v -3.810704 30.332825 37.904598
v -2.835538 31.802780 37.839691
v -2.846377 32.789352 38.301041
v -2.809475 32.764023 38.279831
v -2.722586 32.695557 38.227211
v -2.562626 32.610062 38.139687
v -0.449884 31.749252 37.410873
v -7.919946 37.257950 38.603394
v -7.786728 37.353302 38.674156
v -9.184294 38.802734 39.628284
v -7.653510 37.448639 38.744907
v -2.676201 41.739517 39.848358
v -1.804704 41.761139 39.985027
v -1.794670 42.192352 39.356930
v -2.614024 41.211823 40.421738
v -3.650710 40.979843 39.994469
v -3.503365 40.358154 40.555622
v -5.774101 40.603271 39.779736
v -5.822514 39.953445 40.279697
v -8.781585 39.558945 39.755898
v -8.757549 39.306961 39.936275
v -9.375695 39.040894 39.652065
v -9.979234 38.045563 38.978203
v -10.238023 33.721451 36.284454
v -12.643846 34.645889 36.545074
v -12.940246 34.848282 36.495209
v -7.547956 32.819443 35.776188
v -9.416969 39.287079 39.466297
v -9.478565 39.970444 38.826237
v -10.431851 39.025360 38.101009
v -10.451232 39.990326 36.952572
v -8.783280 40.286240 39.104485
v -9.460897 40.957291 37.709885
v -10.151501 40.749863 35.730480
v -9.687011 41.275177 34.709240
v -9.876778 41.116867 35.013687
v -8.961877 42.016281 35.712315
v -12.398072 37.630814 31.709940
v -12.682872 37.525772 32.077736
v -12.917672 37.210876 32.896435
v -13.173747 36.549011 34.242138
v -13.174798 35.634171 35.529346
v -10.317283 38.413208 38.724495
v -10.232327 38.209000 38.946091
v -13.074513 35.063889 36.240623
v -11.993126 37.585587 31.374731
v -9.352602 41.305466 34.436279
v -8.815746 42.099533 35.350166
v -8.550704 42.024628 34.996906
v -8.194067 42.377579 35.579029
v -9.630926 36.443939 31.170204
v -6.770985 34.852188 31.255445
v -0.968719 39.193954 34.520699
v 0.159958 41.416824 35.740620
v 0.624129 39.334595 34.924438
v -1.244251 41.310089 35.491245
v -0.916060 42.803711 36.529556
v -1.821937 42.857437 36.521446
v -1.580858 41.229828 35.456131
v -2.852035 42.803497 36.363426
v -4.491079 40.838898 34.741737
v -5.145215 42.566010 35.824287
v -7.074998 40.634628 34.224819
v -8.002743 42.253250 35.185513
v -7.204925 40.537903 34.157883
v -7.334979 40.440918 34.090721
v -1.310916 39.150345 34.419781
v -3.607478 38.706390 33.790543
v -5.256746 42.695023 36.202667
v -2.984848 42.902328 36.692806
v -1.945525 43.007095 36.858315
v -1.045784 43.036118 36.912117
v 0.628011 42.769806 36.768501
v 1.613255 41.503052 36.020920
v 2.212047 39.453690 35.603001
v 3.382776 41.470169 36.494049
v 3.361429 39.688065 36.094795
v 4.244678 40.168137 36.984043
v 4.663712 41.586273 37.164959
v 3.102790 42.701294 37.266487
v 1.600957 43.149261 37.403709
v 2.946268 43.086533 37.698254
v 1.442817 42.735596 36.895123
v 1.005616 43.120743 37.278900
v -1.177044 43.104050 37.294010
v -2.137495 43.113190 37.227688
v -3.041195 42.823761 37.004314
v -5.353493 42.628311 36.551323
v -8.318288 42.321716 35.963753
v -3.357376 42.544724 37.740528
v -5.459731 42.393967 37.283718
v -2.404499 42.880692 37.961460
v -1.560239 42.925552 38.026638
v 1.282056 43.167862 38.474804
v 1.528049 43.283386 37.857517
v -3.703786 41.492111 39.462852
v -2.650397 42.158615 39.254990
v -3.619195 41.892746 38.942120
v -5.642140 41.672318 38.624786
v -3.563137 42.242126 38.382534
v -2.574085 42.552887 38.649281
v -1.700372 42.615021 38.730137
v 0.975083 42.871094 39.038029
v -8.501681 41.980392 36.775959
v -8.716758 41.295593 38.001598
v -9.200809 41.664566 36.487423
v 0.705110 42.399841 39.739326
v -3.511954 40.090302 40.743088
v -2.453294 40.597839 40.935833
v -1.769558 41.213196 40.542912
v 0.824636 41.896027 40.459946
v 1.027251 42.432953 39.796619
v 1.328583 42.863724 39.073334
v 1.683250 43.180725 38.498329
v 1.762152 43.169144 38.415237
v 1.912371 43.282684 37.903908
v 1.993838 43.282227 37.919472
v 1.868133 43.169281 38.380680
v 4.345426 42.779755 37.839470
v 4.224368 42.874329 38.010624
v 2.914865 43.199936 38.093445
v 2.935657 43.153030 38.241501
v 2.940666 43.042786 38.309471
v 1.854071 42.909576 38.345345
v 1.763073 42.891922 38.370361
v 1.714437 42.860184 38.450615
v 1.422645 42.669693 38.932106
v 1.162646 42.244232 39.682255
v 4.275142 42.923431 38.215530
v 1.178524 41.891129 40.491631
v 1.017371 41.452347 40.976505
v -1.486350 40.570068 41.018044
v -2.297933 40.200119 40.996323
v -3.427673 39.732574 40.786636
v -5.744072 39.430511 40.386787
v -5.054080 37.761902 39.179462
v -8.639942 39.034195 39.881832
v -5.799455 39.712463 40.459682
v 1.159866 40.897675 41.336617
v -1.956467 38.199081 39.917240
v -2.203063 39.821625 40.996838
v -1.394345 40.179993 41.109623
v 0.165844 39.774338 41.136696
v 0.577219 40.344147 41.327919
v -1.291661 39.727753 41.049976
v -1.625325 38.235199 40.017326
v -1.301432 36.509262 38.472424
v -1.648535 36.426285 38.429386
v -4.144631 35.837753 37.922482
v 1.178584 40.411697 41.395824
v 1.545122 40.902451 41.374947
v 1.627618 40.908676 41.380753
v 1.580888 41.307571 41.095589
v 2.609850 41.041367 41.320908
v 2.635246 41.063278 41.196129
v 3.946409 40.792770 41.322601
v 2.563602 40.923279 41.413437
v 3.871840 40.589493 41.342567
v 2.548938 40.511490 41.453358
v 2.679006 39.953247 41.274082
v 0.989682 39.798737 41.177883
v 1.152328 38.515640 40.377365
v 2.963734 38.754166 40.454716
v -0.208009 38.403412 40.169132
v 0.315852 36.809967 38.634571
v 1.881674 37.312424 38.725540
v 3.058892 37.728256 38.952888
v 4.008302 38.636093 39.218163
v 4.316372 39.292847 40.513432
v 3.983638 40.392639 41.324574
v 3.374321 39.018372 36.719952
v 4.409728 39.718842 37.464417
v 3.330022 38.438522 37.353298
v 4.381630 39.279175 38.046017
v 1.999104 38.676529 36.211823
v 0.282832 37.839294 36.606541
v -1.210895 37.780212 36.442028
v -1.462322 37.740616 36.393917
v -3.854052 37.225357 35.827293
v 1.834846 37.611908 37.764328
v 3.226469 38.060150 38.117306
v 1.744799 37.989029 36.864239
v 4.570480 39.451599 40.341396
v 4.283378 38.899948 38.658588
v 4.798977 39.949768 39.790432
v 4.237707 40.558075 41.132954
v 4.017527 40.726929 41.218563
v 4.049098 40.844147 41.181664
v 4.112936 41.466873 40.619820
v 4.160242 41.533798 40.641121
v 4.217587 42.052094 39.890877
v 4.319716 42.099457 39.939335
v 4.318386 42.558838 39.146358
v 4.275263 42.519043 39.085472
v 4.351089 42.801407 38.327446
v 4.336682 42.795547 38.201973
v 4.644086 42.659119 38.089283
v 4.950788 41.508835 37.456295
v 4.977892 41.109451 38.099304
v 4.927548 40.503326 38.931156
v 4.604727 41.668182 39.686668
v 4.466062 41.084686 40.498772
v 4.641302 42.220474 38.842487
v -7.017933 33.842972 33.363422
v 1.788787 42.919128 38.472614
v 2.737917 42.882217 39.233795
v 2.897568 43.052505 38.491432
v 1.534838 42.748047 38.982475
v 2.596989 42.441071 39.996262
v 4.367964 42.393890 40.160675
v 4.428446 42.813538 39.408138
v 4.381381 42.984741 38.525402
v 1.300326 42.345993 39.766098
v 1.269823 41.679153 40.376579
v 1.379882 41.743729 40.447048
v 1.469650 41.273621 40.764229
v 1.540269 41.308456 40.821407
v 1.502954 41.206039 40.828842
v 1.587265 41.180328 40.867043
v 2.617927 41.240051 41.134506
v 4.089446 41.092545 41.284729
v 4.278877 41.844162 40.821739
v 2.583611 41.882111 40.692215
v 4.445520 42.819962 38.383305
v 4.498351 42.562347 39.229073
v 4.453532 42.097458 39.951084
v 4.349931 41.601303 40.631054
v 4.148671 40.897873 41.187260
v 1.481483 41.350067 41.067947
v 1.414572 41.439270 41.037849
v -2.623633 39.537750 30.941187
v -2.054191 40.705704 29.015341
v -0.711810 40.798523 29.693058
v -2.810572 39.507492 30.875154
v -2.301638 40.670898 28.890949
v -4.373154 40.211426 28.115372
v -4.900091 39.002167 30.182810
v -5.590802 39.873260 27.521093
v -6.216389 38.535416 29.577007
v -5.597919 39.831268 27.493418
v -6.223841 38.492615 29.550795
v -5.608422 39.724030 27.426891
v -6.234973 38.384064 29.486612
v -5.657506 39.560120 27.318052
v -6.285803 38.216431 29.384260
v -6.346439 36.252731 28.214571
v -6.006351 37.415665 25.973099
v -6.930502 35.230515 30.560011
v -6.773278 37.167343 31.569265
v -6.720482 37.338882 31.665306
v -6.708692 37.448792 31.727173
v -6.700835 37.492432 31.751970
v -5.473411 37.891907 32.292984
v -3.358951 38.444901 32.904896
v -3.096233 38.511841 32.971321
v -1.650006 38.825333 33.255672
v -1.308390 39.572052 31.307932
v 0.377775 40.365768 31.117180
v 0.665041 41.052567 30.486843
v 1.602601 40.723206 31.745142
v 1.453845 40.227905 32.398613
v 2.499614 41.142349 33.181721
v 1.232512 39.944824 33.150497
v 2.309193 40.841705 33.790180
v 1.978846 40.651672 34.317574
v 2.781880 42.008240 34.904648
v 2.443242 41.581100 35.435032
v 1.868202 42.723648 36.006245
v 2.172012 41.402618 35.556950
v 1.612386 42.569138 36.105740
v 1.640088 42.910889 36.021122
v 1.495235 42.793579 36.136208
v 2.625478 41.506897 32.589172
v 2.570564 41.896133 32.070667
v 1.701757 41.308289 31.084517
v -0.033303 39.500992 32.678688
v 0.048315 39.772141 31.776037
v 0.944661 39.716339 33.958935
v -0.161977 39.313232 33.627266
v 3.229778 42.950241 33.203835
v 3.041224 42.451233 34.048050
v 2.513491 43.659973 34.578541
v 2.253828 43.182800 35.392014
v 1.826162 43.565063 35.390842
v 2.042590 44.053802 34.652576
v 2.232546 44.419739 33.847713
v 2.692500 44.105408 33.726250
v 2.439033 44.591232 32.987259
v 2.733950 44.421417 32.971478
v 3.259373 43.261887 32.530266
v 1.561955 42.988113 36.105930
v 1.673349 43.020523 35.978237
v 1.862487 43.631668 35.409912
v 2.120438 44.103088 34.705421
v 2.258380 44.464294 33.906593
v 2.429296 44.610413 33.107685
v 2.384868 44.718857 32.981071
v 2.377713 44.649567 32.785202
v 2.452613 44.467575 32.687420
v 2.907998 43.232635 32.217915
v -9.724351 41.395142 33.439335
v -7.224364 41.716019 34.142036
v -7.284997 41.999985 34.177551
v -8.706913 39.553116 32.525234
v -6.442631 39.935852 33.220638
v -4.642529 41.976624 34.845390
v -4.003616 42.328033 35.019100
v -4.724529 42.347702 34.797379
v -5.547011 41.918686 34.591961
v -4.222466 40.279449 34.005943
v -5.611947 42.265137 34.507511
v -7.275802 42.215805 33.980377
v -9.845809 41.666183 33.447979
v -10.175502 41.213638 33.197651
v -8.856542 39.375793 32.401421
v -5.576749 42.504715 34.302284
v -4.835453 42.737320 34.688187
v -4.055957 42.702301 34.886410
v -1.502563 42.611359 35.742050
v -0.910062 43.148865 35.801392
v -1.006507 42.671585 35.866665
v -0.591415 43.149338 35.879997
v -0.522758 43.154221 35.894047
v 0.081077 42.717300 36.014400
v 0.100956 43.114380 35.938450
v 0.156318 43.218430 35.844170
v -0.511906 43.513153 35.579201
v -0.590967 43.553741 35.537830
v -0.966787 43.653625 35.389668
v -4.180384 43.290573 34.347153
v -4.880996 43.286423 34.121410
v -5.605604 43.055542 33.696930
v -7.160070 42.790970 33.441654
v -5.563324 43.498764 33.136662
v -6.870730 43.699448 32.244366
v -5.411815 43.828232 32.607117
v -5.275348 44.105240 32.044548
v -4.681336 44.092789 32.926334
v -4.502219 44.411652 32.324188
v -4.818194 43.745758 33.523876
v -4.096275 43.767426 33.763798
v -1.038762 44.034042 34.834213
v -0.745459 44.025040 34.903961
v -0.642103 43.638947 35.493221
v -3.963299 44.121338 33.129845
v -1.013215 44.449158 34.086891
v -0.751139 44.480728 34.173840
v -0.617078 44.281082 34.098125
v -0.648557 43.803589 34.824944
v -0.548024 43.446106 35.254871
v -0.531269 43.386536 35.326527
v -0.466777 43.363800 35.374668
v 0.199579 43.225571 35.726143
v -0.369816 44.815063 33.477539
v -0.265982 44.608215 33.372200
v -0.662159 44.826096 33.404160
v -3.765163 44.463684 32.506641
v -12.920402 38.899719 27.972473
v -13.047174 38.059418 29.332275
v -11.366313 41.474503 29.955647
v -10.905050 42.074432 28.747295
v -10.186367 43.081955 31.096857
v -9.765555 43.627869 29.886257
v -9.539761 43.375168 31.394278
v -9.160495 43.900497 30.178364
v -6.504352 44.248734 30.911192
v -5.005195 44.320923 31.418060
v -4.232342 44.652725 31.660164
v -3.516481 44.686859 31.826136
v -0.304200 45.047134 32.873653
v -12.515447 39.515518 26.613199
v -10.534708 42.356003 28.063837
v -9.427481 43.879562 29.137884
v -8.869803 44.139313 29.389444
v -6.296797 44.393356 30.200502
v -4.630738 44.498444 30.711700
v -3.857791 44.796234 30.978344
v -3.073492 44.768570 31.155722
v 0.011469 45.086761 32.302383
v -0.430164 44.866776 31.669846
v 0.050823 44.895309 31.851681
v -12.191635 39.791016 25.842123
v -2.896075 44.656967 30.814329
v -3.633537 44.645325 30.657488
v -4.533029 44.539017 30.412434
v -6.160463 44.416489 29.869795
v -8.695940 44.149689 29.031549
v -9.233429 43.919937 28.802748
v -10.309141 42.475052 27.779991
v -11.871336 39.885147 25.517073
v -3.462574 44.461304 30.367832
v -4.368761 44.401886 30.119844
v -6.004535 44.245850 29.532696
v -8.455744 43.984207 28.692623
v -8.926541 43.806686 28.507006
v -9.942814 42.481033 27.563753
v -11.426463 39.846603 25.251270
v -3.046113 42.756088 29.540051
v -5.272095 42.423859 28.733265
v -7.512302 42.101944 27.928919
v -7.669995 41.942825 27.817245
v -7.744603 41.736649 27.700020
v -8.983869 38.945267 25.257956
v -0.871783 44.450424 31.102068
v -2.720233 44.385071 30.487333
v -2.789996 42.820129 29.598251
v -0.957501 43.006241 30.249809
v 0.089085 43.110977 30.621378
v -0.205866 44.413162 31.315918
v 1.282852 44.382385 31.881466
v 1.652402 43.090347 31.295527
v 0.030501 45.053528 32.939156
v 0.064752 44.734863 32.928005
v 0.111619 45.031387 32.869926
v 0.119872 44.755966 32.853970
v 0.201102 44.768463 32.838531
v 0.207156 45.025436 32.848751
v 0.964127 44.833527 32.822952
v 0.971915 44.933746 32.747131
v 0.980263 44.963715 32.599445
v 1.075641 44.809021 32.237778
v 0.327909 45.082794 32.389080
v 0.393984 45.082275 32.412941
v 0.123762 44.793167 32.951492
v 0.631311 44.782700 33.695496
v 0.895974 44.863922 32.990398
v -0.179928 44.687744 33.424999
v 0.378588 44.439026 34.447811
v -0.515322 44.386581 34.183353
v -0.567827 43.871933 34.897964
v 0.245044 43.970306 35.162262
v -0.498322 43.484818 35.313740
v 0.195947 43.391647 35.648609
v 1.931351 43.951706 35.564896
v 1.689743 43.273315 36.056896
v 2.122916 44.413559 34.893074
v 2.305936 44.739120 34.143379
v 2.420561 44.810349 33.281769
v 1.756516 43.071381 35.989410
v 2.499317 44.632568 33.169491
v 2.395918 44.472870 34.004860
v 2.231384 44.099487 34.731583
v 2.024518 43.692276 35.414818
v -11.406308 40.009277 32.103668
v -10.380083 41.665298 32.961613
v -11.459161 40.179703 31.857964
v -11.494875 40.686371 31.170609
v -10.354614 42.253632 32.267868
v -9.756201 42.521576 32.546501
v -9.843541 41.890457 33.246357
v -10.363616 41.448730 33.171673
v -11.160824 39.862228 32.189281
v -8.924674 39.153748 32.272964
v -10.179159 36.382080 30.528349
v -12.616393 37.152725 30.468651
v -12.911700 37.328995 30.370537
v -13.020719 37.516953 30.097181
v 0.221472 42.150146 35.911819
v -1.340180 42.027527 35.623207
v -2.028718 42.017212 35.495281
v -3.912821 41.876862 35.015942
v -3.983496 40.307434 34.129204
v -1.064739 40.684311 35.002769
v 0.603406 40.884155 35.278873
v -2.125847 40.549026 34.686348
v -8.412620 32.946594 45.214874
v -7.292988 33.369583 46.209408
v -7.135273 33.428482 45.949898
v -8.550007 32.986969 45.406273
v -8.618019 32.824310 45.604710
v -7.345582 33.202911 46.438385
v -8.729361 32.382935 46.169422
v -7.557457 32.700714 46.945934
v -7.679767 32.234604 47.388000
v -8.832674 31.387878 47.151093
v -7.681824 31.792450 47.775150
v -10.234220 31.747101 45.258205
v -10.370440 30.868073 46.239220
v -10.093290 32.263580 44.583015
v -10.025593 32.405579 44.360363
v -9.874273 32.355545 44.175449
v -8.699924 31.388504 43.282169
v -7.261086 32.100113 44.265522
v -5.720694 32.878098 45.230122
v -6.247163 33.662292 46.257275
v -6.390948 33.650894 46.545635
v -6.573094 33.586472 46.847736
v -6.761140 33.141022 47.375122
v -10.013980 32.204971 43.913807
v -8.775802 31.331848 43.200356
v -10.187309 32.258408 44.081310
v -10.259791 32.132935 44.313515
v -10.426232 31.680923 44.989883
v -10.595181 30.866104 46.017700
v -10.549893 29.924637 46.867687
v -10.944757 31.271805 44.484459
v -11.148044 30.431915 45.497372
v -11.104408 29.473862 46.373352
v -10.998858 28.892303 46.827930
v -13.118937 28.550438 43.687092
v -13.160098 27.488037 44.615173
v -12.875901 29.495560 42.589931
v -10.749543 31.706879 43.868061
v -10.648077 31.855377 43.659969
v -10.443030 31.832153 43.529919
v -8.851666 31.275177 43.118542
v -7.331068 30.005219 42.029518
v -7.318297 30.077560 42.108875
v -7.310574 30.106155 42.140919
v -5.880168 31.244766 43.183380
v -13.115245 26.845978 45.086159
v -12.681289 29.820587 42.014839
v -12.530334 29.973267 41.787670
v -12.285396 29.941116 41.632702
v -10.435406 29.246536 41.108810
v -7.379041 29.896133 41.899014
v -8.213714 28.325928 40.472012
v -0.997759 31.735504 50.246887
v -0.866913 31.880234 50.165752
v -0.941512 31.997360 50.278900
v -0.825755 32.593979 49.877167
v -0.917906 32.741440 50.056675
v -0.821620 33.203522 49.419621
v -0.932519 33.376038 49.631256
v -0.946241 33.934204 49.105072
v -0.853969 33.776932 48.933674
v -0.996825 34.325592 48.421406
v -0.923349 34.246124 48.278767
v -1.060040 34.357147 48.155308
v -0.930367 31.831787 50.144905
v -0.951994 32.521362 49.861134
v -0.918044 33.191299 49.406528
v -0.981959 33.782593 48.854904
v -0.987579 34.240082 48.223534
v -2.408001 33.741425 48.877544
v -3.236607 33.831512 48.248493
v -3.398207 33.510849 48.622910
v -2.311410 34.118500 48.312149
v -2.276819 34.171921 48.163410
v -3.186711 33.871628 48.144680
v -3.249662 33.837860 48.159500
v -3.280561 33.782471 48.217289
v -3.466012 33.450165 48.563980
v -3.512737 32.932663 49.174053
v -3.594806 32.860535 49.082729
v -3.437053 32.231369 49.536354
v -3.368848 32.275085 49.608814
v -3.234185 31.830307 49.774746
v -3.189529 31.849670 49.829636
v -3.200381 31.763474 49.814476
v -3.136164 31.743896 49.842209
v -2.258432 31.888367 50.091385
v -2.218953 31.736221 50.106613
v -2.378767 32.510849 49.859306
v -2.448862 33.152542 49.405758
v -0.983353 33.149155 49.360462
v -1.006016 33.764359 48.796608
v -0.658665 32.997711 49.119404
v -0.975268 32.469727 49.829491
v -0.935105 31.726105 50.150852
v -1.019704 31.562744 50.221024
v -0.837489 31.594498 50.052898
v -0.984919 31.418716 50.119717
v -0.503606 30.879776 49.265465
v -0.372118 31.089935 49.228481
v -0.590778 30.720062 48.110409
v -0.190187 31.682922 48.885540
v -0.675967 32.279877 49.663307
v -3.562302 31.878998 44.614376
v -4.514362 30.147858 45.565807
v -4.503635 31.854935 44.301857
v -3.623167 30.234695 45.613571
v -2.374456 31.290878 45.562206
v -2.456934 30.529953 45.949589
v -1.263550 30.973099 46.479294
v -2.343337 29.980911 46.607304
v -1.287405 30.437225 47.022064
v -2.273695 29.467133 47.329155
v -1.365296 29.906601 47.630775
v -0.427974 31.130020 47.714558
v -0.174907 32.390549 48.297153
v -0.709508 33.687027 48.541031
v -0.995565 34.271408 48.120174
v -3.491287 28.890083 46.998974
v -1.315412 31.616272 46.081417
v -0.896422 34.213547 47.980465
v -0.224438 33.119492 47.739799
v -0.397672 33.551270 47.242203
v -1.086494 34.374130 47.978069
v -1.013181 34.289841 47.842079
v -0.529139 33.635620 47.079803
v -0.635567 32.605148 46.606464
v -0.451911 32.137619 46.910671
v -0.409841 31.621628 47.293583
v -1.422693 32.318161 45.706863
v -2.336281 32.101852 45.227161
v -4.471686 28.536560 46.953018
v -4.661866 30.093796 45.500275
v -4.670997 28.433319 46.876259
v -5.896239 27.741035 45.986233
v -5.854949 29.473114 44.558334
v -7.387742 26.864357 45.342720
v -7.406657 28.413567 43.619461
v -7.395530 26.833557 45.312859
v -7.414376 28.383873 43.588516
v -7.408340 26.757637 45.237091
v -7.427165 28.309769 43.510979
v -7.456305 26.638824 45.116714
v -7.475026 28.195900 43.385616
v -8.221984 26.613396 41.907021
v -8.459634 24.907387 43.487198
v -4.703410 31.800339 44.186249
v -3.589862 31.840881 49.972828
v -3.302928 31.867523 50.028667
v -3.537277 32.347031 49.669979
v -3.241159 31.799133 50.036812
v -3.163333 31.771927 50.052956
v -2.014230 30.865005 49.949970
v -2.197374 31.222229 50.203808
v -3.333242 30.515778 49.795677
v -3.420900 30.914520 50.065624
v -3.841922 30.799469 49.983994
v -3.629634 31.280380 50.080196
v -5.793981 30.663162 49.588154
v -3.353883 31.326065 50.120655
v -3.295613 31.340561 50.128399
v -2.250993 31.553024 50.253643
v -2.235205 31.678192 50.203018
v -1.611995 30.229477 49.052277
v -3.005825 29.792984 48.893917
v -3.921315 30.394943 49.739502
v -5.674902 30.345703 49.585468
v -6.358444 30.179962 49.324020
v -6.211995 29.908356 49.262165
v -7.141856 29.677979 48.950863
v -5.684635 29.131973 48.223015
v -7.285953 28.335976 47.269279
v -5.490106 29.179482 48.335785
v -5.534481 30.028397 49.448288
v -3.913298 29.560043 48.677223
v -3.353831 34.010300 48.319141
v -3.294330 34.037430 48.251080
v -3.565702 33.543747 48.715218
v -3.723106 32.952927 49.209774
v -3.792133 32.311157 49.637539
v -6.067542 31.271866 49.328697
v -6.543985 30.476105 49.337486
v -7.299033 29.935287 48.957382
v -8.416342 29.079788 48.286888
v -8.841335 27.746002 46.585575
v -2.272640 34.390686 47.675972
v -3.500930 34.282959 47.378262
v -3.364993 34.261093 47.798367
v -3.423456 34.254822 47.784058
v -3.640013 33.951721 48.288769
v -3.820631 33.510925 48.680351
v -3.948862 32.899414 49.150105
v -6.159138 31.860886 48.986893
v -6.741820 31.077377 49.027008
v -7.350879 30.191696 48.847828
v -8.582292 29.374710 48.311802
v -9.945236 28.589890 47.567467
v -8.914575 27.692337 46.502510
v -8.670742 29.656769 48.195423
v -7.560830 30.789551 48.475147
v -10.131144 28.913635 47.568638
v -10.178222 28.709892 47.534225
v -8.987858 27.638474 46.419254
v -8.764408 30.262421 47.903889
v -7.681341 31.318588 48.120945
v -10.226044 29.226402 47.441391
v -10.370690 29.019455 47.493824
v -10.678997 28.370895 47.115883
v -10.864715 25.398674 44.764759
v -12.692372 26.192574 45.352741
v -12.956443 26.525253 45.279167
v -10.899491 28.634041 47.023968
v -10.453168 29.314003 47.336159
v -10.317158 29.882095 47.011112
v -6.859762 32.652451 47.854832
v -6.875008 32.153290 48.262924
v -5.526697 32.980164 45.299305
v -5.624701 33.827759 46.417118
v -5.758698 33.873520 46.770958
v -5.868417 33.793076 47.090988
v -6.117770 33.386932 47.641304
v -6.184237 32.915604 48.145447
v -6.200326 32.387009 48.565826
v -6.850352 31.646667 48.659920
v -4.001727 33.282166 45.707684
v -2.094565 34.246353 47.252304
v -1.691383 33.571381 46.386086
v -3.093152 33.468826 45.961292
v -3.419093 34.129456 46.912651
v -3.923092 34.215927 47.258320
v -3.699440 34.215942 47.738213
v -4.008879 34.080704 46.798969
v -2.317537 34.354355 48.018730
v -3.217747 34.062683 48.225361
v -2.296926 34.276505 48.130054
v -5.534757 38.482758 41.134068
v -7.209003 38.126831 40.533619
v -7.275694 38.021057 40.795349
v -5.579920 38.377350 41.427082
v -7.368197 37.725632 41.524586
v -5.815891 38.022827 42.122242
v -5.957397 37.670898 42.727848
v -7.477320 36.952209 42.840328
v -5.969771 37.305206 43.254925
v -3.670017 38.890778 41.817440
v -1.023869 39.037613 41.791069
v -3.572504 38.871765 41.449036
v -4.417955 38.707993 41.323624
v -4.584929 38.753281 41.678051
v -4.794089 38.455856 42.371269
v -4.918129 38.083511 43.016918
v -4.961387 37.665558 43.581940
v -5.995228 36.894577 43.745846
v -7.474341 35.944763 43.925301
v -9.972732 35.264084 43.154621
v -5.894927 36.403152 44.246193
v -4.962324 37.229294 44.133610
v -4.113147 37.855042 43.773228
v -4.053935 38.299469 43.187469
v -3.958763 38.652359 42.524330
v -11.089731 33.746857 42.943001
v -10.335011 34.357132 43.473972
v -10.451774 34.961060 42.890781
v -9.895869 34.630814 43.737255
v -7.434704 35.360886 44.381294
v -5.704201 35.825394 44.773766
v -4.885126 36.703156 44.662228
v -4.105363 37.402863 44.355385
v -1.077208 38.129929 44.105923
v -0.879240 38.628143 43.438885
v -0.641643 38.957184 42.896072
v -0.457375 39.129120 42.302078
v -7.370212 35.074493 44.567562
v -9.810168 34.307632 43.926704
v -10.240110 34.056747 43.680428
v -10.967150 33.500153 43.191612
v -10.709879 33.239609 43.328083
v -10.024436 33.725449 43.760307
v -9.637893 33.937195 43.972122
v -12.869927 30.711945 41.361679
v -10.799001 29.927002 40.918606
v -8.843177 32.584839 42.838310
v -8.748203 32.656174 42.914093
v -8.653298 32.727295 42.989708
v -7.253723 34.721176 44.597286
v -5.676683 35.572220 44.950829
v -4.722150 36.111588 45.131016
v -4.061994 36.854401 44.866425
v -0.937794 37.608261 44.767445
v -0.796926 38.160248 44.140972
v -0.630885 37.607513 44.776260
v -0.683243 38.006027 44.021717
v -0.744654 37.162811 45.233528
v -3.822787 36.230118 45.283344
v -4.570903 35.760086 45.177006
v -5.555772 35.265991 44.992336
v -6.377459 33.430374 43.569038
v -6.979668 31.474945 41.694866
v -6.985545 31.434525 41.666874
v -6.992769 31.334961 41.596058
v -7.035205 31.176605 41.480938
v -0.398989 37.152527 45.267582
v -0.339054 37.071182 45.290089
v -0.600559 36.633667 45.552727
v -0.266438 36.641495 45.566181
v -0.251632 37.032364 45.309357
v -4.178164 34.213425 44.202530
v -4.468291 35.429199 45.168518
v -3.744689 35.872879 45.355541
v -1.190615 36.133408 45.574261
v -0.669190 36.198273 45.604118
v -0.195045 36.648041 45.566910
v 0.582129 36.803696 45.444729
v 0.547374 36.687912 45.532181
v 0.540425 36.316376 45.561901
v -1.434005 35.655319 45.422871
v -3.660593 35.476730 45.283287
v -3.923367 34.255142 44.292789
v -3.406782 32.920441 42.849171
v -5.237542 32.173065 42.188042
v -1.771068 34.492935 44.507183
v -0.555060 37.432236 44.657871
v -0.361765 37.034348 45.002834
v -0.329558 36.968033 45.060329
v -0.254864 36.942795 45.090813
v 0.598402 36.836700 45.326061
v 2.034461 36.647217 45.397144
v 1.972917 36.462433 45.416039
v 0.650226 35.839859 45.373276
v -0.721277 35.688828 45.413445
v 2.353431 35.395142 44.536201
v 2.015882 36.274918 45.335106
v -0.603450 34.631271 44.621777
v 0.871817 34.861526 44.558395
v 2.016897 34.944290 43.363560
v 0.898504 34.104706 43.115028
v -0.034266 33.744354 42.995716
v -1.642196 33.270950 42.869926
v -3.141780 33.010635 42.886200
v 0.524022 37.618027 44.871544
v 2.289555 37.643021 44.927738
v 2.332377 38.203476 44.310997
v 0.687911 38.896118 42.803215
v -0.151021 38.751526 42.734661
v -0.201925 38.745544 42.858707
v 0.717274 38.907196 42.628918
v 2.162417 38.875809 42.494064
v 2.267029 38.900345 42.781200
v 0.584078 38.664093 43.508873
v 2.347764 38.656937 43.606937
v 0.499879 38.188873 44.226585
v -0.457590 37.484634 44.719170
v -0.298650 37.060837 45.053307
v 0.579073 37.000351 45.272774
v -0.561721 38.090744 44.094788
v -0.397277 38.535126 43.350742
v 2.153402 36.921158 45.359375
v -0.495572 38.468307 43.308235
v -0.266499 38.693832 42.841114
v -0.228315 38.731415 42.763256
v 2.202103 36.754440 45.264778
v 2.116475 36.709641 45.259300
v 2.181294 37.366318 44.779308
v 2.343634 37.423752 44.769344
v 2.283014 37.947464 44.119202
v 2.398986 37.945953 44.123756
v 2.401267 38.429428 43.459713
v 2.242855 38.438446 43.382679
v 2.317377 38.765793 42.645515
v 2.234013 38.756866 42.592468
v 2.456826 37.612686 43.839386
v 2.203359 38.408447 43.326977
v 2.192886 37.903061 44.085381
v 2.140175 37.307922 44.760593
v 2.091948 36.600693 45.293461
v 2.189977 36.414902 45.231808
v 2.519665 35.582108 44.456699
v 2.720452 36.079987 43.902534
v 2.377928 37.001785 44.605289
v -6.806983 34.388855 37.666065
v -5.094802 35.140915 38.293526
v -5.139139 33.622162 40.213688
v -3.256202 35.777557 39.113522
v -3.312859 34.311478 40.951824
v -2.993368 35.826462 39.204510
v -3.119663 34.356918 40.994282
v -1.496320 35.811737 39.560162
v -1.736228 34.350800 41.054901
v -0.014443 35.226425 40.649986
v -0.198951 34.540802 41.265419
v 1.055912 34.909378 41.606213
v -0.078376 34.112869 42.100574
v 1.003443 34.490692 42.324512
v 2.227434 35.242996 42.825390
v 2.788864 36.668930 43.092113
v 1.060990 35.492966 41.018898
v 0.094321 35.984055 40.078171
v 1.016076 36.154739 40.444656
v 2.108893 36.546753 41.276119
v 2.276620 36.099533 41.709618
v 2.281990 35.647888 42.248505
v 2.446482 38.197128 43.048611
v 2.216173 38.764389 42.474903
v 2.110128 38.852325 42.302856
v 2.276104 38.641983 42.335209
v 2.143540 38.726303 42.162266
v 2.475466 37.748520 41.491013
v 2.624514 37.658844 41.690289
v 2.790430 37.300354 42.313297
v -0.139834 38.979660 42.772682
v -0.123500 39.131134 42.323029
v -0.229820 38.973877 42.811531
v -0.052506 39.130692 42.332863
v 1.034923 37.702362 40.857754
v 0.815255 38.714218 41.628963
v 0.695063 39.009781 42.053314
v 0.684090 39.069244 42.430145
v 0.708939 39.012451 42.567490
v -0.294416 38.974045 42.894783
v -0.572478 38.624802 43.451077
v -0.504793 39.061676 41.874100
v -0.544909 38.760696 41.411854
v -0.424045 37.755981 40.551334
v -1.254118 38.788467 41.341450
v -1.589413 37.656982 40.385517
v -3.475164 38.706436 41.076073
v -3.753385 37.480240 40.075993
v -4.302711 38.617477 41.001110
v -4.010617 37.392227 40.046268
v -6.862004 34.104340 37.432209
v -10.273970 33.370422 36.561142
v -8.700294 35.824646 38.548698
v -6.819810 34.254059 37.560001
v -8.602292 35.898560 38.622219
v -6.812732 34.350403 37.635326
v -8.504306 35.972488 38.695728
v -6.213862 36.619125 39.392044
v -12.361222 34.164154 36.903214
v -7.667753 32.235931 36.169327
v -13.168721 30.966202 41.348007
v -13.341474 31.231003 41.148750
v -13.380046 31.783875 40.579075
v -13.292714 32.787582 39.412319
v -13.079635 33.661499 38.102108
v -12.819377 34.087326 37.311543
v -10.945179 36.395493 39.348408
v -12.640927 34.219620 37.051365
v -10.839427 36.533005 39.102985
v -10.610534 36.500641 38.965897
v -9.908365 37.063156 39.394344
v -10.098940 37.142288 39.571499
v -10.175446 37.035690 39.840195
v -11.141056 36.001053 40.076672
v -5.400670 38.444519 40.824242
v -7.107072 38.005096 40.323570
v -9.515338 37.325928 39.582512
v -9.658908 37.433304 39.785107
v -9.725930 37.331390 40.058258
v -10.348655 36.630753 40.632740
v -11.327333 35.222702 41.289959
v -11.234059 34.308716 42.370697
v -9.866519 36.922760 40.897915
v -10.008278 36.182388 42.136806
v -10.518138 35.876160 41.851837
v -2.579050 29.305557 32.208687
v -1.840668 27.415184 32.727222
v -1.138335 28.405304 32.587742
v -3.234172 28.320068 32.329098
v -3.718235 27.463387 32.309013
v -2.296517 26.640701 32.707272
v 0.801417 27.958199 31.689913
v 0.386385 27.235947 31.839792
v 1.029213 26.607224 30.557432
v -0.124318 26.566193 31.928169
v -0.670567 26.030960 31.840820
v -2.305342 26.343529 32.308067
v -3.794698 27.182297 31.993811
v -3.874151 27.524948 32.031651
v -3.518202 28.520805 31.915102
v -2.962658 29.448380 31.787296
v -2.285872 30.299454 31.611649
v -1.454693 31.017715 31.435749
v -3.967489 27.307030 31.950071
v 0.388765 25.889206 30.671667
v -0.349446 25.177109 30.743446
v 0.509874 25.486504 29.285963
v 1.213627 26.217705 28.981201
v -1.302551 31.155838 31.293402
v -1.082075 31.119919 31.360411
v -1.298042 30.959396 31.705017
v 0.053431 30.094360 32.104458
v -0.512517 29.435593 32.381088
v 1.044652 28.633698 31.395006
v 1.466706 27.449486 30.405407
v 1.663001 27.170135 28.998447
v 1.237517 26.018120 27.992567
v -0.230961 24.320625 28.415070
v -0.292824 24.791466 29.561964
v 0.108702 24.589195 28.216305
v 0.262681 30.243927 31.763968
v 1.852707 28.365623 30.199211
v 2.036484 28.188988 28.981827
v 2.290411 28.029556 27.781328
v 0.684955 26.925140 28.122433
v 0.770269 26.901047 28.020567
v 0.232290 24.539024 28.084473
v 1.402275 24.319954 26.764954
v 1.940211 26.711639 26.696743
v 2.396516 29.116440 26.545385
v 1.224130 29.276436 27.875713
v 1.096627 29.295197 28.011255
v -1.955822 29.780533 24.224628
v -1.171334 29.782425 23.066540
v -1.309633 29.531082 22.982813
v -2.199793 25.146385 23.199921
v -2.292300 25.900162 22.981695
v -2.194005 27.388954 22.755905
v -1.726361 28.717911 22.805723
v -0.712882 29.776306 23.459576
v -1.620785 29.940460 24.499437
v -2.198858 29.922714 24.806787
v -1.862015 30.068146 25.080273
v -1.328778 30.512756 26.468153
v -0.855329 30.453918 26.485163
v -2.711494 28.122116 23.749180
v 0.728191 29.526840 24.793045
v 0.121727 29.593033 26.154367
v 0.097183 29.671951 26.303646
v 0.743659 29.708084 27.593550
v -0.591148 30.628036 27.761528
v 0.772072 29.888565 28.391760
v 0.712179 30.046951 30.122869
v -0.634720 30.945374 29.931301
v -1.213993 31.096924 29.862337
v -1.648066 31.029617 29.912760
v -1.776245 30.924911 29.966425
v -2.116450 30.685226 29.296316
v -1.175344 30.983688 28.757425
v -2.757573 29.981186 29.026262
v -2.259728 30.604904 29.167992
v -2.283230 30.512146 28.832279
v -2.164026 30.646439 29.216223
v -1.687967 30.935333 28.892326
v -1.681091 31.005569 29.219622
v -1.685161 31.017746 29.290255
v -3.349309 29.204605 28.969429
v -3.827322 28.422241 29.292444
v -3.831522 28.374664 28.990187
v -4.165237 27.768364 29.300774
v -4.013913 27.389122 26.805555
v -4.051822 26.548737 27.068909
v -3.356241 25.310432 24.782993
v -3.163918 25.009911 25.078602
v -2.819970 25.030159 24.547232
v -2.664510 24.778984 24.758921
v -1.902328 24.518074 23.607328
v -3.967980 26.160660 27.151619
v -2.858623 25.338417 24.450319
v -3.440156 26.098984 24.429665
v -3.798643 28.153069 26.660061
v -3.316297 29.131958 28.692232
v -3.435844 28.815613 26.535868
v -3.421692 26.870575 24.215157
v -2.931583 26.145790 24.081944
v -3.307041 27.582947 24.139383
v -2.931320 26.856033 23.844292
v -2.860129 27.497681 23.780615
v -2.122129 24.802162 23.360548
v -3.163832 28.290039 24.118427
v -3.044921 29.464066 26.454290
v -2.767251 29.927536 28.725019
v -2.908170 29.016144 24.232618
v -2.474425 28.787781 23.882151
v -2.498874 30.020218 26.392300
v -1.774885 30.451111 26.456650
v -1.127147 30.864380 28.242329
v -2.131531 29.513596 24.138605
v -2.546451 29.720215 24.489975
v -0.538463 30.686386 28.330418
v -1.892501 30.254089 31.999172
v -5.968098 25.134293 36.210686
v -7.317772 24.858856 36.494774
v -7.312161 24.706947 36.169914
v -5.963098 24.973938 35.904705
v -5.067281 26.127365 35.573250
v -6.139311 24.966255 35.147850
v -7.485801 24.735207 35.332829
v -7.681195 24.917946 34.359367
v -7.564604 24.829178 36.245102
v -7.535108 24.916046 36.462067
v -7.681437 24.829987 36.326153
v -7.644479 24.801674 36.150421
v -7.983104 24.921860 35.389896
v -8.032708 24.860451 35.359234
v -8.219337 25.093445 34.495712
v -8.241885 24.974693 34.475441
v -8.382741 25.288010 33.625839
v -8.342401 25.360756 33.610600
v -8.312840 25.618095 32.840538
v -8.270994 25.692047 32.746918
v -8.409010 25.718742 32.723042
v -8.315327 25.869118 32.598198
v -8.133826 25.862152 32.457115
v -8.008070 25.502739 32.602573
v -6.752169 26.098518 32.331474
v -6.682104 25.722328 32.495373
v -5.590445 26.766418 32.982464
v -6.535324 25.449997 33.186737
v -7.873638 25.208977 33.412132
v -4.166877 32.767548 37.750977
v -3.325858 32.179840 37.371861
v -4.155475 32.774536 35.057137
v -4.756030 30.850021 37.568134
v -5.337461 31.487579 35.303089
v -4.832674 30.533264 37.469448
v -5.379460 31.250580 35.252972
v -4.781632 30.723053 35.208115
v -6.082314 31.808594 33.038937
v -5.419624 31.010513 33.042004
v -4.796004 29.305351 33.869308
v -5.203446 29.295868 32.945248
v -4.792068 27.821899 33.613163
v -5.177341 28.031532 32.808739
v -5.298424 26.461540 33.513153
v -6.296220 25.185112 34.153477
v -4.539069 29.873627 37.304150
v -5.114858 26.272682 34.193588
v -4.508106 27.643669 34.404949
v -4.464853 27.422195 35.233601
v -4.496015 29.315521 34.803589
v -4.432461 28.861259 35.669670
v -4.472241 28.402695 36.566296
v -4.508209 27.214104 36.123123
v -5.018787 26.119965 34.897976
v -8.599800 26.782013 37.186268
v -8.322634 27.238533 37.590755
v -8.620777 26.856857 37.215164
v -7.958207 26.014465 37.080822
v -8.301657 25.957436 36.856827
v -8.358782 25.944031 36.711220
v -8.871640 26.898392 36.792343
v -6.628172 29.336868 38.022442
v -6.328114 28.046707 37.632702
v -8.024971 28.335030 38.046951
v -7.776793 27.601456 37.761822
v -8.447542 27.799988 37.790710
v -8.736323 27.208099 37.330051
v -8.933981 26.990829 36.787838
v -8.681852 27.023018 36.662338
v -8.327896 25.979065 36.590736
v -7.363606 26.075493 37.139408
v -8.720746 27.110161 36.651226
v -8.770118 27.159630 36.580757
v -5.940499 26.411560 36.911488
v -5.170559 33.421921 38.450607
v -6.801037 30.782211 38.411366
v -6.852710 30.456223 38.382774
v -8.456381 29.640030 38.541702
v -8.908774 29.629730 38.423885
v -9.252676 29.692932 38.207687
v -9.153055 27.419121 36.840725
v -9.025371 27.049232 36.748093
v -9.066424 27.456444 36.157948
v -9.322206 27.446709 36.189388
v -9.369259 27.796928 35.379978
v -8.666190 31.345016 39.006947
v -8.342960 31.131027 39.051567
v -7.861935 32.271851 39.189068
v -9.555161 27.749611 33.711617
v -9.738865 28.134712 33.939640
v -9.550931 28.203201 33.295513
v -9.620036 27.775650 33.803146
v -9.311896 27.821419 33.897778
v -9.404667 27.869621 34.482872
v -9.654322 27.852402 34.544662
v -9.619550 27.829132 35.437824
v -9.437666 27.766197 36.293583
v -9.757338 30.066833 37.637760
v -8.974798 31.632736 38.917801
v -8.157961 32.477341 39.104679
v -6.828042 34.385620 39.471436
v -8.915251 35.824158 35.151318
v -9.704050 33.726715 35.771198
v -8.855789 35.704300 35.915974
v -9.863004 33.668427 34.939816
v -10.339641 32.917114 35.669979
v -10.442316 32.888214 34.862270
v -10.354585 30.837967 34.746899
v -10.136509 30.834061 33.929691
v -9.770629 28.172928 34.644665
v -9.682204 28.139526 35.526611
v -10.065640 30.282257 36.951130
v -9.365979 32.084152 38.360733
v -8.360189 32.594604 38.875942
v -10.363419 30.666763 35.509521
v -10.232554 30.510468 36.243591
v -9.689954 32.427063 37.737408
v -8.750252 33.045197 38.269375
v -10.164495 32.833054 36.426006
v -9.933171 32.656357 37.091904
v -9.073193 33.366608 37.686062
v -7.749061 34.920639 38.690239
v -7.262226 34.653046 39.295189
v -7.091852 34.516953 39.503639
v -5.327972 37.270798 39.807709
v -4.278916 35.720169 38.818493
v -4.536652 37.712708 39.674644
v -4.119584 35.781937 38.796333
v -3.960235 35.843719 38.774162
v -9.530334 33.693222 36.488655
v -9.334521 33.521439 37.097446
v -8.479758 35.375992 37.366257
v -6.052073 38.107162 38.853210
v -6.607104 38.669739 37.590061
v -6.948484 38.949738 36.240753
v -5.633805 39.665253 36.063675
v -5.284014 39.383453 37.427685
v -4.897131 38.727631 38.708572
v -5.640892 37.672363 39.615910
v -5.498758 37.506149 39.831917
v -4.562718 38.018021 39.678726
v -4.649223 38.217026 39.455746
v -3.418559 38.662613 38.337925
v -3.756737 39.326523 37.035889
v -4.169201 39.619125 35.655853
v -4.430017 39.665909 34.847305
v -5.844695 39.722870 35.207062
v -7.106018 39.042786 35.359680
v -3.312613 37.678955 39.315441
v -3.231990 37.969849 39.289608
v -3.251117 38.166702 39.046894
v 1.396634 37.966202 36.936321
v 1.110951 38.573563 35.506870
v 0.824296 38.819702 34.033176
v 0.651280 38.851486 33.142323
v 0.469784 38.716354 32.722542
v -4.594491 39.637451 34.492474
v -5.914290 39.667404 34.817707
v 1.525209 37.514359 37.724045
v 1.508703 37.276840 37.993561
v 1.418342 36.928726 38.037933
v 0.376248 34.596024 37.610207
v 0.293447 38.391098 32.346390
v -4.785337 39.418137 34.171997
v -5.967443 39.415558 34.451149
v -7.115519 39.000687 34.954884
v -7.013815 38.809631 34.562286
v -8.915083 35.823624 34.783382
v -8.730471 35.749756 34.419071
v -5.423488 34.504166 33.079422
v -5.795814 37.333755 33.741367
v -5.295292 34.447845 33.019001
v -5.637627 37.391861 33.722317
v -0.588567 35.932953 32.022919
v -1.600493 32.819199 31.995485
v -5.066614 34.386307 32.928059
v -9.871932 33.702042 34.615517
v -10.303844 32.746017 34.481274
v -9.904962 30.915924 33.602070
v -9.733710 33.609299 34.286583
v -10.114125 32.646255 34.156921
v -9.529249 31.025223 33.348728
v -8.283937 31.916916 33.308300
v -8.211756 32.221924 33.409756
v -7.040648 34.775833 33.536545
v -5.953610 37.275604 33.760265
v -5.477016 34.523804 33.103931
v -5.074243 33.429550 32.792465
v -6.023989 32.144058 33.072689
v -7.679220 30.693893 32.935040
v -9.047871 29.584518 32.981377
v -9.395687 28.958176 33.095272
v -7.348254 29.292816 32.580757
v -6.867964 27.544479 32.318512
v -8.302027 27.221695 32.492245
v -8.779683 28.826515 32.795322
v -9.257461 28.380447 32.961300
v -9.433578 27.849731 33.189983
v -9.507386 27.674965 33.644005
v -9.410325 27.772079 33.172394
v -8.837531 27.088570 32.726196
v -9.296436 27.813393 33.800259
v -9.272340 27.744339 33.738056
v -9.003860 26.804779 33.243233
v -9.079871 26.824883 33.140190
v -9.079088 26.907089 33.006794
v -8.315198 25.506851 32.842163
v -8.351398 25.092430 33.624096
v -8.198030 24.854019 34.435925
v -8.023439 24.691422 35.249771
v -7.659281 24.704857 36.093513
v -9.108687 27.317551 36.144768
v -8.795402 27.065758 36.584980
v -8.468678 25.996437 36.467365
v -7.883010 24.678673 36.106560
v -9.239242 26.557594 34.140316
v -9.345411 27.737602 33.861202
v -9.087599 26.752464 33.402332
v -9.451646 27.736481 34.446373
v -9.153196 26.378792 35.010056
v -9.439142 27.622032 35.350506
v -8.897729 26.140427 35.831570
v -8.324484 24.622925 35.320969
v -8.557386 24.780609 34.503635
v -8.655515 25.027267 33.681683
v -8.529160 25.467949 32.906715
v -4.291631 39.132736 33.503498
v -4.226701 38.841064 33.548344
v -2.400936 38.779114 32.857121
v -2.352175 39.061462 32.772598
v -4.412091 39.272949 33.264565
v -2.408673 39.201660 32.509205
v -2.658284 39.523193 31.757698
v -4.760884 39.595459 32.488445
v -3.131311 39.874084 30.428427
v -5.297094 39.940262 31.192554
v 0.649602 39.117462 30.500763
v 0.918874 38.783173 31.334925
v 0.950612 38.588303 31.622934
v 0.892591 38.248917 31.719608
v 0.015746 35.847534 31.673567
v -3.200226 36.514374 32.828762
v -3.403039 36.321823 32.866974
v -3.603305 35.916916 32.877155
v -3.659311 39.846649 29.104330
v 0.162974 39.498322 29.021120
v -1.047609 32.570053 31.584360
v -2.830908 33.645233 32.261703
v -3.013531 33.709763 32.324692
v -3.116986 33.768661 32.367283
v -11.272304 29.481171 29.603083
v -11.131292 30.171173 29.218954
v -11.120940 29.658539 29.170700
v -11.202402 32.771545 29.921913
v -11.195617 29.517441 30.251450
v -11.080742 32.881958 30.712729
v -10.392187 35.128937 30.013451
v -10.078497 35.301361 30.763866
v -9.614803 35.849335 30.010967
v -9.374439 35.820465 30.793320
v -8.619955 37.280075 30.117844
v -8.491811 37.134918 30.846941
v -6.804225 39.475433 29.742676
v -6.574781 39.449890 30.575665
v -6.023717 39.780502 29.072147
v -5.758465 39.912003 29.878405
v -3.978939 39.709167 28.354317
v -0.316330 39.521957 27.551235
v -0.587344 39.415787 26.720224
v -11.114193 32.770950 29.531153
v -10.323828 34.989334 29.625429
v -9.656542 35.891800 29.699196
v -8.661715 37.293396 29.762075
v -6.851437 39.398743 29.360317
v -6.112030 39.643814 28.718454
v -4.156520 39.596466 28.035898
v -0.795015 39.211807 26.356398
v -10.249443 34.791016 29.288679
v -9.580651 35.787689 29.360357
v -8.546827 37.193222 29.382811
v -6.794569 39.167725 28.990219
v -6.155735 39.324982 28.417009
v -4.342887 39.304688 27.788601
v -0.984963 38.829559 26.059978
v -9.050456 33.850479 28.300955
v -7.244778 35.936935 28.277527
v -5.736684 37.805984 28.302248
v -5.421560 37.532410 28.078775
v -5.126953 37.187225 27.867378
v -1.753805 36.343307 25.981585
v -2.482287 33.065933 26.648306
v -4.602839 34.122513 27.605989
v -4.779176 34.185715 27.682961
v -4.880897 34.244034 27.730774
v -4.922802 34.264557 27.750795
v -5.717768 34.287506 27.261461
v -7.275603 33.018204 27.290430
v -9.169290 33.626190 28.255909
v -10.865249 32.778519 29.144165
v -9.455798 30.307480 27.943848
v -10.551050 28.583794 28.621149
v -10.701795 30.161942 28.775347
v -10.789044 30.848862 28.880764
v -9.433703 31.415863 28.067818
v -7.367002 32.769516 27.307646
v -7.276653 31.619080 27.326067
v -7.393697 30.018158 27.442970
v -9.301841 28.614204 27.854448
v -9.301634 27.074768 28.133219
v -10.508555 27.176788 28.830193
v -10.684199 27.186310 28.961933
v -7.545925 28.807465 27.534914
v -8.001052 27.550301 28.069021
v -10.952697 28.578865 29.057682
v -11.078156 28.493591 29.432930
v -10.735013 27.088631 29.138268
v -11.035321 28.438957 29.566948
v -10.929099 28.420952 29.632114
v -11.152653 29.072067 30.001688
v -10.898226 29.102898 29.979523
v -11.161073 29.147903 30.063250
v -10.888157 29.169922 30.028502
v -10.862986 29.188660 30.117830
v -11.180565 29.188492 30.162430
v -11.245862 29.160156 29.540487
v -11.240122 29.090599 29.532578
v -10.711945 29.301056 30.653831
v -10.912964 29.331154 30.806648
v -10.944103 29.624191 30.870947
v -10.808451 32.825439 31.417995
v -9.830344 35.170837 31.466261
v -9.142509 35.715820 31.462084
v -8.025350 36.701004 32.191265
v -6.130816 39.267548 31.852266
v -10.336843 29.324875 31.438675
v -9.398027 28.825417 32.392178
v -9.481405 28.731422 32.670948
v -9.572566 28.789780 32.658848
v -9.797319 29.074265 32.073780
v -10.014917 29.108482 32.200874
v -10.534773 29.395584 31.577911
v -10.523361 29.670898 31.614079
v -10.420462 32.758408 32.042343
v -9.552296 34.949173 32.074360
v -8.916145 35.494965 32.020496
v -8.632898 35.269638 32.550602
v -7.271675 36.065170 33.361935
v -8.311196 34.889404 33.064350
v -9.270778 34.680908 32.661728
v -10.017009 32.629379 32.646759
v -10.043769 29.400940 32.268726
v -9.611576 29.124672 32.710682
v -8.930358 34.296112 33.216724
v -9.493561 32.488434 33.176846
v -5.498449 38.781448 33.048077
v -5.046704 38.387863 33.770237
v -7.939550 34.382355 33.589203
v -8.601066 33.707718 33.703564
v -8.853629 32.189163 33.568394
v -9.069449 28.935036 33.023151
v -9.048051 28.615204 32.952602
v -9.433608 28.645828 32.670521
v -9.048481 28.547180 32.935112
v -9.085482 27.955490 32.594086
v -8.975973 27.972351 32.696575
v -8.574999 27.989311 32.749058
v -8.593179 29.031776 33.095055
v -8.567498 29.535477 33.199242
v -7.745911 34.218689 33.780178
v -6.797590 35.681778 33.874443
v -6.636106 35.512482 34.049980
v -8.324901 33.403625 33.743294
v -7.494114 33.960571 33.817089
v -6.418844 35.329590 33.979828
v -4.738819 37.984894 33.953724
v -4.894609 38.232208 33.975426
v -8.466837 32.114532 33.641178
v -8.051250 33.132172 33.738152
v -6.602690 32.590500 32.708778
v -5.160163 34.096161 32.745495
v -3.160110 33.789505 32.384159
v -3.768992 32.580475 31.424559
v -5.075530 31.885803 31.252184
v -6.685826 32.347931 32.727932
v -8.014115 32.071579 33.570564
v -8.023151 30.163040 33.174816
v -7.989998 29.489563 32.985413
v -8.013612 27.954636 32.560532
v -8.574461 26.663200 32.237312
v -7.212041 26.423569 31.334690
v -8.348533 26.589874 32.144527
v -6.697350 29.623520 32.226345
v -6.793993 27.992378 31.747881
v -6.586438 27.199539 30.265219
v -5.736326 28.358864 30.344517
v -5.416543 29.527924 30.512506
v -6.640543 30.723297 32.404224
v -5.198691 31.653473 31.212172
v -5.033697 31.062943 30.808266
v -8.767653 26.600822 32.192593
v -9.101304 27.967758 32.469772
v -9.301517 28.706985 32.458420
v -9.331479 28.783951 32.445248
v -1.774223 32.677277 29.064890
v -3.549015 33.848770 29.904696
v -3.728549 33.912628 29.974695
v -3.831251 33.971191 30.019928
v -3.873682 33.991974 30.038370
v -4.709710 33.397156 29.312138
v -6.132874 32.433136 29.239727
v -6.204921 32.256836 29.227415
v -5.937543 31.547501 28.959961
v -6.666515 30.055740 28.092123
v -6.908488 28.655190 28.134146
v -6.363328 28.543144 28.754395
v -7.153599 27.189613 29.048521
v -6.023696 28.435799 29.507776
v -6.808089 27.118706 29.658819
v -7.845545 26.113083 30.518297
v -7.388129 26.219376 31.116552
v -8.499435 26.391640 31.951797
v -8.694921 26.574203 32.077442
v -7.564220 27.306183 28.484919
v -5.683491 29.811996 29.618277
v -6.031394 30.111374 28.791046
v -8.916352 26.378593 28.855873
v -8.352009 26.219124 29.664179
v -9.530682 26.361420 30.446115
v -8.994157 26.277313 31.259689
v -9.394288 26.629715 31.471144
v -10.042891 26.537346 29.631535
v -9.286131 26.621140 28.259111
v -10.423862 26.804390 28.957136
v -10.604996 27.047813 29.112053
v -10.365824 26.870621 29.962845
v -9.937500 26.718750 30.744678
v -8.806340 26.554222 32.031048
v -9.457150 26.583427 31.476217
v -9.978136 26.621910 30.760551
v -10.403616 26.818108 30.006823
v -10.613593 27.002335 29.225290
v -10.626795 26.910789 29.250986
v -10.797082 26.917763 29.397150
v -10.396877 26.651268 30.034454
v -10.653322 26.649605 30.214462
v -9.967073 26.511391 30.734671
v -10.269860 26.512360 30.946344
v -9.509516 26.431213 31.412647
v -9.758245 26.427673 31.604073
v -9.049910 26.484543 32.109634
v -8.852067 26.470688 32.007374
v -9.854944 28.964470 32.107597
v -9.428892 28.752022 32.425243
v -9.273726 27.991371 32.412155
v -10.814719 28.341797 30.556952
v -10.916118 29.120773 30.116314
v -10.947288 28.406334 29.813948
v -10.782293 29.194412 30.667877
v -10.416210 28.267311 31.320892
v -10.429352 29.187874 31.476377
v -9.891265 28.112831 31.990614
v -0.870079 22.910347 44.069794
v -0.986998 22.910408 44.046902
v -0.486824 22.196411 43.626179
v -0.922558 22.958931 44.082539
v -0.995866 22.983231 44.047543
v -0.340100 22.218559 43.680199
v 0.361936 21.455399 43.020100
v 0.179868 21.306168 42.888416
v -1.060078 22.213036 43.269917
v -1.433544 23.021355 43.822865
v -1.435752 23.129013 43.837578
v -2.045069 23.192368 43.334087
v -2.031687 23.332130 43.357887
v -2.428853 23.445061 42.677532
v -2.440462 23.341789 42.646675
v -2.586529 23.489433 42.189499
v -2.601838 23.424316 42.160595
v -2.612807 23.496834 42.108154
v -2.603796 23.462074 42.044640
v -2.303983 22.774712 41.503555
v -2.324727 22.850136 41.361946
v -0.409901 21.193962 42.395283
v -0.928293 21.296654 41.843357
v -1.774223 22.135216 40.524837
v -1.717226 21.909897 40.672428
v -1.381772 21.503250 41.260021
v -2.062775 22.532135 42.098667
v -1.615725 22.364426 42.730713
v -1.607149 22.007782 40.570629
v -1.638160 22.086563 40.577099
v -1.273644 21.767815 41.188232
v -1.196751 21.641045 41.163044
v -0.764663 21.526817 41.772060
v -0.719293 21.460587 41.715721
v -0.232802 21.334442 42.288708
v -0.245965 21.440773 42.388660
v 0.320762 21.394577 42.821960
v 0.324152 21.462074 42.869297
v -0.204773 26.925896 42.866863
v 1.311768 26.298477 43.731239
v 0.164657 26.939079 42.310505
v 0.845884 26.095673 44.463623
v -0.197970 27.072487 42.939507
v 0.877794 26.288445 44.582977
v 1.560703 26.754646 45.071896
v 0.699211 27.898682 43.342800
v 0.618140 26.997520 45.989922
v 0.221769 28.191765 44.043957
v 0.656616 26.986000 45.973011
v 0.259820 28.181015 44.025768
v 0.748733 26.953041 45.927235
v 0.351351 28.149399 43.977921
v 0.909704 26.922554 45.863239
v 0.510765 28.122551 43.908131
v 2.665052 27.785492 43.205547
v 3.378133 26.694260 45.145809
v 2.019905 29.038979 41.472157
v -0.155083 29.307182 42.101669
v -0.313219 29.330299 42.177280
v -0.404230 29.360580 42.227222
v -0.441975 29.370499 42.246677
v -0.231766 29.068550 41.671124
v -1.346140 27.842842 41.346588
v -1.345959 27.627602 41.273983
v -1.123654 27.073509 40.886417
v 0.023082 25.925255 41.033939
v 0.589418 25.949379 41.677799
v 0.905251 24.744118 41.087265
v 1.090461 25.585579 42.280746
v 1.318523 24.537025 41.694427
v 1.536095 25.183807 42.936394
v 1.695070 24.306854 42.375160
v 1.467877 23.231155 41.843288
v 1.234685 23.297104 41.302414
v 0.897243 22.077385 41.665554
v 0.339634 22.261772 40.956867
v -0.451343 21.676064 41.513687
v -1.032329 21.895004 40.860405
v -1.271480 21.831757 41.173492
v -1.666340 22.158287 40.500999
v 0.357818 24.842758 40.572220
v -0.273361 22.449677 40.298565
v -1.559150 22.232338 40.375587
v -0.716143 22.765915 39.888718
v -1.799872 22.278336 40.418716
v -1.686095 22.372978 40.323490
v -0.857687 22.929840 39.826496
v -0.068122 23.719971 40.049084
v 0.413674 23.558372 40.343384
v 0.851865 23.430458 40.797543
v -0.269980 24.932213 40.079960
v -0.610714 25.867004 40.428703
v -4.179657 27.712463 29.717123
v -4.313353 27.109558 29.545618
v -4.131998 26.474136 28.992075
v -3.685443 25.944550 28.584518
v -3.725860 25.781998 27.218311
v -2.971234 24.771843 25.313498
v -4.186804 27.799240 29.646994
v -3.720236 26.038467 29.124157
v -4.177845 26.606171 29.504866
v -4.322375 27.161743 29.875849
v -4.183689 27.677116 29.809847
v -4.161460 27.463295 30.557264
v -4.217376 27.300331 30.549288
v -4.116783 26.882866 30.581623
v -3.732400 26.443710 30.699743
v -4.323718 27.178963 29.945599
v -2.291276 25.552254 30.891928
v -2.449055 25.166870 29.198326
v -2.418006 25.062599 28.387251
v -1.991936 24.738228 26.818569
v -1.908340 24.760864 26.654690
v -0.361253 24.281181 25.043869
v 14.351224 35.316269 32.041492
v 14.907839 35.020294 34.943142
v 15.252252 34.157883 37.305569
v -2.639213 28.944031 45.991917
v -3.090489 27.744911 45.505978
v -2.832517 27.450279 45.942738
v -3.497316 26.887047 45.163151
v -3.230019 26.536690 45.632908
v -3.047873 29.638580 44.845150
v -3.488998 28.314812 44.484009
v -3.301486 28.057365 45.055153
v -3.746608 27.212067 44.664997
v -3.137244 25.297852 44.839092
v -2.692040 25.144981 45.323048
v -2.510574 27.048271 46.335911
v -2.880615 26.128983 46.059914
v -2.164836 25.048111 45.752972
v -1.707639 23.214005 44.085617
v -1.213481 23.019722 44.389843
v -2.268932 23.457092 43.601818
v -3.551481 25.418495 44.319218
v -3.940549 27.514709 44.073940
v -3.663833 28.549515 43.799137
v -3.159770 29.975204 44.212479
v -1.968189 32.129288 44.801540
v -1.999423 32.206863 44.541927
v -1.114583 32.751266 44.435467
v -1.107927 32.602386 44.238636
v -1.077410 32.701187 44.701962
v -1.070874 22.813286 44.237488
v -0.979558 22.798584 44.235531
v -1.590613 23.039322 43.933708
v -2.183622 23.270920 43.477493
v -2.685241 23.525116 42.943699
v -3.888222 25.596558 43.739895
v -4.060539 27.770027 43.416420
v -3.697220 28.678123 43.543560
v -3.201030 30.072510 43.968975
v -1.907230 32.128448 44.337830
v -0.958043 31.107239 43.385902
v -3.056397 30.076553 43.778683
v -3.605220 28.725540 43.252003
v -3.950136 27.825569 43.079800
v -4.065320 25.734848 43.047474
v -2.933437 23.567085 42.380749
v -2.565724 23.349632 42.794682
v -0.912777 22.754265 44.210342
v -2.816841 23.368912 42.198021
v -2.803356 23.378975 42.105152
v -3.046216 23.725670 41.784412
v -3.017912 23.681061 41.754890
v -3.105911 24.066315 41.556679
v -3.172713 23.923027 41.941998
v -3.292243 24.408875 41.768883
v -4.061521 25.890747 42.736580
v -3.805661 27.893051 42.799480
v -2.881424 27.691154 42.163345
v -1.696744 29.621170 42.836433
v -2.912598 27.507072 42.042885
v -3.939878 26.104774 42.445583
v -3.222274 24.853813 41.585075
v -2.924220 24.432503 41.273930
v -2.491461 23.140213 40.945366
v -2.494391 22.916344 41.211246
v -2.779325 23.348274 42.030018
v -2.421112 22.848564 41.305660
v -2.262602 23.419510 40.626450
v -2.178033 25.220741 40.754669
v -2.544563 25.969833 41.233398
v -1.461806 24.106438 40.121239
v -0.766990 21.612259 41.801373
v -0.216589 21.496048 42.405720
v 0.407620 21.498276 42.923607
v 0.490890 21.549324 43.094566
v 0.573334 21.567970 42.859337
v 0.630562 21.659828 43.072372
v 1.365042 22.246590 42.465652
v 1.269952 22.128159 42.266273
v 0.114308 21.530327 42.199402
v -1.515007 24.923256 46.026493
v -0.780725 23.161812 44.735970
v -0.508464 23.522972 45.020618
v -0.361253 23.192863 44.762714
v 0.020264 23.495461 44.713390
v 0.090246 22.318604 43.961075
v 0.492594 22.542587 43.844769
v -0.723747 30.061386 48.194031
v -1.051025 30.540451 47.669056
v -1.984471 28.234375 46.943623
v -1.571293 27.878044 47.347206
v -2.122228 26.553909 46.716980
v -2.462984 25.681427 46.409702
v -0.659818 22.966225 44.571980
v -0.638213 22.923759 44.534626
v -0.211839 22.189949 43.877514
v -0.303964 22.174812 43.778713
v 0.817097 24.267570 44.253300
v 1.261225 23.239853 43.302017
v -0.219055 23.898071 45.093147
v -1.187010 24.975960 46.094311
v -2.167383 25.494843 46.420082
v -1.938998 26.402184 46.871403
v -1.362783 27.689362 47.495022
v -0.543455 29.818130 48.357121
v -0.081013 30.439545 48.405025
v -0.179954 30.709503 48.215931
v 0.686788 30.627792 48.249718
v 0.639000 30.890274 48.040340
v -0.844098 25.119568 46.061771
v -1.877552 25.372322 46.412098
v -1.685105 26.240028 46.886223
v -1.066223 27.525093 47.509472
v -0.315840 29.541107 48.377167
v 0.013195 30.088577 48.454540
v 0.711099 30.281357 48.325180
v 4.074326 30.952286 47.872372
v 4.014541 31.299850 47.670101
v 3.773140 31.799408 47.097134
v 0.781646 28.784988 47.323692
v 0.684189 28.720032 47.335190
v 0.587029 28.655060 47.346577
v 0.231093 27.145691 46.489830
v -0.407135 25.961685 45.764145
v -0.402143 25.752579 45.696125
v 0.488278 25.004684 44.776062
v 4.130556 30.529358 47.933941
v 3.888001 28.695953 46.987278
v -1.816537 31.808350 45.587006
v -0.933465 32.465012 45.484890
v -0.140561 32.633194 45.299751
v 0.164953 32.138275 46.497406
v -0.671703 31.959274 46.678467
v 0.468773 31.394028 47.517574
v -0.370379 31.226990 47.670376
v -1.504753 31.236084 46.739193
v -0.858298 31.172714 43.377804
v -0.758540 31.238098 43.369663
v -0.440994 32.715958 44.125118
v -0.392844 32.872345 44.305988
v -0.312948 32.831161 44.565933
v 2.998505 33.095917 44.661659
v 3.367600 32.553650 45.975357
v 2.888024 33.218094 43.992985
v 2.784642 33.226791 43.698135
v 2.730021 33.037018 43.483540
v 2.377954 31.245911 42.563046
v -7.051048 30.977676 41.382446
v -7.304472 29.079369 41.339146
v -6.822189 30.732849 42.001671
v -6.579424 30.448608 42.597366
v -5.970757 31.422211 42.701759
v -5.678246 31.046341 43.226234
v -4.879744 32.466003 43.619553
v -4.476707 32.134552 44.146919
v -2.735710 34.868393 44.613586
v -2.567772 34.614517 44.837013
v -1.660979 35.166397 44.705116
v -6.569502 32.056274 40.918312
v -7.226585 31.161514 40.670818
v -7.494557 29.271576 40.652813
v -6.924336 26.227135 40.279064
v -7.089723 28.830170 41.998856
v -6.258926 30.075928 43.163601
v -5.328545 30.556519 43.761292
v -4.275474 31.942261 44.355263
v -2.361143 34.286774 44.913292
v -6.211999 31.658737 42.157581
v -6.397941 31.906311 41.595592
v -3.049448 29.525482 39.974171
v -1.983369 30.850464 39.928349
v -2.181471 31.832001 40.463409
v -2.144281 31.806015 40.443748
v -2.056872 31.736542 40.393650
v -1.895711 31.648285 40.313187
v 0.365396 30.772339 39.648151
v -6.084848 25.166771 41.183243
v -5.889729 24.293671 41.035423
v -5.462064 22.868736 40.507256
v -6.327807 24.489807 40.474037
v -6.395083 25.435699 40.798595
v -6.758851 25.779793 40.079330
v -6.869371 25.952835 39.221458
v -6.845477 25.996132 38.653927
v -6.745641 25.227180 38.189171
v -5.937616 22.903648 39.801197
v -6.226573 23.117386 39.048096
v -6.355639 23.843071 37.535862
v -6.800107 25.004776 38.903530
v -6.395402 23.402794 38.278942
v -6.632996 24.775131 39.720463
v -6.175051 23.870369 37.460457
v -6.125674 23.438591 38.231323
v -5.912802 23.162148 38.974934
v -5.671452 22.943619 39.740807
v -5.266596 22.880409 40.479408
v -19.853720 26.171562 27.488207
v -20.481213 25.010689 30.148424
v -20.489174 23.685387 32.313206
v -4.194433 33.459412 35.226692
v -1.279384 32.347946 34.275372
v -4.425244 33.523651 35.310509
v -4.554164 33.580933 35.368347
v -4.608080 33.601242 35.391262
v -0.822171 32.073837 36.895638
v -3.749332 32.621521 37.597557
v -3.982696 32.688431 37.674347
v -4.112441 32.746689 37.729626
v -8.325938 29.049530 40.058968
v -7.913647 30.542953 38.092308
v -7.003019 32.532822 39.330685
v -6.960816 32.686752 39.452061
v -6.953673 32.784668 39.525108
v -6.947890 32.824066 39.554447
v -5.465940 31.563385 23.343023
v -0.540533 36.737320 22.638802
v -1.509564 35.899521 23.355608
v -0.665963 35.336472 23.401478
v -2.326818 34.968521 23.466761
v -1.558729 34.205902 23.546064
v -3.167722 34.076752 23.636248
v -1.412667 32.625336 23.525406
v -2.269615 31.566360 23.300020
v -4.167183 33.019867 23.592539
v -2.349223 31.459366 23.278862
v -4.289587 32.879654 23.574200
v -3.500857 30.125824 23.049660
v -1.543647 28.705887 22.640621
v -0.317561 30.218491 22.887415
v 0.448024 31.441376 22.931656
v -0.414505 30.059128 22.867880
v 0.167600 36.431473 22.725117
v 0.112622 34.773972 23.364809
v -0.828070 33.447571 23.525883
v 0.085539 33.007568 23.218431
v 0.992062 32.549744 22.803473
v 0.861034 34.223709 23.089397
v 1.610759 33.625778 22.718473
v 1.978235 34.900864 22.193575
v 1.517580 35.447296 22.479374
v 2.175648 36.197159 20.660103
v 1.220937 36.928040 20.877808
v 0.917351 36.949463 19.163996
v 1.838895 36.218964 18.985186
v 1.525256 36.001358 18.602247
v 2.343591 35.328247 18.698547
v 0.863272 35.953873 22.659571
v 2.521395 35.515732 18.894140
v 2.264219 35.427216 18.644476
v 2.359821 35.271011 18.570892
v 2.452557 35.102493 18.694368
v 2.498004 35.087372 18.906588
v 2.797900 35.556061 20.561062
v 2.700865 35.073120 20.632586
v -0.974300 37.787155 19.311689
v -0.216645 37.270706 18.961218
v -0.172192 37.301102 18.894541
v 0.669469 36.665115 18.713650
v 1.526547 36.063232 18.544296
v 0.717205 36.753723 18.658035
v 0.221563 37.621948 21.002708
v -0.055751 37.599594 19.377054
v -1.076864 37.820755 19.402996
v -1.160323 37.836273 19.295742
v -1.316153 37.848801 19.469610
v -1.325615 37.920853 19.691217
v -0.907003 38.004944 19.597101
v -0.578691 38.001633 21.217747
v -0.985294 37.911499 21.310671
v -5.834949 32.385910 19.005594
v -1.732794 29.485153 17.782549
v -2.008765 29.707962 17.625957
v -2.586705 30.211578 17.434393
v -3.772817 31.143661 17.395382
v -4.904988 31.879807 17.799805
v -5.592704 32.323151 18.243412
v -5.795672 32.467529 18.408527
v -4.799025 33.384155 18.759390
v -4.566845 33.247528 18.567158
v -2.981406 32.019913 17.729176
v -2.471955 31.619232 17.701733
v -1.865268 31.205338 17.848581
v -1.164751 30.737732 18.137522
v -0.924984 30.534622 18.222143
v -3.503576 32.380402 17.831139
v -2.624243 32.475616 17.707094
v -2.037354 32.052063 17.656948
v -1.390674 31.593430 17.771715
v -0.716388 31.127151 18.057432
v -0.462810 30.932541 18.392834
v -4.017812 32.793976 18.116596
v -3.194950 32.903564 17.816973
v -2.404869 32.699997 17.954988
v -1.776043 32.261612 17.883844
v -1.127621 31.788574 17.994244
v -0.418365 31.374420 18.321678
v -0.156805 31.171265 18.561535
v 0.931877 32.429688 18.575325
v 0.808423 31.885574 19.153824
v 1.144484 32.319305 19.140493
v 1.275800 32.065750 20.656906
v 2.179615 33.548325 20.820021
v 1.229604 32.867996 18.533573
v 0.998985 33.207275 18.209345
v 1.203476 33.471863 18.214466
v 1.242684 33.532074 18.213531
v 2.013584 33.694580 19.129108
v 1.798938 33.823242 18.588802
v 1.556779 34.060944 18.323673
v 1.442804 34.189499 18.308640
v 0.792243 33.806015 18.122776
v 0.703703 33.765945 18.102255
v 0.370383 33.515503 18.048847
v -0.338830 33.783752 18.071188
v -1.196252 34.203903 18.197750
v -3.005967 33.164276 18.065535
v 0.603682 33.774048 18.052979
v -0.155974 34.028595 18.087255
v -1.033155 34.439850 18.167198
v -1.855621 34.889175 18.374022
v -3.597065 33.600662 18.361143
v -3.769883 33.343033 18.103271
v -4.313442 33.771072 18.565992
v -2.310188 35.469070 18.585312
v -1.679171 35.138672 18.392464
v -0.962958 34.483490 18.395838
v -0.093079 34.027969 18.328484
v 0.504539 33.827606 18.368204
v 0.604508 33.793945 18.374706
v 0.685355 33.828049 18.374439
v 1.344848 34.265411 18.383118
v -1.645734 35.159515 18.639740
v -1.992840 35.647659 18.869953
v -2.138252 35.772308 18.603939
v -2.163781 35.855713 18.678787
v -2.739136 35.931473 18.958473
v -2.553431 36.209808 18.970324
v -3.047025 35.984772 19.389370
v -2.509541 36.266602 18.969074
v -2.147917 35.948730 18.714499
v -1.942797 36.656784 18.995306
v -2.051084 35.729294 18.908438
v -2.043020 35.816437 18.923275
v -1.829132 36.578461 19.026888
v -2.090490 36.718903 19.063124
v -2.322262 36.826599 19.423925
v -2.387782 36.902145 20.018303
v -3.394209 35.627136 20.043518
v -2.184181 36.729614 21.626650
v -3.331107 35.423447 21.564146
v -3.774233 34.735779 21.528423
v -5.751205 32.004135 20.945768
v -4.624388 33.404007 21.353268
v -4.946710 33.438629 19.193630
v -4.615119 33.910187 19.475729
v -4.565110 33.581787 21.385378
v -4.428158 34.228455 19.766178
v -3.741428 35.177383 19.959944
v -3.355006 35.554016 19.427811
v -4.092399 34.065735 18.894135
v -4.293568 34.186005 19.294197
v -4.475782 33.867798 19.041914
v -0.340276 35.392181 18.237431
v -0.893646 34.608017 18.278584
v -1.602455 35.266403 18.560570
v -0.024357 34.116318 18.243807
v 0.493308 34.837418 18.146997
v 0.562051 33.876053 18.310017
v 1.195077 34.367050 18.298429
v -1.710617 36.484573 18.887741
v -1.977324 35.726700 18.820633
v 2.230631 35.547333 18.398544
v 1.528578 36.263474 18.212822
v 0.729938 36.878204 18.302134
v -1.108766 36.004944 18.471785
v -0.083255 37.438019 18.545683
v -0.905083 37.832336 19.045048
v 2.290673 35.520966 18.611134
v 1.575566 36.233948 18.520407
v 0.785755 36.846664 18.664696
v -0.023135 37.398880 18.850264
v -0.896615 37.843445 19.267769
v 0.755751 31.434082 20.642628
v 0.026972 30.987427 18.944588
v -0.175096 30.386795 20.583424
v -0.282768 30.757065 18.685720
v -0.330693 30.278458 20.572643
v -1.455124 28.884766 20.184244
v -1.529474 29.266792 18.100212
v -0.728041 30.359619 18.472477
v -5.515932 38.082687 33.079422
v -5.737996 36.558197 35.190849
v -5.845925 36.376587 35.050041
v -5.408850 38.259521 33.226387
v -5.694094 36.673004 35.281067
v -5.365188 38.372635 33.318886
v -5.672962 36.718613 35.317417
v -5.344160 38.417206 33.356667
v -5.943278 35.001099 37.199490
v -5.834450 35.187729 37.334129
v -5.790233 35.304291 37.422115
v -5.768925 35.350967 37.457096
v 9.802009 86.454758 5.521636
v 10.672624 87.828278 6.036187
v 10.585958 87.957642 5.578571
v 9.888676 86.325363 5.979249
v 7.899139 85.653107 5.860035
v 7.985806 85.523743 6.317647
v 6.319886 85.813065 6.285801
v 6.406553 85.683716 6.743412
v 5.143737 86.906967 6.817861
v 5.230406 86.777603 7.275473
v 4.601394 88.069107 7.249135
v 4.688060 87.939743 7.706751
v 4.064573 88.177155 7.523557
v 4.900955 88.424210 7.803375
v 4.782719 89.015945 7.482454
v 4.814289 88.553574 7.345760
v 4.932523 87.961807 7.666677
v 5.479057 86.934448 7.272701
v 6.498623 85.905838 6.788765
v 7.936607 85.761917 6.394297
v 9.667658 86.497025 6.069648
v 10.378784 87.871613 6.104102
v 4.845856 88.091171 7.209065
v 5.392391 87.063797 6.815088
v 6.411957 86.035202 6.331154
v 7.849941 85.891281 5.936684
v 9.580989 86.626389 5.612034
v 10.292117 88.000977 5.646490
v 10.159334 88.705002 5.870672
v 10.246000 88.575638 6.328287
v 10.026554 89.409027 6.094855
v 10.113220 89.279663 6.552469
v 9.050010 89.959183 6.654788
v 9.136677 89.829819 7.112401
v 7.712821 90.002029 7.124752
v 4.653421 88.447098 7.856741
v 4.050597 88.686234 7.667624
v 4.566754 88.576462 7.399130
v 4.618782 88.954468 8.006738
v 4.869389 88.886581 7.940070
v 5.166041 89.540802 8.068812
v 5.368117 89.420898 7.996637
v 6.428467 89.931320 7.940035
v 6.518596 89.776794 7.879279
v 7.835344 90.034531 7.621329
v 7.799490 89.872665 7.582366
v 9.306027 89.982407 7.123464
v 10.381218 89.373367 6.528177
v 10.526920 88.600830 6.282183
v 4.532113 89.083832 7.549126
v 5.079374 89.670166 7.611201
v 6.341801 90.060684 7.482422
v 7.748677 90.163895 7.163713
v 9.219360 90.111801 6.665849
v 10.294552 89.502731 6.070565
v 10.440253 88.730194 5.824570
v 6.431930 89.906158 7.421665
v 5.281450 89.550262 7.539021
v 4.067339 88.045624 7.988685
v 3.419859 88.044281 7.991724
v 3.417093 88.175842 7.526596
v 2.796571 87.935257 7.717737
v 2.877820 88.065002 7.259234
v 2.336079 86.900467 6.833769
v 2.254829 86.770721 7.292269
v 2.830549 88.442795 7.867359
v 3.433105 88.553436 8.135639
v 2.582561 88.418777 7.816649
v 2.551596 87.956268 7.680286
v 2.632845 88.085999 7.221789
v 2.086716 87.056168 6.833663
v 2.005464 86.926453 7.292163
v 1.066625 86.023056 6.360655
v 0.985375 85.893311 6.819158
v -0.456088 85.742920 6.440131
v 1.077946 85.671585 6.772810
v -0.374838 85.872665 5.981628
v 2.663813 88.548508 7.358148
v 2.613528 88.881317 7.953012
v 2.864528 88.950333 8.016994
v 2.315356 89.534180 8.084929
v 2.113053 89.413391 8.014920
v 2.194303 89.543137 7.556420
v 1.041053 89.893906 7.451417
v 2.694777 89.011063 7.494509
v -0.324602 89.854294 7.626760
v 0.959803 89.764175 7.909920
v 1.049886 89.919067 7.969708
v 1.131136 90.048813 7.511209
v 2.396605 89.663925 7.626429
v 2.945780 89.080048 7.558496
v 2.911799 88.572510 7.408861
v 3.430339 88.684998 7.670513
v 4.053363 88.554703 8.132747
v -0.505041 85.504532 6.364005
v -2.414959 86.297653 6.046046
v -2.193755 86.470306 6.134078
v -2.910574 87.841660 6.176196
v -3.204928 87.797058 6.111432
v -3.060048 88.570236 6.355877
v -2.778540 88.546310 6.398965
v -2.915169 89.343414 6.600312
v -2.646510 89.250916 6.621727
v -1.836420 89.957321 7.184043
v -1.666520 89.805435 7.171164
v -0.360761 90.015976 7.666106
v -0.279511 90.145721 7.207604
v -1.755172 90.087021 6.725542
v -2.833920 89.473160 6.141811
v -2.978799 88.699982 5.897377
v 1.159196 85.801300 6.314312
v -2.112506 86.600052 5.675578
v -2.829324 87.971405 5.717694
v -2.697291 88.676056 5.940464
v -2.565261 89.380661 6.163225
v -1.585270 89.935181 6.712660
v -0.243353 89.984024 7.168261
v -0.423792 85.634277 5.905505
v -2.333710 86.427383 5.587547
v -3.123677 87.926788 5.652932
v -5.129086 91.293701 -7.619663
v -4.945438 92.034348 -7.591328
v -5.379981 91.946228 -7.637863
v -3.311703 88.635193 5.767740
v -2.978799 88.699982 5.897377
v -3.392953 88.505447 6.226238
v -3.060048 88.570236 6.355877
v -3.204928 87.797058 6.111432
v -3.545320 87.920013 6.033590
v -3.123677 87.926788 5.652932
v -3.464070 88.049759 5.575090
v -5.573338 91.383438 -7.659104
v 10.585958 87.957642 5.578571
v 11.011626 87.952744 5.954751
v 10.924959 88.082108 5.497138
v 10.672624 87.828278 6.036187
v 10.858720 88.537537 6.149031
v 10.526920 88.600830 6.282183
v 10.440253 88.730194 5.824570
v 10.772052 88.666901 5.691418
v 12.248587 92.072556 -7.683228
v 12.682994 91.986359 -7.734384
v 12.435208 91.332733 -7.713547
v 12.878614 91.424438 -7.757709
v 9.680522 86.507111 5.696476
v 7.839101 85.737961 6.041500
v 7.797586 87.836670 6.827434
v 6.326379 85.861923 6.546217
v 6.368387 87.835541 7.280967
v 5.242050 87.158707 7.118240
v 5.183164 88.344452 7.464597
v 4.781605 88.012650 7.446877
v 4.740374 88.494919 7.591023
v 4.699142 88.977188 7.735165
v 5.124274 89.530167 7.810951
v 6.347670 89.902786 7.684515
v 7.693349 90.029022 7.282173
v 9.115938 89.985611 6.786800
v 9.429595 88.199570 6.407239
v 10.168068 89.392944 6.267360
v 10.309254 88.658157 6.032887
v 10.450439 87.923355 5.798416
v -0.350977 87.819641 6.866959
v -2.239883 86.481705 5.756052
v -1.988940 88.175262 6.464144
v -3.014947 87.894547 5.866201
v -2.874540 88.629959 6.099178
v -2.734133 89.365372 6.332154
v -1.679196 89.962723 6.840394
v -0.251637 90.012436 7.320617
v 1.082946 87.824875 7.305270
v 1.098780 89.892227 7.708632
v 2.267794 88.339050 7.476307
v 2.325093 89.524994 7.822040
v 2.751848 88.973907 7.741734
v 2.711228 88.491470 7.598020
v 2.670610 88.009033 7.454311
v 2.210492 87.153030 7.130566
v 1.125914 85.851456 6.570070
v -0.391512 85.720749 6.081465
vn -0.6941 -0.6484 -0.3127
vn -0.5908 -0.7937 0.1446
vn 0.1663 -0.8456 -0.5072
vn 0.6223 -0.7827 -0.0036
vn 0.5494 -0.8194 -0.1634
vn 0.8505 -0.1796 0.4943
vn 0.6182 -0.7762 0.1233
vn -0.1209 -0.8965 -0.4263
vn -0.1959 -0.8916 -0.4082
vn -0.7487 -0.4987 -0.4367
vn -0.7830 -0.4650 -0.4131
vn -0.7995 -0.4197 -0.4297
vn -0.5112 -0.3896 -0.7661
vn -0.1680 -0.3239 -0.9310
vn 0.2250 -0.6226 -0.7495
vn -0.1417 -0.6944 -0.7055
vn 0.5220 -0.7514 -0.4036
vn -0.4657 -0.8724 -0.1487
vn 0.5292 -0.8292 0.1801
vn -0.1876 -0.9276 -0.3229
vn 0.3962 -0.9120 -0.1062
vn -0.3358 -0.8744 -0.3502
vn 0.8883 -0.1890 0.4185
vn 0.6221 -0.7827 -0.0185
vn 0.8813 -0.2183 0.4192
vn 0.8158 -0.1078 0.5681
vn 0.9111 -0.0939 0.4014
vn 0.9237 -0.3400 0.1766
vn 0.3527 -0.8744 0.3332
vn 0.7531 -0.0567 0.6555
vn 0.8474 0.0343 0.5299
vn 0.7921 0.1629 0.5882
vn 0.8580 0.2082 0.4695
vn 0.7315 0.1350 0.6683
vn 0.8326 0.1192 0.5409
vn 0.6904 -0.5957 0.4103
vn 0.6432 -0.7648 0.0358
vn -0.5049 -0.8055 -0.3103
vn -0.3284 -0.9379 -0.1118
vn -0.8181 -0.4636 -0.3403
vn -0.3322 -0.8855 -0.3249
vn -0.0268 -0.9767 -0.2129
vn 0.4549 -0.5183 0.7241
vn 0.8834 -0.1059 0.4565
vn 0.8565 -0.4719 -0.2089
vn 0.5393 -0.6736 0.5054
vn 0.6212 -0.6781 0.3928
vn 0.9282 0.0961 0.3594
vn 0.8306 -0.5188 0.2024
vn 0.8492 -0.3675 0.3792
vn -0.3085 -0.7738 -0.5533
vn -0.6613 -0.4828 -0.5741
vn -0.5066 -0.4704 -0.7226
vn -0.2709 -0.7215 -0.6372
vn -0.2126 -0.9015 -0.3769
vn 0.0861 -0.7151 0.6937
vn 0.4217 -0.7529 0.5053
vn 0.6227 0.0641 0.7798
vn 0.6130 -0.6900 0.3849
vn -0.1346 -0.9484 -0.2872
vn -0.2690 -0.9096 -0.3165
vn 0.4084 -0.8903 0.2013
vn 0.7292 -0.0011 0.6844
vn 0.6691 0.1132 0.7345
vn 0.5906 0.0878 0.8022
vn 0.5034 0.1023 0.8580
vn -0.0000 0.0267 0.9996
vn -0.0000 0.1240 0.9923
vn -0.5034 0.1023 0.8580
vn 0.7843 -0.4579 0.4186
vn 0.5603 -0.6681 0.4897
vn 0.3712 -0.6790 0.6334
vn -0.4897 -0.3569 -0.7955
vn -0.0000 -0.4278 -0.9039
vn -0.3379 -0.6735 -0.6574
vn -0.0000 -0.6185 -0.7858
vn -0.0000 -0.3444 -0.9388
vn 0.4897 -0.3569 -0.7955
vn -0.0000 -0.4006 0.9163
vn -0.0000 -0.8718 -0.4898
vn -0.2254 -0.9513 -0.2103
vn 0.2254 -0.9513 -0.2103
vn 0.1766 -0.8048 0.5666
vn -0.2738 -0.6623 0.6974
vn -0.1984 0.0442 0.9791
vn -0.0000 0.0028 1.0000
vn 0.1984 0.0442 0.9791
vn 0.7464 -0.4110 0.5234
vn 0.5566 -0.8099 -0.1852
vn -0.1018 -0.8379 -0.5362
vn 0.3379 -0.6735 -0.6574
vn -0.1766 -0.8048 0.5666
vn 0.2738 -0.6623 0.6974
vn 0.1185 -0.9876 -0.1026
vn -0.7465 -0.4109 0.5233
vn -0.1185 -0.9876 -0.1027
vn 0.1018 -0.8379 -0.5363
vn 0.2710 -0.7215 -0.6372
vn -0.5567 -0.8098 -0.1852
vn -0.7843 -0.4576 0.4189
vn -0.0859 -0.7149 0.6939
vn -0.6227 0.0641 0.7798
vn -0.4217 -0.7529 0.5053
vn -0.6130 -0.6900 0.3849
vn 0.2126 -0.9015 -0.3769
vn 0.1346 -0.9484 -0.2872
vn 0.5066 -0.4704 -0.7226
vn -0.5602 -0.6682 0.4897
vn 0.2690 -0.9096 -0.3165
vn -0.3712 -0.6790 0.6334
vn -0.6691 0.1132 0.7345
vn -0.5906 0.0878 0.8022
vn -0.7921 0.1629 0.5882
vn 0.6613 -0.4828 -0.5740
vn 0.3085 -0.7737 -0.5533
vn -0.4083 -0.8903 0.2013
vn -0.7292 -0.0011 0.6844
vn -0.7315 0.1350 0.6683
vn -0.8580 0.2082 0.4695
vn -0.8474 0.0343 0.5299
vn -0.9282 0.0961 0.3594
vn -0.8158 -0.1078 0.5681
vn -0.8565 -0.4719 -0.2089
vn -0.5393 -0.6736 0.5054
vn 0.3322 -0.8855 -0.3249
vn 0.3284 -0.9379 -0.1118
vn 0.8181 -0.4636 -0.3403
vn 0.5049 -0.8055 -0.3103
vn -0.6905 -0.5957 0.4103
vn -0.8492 -0.3675 0.3793
vn -0.8305 -0.5189 0.2025
vn -0.6432 -0.7648 0.0358
vn -0.8326 0.1192 0.5409
vn -0.6212 -0.6781 0.3928
vn -0.8883 -0.1890 0.4185
vn -0.9111 -0.0939 0.4014
vn -0.9237 -0.3400 0.1766
vn -0.8505 -0.1796 0.4943
vn -0.7531 -0.0567 0.6555
vn -0.5292 -0.8292 0.1800
vn -0.3962 -0.9120 -0.1061
vn -0.5220 -0.7514 -0.4036
vn -0.1663 -0.8456 -0.5072
vn -0.2250 -0.6226 -0.7495
vn -0.3527 -0.8744 0.3332
vn 0.5908 -0.7937 0.1446
vn 0.6942 -0.6483 -0.3127
vn 0.7995 -0.4197 -0.4297
vn 0.7830 -0.4650 -0.4131
vn 0.5112 -0.3896 -0.7661
vn 0.1684 -0.3251 -0.9306
vn 0.1417 -0.6944 -0.7055
vn 0.4657 -0.8724 -0.1487
vn 0.1876 -0.9276 -0.3229
vn -0.6221 -0.7828 -0.0185
vn -0.8813 -0.2183 0.4192
vn -0.6183 -0.7762 0.1233
vn 0.1959 -0.8916 -0.4082
vn 0.7487 -0.4987 -0.4366
vn 0.0268 -0.9767 -0.2129
vn -0.8834 -0.1059 0.4565
vn -0.4549 -0.5183 0.7242
vn -0.6223 -0.7827 -0.0036
vn -0.5494 -0.8194 -0.1634
vn 0.1208 -0.8965 -0.4263
vn 0.3358 -0.8744 -0.3502
vn 0.6985 -0.2167 0.6821
vn 0.6693 -0.0721 0.7395
vn 0.6605 -0.1338 0.7388
vn 0.2406 0.1374 0.9608
vn 0.3830 0.0557 0.9221
vn 0.2831 0.3420 0.8961
vn 0.3359 0.0415 0.9410
vn 0.3139 0.0369 0.9488
vn 0.2873 -0.1960 0.9376
vn 0.5793 -0.0047 0.8151
vn 0.2300 -0.3444 0.9102
vn 0.4044 -0.0312 0.9140
vn 0.1431 -0.4115 0.9001
vn 0.4210 -0.0419 0.9061
vn 0.3065 -0.5383 0.7850
vn 0.5404 -0.2514 0.8030
vn 0.6047 -0.3006 0.7375
vn 0.7621 -0.0964 0.6403
vn 0.8281 0.0584 0.5575
vn 0.8647 0.0769 0.4964
vn 0.5585 0.1075 0.8225
vn 0.8025 0.3952 0.4469
vn 0.9215 0.1770 0.3457
vn 0.9219 0.1524 0.3563
vn 0.9345 0.1358 0.3289
vn 0.9361 0.2184 0.2756
vn 0.9065 0.0889 0.4128
vn 0.9136 -0.1072 0.3923
vn 0.7712 -0.2313 0.5930
vn 0.7295 0.1569 0.6658
vn 0.7305 -0.0381 0.6819
vn 0.5278 0.1565 0.8348
vn 0.1984 -0.1907 0.9614
vn 0.4650 -0.3165 0.8268
vn 0.7440 -0.3496 0.5694
vn 0.5937 0.5390 0.5975
vn 0.3201 0.4603 0.8280
vn 0.5102 0.5302 0.6772
vn 0.4979 0.4960 0.7114
vn 0.7105 0.4022 0.5774
vn 0.7796 0.3498 0.5195
vn 0.8259 0.0963 0.5556
vn 0.7951 -0.4080 0.4487
vn 0.6799 -0.4401 0.5865
vn 0.6570 -0.1268 0.7431
vn 0.5043 0.3894 0.7708
vn 0.1516 0.3407 0.9279
vn 0.4981 0.2649 0.8257
vn 0.0947 0.5803 0.8088
vn 0.1812 0.5510 0.8146
vn 0.2925 0.6321 0.7175
vn 0.5092 -0.0931 0.8556
vn 0.3252 -0.5542 0.7662
vn 0.2929 -0.6916 0.6602
vn 0.7148 -0.3694 0.5938
vn 0.2824 -0.7347 0.6168
vn 0.6492 -0.0312 0.7600
vn 0.3754 -0.8505 0.3685
vn 0.5260 -0.1947 0.8279
vn 0.1288 -0.6266 0.7686
vn 0.5310 0.4506 0.7176
vn 0.5765 0.4517 0.6809
vn 0.4777 0.3939 0.7853
vn 0.4919 -0.3292 0.8061
vn 0.1694 -0.2829 0.9441
vn 0.7901 -0.2960 0.5368
vn 0.4287 -0.7907 0.4370
vn 0.7636 -0.3954 0.5105
vn 0.3186 -0.8818 0.3476
vn 0.3361 -0.7168 0.6110
vn 0.2342 -0.2642 0.9356
vn 0.2603 -0.1993 0.9447
vn -0.0865 -0.6088 0.7886
vn 0.3655 -0.2243 0.9034
vn 0.3308 -0.4415 0.8340
vn 0.4748 -0.3290 0.8163
vn 0.2852 -0.2886 0.9140
vn 0.0473 -0.3469 0.9367
vn 0.0285 -0.3936 0.9188
vn 0.3668 -0.3087 0.8776
vn 0.6757 0.0856 0.7322
vn 0.6445 0.2262 0.7304
vn 0.4481 0.4296 0.7840
vn 0.0442 0.6753 0.7362
vn -0.0289 0.8171 0.5758
vn -0.0579 0.7738 0.6308
vn 0.0575 -0.2693 0.9613
vn 0.2508 -0.4436 0.8604
vn 0.5374 0.0307 0.8428
vn 0.3978 0.4999 0.7693
vn 0.2040 0.2332 0.9508
vn 0.5229 -0.2537 0.8138
vn -0.5310 0.4506 0.7176
vn -0.6492 -0.0312 0.7600
vn -0.5260 -0.1947 0.8279
vn -0.4777 0.3938 0.7853
vn -0.4919 -0.3291 0.8061
vn 0.0303 0.3503 0.9362
vn 0.0819 -0.4346 0.8969
vn 0.3897 -0.1407 0.9101
vn -0.1694 -0.2831 0.9440
vn -0.0000 -0.3164 0.9486
vn -0.0000 0.2276 0.9737
vn 0.4956 0.0314 0.8680
vn 0.8029 -0.0898 0.5893
vn 0.8172 0.1621 0.5531
vn 0.7489 0.2099 0.6286
vn 0.8174 0.1401 0.5588
vn 0.8638 0.2089 0.4585
vn 0.7561 0.0378 0.6533
vn -0.2831 -0.7327 0.6189
vn -0.1332 -0.6186 0.7743
vn -0.3741 -0.8517 0.3669
vn -0.3526 -0.7131 0.6060
vn -0.3161 -0.8825 0.3481
vn -0.7661 -0.3970 0.5054
vn -0.4282 -0.7911 0.4369
vn -0.7902 -0.2963 0.5365
vn -0.4956 0.0314 0.8680
vn -0.0000 0.2170 0.9762
vn 0.4980 0.0401 0.8663
vn 0.6826 0.2149 0.6985
vn 0.7562 0.2992 0.5820
vn 0.7266 0.1616 0.6677
vn -0.0000 0.2442 0.9697
vn -0.0000 -0.1661 0.9861
vn -0.0000 0.5207 0.8538
vn -0.0000 0.3163 0.9487
vn -0.4980 0.0401 0.8663
vn -0.8029 -0.0899 0.5894
vn -0.8175 0.1618 0.5527
vn -0.6427 0.2271 0.7317
vn -0.4982 0.2649 0.8256
vn -0.1511 0.3405 0.9280
vn -0.2432 0.1392 0.9599
vn -0.0995 0.5643 0.8196
vn -0.6826 0.2149 0.6985
vn -0.8174 0.1401 0.5588
vn -0.7488 0.2099 0.6286
vn -0.5793 -0.0048 0.8151
vn -0.3139 0.0369 0.9487
vn -0.8638 0.2089 0.4585
vn -0.7560 0.0380 0.6535
vn -0.7562 0.2992 0.5820
vn -0.7266 0.1616 0.6677
vn -0.5404 -0.2514 0.8030
vn -0.6985 -0.2167 0.6821
vn -0.6579 0.0196 0.7528
vn -0.4211 -0.0419 0.9061
vn -0.4328 0.2084 0.8771
vn -0.4044 -0.0312 0.9140
vn -0.5111 -0.0004 0.8595
vn -0.6453 -0.3916 0.6560
vn -0.8951 0.0606 0.4418
vn -0.8682 0.2520 0.4274
vn -0.6441 -0.2235 0.7315
vn 0.0971 -0.9778 0.1857
vn 0.6880 -0.7168 -0.1136
vn 0.0819 -0.9353 -0.3443
vn -0.4346 -0.8937 0.1116
vn -0.8312 -0.2773 0.4819
vn -0.9409 0.2699 0.2046
vn -0.9202 -0.0922 0.3805
vn -0.9254 -0.2470 0.2874
vn -0.2856 -0.1230 0.9504
vn -0.3845 -0.4233 0.8204
vn -0.5836 -0.3437 0.7357
vn -0.8947 -0.1813 0.4082
vn -0.5518 -0.5559 0.6217
vn 0.2603 -0.7031 0.6617
vn 0.2768 -0.9432 0.1838
vn -0.5893 -0.7988 0.1208
vn -0.7983 -0.5478 0.2505
vn -0.5825 -0.2739 0.7653
vn -0.6260 -0.1246 0.7698
vn -0.5520 0.1826 0.8136
vn -0.6146 -0.2306 0.7544
vn -0.0000 -0.6326 0.7745
vn -0.2211 -0.1125 0.9687
vn -0.3784 -0.2491 0.8915
vn -0.4075 -0.1772 0.8959
vn -0.5276 -0.3421 0.7776
vn -0.6216 -0.1816 0.7620
vn -0.6693 -0.0721 0.7395
vn -0.5294 0.1165 0.8403
vn -0.2721 0.3215 0.9070
vn -0.5660 0.0784 0.8207
vn -0.5470 0.3158 0.7753
vn -0.7764 0.1182 0.6190
vn -0.7090 0.0716 0.7016
vn -0.4698 0.0676 0.8802
vn -0.8707 0.1147 0.4782
vn -0.6620 0.1699 0.7300
vn -0.8379 0.0187 0.5455
vn -0.7633 0.0748 0.6417
vn -0.8056 0.1008 0.5839
vn -0.7646 0.2300 0.6020
vn -0.7889 0.1597 0.5934
vn -0.7833 -0.0462 0.6199
vn -0.4426 0.0007 0.8967
vn -0.3564 0.3903 0.8489
vn -0.8647 0.0769 0.4964
vn -0.5709 0.3302 0.7517
vn -0.8043 0.0718 0.5898
vn -0.8281 -0.1343 0.5442
vn -0.5847 0.3508 0.7315
vn -0.7982 0.4297 0.4222
vn -0.7549 0.3178 0.5737
vn -0.7737 0.1220 0.6217
vn -0.7925 0.0088 0.6098
vn -0.8340 -0.0332 0.5508
vn -0.8355 0.3362 0.4347
vn -0.7613 0.4355 0.4803
vn 0.1552 0.9611 -0.2284
vn 0.0927 0.8896 -0.4473
vn -0.6009 0.7803 0.1733
vn 0.2510 0.9075 -0.3368
vn -0.7353 0.2928 0.6112
vn -0.7362 0.1898 0.6497
vn -0.6994 0.0758 0.7107
vn -0.7099 -0.0371 0.7034
vn -0.7691 -0.0090 0.6391
vn -0.4660 0.7068 0.5322
vn -0.0000 0.9653 -0.2613
vn 0.7889 0.1597 0.5934
vn 0.7925 0.0087 0.6098
vn 0.7361 0.1898 0.6497
vn 0.7737 0.1220 0.6217
vn 0.8340 -0.0332 0.5508
vn 0.8349 0.3356 0.4362
vn 0.7613 0.4355 0.4803
vn -0.1467 0.9649 -0.2180
vn -0.1093 0.8940 -0.4345
vn 0.4679 0.7105 0.5256
vn -0.0008 0.6221 0.7830
vn -0.4860 0.0186 0.8738
vn -0.4817 -0.1514 0.8632
vn -0.4290 0.1323 0.8936
vn -0.5742 0.1802 0.7987
vn 0.7099 -0.0371 0.7033
vn 0.7683 -0.0169 0.6398
vn 0.4816 -0.1505 0.8634
vn 0.4291 0.1323 0.8935
vn 0.4849 0.0290 0.8741
vn 0.6994 0.0758 0.7107
vn 0.5742 0.1802 0.7987
vn 0.2194 0.1788 0.9591
vn -0.0000 0.0795 0.9968
vn -0.0000 -0.2097 0.9778
vn -0.0006 0.0841 0.9965
vn -0.6081 -0.6734 0.4204
vn -0.0843 -0.9854 0.1477
vn -0.3867 -0.6642 0.6397
vn -0.1955 -0.5715 0.7970
vn -0.2194 0.1788 0.9591
vn -0.0000 0.0717 0.9974
vn 0.1955 -0.5715 0.7970
vn 0.3867 -0.6642 0.6397
vn 0.6081 -0.6734 0.4204
vn 0.0842 -0.9854 0.1478
vn 0.2002 -0.9702 0.1368
vn -0.0000 -0.9851 0.1721
vn -0.0000 -0.9995 0.0327
vn -0.2002 -0.9702 0.1367
vn -0.3614 -0.9322 0.0218
vn -0.7311 -0.6009 0.3232
vn -0.0000 -0.9891 0.1470
vn -0.0000 -0.6664 0.7456
vn -0.7959 0.0892 0.5988
vn -0.8386 0.0607 0.5414
vn 0.7959 0.0892 0.5988
vn 0.7311 -0.6009 0.3232
vn 0.3614 -0.9322 0.0218
vn -0.0000 -0.8017 0.5978
vn -0.7665 -0.5170 0.3811
vn -0.8222 -0.5067 0.2593
vn -0.9275 -0.2834 0.2435
vn -0.8836 -0.0187 0.4678
vn -0.9194 0.0125 0.3931
vn -0.8332 0.0970 0.5443
vn -0.8755 0.0862 0.4755
vn -0.7131 0.0415 0.6998
vn -0.5402 0.0124 0.8414
vn -0.0000 0.0287 0.9996
vn -0.8210 0.2792 0.4979
vn -0.7951 0.2344 0.5594
vn -0.8599 0.3725 0.3491
vn -0.6312 0.2430 0.7366
vn -0.4622 0.1518 0.8737
vn -0.0000 0.0647 0.9979
vn 0.5402 0.0124 0.8414
vn 0.7665 -0.5170 0.3811
vn 0.8222 -0.5067 0.2593
vn 0.8386 0.0607 0.5414
vn 0.7353 0.2928 0.6112
vn 0.7646 0.2300 0.6020
vn 0.7633 0.0748 0.6417
vn -0.3261 0.1932 0.9254
vn -0.0000 0.2238 0.9746
vn 0.9320 -0.0702 0.3557
vn 0.8776 0.0635 0.4751
vn 0.9275 -0.2834 0.2436
vn 0.8836 -0.0187 0.4678
vn 0.7916 0.1324 0.5965
vn 0.8056 0.1008 0.5838
vn 0.8379 0.0187 0.5455
vn 0.6569 0.1664 0.7354
vn 0.7645 0.3099 0.5652
vn 0.5843 0.8103 -0.0459
vn -0.2392 0.9095 -0.3400
vn 0.0190 0.9801 -0.1977
vn 0.3614 0.3921 0.8460
vn 0.6947 0.3679 0.6181
vn 0.8707 0.1149 0.4781
vn 0.8332 0.0970 0.5443
vn 0.9194 0.0125 0.3931
vn 0.9379 0.0272 0.3459
vn 0.9561 -0.0031 0.2930
vn 0.9553 0.0627 0.2888
vn 0.9731 -0.0546 0.2239
vn 0.9957 0.0123 0.0915
vn 0.9241 -0.3425 0.1693
vn 0.9091 -0.3962 -0.1282
vn 0.8985 -0.4275 0.0993
vn 0.8333 0.0772 0.5474
vn 0.8756 0.0861 0.4754
vn 0.8973 -0.0212 0.4409
vn 0.8451 0.1295 0.5187
vn 0.8972 0.0670 0.4365
vn 0.9323 0.0024 0.3618
vn 0.9527 -0.0148 0.3034
vn 0.8802 -0.1238 0.4583
vn 0.8458 -0.3587 0.3948
vn 0.9259 -0.2736 0.2606
vn 0.8677 -0.1206 0.4822
vn 0.9543 -0.0434 0.2956
vn 0.8814 0.0851 0.4647
vn 0.9260 0.1587 0.3427
vn 0.9381 0.0966 0.3326
vn 0.8315 -0.1038 0.5457
vn 0.8767 -0.2688 0.3989
vn 0.8699 -0.1011 0.4828
vn 0.8560 0.0255 0.5164
vn 0.9299 0.0183 0.3672
vn 0.9418 0.0836 0.3255
vn 0.9199 0.0093 0.3921
vn 0.9267 0.1400 0.3487
vn 0.9080 -0.1032 0.4061
vn 0.9288 0.1324 0.3461
vn 0.9175 0.0842 0.3888
vn 0.9310 0.1592 0.3285
vn 0.8320 -0.1830 0.5238
vn 0.9257 0.1981 0.3223
vn 0.9360 0.1696 0.3084
vn 0.2835 0.9210 -0.2671
vn 0.6078 0.6390 -0.4715
vn 0.8011 0.5942 0.0713
vn 0.9737 0.2096 0.0894
vn 0.9087 0.1675 0.3823
vn 0.7570 0.5622 0.3330
vn 0.9465 0.2813 0.1583
vn 0.9361 0.2252 0.2700
vn 0.7664 -0.4870 0.4189
vn 0.8843 0.4669 0.0078
vn 0.7430 0.6484 0.1660
vn 0.8531 0.3810 0.3564
vn 0.3615 0.8817 0.3033
vn 0.8296 0.3561 0.4300
vn 0.8511 0.1850 0.4913
vn 0.9517 0.0005 0.3070
vn 0.8902 -0.1369 -0.4346
vn 0.6301 0.4248 -0.6500
vn 0.6666 0.7322 -0.1400
vn 0.8394 0.5220 -0.1517
vn 0.6458 -0.3878 0.6577
vn 0.2230 -0.2770 0.9346
vn 0.3809 -0.3975 0.8348
vn 0.6119 -0.3351 0.7164
vn 0.9447 -0.2980 -0.1370
vn 0.5676 -0.1508 -0.8094
vn 0.6760 -0.5113 -0.5307
vn 0.4964 -0.4574 -0.7378
vn 0.0617 -0.7499 -0.6586
vn 0.9903 -0.1386 0.0065
vn 0.7819 -0.6174 0.0860
vn 0.0242 -0.9956 -0.0908
vn 0.5809 -0.6631 -0.4721
vn 0.7667 0.3722 0.5231
vn 0.5152 -0.0247 0.8567
vn 0.8386 0.2457 0.4862
vn 0.5755 -0.2207 0.7874
vn 0.4074 -0.6083 0.6812
vn 0.9802 0.1980 0.0006
vn 0.9945 -0.1041 -0.0097
vn 0.4913 -0.8683 0.0683
vn -0.0195 -0.9652 0.2609
vn 0.9132 0.4058 -0.0360
vn 0.7713 0.6075 0.1895
vn 0.8848 0.2273 0.4067
vn 0.9083 0.1870 0.3743
vn 0.9417 0.0946 0.3230
vn 0.8896 0.2645 -0.3724
vn 0.8247 0.5278 -0.2033
vn 0.9141 0.4035 0.0389
vn 0.9225 0.3532 0.1557
vn 0.1407 -0.1515 0.9784
vn 0.2980 -0.4185 0.8579
vn -0.2340 -0.6490 0.7239
vn 0.0276 0.1072 0.9939
vn 0.8717 0.4851 0.0694
vn -0.2154 0.1946 0.9569
vn -0.3424 -0.2393 0.9086
vn 0.6967 0.7004 -0.1551
vn 0.9268 0.3327 0.1741
vn 0.9343 0.3561 0.0159
vn 0.4796 -0.7524 0.4514
vn 0.4355 -0.6023 0.6690
vn -0.0399 -0.8902 0.4538
vn 0.3897 0.0108 0.9209
vn 0.9938 -0.0006 -0.1112
vn 0.7293 -0.0373 -0.6832
vn 0.6477 0.5745 0.5004
vn 0.4565 0.2574 0.8517
vn 0.5478 -0.0660 0.8340
vn 0.6586 -0.2314 0.7160
vn 0.7181 -0.3941 0.5736
vn 0.9209 0.2179 0.3232
vn 0.5390 0.3849 0.7492
vn 0.8699 0.4235 0.2526
vn 0.8192 -0.5645 -0.1011
vn 0.9567 -0.0915 0.2763
vn 0.9766 -0.1081 0.1860
vn 0.7591 0.5336 0.3728
vn 0.9874 -0.1333 0.0857
vn 0.9954 -0.0955 0.0021
vn 0.9989 -0.0449 0.0153
vn 0.9983 0.0487 -0.0307
vn 0.9866 0.1317 -0.0959
vn 0.9583 0.2772 -0.0689
vn 0.7167 0.1344 -0.6843
vn 0.6556 0.3777 -0.6539
vn 0.4167 0.7815 -0.4643
vn 0.3332 0.9428 -0.0050
vn 0.8219 0.4789 -0.3085
vn 0.8204 0.3823 -0.4252
vn 0.9299 0.2988 0.2144
vn 0.9561 0.2885 0.0518
vn 0.9430 0.1290 0.3068
vn 0.9857 0.0536 -0.1596
vn 0.7426 -0.4641 -0.4829
vn 0.7064 -0.5836 -0.4004
vn 0.6739 -0.4670 -0.5725
vn 0.7715 -0.3365 -0.5400
vn 0.7648 -0.0839 -0.6387
vn 0.8360 0.3795 -0.3964
vn 0.9501 0.2753 -0.1469
vn 0.8917 -0.1232 -0.4355
vn 0.6361 -0.4683 -0.6132
vn 0.5094 -0.3591 -0.7820
vn 0.1776 -0.1000 -0.9790
vn 0.1265 0.1086 -0.9860
vn 0.1076 0.3400 -0.9343
vn 0.7751 0.0272 -0.6313
vn 0.9601 0.2277 -0.1621
vn 0.9044 0.2001 -0.3769
vn 0.5693 0.2793 -0.7732
vn 0.5049 0.1010 -0.8573
vn 0.6822 0.1220 -0.7209
vn 0.7752 0.3629 -0.5170
vn 0.2384 0.6777 -0.6956
vn -0.0528 0.7866 -0.6151
vn -0.0590 0.9846 -0.1644
vn -0.0633 0.9917 0.1118
vn 0.1172 0.9825 0.1449
vn 0.7818 0.6235 0.0094
vn 0.9393 0.3389 0.0535
vn 0.8533 0.4723 0.2209
vn 0.0801 0.9819 -0.1716
vn 0.7873 0.5704 -0.2342
vn 0.9317 0.3529 -0.0861
vn 0.8221 0.5684 -0.0322
vn 0.6354 0.7353 0.2360
vn 0.5742 0.8175 -0.0459
vn 0.5315 0.8248 -0.1929
vn 0.8083 0.5726 -0.1371
vn 0.8921 0.3884 -0.2309
vn 0.8258 0.3347 -0.4539
vn 0.7006 0.5205 -0.4881
vn 0.7661 0.3067 -0.5648
vn 0.8407 0.2643 -0.4725
vn 0.2278 0.9457 -0.2316
vn 0.2867 0.9565 -0.0533
vn 0.7936 0.3154 -0.5203
vn 0.3861 0.3051 -0.8705
vn 0.4587 0.2897 -0.8400
vn 0.5519 0.4036 -0.7297
vn 0.6987 0.5546 -0.4520
vn 0.4931 0.6962 -0.5217
vn 0.2076 0.8639 -0.4589
vn -0.0000 0.9671 -0.2542
vn -0.0000 0.9949 -0.1004
vn 0.3233 0.9082 0.2657
vn 0.3006 0.7198 0.6258
vn -0.0000 0.9369 0.3495
vn -0.0000 0.7542 0.6567
vn -0.0000 0.5381 0.8429
vn -0.0000 0.3200 0.9474
vn -0.1258 0.3102 0.9423
vn -0.0303 0.3503 0.9362
vn -0.2278 0.9458 -0.2316
vn -0.2867 0.9565 -0.0533
vn -0.3231 0.9083 0.2659
vn -0.3006 0.7198 0.6258
vn -0.3201 0.4603 0.8280
vn 0.1258 0.3102 0.9423
vn -0.0000 -0.1072 0.9942
vn -0.3897 -0.1406 0.9101
vn -0.0819 -0.4346 0.8969
vn -0.5102 0.5302 0.6772
vn -0.5765 0.4517 0.6809
vn -0.4979 0.4960 0.7114
vn -0.7796 0.3498 0.5195
vn -0.8025 0.3952 0.4469
vn -0.7106 0.4022 0.5774
vn -0.5937 0.5390 0.5975
vn -0.6354 0.7352 0.2360
vn -0.5742 0.8175 -0.0459
vn -0.8535 0.4719 0.2209
vn -0.8221 0.5684 -0.0322
vn -0.9393 0.3389 0.0535
vn -0.9316 0.3532 -0.0860
vn -0.7818 0.6235 0.0094
vn -0.7873 0.5704 -0.2342
vn -0.0801 0.9819 -0.1716
vn -0.2384 0.6777 -0.6956
vn 0.0531 0.7865 -0.6154
vn 0.0590 0.9846 -0.1644
vn 0.0633 0.9917 0.1118
vn -0.1173 0.9825 0.1449
vn -0.7006 0.5205 -0.4880
vn -0.7752 0.3629 -0.5171
vn -0.9215 0.1769 0.3457
vn -0.9219 0.1524 0.3563
vn -0.9361 0.2252 0.2700
vn -0.9465 0.2813 0.1583
vn -0.7570 0.5622 0.3330
vn -0.3615 0.8817 0.3033
vn -0.3332 0.9428 -0.0050
vn -0.4168 0.7815 -0.4643
vn -0.1076 0.3400 -0.9343
vn -0.7430 0.6484 0.1660
vn -0.5049 0.1010 -0.8573
vn -0.6822 0.1220 -0.7209
vn -0.1776 -0.1000 -0.9790
vn -0.1265 0.1086 -0.9860
vn -0.6556 0.3777 -0.6539
vn -0.8843 0.4669 0.0078
vn -0.7664 -0.4870 0.4189
vn -0.8531 0.3810 0.3564
vn -0.7819 -0.6174 0.0860
vn -0.9447 -0.2980 -0.1370
vn -0.8296 0.3561 0.4300
vn -0.9903 -0.1386 0.0065
vn -0.8511 0.1851 0.4913
vn -0.9517 0.0005 0.3070
vn -0.5693 0.2793 -0.7732
vn -0.9044 0.2001 -0.3769
vn -0.9601 0.2277 -0.1621
vn -0.9087 0.1675 0.3823
vn -0.9737 0.2096 0.0894
vn -0.8902 -0.1369 -0.4346
vn -0.4964 -0.4574 -0.7378
vn -0.0617 -0.7499 -0.6586
vn -0.0242 -0.9956 -0.0908
vn 0.0195 -0.9652 0.2609
vn 0.0399 -0.8902 0.4538
vn -0.4796 -0.7524 0.4515
vn -0.9268 0.3327 0.1740
vn -0.9343 0.3561 0.0159
vn -0.4913 -0.8683 0.0683
vn -0.9132 0.4058 -0.0360
vn -0.5809 -0.6631 -0.4721
vn -0.4355 -0.6023 0.6690
vn -0.9225 0.3532 0.1557
vn -0.6967 0.7004 -0.1551
vn -0.7714 0.6075 0.1895
vn -0.7667 0.3722 0.5231
vn -0.6760 -0.5113 -0.5307
vn -0.5676 -0.1508 -0.8094
vn -0.1408 -0.1516 0.9784
vn -0.9141 0.4035 0.0389
vn -0.8247 0.5278 -0.2033
vn -0.8848 0.2273 0.4067
vn -0.8386 0.2457 0.4862
vn -0.5152 -0.0247 0.8567
vn -0.9945 -0.1041 -0.0097
vn -0.6301 0.4248 -0.6500
vn -0.6078 0.6390 -0.4715
vn -0.8011 0.5942 0.0713
vn -0.9260 0.1587 0.3427
vn -0.9781 0.1478 0.1466
vn -0.2835 0.9210 -0.2671
vn -0.7736 0.5380 -0.3349
vn -0.8397 0.5214 -0.1522
vn -0.6666 0.7322 -0.1400
vn -0.6458 -0.3878 0.6577
vn -0.9802 0.1980 0.0006
vn -0.4074 -0.6083 0.6812
vn -0.5755 -0.2207 0.7875
vn -0.6119 -0.3351 0.7164
vn -0.9083 0.1869 0.3743
vn -0.8896 0.2645 -0.3724
vn -0.8717 0.4851 0.0694
vn -0.0276 0.1072 0.9939
vn 0.2153 0.1946 0.9570
vn -0.6477 0.5745 0.5004
vn -0.4565 0.2574 0.8517
vn -0.3809 -0.3976 0.8348
vn -0.9417 0.0946 0.3230
vn -0.2230 -0.2770 0.9346
vn -0.3897 0.0108 0.9209
vn -0.9938 -0.0006 -0.1112
vn -0.7293 -0.0373 -0.6832
vn -0.8530 -0.0369 -0.5206
vn -0.8699 0.4235 0.2527
vn -0.9857 -0.0216 -0.1668
vn -0.9209 0.2179 0.3232
vn -0.9804 0.0211 0.1958
vn -0.9642 0.0704 0.2555
vn -0.4926 0.4429 0.7491
vn -0.5390 0.3849 0.7492
vn -0.9954 -0.0955 0.0021
vn -0.7591 0.5336 0.3728
vn -0.9874 -0.1333 0.0857
vn -0.7064 -0.5836 -0.4004
vn -0.9989 -0.0449 0.0153
vn -0.6739 -0.4670 -0.5725
vn -0.7426 -0.4641 -0.4828
vn -0.8192 -0.5646 -0.1011
vn -0.9766 -0.1081 0.1860
vn -0.9567 -0.0915 0.2763
vn -0.9434 0.3272 0.0537
vn -0.9561 0.2885 0.0518
vn -0.8204 0.3823 -0.4252
vn -0.9300 0.2987 0.2143
vn -0.8360 0.3795 -0.3964
vn -0.9501 0.2753 -0.1469
vn -0.9857 0.0536 -0.1596
vn -0.8917 -0.1232 -0.4356
vn -0.6361 -0.4683 -0.6132
vn -0.7715 -0.3365 -0.5400
vn -0.9983 0.0486 -0.0317
vn -0.5478 -0.0661 0.8340
vn 0.3423 -0.2393 0.9086
vn -0.2980 -0.4185 0.8579
vn 0.2340 -0.6489 0.7240
vn -0.6586 -0.2314 0.7160
vn -0.9866 0.1317 -0.0959
vn -0.7648 -0.0839 -0.6387
vn -0.5094 -0.3591 -0.7820
vn -0.7751 0.0272 -0.6313
vn -0.7180 -0.3941 0.5736
vn -0.9583 0.2772 -0.0689
vn -0.7167 0.1344 -0.6843
vn -0.8407 0.2643 -0.4725
vn -0.7936 0.3154 -0.5203
vn -0.7182 0.3675 -0.5909
vn -0.3831 0.3632 -0.8493
vn -0.3920 0.4787 -0.7856
vn -0.8219 0.4789 -0.3085
vn -0.3828 0.5802 -0.7189
vn -0.8952 0.4396 -0.0739
vn -0.1176 0.4875 -0.8652
vn -0.0000 0.5891 -0.8081
vn -0.3161 0.3375 -0.8867
vn -0.3728 0.3424 -0.8624
vn -0.3859 0.3053 -0.8705
vn -0.7661 0.3067 -0.5648
vn -0.8258 0.3347 -0.4539
vn -0.8921 0.3884 -0.2309
vn -0.8083 0.5726 -0.1370
vn -0.5315 0.8248 -0.1929
vn -0.1503 0.3111 -0.9384
vn -0.1638 0.2765 -0.9470
vn -0.1842 0.4249 -0.8863
vn -0.0000 0.7312 -0.6822
vn -0.0000 0.3626 -0.9319
vn -0.2329 0.2704 -0.9342
vn -0.4587 0.2897 -0.8400
vn -0.5519 0.4036 -0.7297
vn -0.6987 0.5546 -0.4520
vn -0.4931 0.6962 -0.5217
vn -0.2076 0.8639 -0.4589
vn -0.3201 0.4452 -0.8363
vn 0.3261 0.1931 0.9254
vn -0.0000 0.3895 0.9210
vn 0.4262 0.2111 0.8796
vn 0.4623 0.1519 0.8736
vn 0.6312 0.2430 0.7366
vn 0.7131 0.0415 0.6998
vn 0.6509 0.2495 0.7170
vn 0.8210 0.2792 0.4979
vn 0.7951 0.2345 0.5594
vn -0.4262 0.2111 0.8796
vn -0.6508 0.2494 0.7171
vn 0.8951 0.4397 -0.0738
vn 0.8599 0.3724 0.3493
vn 0.8942 0.2299 0.3840
vn 0.3828 0.5802 -0.7189
vn 0.3920 0.4787 -0.7856
vn 0.3830 0.3632 -0.8493
vn 0.7182 0.3675 -0.5909
vn 0.1842 0.4249 -0.8863
vn 0.1641 0.2767 -0.9468
vn -0.0000 0.2770 -0.9609
vn -0.0000 0.3027 -0.9531
vn 0.1503 0.3112 -0.9384
vn 0.3728 0.3424 -0.8624
vn 0.3161 0.3375 -0.8867
vn -0.0000 0.3019 -0.9533
vn 0.2329 0.2704 -0.9342
vn 0.3201 0.4452 -0.8363
vn -0.8826 0.0435 0.4682
vn -0.9459 0.2254 -0.2336
vn -0.9477 -0.2955 -0.1202
vn -0.7358 0.4104 0.5387
vn -0.6739 0.6954 -0.2498
vn -0.4609 -0.5654 0.6841
vn -0.7942 -0.5895 -0.1476
vn -0.6171 -0.7193 -0.3191
vn -0.6408 -0.3998 0.6554
vn -0.8393 -0.4155 0.3506
vn -0.3173 0.6209 0.7168
vn -0.5671 0.7979 -0.2045
vn -0.1548 0.6602 0.7350
vn -0.4111 0.8475 -0.3357
vn -0.0004 0.6663 0.7457
vn -0.0192 0.7436 -0.6683
vn 0.4053 0.8439 -0.3516
vn 0.3851 0.5841 0.7145
vn 0.5821 0.7873 -0.2031
vn 0.2757 0.7731 0.5713
vn 0.5802 -0.5730 0.5788
vn 0.4753 -0.3904 0.7885
vn 0.4272 -0.5829 0.6911
vn -0.0006 -0.8812 0.4727
vn -0.2918 -0.6404 0.7105
vn 0.6965 0.6978 -0.1672
vn 0.5768 0.4223 0.6992
vn 0.8531 -0.1093 0.5102
vn 0.8166 -0.4904 0.3044
vn 0.9521 -0.2839 -0.1140
vn 0.7878 -0.6001 -0.1389
vn 0.6181 -0.7206 -0.3143
vn 0.3861 -0.8266 -0.4095
vn -0.0000 -0.7852 -0.6193
vn -0.3862 -0.8266 -0.4094
vn 0.8333 0.5128 0.2064
vn -0.3406 -0.8859 0.3149
vn -0.3309 -0.4418 0.8338
vn -0.7589 -0.0351 0.6503
vn -0.2611 0.7441 0.6149
vn -0.2785 0.9193 0.2782
vn -0.0000 0.9610 0.2767
vn -0.0000 0.4309 0.9024
vn -0.0000 -0.7200 0.6940
vn -0.0000 -0.9923 0.1236
vn -0.3106 -0.9209 0.2356
vn -0.8708 0.1425 0.4705
vn -0.2196 0.9677 0.1240
vn 0.0001 -0.8999 0.4360
vn -0.0000 0.0871 0.9962
vn -0.7446 -0.1583 0.6485
vn -0.2502 0.8277 0.5023
vn -0.0000 0.8910 0.4540
vn -0.5020 0.7242 0.4728
vn -0.7735 0.5055 0.3824
vn -0.5382 0.8306 0.1429
vn -0.4686 0.8678 0.1653
vn -0.2362 0.9620 0.1372
vn -0.3820 0.8601 0.3382
vn -0.1425 0.9697 0.1985
vn -0.0000 0.9991 0.0428
vn -0.0000 0.9977 0.0685
vn -0.0000 0.9929 0.1188
vn -0.7866 -0.5460 0.2883
vn -0.0000 -0.6016 0.7988
vn -0.0000 -0.1006 0.9949
vn -0.0000 -0.9983 -0.0590
vn -0.0000 -0.2537 -0.9673
vn -0.9702 0.0367 -0.2394
vn -0.0000 -0.0308 -0.9995
vn -0.0000 -0.6645 -0.7473
vn -0.6734 -0.6910 0.2626
vn -0.0000 -0.9958 0.0918
vn 0.3033 -0.9363 0.1769
vn -0.0000 -0.9619 0.2733
vn 0.4831 -0.8615 -0.1564
vn -0.0000 -1.0000 -0.0058
vn -0.0000 -0.8123 -0.5833
vn 0.6418 -0.5736 -0.5091
vn -0.0000 -0.7418 0.6706
vn -0.0000 -0.8142 0.5806
vn 0.8164 -0.4342 0.3808
vn -0.0000 -0.1452 0.9894
vn 0.9051 -0.1360 0.4030
vn 0.9878 -0.0872 0.1290
vn 0.7735 0.5055 0.3824
vn 0.4686 0.8678 0.1653
vn 0.5382 0.8306 0.1429
vn 0.3820 0.8601 0.3382
vn 0.2502 0.8277 0.5023
vn 0.7446 -0.1583 0.6485
vn 0.5020 0.7242 0.4728
vn 0.8708 0.1425 0.4705
vn 0.2196 0.9677 0.1240
vn 0.2362 0.9620 0.1372
vn 0.1425 0.9697 0.1985
vn 0.2785 0.9193 0.2782
vn 0.2611 0.7441 0.6149
vn 0.3106 -0.9209 0.2356
vn 0.3309 -0.4418 0.8338
vn 0.3406 -0.8859 0.3149
vn 0.7589 -0.0351 0.6503
vn -0.9957 0.0122 0.0915
vn -0.9430 0.1290 0.3068
vn -0.9553 0.0627 0.2888
vn -0.9428 0.1945 0.2706
vn -0.9543 -0.0434 0.2956
vn -0.8985 -0.4275 0.0993
vn -0.9091 -0.3962 -0.1282
vn -0.8942 0.2300 0.3840
vn -0.8776 0.0635 0.4751
vn -0.9320 -0.0702 0.3557
vn -0.9561 -0.0031 0.2930
vn -0.9731 -0.0546 0.2239
vn -0.9241 -0.3425 0.1693
vn -0.9259 -0.2736 0.2606
vn -0.9080 -0.1031 0.4061
vn -0.8320 -0.1830 0.5238
vn -0.8699 -0.1011 0.4828
vn -0.8559 0.0255 0.5164
vn -0.8451 0.1295 0.5188
vn -0.8972 0.0670 0.4366
vn -0.9379 0.0273 0.3459
vn -0.9266 0.1409 0.3486
vn -0.9288 0.1324 0.3461
vn -0.9360 0.1695 0.3084
vn -0.9199 0.0093 0.3921
vn -0.9322 0.0025 0.3619
vn -0.9299 0.0182 0.3672
vn -0.9418 0.0836 0.3255
vn -0.9257 0.1981 0.3224
vn -0.9381 0.0966 0.3326
vn -0.9527 -0.0146 0.3035
vn -0.8802 -0.1238 0.4583
vn -0.8814 0.0851 0.4647
vn -0.8677 -0.1206 0.4822
vn -0.8458 -0.3587 0.3948
vn -0.6143 -0.0935 0.7835
vn -0.7712 -0.1683 0.6139
vn -0.4576 -0.2309 0.8587
vn -0.6794 0.0206 0.7334
vn 0.2821 0.3209 0.9041
vn -0.6013 0.7848 0.1503
vn -0.5486 0.3337 0.7666
vn -0.1510 0.9293 0.3370
vn -0.7121 0.6966 0.0873
vn 0.1194 0.8629 -0.4911
vn -0.1852 0.7380 -0.6489
vn 0.2851 0.9166 0.2801
vn -0.8587 0.2796 0.4294
vn -0.3929 -0.0593 0.9177
vn -0.1791 -0.0926 0.9795
vn 0.3618 0.7321 0.5772
vn 0.7236 0.6891 -0.0401
vn 0.4282 0.5454 -0.7205
vn 0.5550 0.6565 -0.5108
vn 0.8344 0.5486 -0.0534
vn 0.7687 0.6169 0.1687
vn 0.0981 0.8928 -0.4397
vn -0.2127 0.9720 0.0997
vn -0.3074 0.2290 0.9236
vn -0.6532 0.5894 0.4753
vn -0.8943 -0.1130 0.4330
vn -0.5980 0.6565 0.4598
vn -0.9408 0.0946 0.3256
vn 0.0586 0.9337 0.3533
vn -0.2339 0.8535 -0.4658
vn 0.4355 0.3996 -0.8066
vn 0.5972 0.7679 -0.2315
vn 0.3365 0.5967 -0.7285
vn 0.3286 0.7378 -0.5896
vn 0.6374 0.6030 -0.4797
vn 0.7540 0.4274 -0.4988
vn 0.6763 0.4811 -0.5577
vn 0.2588 0.6893 -0.6766
vn -0.3742 0.8671 0.3287
vn 0.4517 0.6768 -0.5812
vn 0.7560 0.5034 -0.4185
vn -0.0000 0.7176 -0.6964
vn 0.0001 0.7433 -0.6690
vn -0.0049 0.4986 -0.8668
vn 0.0157 0.8805 0.4738
vn -0.4622 0.8018 0.3789
vn -0.3617 0.7224 -0.5893
vn 0.5260 0.8243 -0.2093
vn 0.3715 0.6886 0.6228
vn -0.1252 0.9852 0.1168
vn 0.3335 0.7025 0.6287
vn -0.5335 0.3907 0.7502
vn 0.3801 0.4505 0.8078
vn -0.4621 0.2360 0.8549
vn 0.2141 0.2055 0.9549
vn -0.5473 -0.1955 0.8138
vn -0.7985 -0.1479 0.5836
vn -0.0000 -0.1192 0.9929
vn -0.0027 -0.1270 0.9919
vn 0.5469 0.2287 0.8054
vn -0.0000 0.1278 0.9918
vn 0.5473 -0.1955 0.8138
vn 0.7985 -0.1479 0.5836
vn 0.7712 -0.1683 0.6139
vn 0.4576 -0.2309 0.8587
vn 0.1791 -0.0926 0.9795
vn 0.4621 0.2360 0.8549
vn -0.5831 0.2292 0.7794
vn -0.4327 0.6700 0.6031
vn 0.4622 0.8017 0.3789
vn -0.0156 0.8805 0.4738
vn -0.9087 0.3160 -0.2727
vn -0.8079 0.5835 -0.0827
vn -0.8052 0.5248 -0.2762
vn -0.8241 0.4123 -0.3883
vn -0.5548 0.8186 -0.1486
vn -0.9190 0.3435 -0.1933
vn -0.2813 0.8307 0.4805
vn 0.2127 0.9720 0.0998
vn 0.3074 0.2290 0.9236
vn 0.6794 0.0206 0.7334
vn 0.6143 -0.0935 0.7835
vn 0.3929 -0.0593 0.9177
vn -0.2142 0.2055 0.9549
vn -0.3335 0.7025 0.6287
vn -0.5972 0.7679 -0.2315
vn 0.3742 0.8671 0.3288
vn 0.6532 0.5894 0.4753
vn 0.6013 0.7848 0.1503
vn -0.2821 0.3209 0.9041
vn 0.2339 0.8535 -0.4657
vn -0.0586 0.9337 0.3533
vn 0.5334 0.3907 0.7502
vn 0.8587 0.2796 0.4295
vn 0.5486 0.3337 0.7666
vn -0.3801 0.4505 0.8078
vn -0.3618 0.7322 0.5771
vn -0.7540 0.4274 -0.4988
vn -0.2588 0.6893 -0.6766
vn -0.6763 0.4811 -0.5578
vn -0.0981 0.8928 -0.4397
vn -0.7687 0.6169 0.1687
vn -0.2852 0.9167 0.2800
vn 0.7121 0.6966 0.0874
vn 0.1510 0.9293 0.3370
vn -0.7236 0.6891 -0.0401
vn -0.4282 0.5454 -0.7205
vn -0.4355 0.3996 -0.8066
vn -0.6374 0.6030 -0.4797
vn -0.1194 0.8629 -0.4911
vn 0.1854 0.7379 -0.6489
vn -0.5550 0.6565 -0.5108
vn -0.8343 0.5487 -0.0534
vn -0.3284 0.7378 -0.5897
vn -0.3383 0.5968 -0.7276
vn 0.3607 0.7219 -0.5905
vn -0.5543 0.8067 -0.2047
vn -0.4517 0.6768 -0.5812
vn -0.7560 0.5034 -0.4185
vn -0.9243 0.3271 -0.1966
vn -0.9138 0.3640 0.1804
vn -0.6977 0.6570 0.2856
vn -0.8448 0.4841 0.2277
vn -0.6828 0.7181 0.1344
vn -0.2161 0.9475 0.2356
vn 0.0173 0.8944 0.4469
vn 0.7370 0.6469 0.1959
vn 0.7910 0.4493 0.4153
vn 0.9944 -0.0208 0.1034
vn 0.9743 -0.0991 0.2024
vn 0.9863 0.0221 0.1637
vn 0.9431 0.1031 0.3162
vn 0.9008 -0.0730 0.4281
vn 0.8427 0.1702 0.5108
vn 0.9408 0.0946 0.3256
vn 0.0656 0.9719 -0.2260
vn -0.7416 0.2907 -0.6046
vn -0.7125 0.6938 -0.1044
vn 0.5980 0.6565 0.4598
vn 0.8943 -0.1131 0.4330
vn 0.4792 0.8774 0.0214
vn -0.3782 0.7746 -0.5069
vn 0.3554 0.7962 -0.4896
vn -0.5364 -0.8313 -0.1459
vn 0.1579 -0.9860 0.0537
vn -0.1302 -0.9035 -0.4084
vn -0.0007 -0.6183 0.7860
vn 0.1303 -0.9035 -0.4084
vn -0.1579 -0.9860 0.0537
vn 0.5285 -0.8337 -0.1599
vn 0.8052 0.5248 -0.2762
vn 0.9087 0.3160 -0.2727
vn 0.8241 0.4124 -0.3883
vn 0.8079 0.5835 -0.0827
vn -0.9008 -0.0730 0.4281
vn -0.9743 -0.0991 0.2024
vn -0.7910 0.4493 0.4153
vn -0.0656 0.9719 -0.2260
vn -0.0173 0.8944 0.4469
vn 0.6977 0.6570 0.2856
vn 0.7416 0.2907 -0.6046
vn 0.7125 0.6938 -0.1044
vn 0.5548 0.8186 -0.1486
vn 0.9190 0.3435 -0.1933
vn 0.2813 0.8307 0.4805
vn 0.3782 0.7746 -0.5069
vn 0.9243 0.3271 -0.1966
vn 0.9138 0.3640 0.1804
vn 0.8448 0.4841 0.2277
vn 0.6829 0.7181 0.1344
vn 0.2161 0.9475 0.2356
vn -0.7370 0.6469 0.1959
vn -0.9944 -0.0208 0.1034
vn -0.9862 0.0221 0.1639
vn -0.9431 0.1031 0.3162
vn -0.8427 0.1702 0.5108
vn -0.4792 0.8774 0.0214
vn -0.3554 0.7962 -0.4896
vn -0.3033 -0.9363 0.1769
vn 0.7866 -0.5461 0.2882
vn 0.9702 0.0367 -0.2394
vn 0.6734 -0.6910 0.2626
vn -0.4831 -0.8615 -0.1564
vn -0.6418 -0.5736 -0.5091
vn -0.8164 -0.4342 0.3809
vn -0.9051 -0.1360 0.4030
vn -0.9878 -0.0872 0.1290
vn -0.7844 -0.1116 0.6101
vn -0.5570 0.0010 0.8305
vn -0.4572 0.5056 0.7317
vn -0.5883 0.2104 0.7808
vn -0.0000 0.3611 0.9325
vn -0.0000 -0.2132 0.9770
vn 0.5571 0.0010 0.8305
vn 0.7845 -0.1116 0.6101
vn 0.8287 -0.1324 0.5438
vn 0.4635 0.0003 0.8861
vn 0.4709 0.0688 0.8795
vn -0.0000 0.5439 0.8391
vn 0.7833 -0.0462 0.6199
vn 0.8043 0.0718 0.5898
vn 0.5709 0.3302 0.7517
vn 0.4571 0.5056 0.7317
vn -0.0000 0.2574 0.9663
vn 0.7090 0.0716 0.7016
vn 0.7764 0.1182 0.6190
vn 0.5430 0.3398 0.7679
vn 0.5616 0.1881 0.8058
vn 0.5883 0.2104 0.7808
vn 0.6146 -0.2306 0.7544
vn 0.6261 -0.1246 0.7698
vn 0.5518 -0.5559 0.6217
vn -0.2603 -0.7031 0.6617
vn -0.0971 -0.9778 0.1857
vn -0.6880 -0.7168 -0.1135
vn 0.8682 0.2519 0.4274
vn 0.6441 -0.2236 0.7315
vn 0.8307 -0.2781 0.4823
vn 0.4345 -0.8937 0.1115
vn -0.0820 -0.9353 -0.3443
vn -0.2768 -0.9432 0.1838
vn 0.5825 -0.2739 0.7653
vn 0.7982 -0.5478 0.2505
vn 0.5893 -0.7989 0.1208
vn 0.9409 0.2700 0.2046
vn 0.9254 -0.2469 0.2874
vn -0.0000 -0.8730 0.4877
vn -0.4914 -0.7972 0.3508
vn -0.3886 -0.9091 -0.1500
vn -0.0000 -0.9999 -0.0117
vn 0.3886 -0.9091 -0.1500
vn 0.4914 -0.7972 0.3508
vn -0.0000 -0.9997 0.0232
vn 0.9434 0.3272 0.0537
vn 0.9781 0.1478 0.1466
vn 0.9429 0.1944 0.2706
vn 0.8069 0.1421 -0.5734
vn 0.7736 0.5380 -0.3349
vn 0.6194 0.7331 -0.2810
vn 0.9540 0.2962 0.0468
vn 0.1993 0.8286 0.5231
vn 0.4926 0.4429 0.7491
vn 0.9642 0.0704 0.2555
vn 0.9804 0.0211 0.1958
vn 0.9857 -0.0216 -0.1668
vn 0.8530 -0.0369 -0.5206
vn 0.0938 0.4897 0.8668
vn 0.5659 0.0283 0.8240
vn -0.0455 0.6749 0.7365
vn -0.4501 0.4313 0.7819
vn -0.4185 0.5043 0.7554
vn -0.6741 0.0822 0.7341
vn -0.5437 0.0275 0.8388
vn -0.3803 -0.3086 0.8719
vn -0.0515 0.3845 0.9217
vn 0.0206 0.8145 0.5798
vn -0.4604 -0.2152 0.8612
vn -0.1822 -0.3215 0.9292
vn 0.1340 -0.3616 0.9227
vn -0.0301 -0.3980 0.9169
vn -0.1062 -0.3580 0.9277
vn -0.1968 0.5645 0.8016
vn -0.1722 0.6999 0.6932
vn -0.1677 -0.3533 0.9204
vn -0.2988 -0.2042 0.9322
vn -0.1659 -0.2936 0.9414
vn -0.3970 -0.3369 0.8538
vn -0.3740 -0.2084 0.9037
vn -0.4175 -0.5356 0.7341
vn 0.0815 -0.6396 0.7644
vn -0.2956 0.3612 0.8844
vn -0.2274 0.7445 0.6277
vn -0.4917 0.4283 0.7582
vn -0.4983 -0.0948 0.8618
vn -0.2300 -0.3444 0.9102
vn -0.2873 -0.1959 0.9376
vn -0.3370 0.0434 0.9405
vn -0.3830 0.0555 0.9221
vn -0.5643 0.0931 0.8203
vn -0.6519 -0.1107 0.7502
vn -0.3200 -0.5574 0.7661
vn -0.2918 -0.6981 0.6538
vn -0.7304 -0.0456 0.6815
vn -0.6794 -0.4420 0.5857
vn -0.8315 -0.1038 0.5457
vn -0.8767 -0.2688 0.3989
vn -0.7440 -0.3496 0.5694
vn -0.9175 0.0843 0.3887
vn -0.7283 0.1619 0.6658
vn -0.9065 0.0891 0.4128
vn -0.7713 -0.2315 0.5929
vn -0.9136 -0.1072 0.3923
vn -0.7950 -0.4082 0.4487
vn -0.8259 0.0964 0.5555
vn -0.7148 -0.3693 0.5939
vn -0.5284 0.1518 0.8353
vn -0.4650 -0.3165 0.8268
vn -0.8973 -0.0212 0.4409
vn -0.1984 -0.1907 0.9614
vn -0.9361 0.2185 0.2756
vn -0.9345 0.1358 0.3289
vn -0.9310 0.1592 0.3285
vn -0.1431 -0.4115 0.9001
vn -0.3064 -0.5384 0.7850
vn -0.6046 -0.3006 0.7376
vn -0.7621 -0.0964 0.6403
vn -0.8333 0.0772 0.5474
vn -0.7916 0.1325 0.5966
vn -0.8281 0.0584 0.5575
vn -0.6605 -0.1337 0.7388
vn -0.8069 0.1421 -0.5734
vn -0.6194 0.7331 -0.2810
vn -0.1993 0.8286 0.5231
vn -0.0938 0.4897 0.8668
vn -0.5659 0.0284 0.8240
vn -0.9540 0.2962 0.0468
vn 0.2212 -0.1123 0.9687
vn 0.3843 -0.4234 0.8204
vn 0.5837 -0.3437 0.7357
vn 0.2856 -0.1230 0.9504
vn 0.3783 -0.2492 0.8915
vn 0.4075 -0.1771 0.8958
vn 0.9201 -0.0923 0.3806
vn 0.6453 -0.3916 0.6560
vn 0.8950 0.0606 0.4418
vn 0.8947 -0.1813 0.4082
vn 0.5648 0.0763 0.8217
vn 0.2723 0.3216 0.9069
vn 0.5294 0.1165 0.8404
vn 0.6216 -0.1816 0.7620
vn 0.5277 -0.3420 0.7776
vn 0.6579 0.0196 0.7528
vn 0.4327 0.2085 0.8771
vn 0.5113 -0.0004 0.8594
vn -0.1229 0.3492 -0.9290
vn -0.1363 0.3088 -0.9413
vn -0.0000 0.3279 -0.9447
vn -0.0000 0.4557 -0.8901
vn 0.1229 0.3493 -0.9289
vn 0.1363 0.3088 -0.9413
vn 0.1176 0.4875 -0.8652
vn 0.3360 -0.4737 0.8141
vn 0.3291 -0.8282 0.4536
vn 0.5273 -0.6478 0.5498
vn 0.5316 -0.1728 0.8292
vn 0.5603 -0.3213 0.7634
vn 0.2483 0.2638 0.9321
vn 0.0622 0.0214 0.9978
vn -0.0609 0.3536 0.9334
vn -0.3719 0.3683 0.8521
vn -0.3850 0.0285 0.9225
vn -0.6548 0.2188 0.7234
vn -0.7296 -0.0064 0.6838
vn -0.7667 0.1709 0.6189
vn -0.7445 -0.0618 0.6648
vn -0.6161 -0.3167 0.7211
vn -0.2570 -0.3799 0.8886
vn 0.3101 0.0114 0.9506
vn -0.5805 -0.5848 0.5665
vn -0.4746 -0.6991 0.5347
vn -0.3305 -0.4837 0.8104
vn -0.5338 -0.1916 0.8236
vn -0.5638 -0.2212 0.7957
vn -0.4350 0.1536 0.8873
vn -0.0587 0.0026 0.9983
vn 0.1200 0.3104 0.9430
vn 0.2701 0.3430 0.8997
vn 0.3839 0.0007 0.9234
vn 0.6128 0.2008 0.7643
vn 0.7326 -0.0128 0.6806
vn 0.8587 0.0842 0.5054
vn 0.7409 -0.0637 0.6686
vn 0.6163 -0.3241 0.7177
vn 0.2542 -0.3909 0.8846
vn -0.1074 -0.0637 0.9922
vn -0.2261 -0.8666 0.4448
vn -0.2261 -0.8666 0.4447
vn -0.9200 0.0852 -0.3826
vn 0.4674 -0.8797 0.0871
vn 0.4864 -0.8728 0.0414
vn 0.2419 -0.7184 -0.6522
vn 0.2419 -0.7185 -0.6522
vn -0.9200 0.0852 -0.3825
vn -0.9200 0.0853 -0.3825
vn -0.9200 0.0853 -0.3826
vn 0.7876 0.6095 -0.0907
vn -0.0020 0.8677 0.4970
vn 0.6354 -0.1430 -0.7589
vn -0.3363 0.8126 0.4760
vn 0.3323 -0.3103 -0.8907
vn -0.8332 -0.2059 0.5132
vn -0.4229 -0.8567 -0.2954
vn -0.8863 -0.4601 -0.0531
vn 0.1243 0.1073 -0.9864
vn -0.0888 0.9742 -0.2073
vn 0.3694 0.2404 -0.8976
vn -0.4303 0.8630 -0.2646
vn -0.0073 0.0250 -0.9997
vn -0.4732 0.7931 0.3835
vn 0.8238 0.5238 -0.2167
vn 0.8330 -0.4933 -0.2507
vn 0.5761 -0.7487 -0.3278
vn 0.5002 -0.7871 0.3609
vn -0.1656 0.7256 -0.6679
vn 0.0990 0.7991 -0.5929
vn -0.3051 0.6603 -0.6862
vn -0.0623 0.5775 -0.8140
vn -0.0110 0.9509 0.3094
vn 0.1964 0.6580 -0.7270
vn -0.3738 0.8869 0.2712
vn -0.2023 0.5135 -0.8339
vn -0.8897 -0.0748 0.4503
vn 0.8209 0.5572 -0.1250
vn 0.7014 -0.3119 -0.6409
vn 0.4057 -0.4947 -0.7686
vn -0.4311 -0.8877 -0.1616
vn -0.3499 0.9366 -0.0175
vn 0.2223 0.4172 0.8812
vn -0.0656 0.9978 -0.0036
vn -0.1064 0.3329 0.9369
vn -0.4844 0.8744 -0.0278
vn -0.6140 -0.5910 0.5232
vn 0.7546 0.6547 0.0439
vn 0.3228 0.4176 -0.8494
vn -0.0111 0.3408 -0.9401
vn -0.5494 -0.5906 -0.5910
vn -0.1977 0.4467 0.8726
vn 0.6938 -0.3025 0.6536
vn 0.0524 0.5716 0.8189
vn 0.4189 -0.5384 0.7312
vn -0.3288 0.3624 0.8721
vn -0.3113 -0.9502 0.0099
vn 0.7378 0.6307 0.2406
vn -0.1243 0.9747 -0.1857
vn -0.4762 0.8592 -0.1871
vn -0.8364 -0.0949 -0.5398
vn -0.1961 0.5215 0.8304
vn 0.6446 -0.3029 0.7019
vn 0.0607 0.6303 0.7739
vn 0.3447 -0.4994 0.7949
vn -0.3310 0.4435 0.8329
vn -0.3564 -0.9314 0.0741
vn 0.7593 0.6144 0.2145
vn -0.0735 0.9621 -0.2627
vn -0.4304 0.8630 -0.2646
vn -0.8309 -0.1301 -0.5410
vn -0.2390 0.5716 0.7850
vn 0.6167 -0.2473 0.7473
vn 0.0222 0.6744 0.7380
vn 0.3216 -0.4552 0.8303
vn -0.3742 0.4955 0.7838
vn -0.3724 -0.9219 0.1066
vn 0.7396 0.6278 0.2425
vn -0.0449 0.9455 -0.3225
vn -0.4023 0.8499 -0.3404
vn -0.7971 -0.1517 -0.5845
vn -0.1659 0.5539 0.8159
vn 0.6446 -0.3029 0.7020
vn 0.0971 0.6457 0.7574
vn -0.3052 0.4842 0.8200
vn -0.4111 -0.9063 0.0976
vn 0.7837 0.5895 0.1954
vn -0.0159 0.9575 -0.2881
vn -0.3780 0.8797 -0.2884
vn -0.8364 -0.0949 -0.5399
vn -0.2536 0.6120 0.7491
vn 0.5745 -0.0433 0.8174
vn 0.0091 0.7563 0.6542
vn 0.2290 -0.4898 0.8412
vn -0.3695 0.5433 0.7538
vn -0.4014 -0.9043 0.1455
vn 0.7623 0.6303 0.1469
vn 0.0337 0.9301 -0.3657
vn -0.3721 0.8440 -0.3863
vn -0.7970 -0.1518 -0.5846
vn -0.2407 0.6525 0.7186
vn 0.5801 -0.2139 0.7859
vn 0.0266 0.7391 0.6731
vn 0.2675 -0.3877 0.8821
vn -0.3798 0.5822 0.7188
vn -0.4188 -0.8909 0.1758
vn 0.7588 0.6153 0.2138
vn 0.0387 0.9061 -0.4213
vn -0.3425 0.8441 -0.4125
vn -0.1503 0.4708 -0.8694
vn -0.6432 -0.4807 -0.5960
vn -0.4650 0.8631 0.1971
vn -0.4649 0.8632 0.1971
vn 0.2026 0.5614 -0.8023
vn -0.0440 0.9827 0.1798
vn 0.7544 0.6547 0.0476
vn 0.3590 0.2575 0.8971
vn 0.0208 0.1383 0.9902
vn -0.5425 -0.6764 0.4981
vn -0.8863 -0.4600 -0.0531
vn -0.8611 -0.5046 -0.0629
vn -0.8140 -0.5750 -0.0816
vn -0.8403 -0.5364 -0.0783
vn 0.4329 0.5763 0.6932
vn 0.6383 0.4515 0.6234
vn 0.4917 0.3492 0.7977
vn 0.5214 0.5517 0.6510
vn 0.9099 0.0052 0.4148
vn 0.8774 0.3474 0.3310
vn 0.3651 0.9045 -0.2206
vn 0.9314 -0.3291 -0.1556
vn 0.9649 -0.2499 -0.0802
vn 0.9895 0.1444 -0.0064
vn 0.2081 0.9716 0.1124
vn 0.2128 0.9081 0.3607
vn 0.7233 0.6775 0.1338
vn 0.7732 0.6290 0.0808
vn 0.7017 0.6856 0.1939
vn 0.4903 0.7818 -0.3851
vn 0.8047 0.4942 -0.3291
vn 0.9774 0.1152 -0.1770
vn 0.4986 0.7598 0.4172
vn 0.3085 0.9472 0.0871
vn 0.8015 0.4877 0.3462
vn 0.4787 0.8650 -0.1507
vn 0.1504 0.9817 0.1171
vn -0.1048 0.9877 -0.1164
vn 0.1451 0.9742 -0.1729
vn -0.2316 0.8268 -0.5126
vn 0.6935 0.7127 0.1060
vn 0.8690 0.3694 -0.3291
vn 0.5808 0.7382 0.3431
vn 0.6955 0.7168 0.0497
vn 0.2814 0.7934 0.5398
vn 0.3907 0.6955 0.6030
vn 0.6841 0.7291 -0.0223
vn 0.4838 0.6584 0.5766
vn 0.5986 0.7983 -0.0670
vn 0.5569 0.6130 0.5605
vn 0.6206 0.5630 0.5458
vn 0.2986 0.7958 -0.5268
vn 0.6597 0.5391 0.5237
vn 0.2540 0.8456 -0.4696
vn 0.8269 0.4919 0.2726
vn 0.9440 0.3299 -0.0055
vn 0.9745 0.2135 -0.0693
vn 0.4744 0.8750 0.0965
vn 0.4040 0.7132 -0.5729
vn 0.5049 0.8625 -0.0331
vn 0.4760 0.8794 -0.0098
vn 0.4341 0.8999 0.0414
vn 0.4128 0.9024 0.1235
vn 0.7917 0.4103 -0.4526
vn 0.6779 0.0344 -0.7344
vn 0.4555 0.1576 -0.8762
vn 0.6348 0.5409 -0.5518
vn 0.5352 0.6044 -0.5901
vn 0.0829 0.3535 -0.9318
vn -0.0478 0.4507 -0.8914
vn -0.1277 0.5502 -0.8252
vn 0.2823 0.2528 -0.9254
vn -0.2195 0.3949 -0.8921
vn -0.1073 0.2666 -0.9578
vn -0.0053 0.1806 -0.9835
vn 0.2288 0.0403 -0.9726
vn 0.7340 -0.1306 -0.6665
vn 0.9122 -0.1806 -0.3679
vn 0.9534 0.2294 -0.1961
vn -0.2632 -0.0373 -0.9640
vn -0.1716 -0.0880 -0.9812
vn 0.0642 -0.2688 -0.9610
vn -0.2089 -0.5544 -0.8056
vn -0.4082 -0.4093 -0.8160
vn -0.4550 -0.2867 -0.8431
vn -0.4286 0.1401 -0.8926
vn -0.2256 0.6717 -0.7056
vn 0.1323 0.7195 -0.6818
vn -0.3835 0.3790 -0.8422
vn -0.4693 -0.1609 -0.8683
vn -0.4861 -0.5329 -0.6926
vn -0.1833 -0.8365 -0.5164
vn 0.2336 -0.7702 -0.5935
vn 0.5399 -0.5634 -0.6254
vn -0.4066 0.4397 -0.8008
vn -0.5186 0.2556 -0.8159
vn -0.6358 -0.0197 -0.7716
vn -0.5180 0.2410 -0.8207
vn 0.7477 -0.3340 0.5739
vn 0.6469 -0.7598 0.0650
vn 0.6723 -0.7036 0.2301
vn 0.4864 -0.8456 -0.2202
vn 0.4051 -0.8733 -0.2707
vn 0.9567 -0.1695 0.2365
vn 0.9504 -0.2128 0.2266
vn 0.8418 -0.4588 0.2843
vn 0.9090 -0.4044 -0.1008
vn 0.7191 -0.5600 -0.4114
vn 0.2962 0.0567 -0.9534
vn -0.2810 0.2123 -0.9359
vn -0.2685 0.2216 -0.9374
vn -0.5365 0.3189 -0.7813
vn -0.2398 -0.9505 -0.1978
vn -0.3703 -0.9270 -0.0602
vn -0.3232 -0.9408 0.1024
vn -0.7774 -0.6290 -0.0000
vn -0.6206 -0.5965 -0.5090
vn 0.9033 -0.4102 0.1256
vn -0.4695 -0.7615 -0.4470
vn -0.3211 -0.8555 -0.4062
vn -0.3204 -0.8725 -0.3690
vn -0.0846 -0.9956 0.0409
vn 0.8258 -0.5488 0.1299
vn 0.8144 -0.4665 0.3451
vn 0.0397 -0.2065 -0.9776
vn 0.3267 -0.6341 -0.7008
vn 0.4228 -0.7188 -0.5520
vn 0.4641 -0.8375 -0.2885
vn 0.4643 -0.8830 -0.0687
vn 0.5601 -0.5245 0.6412
vn 0.2604 -0.9493 0.1764
vn -0.0947 -0.9556 0.2792
vn -0.4789 -0.3129 -0.8202
vn -0.6394 -0.3187 -0.6997
vn -0.7706 -0.3302 -0.5452
vn -0.8613 -0.3232 -0.3920
vn -0.9032 -0.3009 -0.3060
vn -0.7406 -0.6526 -0.1602
vn -0.1139 -0.4074 -0.9061
vn -0.7377 -0.6509 0.1793
vn -0.9998 -0.0189 -0.0085
vn -0.3264 -0.2605 -0.9086
vn -0.4976 -0.2371 -0.8344
vn -0.6406 -0.3217 -0.6972
vn -0.7775 -0.3386 -0.5299
vn -0.8529 -0.3242 -0.4091
vn -0.9304 -0.2495 -0.2684
vn -0.3380 -0.0541 -0.9396
vn -0.6217 -0.5115 -0.5932
vn -0.4092 -0.6670 -0.6226
vn -0.2584 -0.7537 -0.6043
vn -0.2630 -0.7538 -0.6021
vn -0.2637 -0.7535 -0.6023
vn -0.3118 -0.6098 -0.7286
vn -0.3699 -0.3629 -0.8553
vn -0.3122 -0.4541 -0.8345
vn -0.0599 -0.2727 -0.9602
vn 0.0767 -0.5940 -0.8008
vn -0.9814 0.1502 -0.1193
vn -0.2620 -0.5917 -0.7624
vn 0.2199 -0.5932 -0.7744
vn 0.0175 -0.6746 -0.7380
vn -0.0373 -0.8491 -0.5270
vn -0.8555 0.2876 -0.4306
vn -0.2581 -0.5916 -0.7638
vn 0.2411 -0.6988 -0.6735
vn 0.1726 -0.9167 -0.3604
vn -0.2128 -0.8005 -0.5602
vn -0.8994 0.3842 0.2085
vn -0.8564 0.4034 -0.3222
vn -0.9305 0.3579 -0.0779
vn -0.7331 0.4278 -0.5288
vn -0.9127 0.2983 0.2794
vn -0.8176 0.4681 -0.3353
vn -0.9823 0.1847 0.0318
vn -0.8836 0.4611 0.0816
vn -0.9834 -0.0997 -0.1519
vn -0.8560 0.5095 0.0875
vn -0.9834 -0.0996 -0.1519
vn -0.8110 0.5087 0.2890
vn -0.9910 -0.1053 -0.0826
vn -0.8409 0.4285 0.3306
vn -0.8783 0.4499 -0.1615
vn -0.6320 0.7338 0.2494
vn -0.6991 0.7000 0.1461
vn 0.3566 -0.8247 0.4389
vn -0.1115 -0.7123 0.6930
vn -0.1008 -0.7663 0.6346
vn 0.1692 -0.5373 0.8262
vn -0.3755 -0.2321 0.8973
vn -0.8350 0.3149 0.4512
vn -0.6110 0.7164 0.3369
vn 0.0732 0.8882 0.4536
vn 0.0692 0.8646 0.4977
vn -0.2628 0.5004 0.8249
vn -0.1779 0.9813 -0.0733
vn -0.6526 -0.3196 0.6870
vn -0.6108 -0.1952 0.7673
vn -0.5860 -0.1018 0.8039
vn -0.0550 -0.5530 0.8314
vn 0.0503 -0.4809 0.8753
vn 0.7110 -0.4981 0.4964
vn 0.0859 -0.5748 0.8137
vn 0.7054 -0.6064 0.3670
vn 0.0529 -0.7120 0.7002
vn 0.6886 -0.6343 0.3515
vn 0.7046 0.0030 0.7096
vn 0.9496 -0.2339 -0.2088
vn 0.8309 0.3197 0.4554
vn 0.6498 0.3652 -0.6667
vn 0.6885 0.6853 0.2374
vn 0.9731 -0.2112 -0.0920
vn 0.9077 -0.2939 -0.2995
vn 0.5244 0.5176 0.6761
vn 0.0397 0.8562 0.5152
vn -0.2098 0.6338 0.7445
vn 0.0094 0.3311 0.9435
vn 0.3698 0.9288 -0.0243
vn 0.0785 0.7004 -0.7094
vn 0.9955 -0.0921 -0.0236
vn 0.9675 -0.2339 0.0962
vn 0.9812 -0.1862 0.0515
vn 0.6513 -0.5455 0.5275
vn 0.5166 -0.7294 0.4485
vn 0.9417 -0.3243 0.0895
vn 0.5774 0.5087 0.6386
vn 0.5303 0.5748 0.6232
vn 0.2721 -0.0025 0.9623
vn 0.4138 0.6600 0.6270
vn 0.2092 0.1432 0.9673
vn 0.3837 0.7657 0.5162
vn 0.4839 0.6585 0.5764
vn -0.0526 0.4940 0.8679
vn 0.3619 0.9213 -0.1423
vn 0.7232 0.6775 0.1339
vn 0.1179 0.5276 -0.8413
vn 0.6950 0.1340 -0.7065
vn 0.9785 -0.0092 -0.2060
vn 0.9092 -0.3675 -0.1957
vn 0.9723 -0.2240 0.0668
vn 0.7218 -0.5234 0.4529
vn 0.9038 -0.3953 -0.1641
vn 0.8909 0.2423 0.3841
vn -0.2619 0.7602 0.5945
vn 0.5310 0.6005 0.5979
vn 0.0329 0.9342 0.3553
vn 0.4795 0.6303 0.6105
vn 0.3562 0.9329 0.0540
vn 0.4138 0.6599 0.6271
vn 0.5687 -0.7282 0.3825
vn 0.6568 0.0772 0.7501
vn -0.0383 -0.6858 0.7267
vn 0.2375 -0.1865 0.9533
vn 0.2456 -0.0787 0.9662
vn 0.9575 0.0391 0.2858
vn 0.8710 -0.3552 0.3395
vn 0.7499 -0.6189 -0.2336
vn 0.7032 0.3633 0.6112
vn 0.6599 0.0577 0.7491
vn 0.9116 0.0444 0.4086
vn 0.8585 0.0551 0.5098
vn 0.5418 0.7346 0.4084
vn -0.0478 0.7193 0.6930
vn 0.4987 0.7598 0.4172
vn 0.2234 0.3831 0.8963
vn 0.4085 0.8336 -0.3719
vn 0.7510 0.6512 -0.1093
vn 0.1942 0.4462 -0.8736
vn 0.7927 0.0786 -0.6046
vn 0.3464 0.8564 -0.3829
vn 0.9535 -0.2103 0.2161
vn 0.6235 -0.3158 0.7152
vn 0.9817 -0.1894 0.0190
vn 0.7861 0.2175 -0.5786
vn 0.3670 0.5955 -0.7147
vn 0.8523 0.1051 -0.5123
vn 0.7255 0.6881 -0.0119
vn 0.9648 -0.2545 0.0659
vn 0.8853 0.3629 0.2906
vn -0.2533 0.9022 0.3490
vn 0.4821 0.7327 0.4803
vn 0.0111 0.9977 0.0662
vn 0.3137 0.9283 -0.1995
vn 0.2148 0.1853 0.9589
vn 0.6315 0.2939 0.7175
vn 0.5185 -0.6598 0.5439
vn 0.9185 -0.3953 0.0092
vn 0.8861 -0.4509 0.1076
vn 0.3480 0.7435 0.5711
vn 0.3650 0.9045 -0.2206
vn 0.7858 -0.4193 0.4545
vn -0.0806 -0.5866 0.8059
vn 0.2099 0.0124 0.9776
vn 0.1534 0.3070 0.9393
vn 0.7791 0.6108 -0.1414
vn 0.0975 0.5786 0.8098
vn 0.4789 0.8547 -0.2005
vn 0.3838 0.7657 0.5162
vn -0.2218 -0.4502 0.8649
vn 0.9616 0.0518 0.2695
vn 0.4138 0.7308 0.5429
vn 0.4140 0.7307 0.5429
vn 0.3605 0.0820 0.9291
vn 0.2912 0.9558 -0.0411
vn -0.0355 0.6562 -0.7538
vn 0.2053 0.9202 -0.3332
vn -0.5510 0.0291 0.8340
vn 0.1278 0.7670 0.6288
vn -0.5164 0.8499 0.1047
vn -0.8281 0.3604 0.4293
vn -0.7480 0.1549 0.6454
vn -0.7162 0.4549 0.5292
vn -0.7145 0.1098 0.6910
vn -0.7737 0.4204 0.4740
vn -0.8352 0.4617 0.2988
vn -0.8073 0.5333 0.2528
vn -0.7585 0.6017 0.2504
vn -0.6084 0.4806 0.6315
vn -0.6842 0.4820 0.5473
vn 0.2459 0.7894 0.5625
vn 0.9757 0.2014 0.0867
vn 0.9625 0.1672 0.2135
vn -0.6293 0.6352 0.4478
vn 0.1685 0.8510 0.4975
vn -0.6808 0.6023 0.4170
vn -0.6818 0.6711 0.2911
vn -0.8636 0.4431 0.2404
vn -0.8756 0.4595 0.1485
vn -0.8352 0.4617 0.2989
vn 0.4138 0.7307 0.5429
vn 0.3836 0.7657 0.5162
vn 0.9387 0.1918 0.2864
vn -0.7125 0.6949 0.0977
vn -0.8450 0.5316 0.0579
vn -0.7904 0.6120 0.0280
vn -0.5795 0.8034 -0.1369
vn -0.5121 0.7195 -0.4692
vn 0.4138 0.7753 0.4772
vn 0.4282 0.7855 0.4468
vn 0.5013 0.2970 0.8127
vn 0.7036 0.2194 0.6759
vn 0.2052 0.9202 -0.3333
vn -0.0958 0.9944 -0.0442
vn -0.7099 0.6973 -0.0991
vn -0.1498 0.9703 0.1899
vn 0.8485 0.2177 0.4824
vn 0.4363 0.7993 0.4132
vn 0.4137 0.7753 0.4772
vn -0.0877 0.5867 -0.8050
vn 0.1737 0.8345 -0.5228
vn 0.0064 -0.0809 0.9967
vn 0.7386 0.6716 -0.0586
vn 0.0313 0.8146 0.5792
vn -0.0403 0.6339 0.7724
vn -0.3248 -0.3879 0.8626
vn -0.1967 -0.5243 0.8285
vn 0.0504 0.5757 0.8161
vn -0.7822 0.4841 0.3922
vn -0.9053 0.4232 0.0376
vn -0.9018 0.4232 -0.0874
vn -0.7373 0.6599 0.1445
vn -0.7527 0.6525 -0.0876
vn -0.0722 0.9495 0.3055
vn -0.2236 0.9686 0.1090
vn 0.7479 0.3180 0.5827
vn -0.7309 0.5286 0.4317
vn 0.0976 0.8367 0.5389
vn -0.6337 0.1069 0.7662
vn 0.8626 0.2964 0.4100
vn 0.9075 0.2787 0.3143
vn -0.7162 0.6252 0.3100
vn -0.8759 0.4458 0.1845
vn -0.8644 0.4553 -0.2136
vn -0.7257 0.6071 -0.3237
vn -0.1267 0.9859 -0.1094
vn 0.5813 0.3185 0.7487
vn 0.2747 0.8253 0.4934
vn 0.3184 0.8376 0.4438
vn 0.9243 0.3041 0.2307
vn 0.8981 0.4209 0.1272
vn 0.2458 0.7894 0.5625
vn 0.2459 0.7894 0.5624
vn 0.4446 0.8771 -0.1818
vn 0.0761 0.2556 0.9638
vn 0.3137 0.9283 -0.1996
vn 0.2458 0.7893 0.5626
vn 0.8104 0.4589 0.3641
vn 0.5147 0.4022 0.7572
vn 0.5300 -0.5360 0.6571
vn -0.0469 0.9963 0.0720
vn -0.3434 0.8747 0.3420
vn -0.2039 0.7417 0.6390
vn 0.3762 0.8121 0.4461
vn 0.4283 0.7854 0.4469
vn 0.3759 0.7897 0.4849
vn -0.7270 0.5547 -0.4048
vn -0.0878 0.5867 -0.8050
vn -0.3680 0.5984 -0.7116
vn -0.4667 0.6297 -0.6211
vn -0.0606 0.5291 -0.8464
vn 0.1563 0.9282 -0.3375
vn 0.2674 0.4016 -0.8759
vn 0.4084 0.8336 -0.3719
vn 0.3523 0.3831 0.8539
vn 0.0910 0.4478 0.8895
vn 0.3185 0.8376 0.4438
vn 0.3185 0.8376 0.4437
vn 0.2824 0.4840 -0.8283
vn 0.2511 0.5607 -0.7890
vn 0.0810 0.5198 -0.8505
vn 0.4139 0.7307 0.5429
vn 0.4197 0.6960 0.5826
vn 0.9686 0.1163 0.2195
vn 0.9515 0.2108 0.2240
vn 0.4137 0.6600 0.6271
vn 0.9004 0.4009 0.1688
vn 0.4796 0.6304 0.6105
vn 0.7481 0.6616 0.0519
vn 0.5297 0.8469 0.0463
vn 0.1106 -0.0105 0.9938
vn -0.1847 -0.5855 0.7893
vn 0.2323 0.3276 0.9158
vn 0.4795 0.6303 0.6106
vn -0.0593 0.7701 -0.6351
vn -0.4996 0.2964 0.8139
vn -0.5196 -0.2707 0.8104
vn -0.1068 0.2708 0.9567
vn -0.2094 0.5886 0.7808
vn -0.0235 0.6836 0.7295
vn 0.1877 0.7533 0.6303
vn -0.4488 0.8919 0.0562
vn -0.5989 0.7265 0.3370
vn -0.5947 0.7796 0.1964
vn -0.4073 0.8621 -0.3015
vn 0.1787 0.9469 0.2674
vn 0.1686 0.8509 0.4975
vn 0.2096 0.7707 0.6017
vn 0.2966 0.7245 0.6222
vn 0.9642 -0.0099 0.2649
vn 0.9742 0.0654 0.2158
vn 0.2560 0.6562 0.7098
vn -0.5618 0.7080 0.4279
vn -0.5500 0.7791 0.3009
vn -0.7241 0.5848 0.3657
vn -0.3944 0.9066 -0.1501
vn 0.2114 0.8931 0.3971
vn -0.6206 0.5560 0.5529
vn 0.0256 0.5987 0.8005
vn 0.9625 0.1671 0.2135
vn 0.4545 0.5984 0.6598
vn 0.4839 0.6584 0.5765
vn 0.9081 -0.0731 0.4122
vn 0.7340 -0.0880 0.6734
vn 0.3084 0.9473 0.0871
vn 0.4729 0.5392 0.6969
vn 0.4208 -0.0495 0.9058
vn 0.4444 0.6701 0.5945
vn 0.4198 0.6959 0.5827
vn 0.9141 0.3593 0.1879
vn 0.4328 0.5763 0.6932
vn 0.4328 0.5762 0.6932
vn -0.9533 0.2927 0.0744
vn -0.8009 0.3584 0.4797
vn -0.7234 0.3697 0.5831
vn -0.1557 0.4796 0.8636
vn 0.8180 0.5598 0.1323
vn 0.6277 0.7647 0.1458
vn 0.4729 0.5392 0.6968
vn 0.3695 0.9103 0.1867
vn -0.8305 0.2763 0.4837
vn -0.7763 0.1649 0.6085
vn -0.1594 0.2527 0.9543
vn -0.7233 0.6889 -0.0479
vn -0.8040 0.5715 0.1641
vn -0.7851 0.2380 0.5718
vn -0.6509 -0.1379 0.7465
vn 0.0677 -0.0625 0.9957
vn 0.3194 -0.2246 0.9206
vn -0.2996 -0.5269 0.7953
vn -0.5859 -0.1018 0.8039
vn 0.7838 0.5895 0.1954
vn 0.5802 -0.2139 0.7859
vn -0.3426 0.8441 -0.4125
vn -0.4484 -0.8728 0.1927
vn -0.3479 0.6044 0.7167
vn -0.3478 0.6045 0.7167
vn 0.0633 0.7457 0.6633
vn -0.2907 -0.0376 0.9561
vn -0.8971 0.4196 0.1387
vn -0.9316 0.3504 0.0968
vn -0.5189 -0.1976 0.8317
vn -0.7129 0.6007 0.3617
vn -0.5285 0.6152 0.5850
vn -0.4077 0.8930 0.1908
vn -0.8619 0.2693 0.4297
vn -0.5739 0.2402 -0.7829
vn -0.5961 -0.4793 -0.6442
vn -0.3810 0.4857 -0.7867
vn -0.9731 0.2160 0.0797
vn -0.2520 0.0882 0.9637
vn -0.2682 0.0075 0.9633
vn -0.7502 0.2790 0.5995
vn -0.7286 0.3121 0.6096
vn -0.6838 0.3580 0.6358
vn -0.6773 -0.4078 0.6124
vn -0.6129 0.4806 0.6271
vn -0.8241 -0.2793 0.4928
vn -0.5743 -0.8144 -0.0835
vn -0.5028 -0.6235 -0.5987
vn -0.3940 -0.9190 0.0155
vn -0.9699 -0.1576 -0.1854
vn -0.9100 -0.3562 0.2122
vn -0.6928 -0.5943 0.4085
vn -0.3946 0.2285 0.8900
vn -0.6730 -0.5160 0.5299
vn -0.6197 0.3781 0.6878
vn -0.6553 0.3148 0.6867
vn -0.8726 -0.3418 0.3490
vn -0.7603 0.6447 -0.0796
vn -0.5357 0.8119 0.2321
vn -0.7584 -0.1474 0.6349
vn -0.0194 -0.7322 0.6808
vn -0.5694 0.6267 0.5320
vn -0.9385 0.2051 0.2779
vn -0.9492 0.1476 0.2780
vn -0.9278 0.1926 0.3196
vn -0.8756 0.3113 -0.3693
vn -0.4174 0.1160 0.9013
vn 0.3779 -0.1448 0.9145
vn 0.4507 -0.8926 0.0133
vn -0.8786 -0.4707 0.0802
vn -0.7482 -0.1967 0.6337
vn -0.0794 0.1524 0.9851
vn -0.8632 0.2972 0.4081
vn -0.7381 0.3206 0.5936
vn -0.3796 0.1468 0.9134
vn -0.1565 0.1877 -0.9697
vn -0.5109 -0.3005 -0.8054
vn -0.6313 0.1647 0.7579
vn -0.9572 0.2285 0.1774
vn -0.9312 0.2968 0.2115
vn -0.6091 0.5859 0.5345
vn -0.7475 0.3093 -0.5879
vn -0.9362 -0.0465 -0.3484
vn -0.2169 0.1526 -0.9642
vn -0.4677 -0.5131 -0.7197
vn -0.4127 -0.9037 0.1137
vn -0.5927 -0.8039 0.0500
vn -0.7437 -0.4844 0.4608
vn -0.6300 -0.7082 0.3187
vn -0.5929 -0.7984 0.1051
vn -0.3580 -0.8990 -0.2522
vn -0.0733 -0.8835 0.4626
vn -0.3436 -0.9141 -0.2152
vn -0.0205 -0.9022 0.4308
vn -0.9692 0.1803 0.1676
vn -0.4095 -0.4103 -0.8149
vn -0.6403 -0.6867 -0.3441
vn -0.3960 -0.8235 0.4063
vn -0.3967 -0.9166 -0.0496
vn -0.9407 -0.3306 0.0763
vn -0.4984 0.8446 0.1955
vn -0.9432 0.2230 0.2465
vn -0.6801 0.7203 -0.1370
vn -0.7846 0.4507 -0.4257
vn -0.5105 0.0296 0.8593
vn -0.8194 -0.1879 0.5415
vn -0.0693 -0.8110 0.5809
vn 0.2449 -0.3355 0.9096
vn -0.3981 -0.0920 0.9127
vn -0.8003 0.3972 -0.4492
vn -0.2240 0.2655 -0.9377
vn -0.8770 0.3267 0.3523
vn -0.9193 0.1720 0.3541
vn -0.9036 0.3160 0.2893
vn -0.4811 0.0032 0.8767
vn -0.5006 0.4329 0.7497
vn -0.8284 0.4150 -0.3762
vn -0.9935 0.0022 -0.1140
vn -0.8883 -0.4180 0.1901
vn -0.7029 -0.3614 0.6126
vn 0.2995 -0.4401 0.8465
vn 0.2217 -0.4424 0.8690
vn -0.3847 -0.9230 -0.0021
vn -0.9429 0.3020 0.1406
vn -0.2573 0.4680 -0.8454
vn -0.3626 -0.1837 -0.9136
vn -0.9789 -0.0891 -0.1840
vn -0.2507 -0.8526 -0.4585
vn -0.3607 -0.1831 0.9145
vn -0.7249 0.6718 0.1524
vn -0.4593 0.7581 0.4629
vn -0.9199 0.0986 0.3795
vn -0.9060 0.1560 0.3934
vn -0.8802 0.4360 -0.1875
vn -0.8828 0.2233 0.4133
vn -0.8642 0.3343 -0.3761
vn -0.6234 0.1200 0.7727
vn -0.5435 -0.2972 0.7851
vn -0.9657 -0.0797 0.2473
vn -0.9613 0.0630 0.2684
vn 0.0505 -0.3600 0.9316
vn 0.2358 0.3431 0.9092
vn 0.1338 -0.2015 0.9703
vn 0.0320 -0.4988 0.8661
vn -0.3230 -0.8087 0.4916
vn -0.1799 -0.9563 0.2304
vn -0.4885 -0.8404 -0.2346
vn -0.5892 -0.8058 -0.0598
vn 0.1277 0.2983 0.9459
vn 0.2255 -0.1968 0.9541
vn 0.1940 -0.5732 0.7961
vn -0.0843 -0.9651 0.2479
vn -0.2924 -0.8447 -0.4483
vn -0.8880 -0.4562 0.0578
vn -0.6965 -0.5841 0.4168
vn -0.8417 0.4824 0.2426
vn -0.3954 -0.4743 0.7866
vn -0.3971 -0.1867 0.8986
vn 0.1690 0.3260 0.9302
vn 0.0857 0.6916 0.7172
vn -0.6331 0.5017 0.5895
vn -0.9518 -0.1599 0.2619
vn -0.9429 -0.1180 0.3114
vn -0.9361 0.3023 -0.1795
vn -0.9637 0.0173 -0.2666
vn -0.4751 0.1940 0.8583
vn 0.0807 0.6316 0.7711
vn 0.1244 0.7625 0.6349
vn -0.9372 -0.0671 0.3422
vn -0.9372 -0.0672 0.3422
vn -0.9392 -0.0125 0.3431
vn -0.9210 -0.2584 -0.2915
vn -0.6023 0.3487 0.7181
vn -0.0853 0.7286 0.6796
vn -0.9539 -0.0110 0.2999
vn -0.7567 -0.6317 -0.1682
vn -0.8557 -0.4670 -0.2230
vn -0.9392 -0.0125 0.3430
vn -0.7655 0.2970 0.5708
vn -0.2648 0.7767 0.5715
vn 0.0932 0.8180 0.5676
vn 0.1660 0.8253 0.5397
vn 0.2903 0.3593 0.8869
vn 0.1983 -0.3275 0.9238
vn -0.2351 -0.8197 0.5223
vn 0.0012 -0.8644 0.5028
vn 0.3773 -0.4106 0.8301
vn 0.3748 0.3107 0.8735
vn 0.4728 0.8680 0.1518
vn 0.0742 0.9944 -0.0758
vn -0.0563 0.7600 -0.6475
vn -0.5003 0.8318 -0.2406
vn 0.6365 0.5030 -0.5846
vn 0.3767 0.8625 0.3378
vn -0.1825 0.9499 0.2539
vn -0.1203 0.9730 0.1970
vn -0.1130 0.9457 0.3047
vn -0.7476 0.6151 0.2507
vn 0.1954 0.9686 0.1537
vn 0.5382 0.2574 0.8026
vn 0.3980 -0.4521 0.7983
vn 0.1606 -0.8134 0.5591
vn -0.4797 -0.8774 0.0105
vn -0.5737 -0.7928 0.2057
vn -0.4195 -0.6556 0.6278
vn -0.0466 -0.4390 0.8973
vn 0.2319 0.1049 0.9671
vn 0.3835 0.7705 0.5092
vn 0.6615 0.6977 -0.2749
vn 0.2431 0.9658 -0.0903
vn -0.3415 -0.7059 0.6206
vn 0.5374 -0.6393 0.5499
vn 0.8876 -0.0705 0.4551
vn 0.8112 0.5401 0.2242
vn 0.7417 0.6643 0.0926
vn 0.6700 -0.6966 -0.2568
vn 0.5799 -0.6178 -0.5311
vn 0.4981 -0.5961 -0.6297
vn 0.5659 -0.3394 -0.7514
vn 0.2606 -0.8940 0.3646
vn 0.3735 -0.7616 -0.5295
vn 0.4648 -0.8754 -0.1330
vn 0.3603 -0.6750 -0.6439
vn 0.4459 -0.2693 -0.8536
vn 0.5549 0.0711 -0.8289
vn 0.6721 -0.1027 -0.7333
vn 0.8088 -0.0448 -0.5864
vn 0.1303 -0.9904 0.0469
vn -0.5022 -0.8295 0.2443
vn -0.3105 -0.9427 0.1220
vn 0.9048 0.0676 -0.4203
vn 0.7731 0.0471 -0.6326
vn 0.4737 0.4157 -0.7764
vn 0.1160 0.7210 -0.6831
vn 0.4803 0.4925 -0.7258
vn 0.7859 -0.6074 0.1156
vn 0.6085 -0.7168 0.3406
vn 0.7684 -0.5764 -0.2781
vn 0.7653 -0.3882 -0.5134
vn 0.7648 -0.3889 -0.5137
vn 0.7196 -0.2545 -0.6460
vn 0.7461 -0.1425 -0.6504
vn 0.7156 -0.2496 -0.6524
vn 0.8142 -0.3655 -0.4511
vn 0.8508 -0.5251 -0.0220
vn 0.9064 0.0712 -0.4165
vn 0.9642 0.1370 -0.2270
vn 0.1724 -0.9689 -0.1773
vn -0.5385 -0.8426 -0.0045
vn -0.3093 -0.9263 0.2152
vn 0.0189 -0.9969 0.0760
vn -0.1281 -0.9524 0.2768
vn 0.1395 -0.9802 -0.1403
vn -0.3532 -0.8922 0.2816
vn -0.0629 -0.9701 -0.2343
vn -0.9452 -0.3251 0.0305
vn -0.4389 -0.8982 0.0248
vn -0.9825 0.0332 0.1832
vn -0.9809 0.0620 0.1841
vn -0.6188 -0.4208 0.6633
vn -0.1521 0.0429 -0.9874
vn -0.1976 -0.1800 -0.9636
vn -0.7466 -0.1049 -0.6569
vn -0.7552 -0.2801 -0.5926
vn -0.3993 -0.6697 -0.6262
vn -0.7279 -0.5477 -0.4125
vn -0.5542 -0.8255 -0.1071
vn 0.0976 -0.7833 -0.6140
vn 0.2090 -0.8190 -0.5344
vn 0.2330 -0.9524 -0.1966
vn -0.3958 -0.8897 -0.2276
vn 0.2442 -0.8607 -0.4468
vn 0.9745 0.2172 -0.0572
vn 0.9652 0.1478 -0.2156
vn 0.3147 -0.7476 -0.5849
vn 0.9656 0.2593 0.0203
vn 0.9793 0.1855 -0.0809
vn 0.9458 0.3211 0.0479
vn 0.9634 -0.0728 -0.2581
vn 0.8757 -0.3550 -0.3272
vn 0.8756 -0.3639 -0.3178
vn 0.8119 -0.4972 -0.3059
vn 0.8084 -0.5041 -0.3039
vn 0.9822 -0.1263 -0.1389
vn 0.9468 -0.0258 0.3206
vn 0.9744 -0.0895 0.2063
vn 0.8340 -0.4803 0.2716
vn 0.3695 0.2276 -0.9009
vn 0.4033 -0.2735 -0.8733
vn 0.7497 -0.5048 0.4279
vn 0.9324 -0.3508 -0.0869
vn -0.4852 0.7811 -0.3931
vn -0.0721 0.5233 -0.8491
vn 0.2040 0.2755 -0.9394
vn 0.1844 0.5314 -0.8268
vn 0.3852 0.3880 -0.8373
vn 0.3612 0.1218 -0.9245
vn 0.3289 0.1292 -0.9355
vn -0.1381 0.4566 -0.8789
vn -0.2712 -0.1268 -0.9541
vn 0.3145 0.1748 -0.9330
vn -0.0629 -0.8890 -0.4535
vn 0.4272 -0.5635 -0.7071
vn 0.3932 0.0145 -0.9193
vn 0.3430 0.1169 -0.9320
vn -0.0769 0.3589 -0.9302
vn -0.6146 0.4060 -0.6763
vn -0.6370 0.2782 -0.7189
vn -0.1092 0.1396 -0.9842
vn -0.6906 0.1190 -0.7134
vn 0.3437 -0.2963 -0.8911
vn 0.3057 0.0268 -0.9517
vn 0.2550 -0.2746 -0.9271
vn -0.4502 -0.8236 0.3451
vn -0.7541 -0.4956 0.4310
vn -0.9353 -0.2646 0.2350
vn -0.9882 -0.0666 0.1377
vn -0.9952 0.0462 0.0861
vn -0.4295 -0.3346 0.8388
vn -0.6024 -0.5736 0.5551
vn -0.3610 0.5298 0.7675
vn -0.2174 0.4073 0.8870
vn -0.1807 0.2639 0.9475
vn -0.2273 0.1720 0.9585
vn -0.1406 0.0720 0.9874
vn -0.8229 0.3972 0.4063
vn -0.5563 0.5685 0.6060
vn -0.6555 0.0022 0.7552
vn -0.6771 0.0469 0.7344
vn -0.7177 0.0462 0.6949
vn -0.7657 0.0597 0.6404
vn -0.7873 0.1667 0.5936
vn -0.9315 0.2149 0.2935
vn -0.9056 -0.2071 0.3701
vn -0.4752 0.1532 0.8665
vn -0.6090 0.0255 0.7928
vn -0.6909 -0.0696 0.7196
vn -0.8751 -0.4839 -0.0060
vn 0.0392 0.8847 0.4644
vn -0.0480 0.9111 0.4093
vn 0.1575 0.5862 0.7947
vn -0.7568 0.4832 0.4402
vn -0.6077 0.4342 0.6650
vn -0.9566 -0.1789 -0.2300
vn -0.8907 -0.4539 -0.0230
vn -0.8633 0.2972 0.4080
vn -0.8632 0.2973 0.4080
vn -0.8340 -0.5437 0.0945
vn -0.8633 0.2971 0.4080
vn -0.8961 0.2946 0.3319
vn -0.8191 -0.5439 0.1822
vn -0.8068 0.4429 0.3910
vn -0.0135 0.9227 0.3853
vn -0.0272 0.9679 0.2499
vn -0.8017 0.5246 0.2864
vn 0.0268 0.9977 0.0624
vn -0.5778 0.8161 0.0123
vn 0.0717 0.9890 -0.1290
vn 0.2333 0.9690 0.0813
vn 0.1391 0.9899 0.0266
vn 0.2974 0.9472 0.1199
vn -0.0582 0.9911 0.1194
vn -0.3091 0.1852 0.9328
vn 0.3373 0.0403 0.9405
vn -0.4326 0.2144 0.8757
vn -0.9176 0.1767 -0.3560
vn -0.8632 0.2972 0.4080
vn -0.7866 0.5044 -0.3561
vn 0.0072 0.8532 -0.5215
vn -0.1252 0.4510 -0.8837
vn -0.6691 0.5132 -0.5375
vn -0.5746 0.7863 -0.2272
vn -0.8116 -0.2933 0.5053
vn -0.7522 -0.0922 0.6525
vn -0.9217 0.3006 0.2451
vn -0.8661 -0.4023 0.2966
vn -0.9217 0.3007 0.2451
vn -0.9378 0.2998 0.1751
vn -0.8652 -0.4917 0.0985
vn -0.8480 -0.5291 0.0292
vn -0.8487 -0.5188 -0.1024
vn -0.8323 0.4297 0.3500
vn -0.8880 -0.4078 -0.2126
vn -0.7498 0.4973 0.4364
vn -0.9217 -0.0966 -0.3757
vn -0.6489 0.3891 0.6539
vn -0.5420 0.1594 0.8251
vn -0.8537 0.2839 -0.4367
vn -0.9036 0.3159 0.2893
vn -0.8998 0.2891 0.3267
vn -0.7838 0.4464 0.4316
vn -0.8205 -0.5700 0.0443
vn -0.8714 -0.4894 0.0322
vn -0.6119 0.5449 0.5733
vn -0.0793 0.9127 0.4008
vn -0.1338 0.9533 0.2708
vn 0.1624 0.9521 0.2590
vn 0.0833 0.9682 0.2357
vn 0.1723 0.9384 0.2996
vn -0.2165 0.9762 0.0087
vn -0.0378 0.7942 0.6065
vn -0.5421 0.1594 0.8251
vn 0.1682 0.4355 0.8843
vn 0.2413 -0.1370 0.9607
vn 0.0360 0.8435 0.5360
vn 0.2649 0.9247 0.2735
vn 0.2180 0.9212 0.3221
vn 0.2533 0.9599 0.1199
vn 0.2852 0.9408 0.1833
vn 0.8034 0.5951 0.0200
vn 0.8052 0.5925 0.0222
vn 0.5763 0.8049 0.1413
vn 0.3622 0.8836 -0.2967
vn 0.3854 0.8548 0.3476
vn 0.3710 0.7902 -0.4878
vn 0.2570 0.9660 -0.0280
vn -0.7400 0.6026 0.2987
vn -0.3446 0.5800 0.7381
vn 0.2287 0.3671 0.9016
vn 0.8285 0.2042 0.5214
vn 0.9934 -0.0182 -0.1130
vn 0.9815 -0.0235 -0.1898
vn 0.9757 0.0160 -0.2184
vn 0.7955 0.5993 0.0894
vn 0.2340 0.9063 0.3518
vn -0.9805 -0.0300 -0.1940
vn -0.9454 0.2542 -0.2038
vn -0.3162 -0.0398 0.9479
vn -0.3371 0.3121 0.8882
vn 0.3488 0.1952 0.9166
vn 0.2724 0.6537 0.7060
vn 0.2425 0.6022 0.7606
vn 0.2350 0.8542 0.4638
vn 0.1374 0.8620 0.4880
vn -0.4297 0.6056 0.6698
vn 0.0810 0.8449 0.5287
vn 0.2181 0.9213 0.3220
vn -0.9465 -0.3186 -0.0515
vn -0.9061 0.1560 0.3933
vn -0.9060 0.1560 0.3935
vn 0.3225 -0.2641 0.9090
vn -0.7137 0.1684 0.6799
vn -0.8827 0.2235 0.4133
vn -0.8997 0.2436 0.3622
vn -0.8827 0.2234 0.4134
vn -0.5124 0.5518 -0.6580
vn -0.3599 0.9041 -0.2303
vn -0.2877 0.9539 -0.0861
vn 0.0118 0.6028 0.7978
vn -0.9130 0.2908 0.2859
vn -0.3623 0.8940 0.2634
vn -0.0722 0.9077 0.4135
vn -0.6347 -0.7675 0.0904
vn -0.6523 -0.7539 -0.0780
vn -0.9382 0.1935 0.2870
vn -0.3563 0.8442 0.4005
vn 0.0080 0.8792 0.4763
vn -0.9017 0.1708 0.3972
vn -0.6919 -0.7074 -0.1447
vn -0.2582 0.6099 -0.7493
vn -0.9185 0.3893 0.0688
vn -0.6301 -0.6717 0.3897
vn -0.9613 0.0629 0.2684
vn -0.9728 0.0498 0.2262
vn -0.9798 0.0143 0.1994
vn -0.8872 0.3818 -0.2590
vn -0.5722 -0.4340 0.6959
vn -0.9723 0.0863 0.2170
vn -0.1769 0.2343 -0.9559
vn 0.1577 0.9681 0.1948
vn 0.2501 0.9664 0.0592
vn -0.1108 0.9552 0.2745
vn -0.0979 0.9892 0.1087
vn -0.8168 0.4919 0.3014
vn -0.7505 0.6413 0.1596
vn -0.0429 0.9922 -0.1170
vn -0.6391 0.7688 -0.0227
vn 0.0183 0.9384 -0.3451
vn -0.6717 0.6977 -0.2491
vn -0.0990 0.7389 -0.6665
vn -0.7560 0.4332 -0.4907
vn -0.2208 0.3512 -0.9099
vn -0.3165 0.0130 -0.9485
vn -0.3657 0.0644 -0.9285
vn -0.2099 0.4051 -0.8898
vn -0.3442 0.1776 -0.9219
vn 0.0123 0.6496 -0.7602
vn 0.3202 0.9386 -0.1283
vn -0.8231 -0.4954 0.2778
vn -0.8019 -0.3873 0.4549
vn -0.7319 -0.2513 0.6334
vn -0.8280 0.1748 -0.5328
vn -0.6632 -0.0279 0.7479
vn -0.8962 0.2946 0.3318
vn -0.8961 0.2946 0.3318
vn -0.9232 0.2664 0.2770
vn -0.9232 0.2663 0.2770
vn -0.5628 0.2195 0.7969
vn 0.2195 0.9565 -0.1923
vn 0.2489 0.9660 -0.0707
vn 0.0975 0.8993 -0.4263
vn -0.0940 0.7367 -0.6697
vn -0.8998 0.2893 0.3267
vn -0.7548 -0.5934 0.2795
vn -0.6690 0.5133 -0.5375
vn -0.2024 0.8924 -0.4033
vn -0.1371 0.9828 0.1234
vn -0.8323 0.4297 0.3501
vn -0.7853 -0.6099 0.1060
vn -0.9153 0.2697 0.2993
vn -0.2207 0.4679 -0.8558
vn -0.8256 0.4930 -0.2744
vn -0.5448 -0.1491 0.8252
vn -0.6796 -0.4394 0.5875
vn -0.8155 0.5772 0.0429
vn 0.4750 0.2191 0.8523
vn -0.3632 0.7874 0.4980
vn -0.4253 0.3250 0.8447
vn 0.1868 0.9005 0.3926
vn 0.1235 0.9843 0.1264
vn -0.5329 0.7536 0.3848
vn -0.5464 0.6139 0.5697
vn 0.9885 0.0996 0.1136
vn 0.9875 -0.0672 0.1429
vn 0.4855 -0.0121 0.8742
vn 0.4920 -0.1269 0.8613
vn -0.3922 -0.1420 0.9089
vn -0.4169 0.0112 0.9089
vn -0.4298 0.1872 0.8833
vn 0.3989 0.6013 0.6923
vn -0.5468 0.3694 0.7513
vn 0.3171 0.8553 0.4098
vn 0.6655 0.7324 -0.1439
vn 0.5035 0.8344 -0.2241
vn 0.6723 0.7325 0.1067
vn 0.9251 0.2962 0.2375
vn 0.4543 -0.1607 0.8762
vn -0.4114 -0.0234 0.9112
vn 0.9400 0.3374 -0.0516
vn 0.9495 0.0638 0.3072
vn 0.8716 0.3351 -0.3578
vn 0.9152 0.1646 -0.3679
vn 0.8431 0.1564 -0.5145
vn 0.8250 0.3174 -0.4676
vn 0.8751 0.1883 -0.4457
vn 0.8937 0.2346 -0.3824
vn 0.6337 0.1307 -0.7624
vn 0.6474 0.2319 -0.7260
vn -0.1117 0.1033 -0.9884
vn -0.1082 0.2910 -0.9506
vn -0.8743 0.0839 -0.4781
vn -0.8503 0.2959 -0.4352
vn -0.8480 0.2675 -0.4575
vn -0.0736 0.2515 -0.9651
vn -0.8508 0.1051 -0.5150
vn -0.0377 -0.0481 -0.9981
vn -0.8507 0.1051 -0.5150
vn 0.6778 0.2241 -0.7003
vn 0.7071 0.0178 -0.7069
vn 0.6886 -0.1618 -0.7069
vn -0.0581 -0.1037 -0.9929
vn -0.8726 -0.0338 -0.4873
vn -0.1506 -0.1002 -0.9835
vn 0.6694 -0.1973 -0.7162
vn 0.9748 -0.1537 0.1615
vn -0.6589 0.6483 0.3814
vn -0.8307 0.3604 0.4243
vn -0.6912 0.2353 0.6833
vn -0.6924 0.3024 0.6551
vn -0.8206 0.4279 0.3789
vn -0.7707 0.5524 0.3176
vn -0.3766 0.4761 0.7946
vn -0.3767 0.4761 0.7946
vn -0.9183 0.0199 0.3954
vn -0.6707 0.0458 0.7403
vn -0.7372 0.5142 -0.4384
vn -0.8557 0.0303 -0.5166
vn -0.0892 0.4934 -0.8652
vn -0.0919 0.0550 -0.9942
vn 0.6098 0.4450 -0.6558
vn 0.6592 0.0996 -0.7453
vn 0.8669 0.3042 -0.3950
vn 0.9117 0.1117 -0.3954
vn 0.4026 0.3824 0.8317
vn 0.8634 0.4078 0.2970
vn 0.8634 0.4077 0.2970
vn 0.8364 0.4347 -0.3339
vn 0.8012 0.3376 -0.4942
vn 0.8011 0.3375 -0.4942
vn 0.8311 0.3975 -0.3889
vn 0.4929 0.7245 -0.4819
vn -0.0689 0.8181 -0.5710
vn -0.4764 0.8347 -0.2764
vn 0.4169 0.0112 0.9089
vn 0.4170 0.0112 0.9089
vn -0.1485 -0.9310 -0.3335
vn -0.0756 -0.9826 -0.1696
vn -0.1485 -0.9310 -0.3334
vn -0.0756 -0.9826 -0.1697
vn -0.0000 -0.9998 0.0206
vn 0.0675 -0.9858 0.1540
vn 0.1331 -0.9434 0.3036
vn -0.9183 0.0199 0.3953
vn -0.8951 0.1888 0.4040
vn -0.9195 -0.0627 0.3881
vn -0.9028 0.1244 0.4117
vn -0.7794 0.1124 0.6164
vn -0.7904 -0.0349 0.6116
vn -0.9028 0.1244 0.4118
vn -0.8713 0.2964 0.3911
vn 0.1077 -0.9206 0.3753
vn 0.1618 -0.9213 0.3535
vn 0.4567 -0.2946 0.8394
vn -0.3460 -0.9128 -0.2172
vn -0.6814 -0.3968 -0.6150
vn -0.6967 0.1672 -0.6975
vn -0.3520 0.4726 -0.8079
vn -0.4958 0.7411 -0.4527
vn -0.4000 -0.3585 -0.8435
vn -0.5079 0.8451 -0.1670
vn -0.3964 0.8944 -0.2070
vn -0.0234 0.9472 0.3199
vn -0.1041 0.9733 0.2044
vn 0.3091 0.6727 0.6723
vn 0.2331 0.8704 0.4336
vn 0.5204 0.3482 0.7797
vn 0.3779 0.7497 0.5433
vn 0.4989 -0.4435 0.7446
vn 0.4394 -0.8965 0.0573
vn -0.1468 -0.8456 -0.5132
vn 0.0197 -0.8210 -0.5705
vn -0.9365 -0.3207 -0.1422
vn -0.2142 -0.7378 -0.6401
vn -0.4038 -0.8270 -0.3912
vn -0.4152 -0.9022 -0.1171
vn 0.9521 0.1573 -0.2624
vn 0.6732 -0.3228 -0.6653
vn 0.6712 -0.3332 -0.6622
vn -0.1492 -0.7956 -0.5872
vn -0.0728 -0.7976 -0.5988
vn 0.8213 -0.3103 -0.4788
vn 0.7299 -0.6041 -0.3198
vn 0.7679 -0.3418 0.5418
vn 0.6759 0.3414 0.6532
vn 0.2976 0.8945 0.3336
vn 0.9798 -0.0047 0.1998
vn 0.5256 0.8160 0.2408
vn 0.9593 0.2670 0.0921
vn -0.8250 -0.5620 -0.0591
vn -0.8029 -0.5868 0.1049
vn -0.7996 -0.6003 0.0159
vn 0.0897 -0.6821 -0.7258
vn 0.6914 -0.3933 -0.6061
vn 0.9856 0.0420 -0.1640
vn 0.8633 0.4547 0.2191
vn 0.7306 0.1613 0.6635
vn -0.3083 0.9339 0.1809
vn -0.2153 0.8966 -0.3870
vn 0.4351 0.5639 0.7019
vn 0.0404 -0.1664 0.9852
vn -0.3243 -0.5753 0.7509
vn -0.3861 0.3113 0.8684
vn 0.0750 0.3956 -0.9154
vn -0.8136 -0.0362 -0.5803
vn -0.8559 -0.2165 0.4696
vn -0.8312 -0.1374 0.5387
vn -0.9596 0.2784 -0.0401
vn -0.2683 -0.1433 -0.9526
vn 0.9934 -0.1098 -0.0323
vn 0.9164 0.3441 0.2045
vn 0.4655 0.6790 0.5677
vn -0.4120 0.4732 0.7787
vn -0.8886 -0.0434 0.4567
vn 0.3698 0.5101 0.7766
vn 0.4581 0.4395 0.7726
vn 0.3698 0.5100 0.7766
vn 0.0164 0.8318 0.5548
vn -0.0991 0.8488 0.5193
vn -0.0990 0.8488 0.5193
vn 0.1478 0.9147 0.3761
vn 0.1165 0.8483 0.5165
vn 0.0638 0.9743 0.2161
vn -0.0000 0.9820 0.1887
vn -0.0638 0.9743 0.2161
vn -0.1478 0.9147 0.3761
vn -0.3698 0.5100 0.7766
vn -0.3698 0.5101 0.7766
vn -0.4581 0.4395 0.7726
vn 0.7376 0.0036 -0.6752
vn 0.5285 -0.3094 -0.7906
vn 0.6537 0.2760 -0.7046
vn 0.5879 -0.4641 -0.6625
vn 0.8805 -0.2891 -0.3757
vn 0.9236 0.0838 -0.3742
vn 0.9876 0.0051 -0.1569
vn 0.9849 -0.1003 -0.1408
vn -0.0690 0.8928 0.4450
vn -0.6325 -0.6837 -0.3640
vn 0.4358 -0.7812 -0.4469
vn 0.6775 -0.2824 -0.6792
vn 0.8471 0.4545 -0.2754
vn 0.7238 0.6690 -0.1689
vn 0.5948 0.7135 0.3703
vn 0.6517 0.7212 0.2346
vn 0.4063 0.5568 0.7245
vn 0.2509 0.7648 0.5934
vn -0.5123 0.3051 0.8028
vn -0.6408 0.6260 0.4445
vn 0.8942 -0.3247 0.3081
vn -0.9129 0.4018 0.0718
vn -0.8557 0.4668 -0.2233
vn -0.8018 0.5373 -0.2614
vn 0.8887 0.2599 -0.3776
vn 0.7401 0.6495 0.1742
vn -0.0205 0.8528 0.5218
vn -0.7621 0.0369 0.6464
vn -0.5759 0.8165 0.0415
vn 0.7597 0.2851 -0.5844
vn 0.5332 0.8457 0.0208
vn 0.8113 0.5676 -0.1402
vn 0.9194 -0.0398 -0.3913
vn 0.6108 -0.1131 -0.7837
vn 0.8218 -0.2190 -0.5260
vn 0.6508 -0.2508 -0.7166
vn 0.8672 -0.2254 -0.4440
vn 0.9871 0.1553 -0.0378
vn 0.1215 -0.2180 -0.9684
vn 0.1294 -0.1474 -0.9806
vn -0.0000 -0.1255 -0.9921
vn 0.5605 -0.2249 -0.7970
vn 0.6211 -0.2867 -0.7295
vn 0.9972 -0.0656 -0.0356
vn 0.9905 -0.0958 -0.0988
vn 0.8324 -0.1566 -0.5316
vn 0.0440 -0.2117 -0.9763
vn 0.1499 0.2106 -0.9660
vn 0.3295 0.6953 -0.6387
vn 0.7321 0.6611 -0.1642
vn 0.3757 0.6265 -0.6829
vn 0.0741 0.5679 -0.8197
vn 0.1940 0.4871 -0.8515
vn 0.5823 -0.1523 -0.7986
vn 0.9905 -0.0958 -0.0987
vn -0.0044 -0.1760 -0.9844
vn 0.0376 -0.3240 -0.9453
vn -0.0000 -0.2680 -0.9634
vn -0.0376 -0.3240 -0.9453
vn -0.0629 0.2939 -0.9538
vn -0.0189 0.3022 -0.9530
vn -0.0000 0.5196 -0.8544
vn -0.0742 0.5679 -0.8197
vn 0.0629 0.2939 -0.9538
vn -0.2969 0.7062 -0.6428
vn -0.0849 0.2836 -0.9552
vn -0.7612 0.3553 -0.5425
vn -0.5857 -0.0244 -0.8101
vn -0.9545 0.0502 -0.2940
vn -0.8498 -0.1889 -0.4921
vn -0.0000 0.4636 -0.8861
vn -0.1940 0.4871 -0.8515
vn -0.3757 0.6265 -0.6829
vn -0.7321 0.6611 -0.1643
vn -0.4999 0.8657 0.0252
vn -0.8027 0.5960 -0.0224
vn -0.9793 0.1834 0.0854
vn 0.0029 -0.2125 -0.9771
vn 0.0029 -0.2125 -0.9772
vn -0.0000 -0.0622 -0.9981
vn 0.1506 -0.1002 -0.9835
vn 0.0100 -0.2272 -0.9738
vn -0.1215 -0.2181 -0.9683
vn -0.6036 -0.3685 -0.7070
vn -0.5195 -0.3643 -0.7729
vn -0.8360 -0.3212 -0.4449
vn -0.8622 -0.2730 -0.4268
vn -0.9906 -0.0951 -0.0983
vn -0.9972 -0.0659 -0.0356
vn -0.5605 -0.2249 -0.7970
vn -0.9905 -0.0958 -0.0987
vn -0.5824 -0.1523 -0.7985
vn -0.1294 -0.1474 -0.9806
vn 0.5886 0.4778 0.6521
vn -0.2482 0.5232 0.8153
vn 0.1288 0.5520 0.8238
vn -0.5750 0.6263 0.5264
vn -0.5388 0.6853 0.4899
vn -0.8647 0.4977 -0.0684
vn -0.7907 0.6074 -0.0767
vn -0.7863 0.0955 -0.6104
vn -0.7486 0.2367 -0.6194
vn -0.5216 -0.2113 -0.8266
vn -0.6111 -0.4241 -0.6683
vn 0.2065 -0.7167 -0.6661
vn 0.7884 -0.5005 -0.3576
vn 0.9088 -0.3483 0.2296
vn 0.9952 0.0981 -0.0019
vn -0.2767 -0.9525 0.1272
vn -0.5722 -0.4530 -0.6837
vn -0.4545 -0.1014 -0.8850
vn -0.6657 0.4093 -0.6239
vn -0.6784 0.7340 -0.0311
vn -0.5120 0.6806 0.5240
vn -0.4030 0.3900 0.8279
vn 0.2589 0.3058 0.9162
vn -0.7267 -0.3452 0.5939
vn 0.5180 -0.3740 0.7692
vn 0.7213 0.5355 0.4393
vn -0.9889 -0.0121 -0.1483
vn -0.9847 -0.1009 -0.1418
vn -0.9251 -0.1228 -0.3592
vn 0.4271 0.7798 0.4578
vn 0.7816 0.5184 0.3469
vn 0.6697 0.3777 0.6394
vn 0.6566 0.5337 0.5330
vn 0.8983 0.1531 0.4119
vn 0.9510 0.1919 0.2425
vn 0.7547 0.6000 0.2653
vn 0.1692 0.3778 0.9103
vn 0.2036 0.2736 0.9400
vn 0.4651 0.2761 0.8411
vn 0.1688 0.5060 0.8459
vn 0.3573 0.3712 0.8571
vn 0.4119 0.4690 0.7813
vn 0.2930 0.5787 0.7611
vn 0.3264 0.6860 0.6503
vn 0.7166 0.1697 0.6765
vn 0.8657 0.0506 0.4981
vn 0.8339 0.1078 0.5414
vn 0.7951 0.0271 0.6059
vn 0.3647 0.0986 0.9259
vn -0.3647 0.0986 0.9259
vn -0.7951 0.0271 0.6059
vn -0.3758 -0.0275 0.9263
vn -0.0000 0.0877 0.9962
vn -0.0000 -0.0257 0.9997
vn 0.3700 -0.0359 0.9283
vn 0.7904 -0.0349 0.6116
vn 0.9516 -0.0621 0.3009
vn 0.8932 -0.0949 0.4396
vn -0.2036 0.2736 0.9400
vn -0.4651 0.1930 0.8640
vn -0.8339 0.1078 0.5414
vn -0.6697 0.3777 0.6394
vn -0.7816 0.5184 0.3469
vn -0.4195 0.7813 0.4621
vn -0.3383 0.6733 0.6574
vn -0.7488 0.5340 0.3926
vn -0.6503 0.4394 0.6197
vn -0.3326 0.5490 0.7669
vn -0.7487 0.1200 0.6520
vn -0.3964 0.3812 0.8352
vn -0.8677 0.0648 0.4928
vn -0.4651 0.2761 0.8411
vn -0.1692 0.3779 0.9102
vn -0.0000 0.2857 0.9583
vn -0.4119 0.4690 0.7813
vn -0.1688 0.5059 0.8459
vn -0.0000 0.3911 0.9204
vn -0.0000 0.4828 0.8757
vn -0.1263 0.5724 0.8102
vn 0.1263 0.5724 0.8102
vn -0.0000 0.5514 0.8343
vn -0.9400 0.1329 0.3143
vn -0.8828 0.1010 0.4588
vn -0.8976 -0.0530 0.4377
vn -0.9538 -0.0549 0.2953
vn -0.0299 0.8588 0.5114
vn 0.0115 0.7980 0.6025
vn 0.0299 0.8588 0.5114
vn -0.0000 0.7667 0.6420
vn 0.0936 0.6439 0.7594
vn -0.0000 0.6467 0.7627
vn -0.0936 0.6439 0.7594
vn 0.0115 0.7980 0.6026
vn 0.9782 0.1207 0.1692
vn 0.8783 -0.0391 0.4765
vn 0.8238 -0.0856 0.5604
vn -0.8238 -0.0856 0.5604
vn -0.8783 -0.0391 0.4765
vn -0.9782 0.1207 0.1692
vn -0.8716 0.3351 -0.3579
vn -0.3988 0.4135 -0.8185
vn -0.0000 0.3703 -0.9289
vn 0.3988 0.4135 -0.8185
vn 0.8716 0.3351 -0.3579
vn -0.0000 -0.3986 0.9171
vn 0.4641 -0.3502 0.8136
vn 0.9118 -0.2259 0.3430
vn 0.9825 -0.0270 -0.1842
vn 0.8888 0.0957 -0.4482
vn 0.8360 0.1244 -0.5345
vn -0.4641 -0.3501 0.8136
vn -0.4641 -0.3502 0.8136
vn -0.9118 -0.2259 0.3430
vn -0.9825 -0.0270 -0.1842
vn -0.8888 0.0957 -0.4482
vn 0.4738 -0.8718 0.1240
vn -0.0000 -0.9920 -0.1262
vn 0.3226 -0.8898 -0.3227
vn -0.0000 -0.9434 -0.3315
vn -0.0000 -0.5992 -0.8006
vn -0.1624 -0.5647 -0.8092
vn -0.1957 -0.1778 -0.9644
vn -0.0124 -0.5142 -0.8576
vn 0.7068 -0.3195 -0.6312
vn 0.8707 -0.4460 0.2073
vn 0.9105 -0.3643 0.1954
vn 0.7542 -0.0549 -0.6543
vn 0.9615 -0.0604 0.2680
vn -0.6262 -0.2157 -0.7492
vn -0.9974 0.0176 0.0696
vn -0.9991 -0.0334 0.0279
vn -0.6965 -0.0966 -0.7110
vn -0.6593 0.0996 -0.7453
vn -0.9969 0.0562 0.0552
vn -0.0588 0.1900 -0.9800
vn -0.6474 0.2319 -0.7260
vn -0.9952 0.0928 0.0326
vn -0.5666 -0.0654 0.8214
vn -0.5667 -0.0654 0.8214
vn -0.6248 -0.1396 0.7682
vn -0.6614 -0.1801 0.7281
vn -0.9969 0.0562 0.0553
vn -0.6272 0.1382 -0.7665
vn -0.1651 0.0794 -0.9831
vn -0.2182 -0.3825 0.8978
vn -0.0000 0.0674 -0.9977
vn -0.1444 0.1165 -0.9826
vn -0.0000 0.1026 -0.9947
vn -0.1663 -0.3316 0.9287
vn -0.0000 -0.4417 0.8972
vn -0.0634 0.3568 -0.9320
vn -0.6445 0.3506 -0.6795
vn -0.9691 0.2089 0.1310
vn -0.6215 -0.3020 0.7228
vn 0.4114 -0.4787 0.7756
vn 0.0202 -0.5738 0.8187
vn -0.0000 -0.3978 0.9175
vn 0.1663 -0.3316 0.9287
vn 0.2182 -0.3825 0.8978
vn 0.6248 -0.1396 0.7682
vn 0.5648 -0.0819 0.8212
vn 0.9974 0.0176 0.0696
vn 0.3628 -0.5541 0.7492
vn 0.3046 -0.9101 0.2809
vn -0.0000 -0.7276 0.6860
vn -0.0202 -0.5738 0.8187
vn 0.6215 -0.3020 0.7228
vn 0.9952 0.0928 0.0326
vn 0.9991 -0.0334 0.0279
vn -0.4170 -0.4869 0.7675
vn -0.3046 -0.9101 0.2809
vn -0.0000 -0.9870 0.1605
vn 0.3983 -0.4103 0.8204
vn -0.5499 -0.2447 0.7986
vn -0.9105 -0.3643 0.1954
vn -0.8707 -0.4460 0.2073
vn -0.4738 -0.8718 0.1240
vn -0.3628 -0.5541 0.7492
vn -0.3983 -0.4103 0.8204
vn 0.5225 -0.2741 -0.8074
vn 0.4196 -0.9068 -0.0398
vn 0.3234 -0.8233 -0.4665
vn 0.9022 -0.4290 0.0446
vn 0.9930 -0.1145 -0.0284
vn 0.5349 -0.1475 0.8319
vn -0.3211 -0.3297 0.8878
vn -0.4933 0.0736 0.8668
vn -0.9105 -0.3644 0.1954
vn -0.9728 0.0600 0.2236
vn -0.9630 0.0310 0.2678
vn -0.4170 0.0112 0.9089
vn -0.9615 -0.0604 0.2680
vn -0.3152 -0.8782 0.3597
vn -0.5813 -0.8077 0.0985
vn 0.1832 -0.9358 0.3012
vn 0.9691 0.2089 0.1309
vn 0.5499 -0.2447 0.7986
vn 0.4381 0.0644 0.8966
vn 0.4152 0.1476 0.8977
vn 0.9875 -0.0673 0.1429
vn 0.6262 -0.2157 -0.7492
vn 0.6446 0.3505 -0.6794
vn 0.6615 0.3159 -0.6802
vn 0.7542 -0.0549 -0.6544
vn 0.7071 0.0179 -0.7068
vn -0.0477 -0.5619 -0.8258
vn -0.4050 -0.7855 -0.4680
vn -0.0120 -0.8249 -0.5652
vn -0.6117 -0.3283 -0.7198
vn 0.0377 -0.0481 -0.9981
vn -0.0100 0.1631 -0.9866
vn 0.0190 0.3022 -0.9531
vn 0.0634 0.3568 -0.9320
vn 0.0588 0.1900 -0.9800
vn 0.1624 -0.5647 -0.8092
vn 0.1957 -0.1778 -0.9644
vn -0.7507 -0.0658 -0.6574
vn -0.7068 -0.3195 -0.6312
vn -0.3226 -0.8898 -0.3227
vn -0.7525 0.2625 -0.6040
vn -0.7517 0.2221 -0.6210
vn -0.7561 0.1736 -0.6310
vn -0.1351 0.7655 0.6291
vn -0.1352 0.7655 0.6291
vn 0.1352 0.7655 0.6291
vn 0.1351 0.7655 0.6291
vn 0.6614 -0.1801 0.7281
vn 0.9969 0.0562 0.0552
vn 0.9969 0.0562 0.0553
vn 0.6593 0.0996 -0.7453
vn 0.1651 0.0795 -0.9831
vn 0.6965 -0.0966 -0.7110
vn 0.1444 0.1165 -0.9826
vn -0.4431 -0.8918 -0.0912
vn -0.3927 -0.8777 0.2746
vn -0.3926 -0.8777 0.2746
vn 0.2534 -0.8332 0.4915
vn 0.3926 -0.8777 0.2746
vn -0.0000 -0.8240 0.5666
vn -0.2534 -0.8332 0.4915
vn 0.4431 -0.8918 -0.0912
vn -0.0000 -0.6725 0.7401
vn -0.3824 -0.3494 0.8554
vn -0.3474 -0.6335 0.6914
vn -0.6537 -0.6146 0.4416
vn -0.7450 -0.3368 0.5758
vn -0.9022 -0.4289 0.0446
vn -0.7583 -0.0141 0.6517
vn -0.9541 -0.2966 -0.0417
vn -0.0000 -0.0791 0.9969
vn 0.3824 -0.3494 0.8554
vn 0.3474 -0.6335 0.6914
vn 0.6537 -0.6146 0.4416
vn 0.7450 -0.3368 0.5758
vn 0.9022 -0.4289 0.0446
vn 0.7583 -0.0141 0.6517
vn 0.9541 -0.2966 -0.0417
vn 0.3700 -0.0360 0.9283
vn -0.2605 -0.8655 -0.4279
vn -0.0947 -0.8029 -0.5886
vn -0.0000 -0.7736 -0.6337
vn 0.0947 -0.8029 -0.5885
vn 0.2605 -0.8655 -0.4279
vn 0.2605 -0.8655 -0.4280
vn -0.4509 -0.5549 -0.6991
vn -0.1660 -0.5264 -0.8339
vn -0.1141 -0.7296 -0.6743
vn -0.0000 -0.7408 -0.6718
vn -0.5508 -0.4684 -0.6908
vn -0.2067 -0.2851 -0.9359
vn 0.1660 -0.5264 -0.8339
vn 0.1141 -0.7296 -0.6743
vn 0.4509 -0.5549 -0.6991
vn 0.5508 -0.4684 -0.6908
vn 0.2067 -0.2851 -0.9359
vn -0.0000 -0.8658 -0.5005
vn -0.0000 -0.8659 -0.5002
vn -0.0854 -0.8653 -0.4939
vn -0.2772 -0.8832 -0.3782
vn -0.2772 -0.8832 -0.3783
vn -0.4225 -0.8865 -0.1887
vn -0.4226 -0.8865 -0.1887
vn -0.3900 -0.9207 0.0168
vn -0.2513 -0.9578 0.1397
vn -0.2514 -0.9578 0.1397
vn 0.2513 -0.9578 0.1397
vn 0.3900 -0.9207 0.0168
vn 0.4226 -0.8865 -0.1887
vn 0.2772 -0.8832 -0.3783
vn 0.2772 -0.8832 -0.3782
vn 0.0854 -0.8653 -0.4939
vn 0.7517 0.2221 -0.6210
vn 0.7525 0.2625 -0.6040
vn -0.1832 -0.9358 0.3012
vn 0.3152 -0.8782 0.3597
vn 0.3211 -0.3297 0.8878
vn -0.5667 -0.0655 0.8213
vn -0.9022 -0.4290 0.0446
vn -0.9930 -0.1145 -0.0284
vn -0.5225 -0.2740 -0.8074
vn -0.7021 -0.0061 -0.7120
vn 0.6117 -0.3283 -0.7198
vn 0.7561 0.1736 -0.6310
vn 0.9728 0.0600 0.2236
vn 0.9630 0.0310 0.2678
vn -0.4196 -0.9068 -0.0398
vn -0.3234 -0.8233 -0.4665
vn 0.4050 -0.7855 -0.4680
vn 0.0477 -0.5619 -0.8258
vn 0.9105 -0.3644 0.1954
vn 0.5813 -0.8077 0.0985
vn -0.9691 0.2089 0.1309
vn -0.6615 0.3159 -0.6802
vn -0.7507 -0.0657 -0.6574
vn -0.9874 -0.0673 0.1429
vn -0.5349 -0.1475 0.8319
vn -0.4152 0.1476 0.8977
vn 0.4933 0.0736 0.8668
vn -0.4381 0.0644 0.8966
vn -0.9991 -0.0334 0.0280
vn -0.6181 0.0600 -0.7838
vn -0.1396 0.1633 -0.9767
vn -0.1396 0.1632 -0.9767
vn -0.0000 0.2035 -0.9791
vn 0.1396 0.1632 -0.9767
vn 0.1396 0.1633 -0.9767
vn 0.6181 0.0600 -0.7838
vn 0.9991 -0.0334 0.0280
vn 0.6819 -0.1352 0.7188
vn 0.3143 -0.2563 0.9141
vn 0.3143 -0.2564 0.9141
vn -0.0000 -0.3072 0.9516
vn -0.0000 -0.3073 0.9516
vn -0.3143 -0.2564 0.9141
vn -0.3143 -0.2563 0.9141
vn -0.6819 -0.1352 0.7188
vn 0.5562 -0.7223 0.4110
vn 0.5446 -0.7056 0.4534
vn 0.5990 -0.6007 0.5295
vn 0.5990 -0.6008 0.5295
vn 0.6498 -0.5406 0.5344
vn 0.5941 -0.6701 0.4449
vn 0.5510 -0.7781 0.3016
vn 0.5509 -0.7782 0.3016
vn 0.0736 0.2515 -0.9651
vn 0.1082 0.2910 -0.9506
vn -0.6778 0.2241 -0.7003
vn -0.8937 0.2346 -0.3824
vn -0.6886 -0.1618 -0.7069
vn 0.0577 -0.1036 -0.9929
vn 0.8480 0.2675 -0.4575
vn 0.8503 0.2959 -0.4352
vn 0.8622 0.0854 -0.4992
vn 0.8726 -0.0338 -0.4873
vn -0.6694 -0.1973 -0.7162
vn -0.9748 -0.1537 0.1615
vn -0.9875 -0.0672 0.1429
vn -0.9885 0.0996 0.1136
vn -0.9400 0.3374 -0.0516
vn -0.6655 0.7324 -0.1439
vn -0.8250 0.3174 -0.4676
vn -0.5035 0.8344 -0.2241
vn -0.6723 0.7325 0.1067
vn -0.9251 0.2962 0.2375
vn -0.1868 0.9005 0.3926
vn -0.4614 0.2322 0.8563
vn -0.4543 -0.1607 0.8762
vn -0.9495 0.0638 0.3072
vn -0.9152 0.1646 -0.3679
vn -0.8431 0.1564 -0.5145
vn -0.8751 0.1883 -0.4457
vn -0.6272 0.1381 -0.7665
vn 0.1117 0.1033 -0.9884
vn 0.8623 0.0855 -0.4992
vn 0.4114 -0.0234 0.9112
vn 0.4253 0.3250 0.8447
vn 0.9183 0.0199 0.3953
vn -0.4855 -0.0121 0.8741
vn 0.3922 -0.1420 0.9089
vn -0.4920 -0.1269 0.8613
vn -0.4651 0.1931 0.8640
vn -0.3989 0.6013 0.6923
vn -0.3171 0.8553 0.4098
vn -0.1235 0.9843 0.1264
vn 0.3632 0.7874 0.4980
vn 0.4298 0.1872 0.8833
vn 0.5468 0.3694 0.7513
vn 0.5464 0.6139 0.5697
vn 0.5329 0.7536 0.3848
vn -0.8668 0.3042 -0.3950
vn -0.6592 0.0996 -0.7453
vn -0.9117 0.1117 -0.3954
vn -0.6098 0.4450 -0.6558
vn 0.0919 0.0550 -0.9942
vn 0.0891 0.4934 -0.8652
vn 0.8557 0.0303 -0.5166
vn 0.7372 0.5142 -0.4384
vn 0.9183 0.0199 0.3954
vn 0.8302 0.3604 0.4252
vn 0.6912 0.2353 0.6833
vn 0.6707 0.0458 0.7403
vn 0.7707 0.5524 0.3176
vn 0.3767 0.4761 0.7946
vn 0.3766 0.4761 0.7946
vn 0.8206 0.4279 0.3789
vn 0.6924 0.3024 0.6551
vn 0.6589 0.6483 0.3814
vn 0.4764 0.8347 -0.2764
vn 0.0689 0.8181 -0.5710
vn -0.4929 0.7245 -0.4819
vn -0.8311 0.3975 -0.3889
vn -0.8011 0.3375 -0.4942
vn -0.8364 0.4347 -0.3339
vn -0.8635 0.4077 0.2970
vn -0.8634 0.4077 0.2970
vn -0.4026 0.3824 0.8317
vn 0.9028 0.1244 0.4117
vn 0.9195 -0.0627 0.3881
vn 0.8951 0.1888 0.4040
vn 0.8950 0.1888 0.4040
vn 0.7794 0.1124 0.6163
vn 0.7904 -0.0348 0.6116
vn 0.9028 0.1244 0.4118
vn 0.8713 0.2964 0.3911
vn -0.8260 0.0373 -0.5625
vn -0.9045 0.4263 0.0093
vn -0.9572 0.2782 0.0798
vn -0.8197 0.0392 -0.5714
vn -0.9085 -0.0378 -0.4161
vn -0.0543 -0.5758 -0.8158
vn -0.3172 -0.6817 -0.6593
vn -0.8569 -0.4759 -0.1980
vn -0.2881 -0.9130 -0.2888
vn -0.1564 -0.5507 -0.8199
vn -0.6746 0.5409 0.5024
vn -0.8853 0.3811 0.2663
vn -0.9763 0.0144 0.2159
vn -0.7319 -0.6210 0.2804
vn -0.5192 -0.7385 0.4303
vn -0.0444 -0.9981 -0.0434
vn -0.2737 -0.6847 0.6755
vn 0.2342 -0.9676 -0.0938
vn -0.5717 -0.7048 0.4200
vn 0.5065 -0.7221 -0.4712
vn 0.3851 -0.5637 -0.7307
vn 0.5293 -0.5608 -0.6367
vn 0.7399 -0.6346 -0.2233
vn -0.6413 -0.0309 0.7667
vn -0.7626 -0.0121 0.6468
vn -0.6253 0.5835 0.5182
vn -0.6722 0.3335 0.6610
vn -0.1579 0.4833 0.8611
vn -0.2145 -0.4756 0.8531
vn 0.2496 -0.6541 0.7140
vn -0.3645 0.7047 -0.6087
vn -0.4865 -0.7678 -0.4169
vn 0.4057 0.7817 -0.4737
vn 0.4790 0.2606 -0.8382
vn 0.8068 -0.4801 0.3443
vn 0.6658 -0.6701 0.3280
vn 0.6587 0.0473 0.7509
vn 0.8958 -0.3793 0.2316
vn -0.5120 -0.0599 0.8569
vn 0.1235 0.9922 0.0187
vn 0.4552 0.8903 0.0128
vn -0.1005 0.7239 0.6825
vn -0.4624 0.6603 0.5917
vn -0.4471 0.3172 0.8363
vn 0.7844 -0.0679 -0.6165
vn 0.7177 0.4983 -0.4864
vn 0.4647 -0.3185 -0.8262
vn 0.2782 0.8424 0.4615
vn 0.0137 0.6875 0.7260
vn -0.3314 0.6253 0.7065
vn -0.4780 0.5062 0.7178
vn 0.4579 -0.7592 -0.4626
vn 0.4990 -0.4747 -0.7251
vn 0.2413 -0.4752 -0.8461
vn 0.6787 -0.6688 -0.3034
vn 0.6178 -0.7105 -0.3369
vn -0.3664 -0.3735 -0.8522
vn -0.8517 -0.0332 -0.5230
vn -0.9824 0.0958 0.1604
vn -0.7596 0.4226 0.4945
vn -0.1887 0.5281 0.8279
vn 0.6307 0.1023 0.7692
vn 0.4676 0.0218 -0.8837
vn 0.4675 0.0218 -0.8837
vn -0.3054 -0.2114 0.9285
vn 0.4679 0.0212 -0.8835
vn 0.4672 0.0224 -0.8839
vn -0.3051 -0.2118 0.9285
vn -0.3056 -0.2111 0.9285
vn -0.4129 0.7686 0.4886
vn -0.4592 0.8836 -0.0915
vn -0.4619 0.8837 -0.0763
vn -0.3833 0.7605 0.5241
vn -0.3047 0.4686 0.8292
vn -0.3247 0.4808 0.8145
vn -0.2520 0.3438 0.9046
vn -0.2480 0.3396 0.9073
vn -0.2489 0.4032 0.8806
vn -0.2719 0.4317 0.8601
vn -0.0949 0.4168 0.9040
vn -0.0949 0.4199 0.9026
vn 0.2392 0.2336 0.9425
vn 0.2396 0.2380 0.9412
vn 0.5451 0.0617 0.8361
vn 0.5848 0.0365 0.8104
vn 0.8486 -0.0832 0.5224
vn 0.8716 -0.0704 0.4852
vn 0.9614 -0.0897 0.2601
vn 0.9603 -0.0864 0.2651
vn 0.0970 0.3716 0.9233
vn 0.9377 -0.1807 0.2969
vn 0.2631 0.5409 0.7989
vn 0.7608 -0.4682 0.4493
vn -0.0071 0.2632 0.9647
vn -0.1170 -0.9927 0.0281
vn 0.6510 0.7585 0.0297
vn -0.6480 0.7543 0.1054
vn -0.9460 -0.2734 -0.1742
vn 0.1323 0.3899 0.9113
vn 0.9655 -0.1126 0.2349
vn 0.2934 0.5733 0.7650
vn 0.8193 -0.4093 0.4016
vn 0.0388 0.2753 0.9606
vn -0.0465 -0.9979 0.0450
vn 0.5979 0.8013 -0.0210
vn -0.4138 0.9104 -0.0025
vn -0.6898 0.7100 0.1417
vn -0.9344 -0.3394 -0.1080
vn 0.3084 0.3005 0.9025
vn 0.9970 -0.0757 0.0145
vn 0.4273 0.5078 0.7480
vn 0.9015 -0.3968 0.1727
vn 0.2322 0.1758 0.9566
vn 0.0033 -0.9981 -0.0613
vn 0.5478 0.8350 -0.0526
vn -0.4649 0.8631 0.1971
vn -0.6709 0.6468 0.3626
vn -0.9219 -0.3841 0.0504
vn 0.5375 0.1853 0.8226
vn 0.9651 -0.0648 -0.2538
vn 0.6170 0.4123 0.6704
vn 0.9067 -0.4047 -0.1187
vn 0.4752 0.0537 0.8783
vn -0.0221 -0.9756 -0.2186
vn 0.5336 0.8414 -0.0855
vn -0.3574 0.8410 0.4062
vn -0.5403 0.5864 0.6035
vn -0.8857 -0.3986 0.2379
vn 0.6230 0.1784 0.7616
vn 0.9306 -0.0191 -0.3656
vn 0.6763 0.4132 0.6098
vn 0.9001 -0.3653 -0.2375
vn 0.5723 0.0433 0.8189
vn 0.4907 0.8637 -0.1148
vn -0.4862 0.5447 0.6833
vn -0.8377 -0.4401 0.3233
vn 0.7099 0.1173 0.6945
vn 0.8782 0.0438 -0.4762
vn 0.7405 0.3677 0.5626
vn 0.8690 -0.3144 -0.3821
vn 0.6686 -0.0248 0.7432
vn -0.0345 -0.9486 -0.3146
vn 0.4598 0.8841 -0.0832
vn -0.2868 0.7505 0.5954
vn -0.4057 0.4590 0.7904
vn -0.7845 -0.4936 0.3753
vn 0.8148 0.1414 0.5622
vn 0.7737 0.1210 -0.6219
vn 0.8057 0.3978 0.4389
vn 0.8036 -0.2400 -0.5446
vn 0.7919 -0.0045 0.6107
vn -0.0322 -0.9370 -0.3478
vn 0.3578 0.9272 -0.1107
vn -0.2204 0.7075 0.6715
vn -0.2841 0.4017 0.8706
vn -0.6723 -0.5594 0.4849
vn 0.9145 0.0956 0.3930
vn 0.6302 0.1869 -0.7536
vn 0.8827 0.3624 0.2991
vn 0.6718 -0.1795 -0.7187
vn 0.9005 -0.0548 0.4313
vn -0.1124 -0.9002 -0.4207
vn -0.0704 0.6386 0.7663
vn -0.1064 0.3330 0.9369
vn -0.5634 -0.6094 0.5579
vn 0.0471 0.3085 0.9500
vn 0.9039 -0.2473 0.3490
vn 0.2470 0.4798 0.8419
vn 0.7029 -0.5340 0.4698
vn -0.0648 0.2034 0.9769
vn 0.6656 -0.7140 -0.2171
vn 0.6825 0.7203 0.1242
vn -0.3027 0.9529 0.0192
vn -0.6173 0.7792 0.1088
vn -0.6086 0.5796 -0.5419
vn 0.8915 0.1278 0.4346
vn 0.6472 0.2567 -0.7177
vn 0.8481 0.3965 0.3514
vn 0.7085 -0.1080 -0.6974
vn 0.8847 -0.0248 0.4655
vn 0.0927 -0.1548 -0.9836
vn 0.3080 0.9498 -0.0542
vn -0.1367 0.5971 0.7905
vn -0.1493 0.2644 0.9528
vn -0.7468 0.2096 0.6312
vn 0.8166 -0.2738 0.5080
vn 0.1169 0.4928 0.8622
vn 0.5850 -0.5487 0.5973
vn -0.2259 0.2332 0.9458
vn -0.1996 -0.9784 -0.0531
vn 0.6818 0.6952 0.2278
vn -0.2583 0.9646 -0.0541
vn -0.5912 0.8063 -0.0177
vn -0.8917 -0.1811 -0.4149
vn -0.1962 0.3928 0.8984
vn 0.7364 -0.2811 0.6153
vn 0.0425 0.5373 0.8423
vn 0.4815 -0.5390 0.6911
vn -0.3211 0.2996 0.8984
vn -0.2442 -0.9694 -0.0238
vn 0.6871 0.6748 0.2695
vn -0.1982 0.9707 -0.1360
vn -0.5411 0.8307 -0.1311
vn -0.8460 -0.1635 -0.5075
vn 0.9862 0.0188 -0.1644
vn 0.1400 0.3253 -0.9352
vn 0.9369 0.2985 -0.1820
vn 0.1554 -0.0411 -0.9870
vn 0.9794 -0.1362 -0.1489
vn -0.4148 -0.8044 -0.4253
vn 0.3248 0.9354 -0.1398
vn 0.4274 0.5078 0.7480
vn 0.4627 0.1308 0.8768
vn -0.2339 -0.7033 0.6713
vn -0.0113 0.3408 -0.9401
vn 0.9057 0.2453 -0.3458
vn -0.0294 -0.0244 -0.9993
vn 0.9252 -0.1912 -0.3277
vn -0.5365 -0.7659 -0.3543
vn 0.3649 0.9122 -0.1866
vn 0.5839 0.4352 0.6853
vn 0.6218 0.0789 0.7792
vn -0.1534 -0.7052 0.6922
vn 0.4647 -0.0611 -0.8833
vn -0.5189 0.5566 -0.6488
vn 0.5070 0.2161 -0.8344
vn -0.6594 0.2211 -0.7185
vn 0.4254 -0.2117 -0.8799
vn -0.8064 -0.5911 0.0177
vn 0.3743 0.8822 -0.2856
vn 0.9693 0.1869 0.1597
vn 0.9689 -0.1833 0.1662
vn 0.1517 -0.8291 0.5381
vn 0.9986 0.0522 0.0088
vn 0.2918 0.2799 -0.9146
vn 0.9440 0.3282 -0.0342
vn 0.3280 -0.0879 -0.9406
vn 0.9970 -0.0757 0.0146
vn -0.3526 -0.0837 -0.9320
vn 0.3252 0.9356 -0.1371
vn 0.2630 0.5409 0.7989
vn 0.2966 0.1978 0.9343
vn -0.3833 0.1958 0.9026
vn 0.3522 -0.0288 -0.9355
vn -0.5009 0.6856 -0.5282
vn 0.4390 0.2337 -0.8676
vn -0.6950 0.3809 -0.6098
vn 0.2923 -0.1724 -0.9407
vn -0.8763 -0.4776 0.0634
vn 0.4639 0.8500 -0.2496
vn 0.9977 0.0392 0.0559
vn 0.9447 -0.3265 0.0293
vn 0.0886 -0.8938 0.4396
vn 0.8763 -0.0840 -0.4744
vn -0.1197 0.3814 -0.9166
vn 0.8628 0.2001 -0.4642
vn -0.1720 0.0210 -0.9849
vn 0.8536 -0.2374 -0.4637
vn -0.6344 -0.7129 -0.2988
vn 0.3989 0.8935 -0.2064
vn 0.7045 0.3656 0.6083
vn 0.7297 0.0039 0.6838
vn -0.1038 -0.7230 0.6830
vn 0.5956 -0.0033 -0.8032
vn -0.4760 0.4963 -0.7260
vn 0.5982 0.2766 -0.7521
vn -0.5653 0.1472 -0.8116
vn 0.5737 -0.1576 -0.8038
vn -0.7272 -0.6798 -0.0954
vn 0.3097 0.9206 -0.2378
vn 0.9067 0.2963 0.3003
vn 0.9476 -0.0717 0.3112
vn 0.1630 -0.8086 0.5653
vn -0.0887 0.9742 -0.2073
vn 0.3397 0.2223 -0.9139
vn -0.0067 0.0254 -0.9997
vn -0.9731 0.0264 0.2290
vn 0.8238 0.5238 -0.2168
vn 0.5761 -0.7487 -0.3279
vn -0.3760 -0.9016 0.2137
vn 0.1538 0.0032 -0.9881
vn -0.1254 0.9452 -0.3015
vn 0.3646 0.1794 -0.9137
vn -0.4633 0.8074 -0.3654
vn 0.0031 -0.0721 -0.9974
vn -0.9731 0.0264 0.2291
vn 0.8045 0.5338 -0.2603
vn 0.8549 -0.4805 -0.1954
vn 0.6095 -0.7526 -0.2493
vn -0.3419 -0.8915 0.2973
vn 0.2342 -0.0522 -0.9708
vn -0.3021 0.8530 -0.4257
vn 0.4066 0.1626 -0.8990
vn -0.5905 0.6330 -0.5007
vn 0.1311 -0.1689 -0.9769
vn -0.9730 -0.1833 0.1400
vn 0.7018 0.6654 -0.2543
vn 0.9580 -0.2801 -0.0606
vn 0.7883 -0.6069 -0.1014
vn -0.1618 -0.9128 0.3750
vn 0.1538 0.0031 -0.9881
vn -0.2856 0.9024 -0.3228
vn -0.5916 0.7052 -0.3908
vn 0.0324 -0.0941 -0.9950
vn -0.9672 -0.1452 0.2084
vn 0.7059 0.6614 -0.2536
vn 0.9316 -0.3221 -0.1682
vn 0.7403 -0.6347 -0.2217
vn -0.1836 -0.9335 0.3079
vn -0.1828 0.9271 -0.3271
vn 0.3646 0.1795 -0.9137
vn -0.5086 0.7649 -0.3953
vn 0.0325 -0.0941 -0.9950
vn -0.9778 -0.0359 0.2062
vn 0.7720 0.5823 -0.2549
vn 0.8905 -0.4244 -0.1643
vn 0.6657 -0.7140 -0.2171
vn -0.2869 -0.9061 0.3110
vn 0.2525 -0.0173 -0.9674
vn -0.4032 0.8006 -0.4434
vn 0.4114 0.2052 -0.8881
vn -0.6556 0.5421 -0.5256
vn 0.1563 -0.1393 -0.9778
vn -0.9423 -0.3161 0.1102
vn 0.5932 0.7688 -0.2388
vn 0.9892 -0.1444 -0.0269
vn 0.8679 -0.4917 -0.0699
vn -0.0458 -0.9246 0.3783
vn -0.6169 0.6101 -0.4972
vn -0.9633 -0.2404 0.1191
vn 0.6551 0.7207 -0.2268
vn 0.9731 -0.2248 -0.0499
vn 0.8228 -0.5594 -0.1005
vn -0.1163 -0.9286 0.3524
vn -0.2747 0.5636 -0.7790
vn -0.2419 0.4950 -0.8345
vn 0.0936 -0.1900 -0.9773
vn 0.1085 -0.2423 -0.9641
vn 0.1197 -0.3090 -0.9435
vn 0.0931 -0.2510 -0.9635
vn 0.0547 -0.1184 -0.9915
vn 0.0501 -0.1177 -0.9918
vn -0.0058 0.4820 -0.8761
vn 0.2454 0.5754 -0.7802
vn -0.3982 0.9062 0.1420
vn -0.1435 0.4142 -0.8988
vn -0.9200 -0.0367 0.3901
vn 0.7485 -0.3714 -0.5493
vn 0.4641 -0.5715 -0.6767
vn -0.4126 -0.9063 -0.0915
vn 0.1781 0.1024 -0.9787
vn -0.0216 0.9783 -0.2060
vn 0.0430 0.0282 -0.9987
vn -0.9758 0.0991 0.1948
vn 0.8625 0.4753 -0.1738
vn 0.8140 -0.5405 -0.2128
vn 0.5467 -0.7803 -0.3038
vn -0.4484 -0.8728 0.1926
vn -0.3401 0.8841 -0.3205
vn 0.0970 0.6458 0.7573
vn -0.0735 0.9621 -0.2628
vn -0.2828 0.5356 0.7957
vn -0.4779 0.8125 -0.3337
vn -0.6895 -0.4644 0.5558
vn 0.7212 0.6925 -0.0170
vn 0.4573 0.1988 -0.8668
vn 0.1401 0.0515 -0.9888
vn -0.4406 -0.7494 -0.4942
vn -0.5496 -0.0639 0.8330
vn -0.8083 -0.5005 0.3102
vn -0.6784 -0.6436 -0.3544
vn -0.6548 -0.6243 -0.4260
vn -0.6733 -0.5862 -0.4506
vn -0.7108 0.0639 -0.7005
vn -0.3841 0.7186 -0.5797
vn -0.8468 -0.5320 0.0049
vn -0.6490 -0.6995 0.2990
vn -0.6273 -0.7003 0.3407
vn -0.6416 -0.6184 0.4539
vn -0.6744 -0.5548 0.4872
vn -0.6671 -0.6554 0.3541
vn -0.6671 -0.6555 0.3541
vn -0.6746 -0.7160 0.1799
vn -0.6746 -0.7159 0.1799
vn 0.0756 -0.9826 -0.1696
vn 0.1485 -0.9310 -0.3334
vn 0.0751 -0.9826 -0.1700
vn -0.0675 -0.9858 0.1540
vn -0.1331 -0.9434 0.3036
vn -0.2197 -0.9409 0.2578
vn 0.1643 -0.9848 -0.0560
vn 0.1014 -0.9911 0.0868
vn 0.1015 -0.9910 0.0868
vn 0.2231 -0.9546 -0.1973
vn 0.2231 -0.9546 -0.1974
vn 0.9044 -0.2340 0.3569
vn 0.9328 -0.2239 0.2823
vn 0.9328 -0.2240 0.2825
vn 0.9043 -0.2342 0.3568
vn 0.8701 -0.2427 0.4290
vn 0.8701 -0.2428 0.4289
vn -0.6339 -0.7731 0.0211
vn -0.5682 -0.8222 0.0339
vn -0.7850 -0.6179 0.0450
vn -0.7112 -0.7015 0.0443
vn -0.6756 -0.7356 0.0488
vn 0.1383 0.9728 0.1859
vn 0.1663 0.9782 0.1240
vn 0.1664 0.9782 0.1242
vn 0.1382 0.9728 0.1860
vn 0.1094 0.9628 0.2471
vn 0.1090 0.9628 0.2473
vn -0.8247 -0.5634 0.0501
vn 0.9184 0.0181 0.3952
vn 0.9427 0.0271 0.3324
vn 0.9427 0.0268 0.3326
vn 0.9184 0.0185 0.3952
vn 0.8900 0.0106 0.4558
vn 0.8899 0.0108 0.4560
vn 0.9727 -0.1612 -0.1667
vn 0.9646 -0.1711 -0.2007
vn 0.5111 -0.2673 -0.8169
vn 0.2193 -0.1823 -0.9585
vn -0.1559 -0.0614 -0.9859
vn -0.0579 -0.0287 -0.9979
vn 0.0376 -0.1098 -0.9932
vn 0.0288 -0.1178 -0.9926
vn 0.0177 -0.1387 -0.9902
vn 0.0164 -0.1124 -0.9935
vn 0.0153 -0.1123 -0.9936
vn 0.0192 -0.0744 -0.9970
vn -0.1929 -0.9788 0.0691
vn -0.6694 -0.7209 0.1794
vn -0.6050 -0.7622 0.2305
vn -0.2236 -0.9684 0.1109
vn -0.4124 -0.9096 0.0514
vn -0.5115 -0.8184 0.2621
vn -0.1174 -0.9820 0.1477
vn -0.2915 -0.9512 0.1016
vn -0.1731 -0.9775 0.1202
vn -0.4441 -0.8515 0.2788
vn -0.3790 -0.8768 0.2960
vn -0.3263 -0.9124 0.2470
vn -0.1712 -0.9632 0.2074
vn -0.7142 -0.6947 0.0851
vn -0.1320 -0.9848 0.1126
vn -0.7747 -0.6271 -0.0811
vn -0.7486 -0.6625 -0.0280
vn 0.6209 -0.1026 0.7772
vn -0.2716 0.9048 0.3280
vn 0.8101 -0.3690 0.4555
vn 0.4736 -0.3651 0.8015
vn 0.7186 -0.5135 0.4689
vn -0.8750 0.0049 0.4841
vn 0.7757 -0.3190 0.5446
vn 0.8814 -0.4033 0.2457
vn 0.7559 -0.4414 0.4835
vn 0.8195 -0.5317 0.2139
vn 0.7338 -0.6216 0.2740
vn 0.6647 -0.4849 0.5684
vn -0.5969 0.6220 -0.5069
vn -0.4263 0.7523 -0.5023
vn -0.6994 0.6507 0.2955
vn -0.8205 0.1627 0.5479
vn -0.9084 0.4174 0.0221
vn -0.4692 0.8539 -0.2253
vn -0.8006 0.5990 0.0180
vn -0.4527 0.8780 -0.1555
vn -0.9255 0.3600 -0.1174
vn -0.9255 0.0144 -0.3784
vn -0.9950 0.0696 -0.0711
vn -0.8702 0.2201 -0.4408
vn -0.8260 0.5439 -0.1483
vn -0.7592 0.4390 -0.4806
vn -0.6914 0.7005 -0.1765
vn -0.6927 0.7114 -0.1185
vn -0.8412 0.5349 -0.0791
vn -0.9262 0.3725 -0.0589
vn -0.9975 0.0709 -0.0069
vn -0.8494 0.5274 0.0196
vn -0.7332 0.6775 -0.0583
vn -0.3778 0.8359 0.3982
vn -0.8161 0.4861 0.3126
vn -0.8101 0.5389 0.2307
vn -0.7952 0.5695 0.2084
vn -0.7578 0.6122 0.2259
vn 0.9045 -0.0402 0.4246
vn 0.9179 -0.2022 0.3414
vn 0.9921 0.0063 -0.1255
vn 0.9032 -0.3509 0.2470
vn 0.5488 0.3249 -0.7702
vn 0.4341 0.2616 -0.8620
vn 0.9505 0.1547 -0.2696
vn 0.9405 0.2849 -0.1851
vn 0.9057 0.1002 -0.4119
vn 0.9613 0.0716 -0.2661
vn 0.9371 -0.1389 -0.3202
vn 0.9617 -0.2115 -0.1743
vn 0.8203 -0.5706 0.0406
vn 0.8040 -0.5425 -0.2433
vn 0.3553 -0.9022 -0.2443
vn 0.2971 -0.8773 -0.3771
vn -0.1714 -0.9503 -0.2600
vn -0.2011 -0.8989 -0.3893
vn 0.2974 -0.8606 -0.4134
vn 0.0092 -0.7866 -0.6175
vn 0.7252 -0.4167 -0.5482
vn -0.7251 -0.4597 -0.5128
vn 0.8680 -0.1121 -0.4838
vn 0.2652 -0.8113 -0.5210
vn -0.2116 -0.7343 -0.6450
vn 0.2206 -0.6318 -0.7431
vn -0.4612 -0.3787 -0.8024
vn -0.3019 -0.2921 -0.9075
vn 0.1145 -0.2522 -0.9609
vn 0.5600 -0.3113 -0.7678
vn 0.7113 -0.4490 -0.5408
vn 0.7586 -0.5162 -0.3976
vn 0.5674 -0.0082 -0.8234
vn 0.5567 0.1746 -0.8121
vn 0.9560 -0.1855 -0.2272
vn 0.3784 -0.8415 -0.3856
vn 0.9513 -0.0544 -0.3034
vn 0.8928 -0.1214 -0.4337
vn 0.2970 -0.8773 -0.3771
vn 0.8295 -0.5072 -0.2338
vn 0.1485 -0.9889 0.0027
vn -0.3910 -0.7835 0.4830
vn -0.0679 -0.8091 0.5837
vn -0.0050 -0.9849 0.1733
vn 0.1489 -0.7513 0.6430
vn 0.4803 -0.8765 0.0336
vn 0.5749 -0.6836 0.4496
vn -0.1326 -0.9807 -0.1438
vn -0.8397 -0.4790 0.2557
vn -0.9289 -0.3491 0.1236
vn -0.9084 -0.1901 -0.3724
vn -0.5871 0.4391 -0.6801
vn -0.6385 0.3749 -0.6722
vn -0.8706 0.3601 -0.3353
vn -0.7993 0.1751 -0.5749
vn -0.5233 0.2750 -0.8066
vn -0.4633 0.2015 -0.8630
vn -0.1692 0.2488 -0.9537
vn -0.1126 0.2155 -0.9700
vn -0.0280 0.0971 -0.9949
vn -0.3937 0.0849 -0.9153
vn -0.6755 -0.0074 -0.7373
vn -0.9184 -0.1399 -0.3701
vn -0.8479 0.4872 -0.2091
vn -0.9321 0.3620 -0.0140
vn -0.9585 0.0794 -0.2738
vn -0.7546 0.0831 -0.6509
vn -0.4295 0.1643 -0.8880
vn -0.9999 0.0119 0.0057
vn -0.9836 -0.1752 -0.0434
vn -0.9407 -0.0554 -0.3346
vn -0.6530 -0.7415 0.1543
vn -0.9258 -0.1042 -0.3633
vn -0.7341 -0.5848 0.3451
vn -0.7306 0.0403 -0.6816
vn -0.9683 -0.2181 0.1215
vn -0.6185 -0.7853 0.0271
vn -0.5913 -0.8064 0.0064
vn -0.6761 -0.7359 -0.0378
vn -0.8744 -0.3624 0.3227
vn -0.5085 -0.7967 0.3267
vn -0.8134 -0.5803 -0.0411
vn -0.8478 -0.5291 0.0343
vn -0.8530 -0.5142 0.0887
vn -0.6762 -0.7234 -0.1393
vn -0.9188 -0.2725 0.2856
vn -0.8401 -0.3315 0.4293
vn -0.8427 -0.1106 0.5269
vn -0.6590 -0.2219 0.7187
vn -0.5954 0.0378 0.8025
vn -0.3391 -0.1438 0.9297
vn -0.9634 -0.2638 0.0482
vn -0.7598 -0.6280 -0.1683
vn -0.7423 -0.5543 -0.3765
vn -0.6428 -0.7526 -0.1428
vn -0.7689 -0.6259 0.1306
vn -0.8270 -0.5494 0.1195
vn -0.9035 -0.3745 0.2085
vn -0.8952 -0.4135 -0.1665
vn -0.6256 -0.4379 0.6456
vn -0.6404 -0.3852 0.6644
vn 0.0480 -0.2636 0.9634
vn 0.0600 -0.3034 0.9510
vn -0.3504 -0.3050 0.8856
vn -0.2873 -0.4134 0.8640
vn -0.2636 -0.4646 0.8454
vn -0.6190 -0.4688 0.6302
vn -0.9192 -0.3939 -0.0028
vn -0.6086 -0.5124 0.6059
vn -0.1832 -0.5238 0.8319
vn 0.1771 -0.4908 0.8531
vn 0.1517 -0.4214 0.8941
vn 0.4007 -0.3736 0.8366
vn 0.4241 -0.4355 0.7940
vn 0.1133 -0.3771 0.9192
vn 0.0396 -0.3404 0.9394
vn 0.3961 -0.3376 0.8539
vn 0.7994 -0.5077 0.3211
vn 0.9545 -0.2325 0.1867
vn 0.4755 -0.5680 0.6717
vn 0.9075 -0.1404 0.3958
vn 0.4267 -0.3169 0.8471
vn 0.4667 -0.3663 0.8050
vn 0.5293 -0.4547 0.7163
vn -0.4187 0.0058 0.9081
vn 0.0501 -0.2503 0.9669
vn 0.3522 -0.4819 0.8024
vn -0.3352 -0.8254 0.4542
vn 0.3435 -0.4622 0.8176
vn -0.2782 -0.8559 0.4360
vn 0.2345 -0.4407 0.8665
vn -0.1817 -0.8846 0.4296
vn 0.1742 -0.4096 0.8955
vn -0.1185 -0.8919 0.4363
vn 0.2413 -0.1369 0.9607
vn 0.1991 -0.0400 0.9792
vn 0.2499 -0.0817 0.9648
vn 0.2225 0.4774 0.8501
vn 0.2867 0.3632 0.8865
vn 0.1790 0.7546 0.6313
vn -0.0794 0.7292 0.6797
vn -0.1122 0.8201 0.5611
vn -0.5340 0.5926 0.6031
vn -0.5814 0.6740 0.4557
vn -0.7722 0.4217 0.4752
vn -0.6106 0.7297 0.3077
vn -0.8310 0.4690 0.2992
vn -0.6199 0.7555 0.2120
vn -0.8474 0.4896 0.2056
vn -0.8725 0.4737 0.1199
vn -0.1889 0.9490 0.2524
vn -0.1526 0.8992 0.4101
vn 0.1583 0.8568 0.4908
vn 0.1332 0.9305 0.3411
vn 0.2623 0.7364 0.6237
vn 0.2377 0.8746 0.4227
vn 0.2180 0.9213 0.3221
vn 0.0953 0.9789 0.1810
vn -0.2074 0.9674 0.1453
vn -0.2637 0.9155 -0.3038
vn -0.6190 0.7510 -0.2298
vn -0.8300 0.5231 -0.1937
vn -0.0689 0.9153 -0.3969
vn 0.0621 0.9967 0.0516
vn -0.0285 0.8818 -0.4707
vn 0.1900 0.9713 0.1433
vn 0.1381 0.9899 -0.0319
vn -0.2094 0.5310 -0.8211
vn -0.2099 0.5304 -0.8213
vn -0.2900 0.5363 -0.7926
vn -0.4345 0.4828 -0.7604
vn -0.5277 0.4257 -0.7350
vn -0.2518 0.3495 -0.9025
vn -0.2758 0.3459 -0.8968
vn -0.2958 0.3418 -0.8920
vn -0.3104 0.3394 -0.8880
vn -0.2967 0.3517 -0.8879
vn -0.2950 0.3382 -0.8936
vn -0.2835 0.3194 -0.9042
vn 0.3500 -0.0449 -0.9357
vn 0.4657 0.0672 -0.8824
vn -0.0813 0.1506 -0.9853
vn -0.6187 -0.3002 -0.7261
vn -0.6193 -0.3022 -0.7247
vn -0.5192 -0.3571 -0.7765
vn -0.4095 -0.4102 -0.8149
vn -0.1724 -0.4923 0.8532
vn -0.1226 0.7653 0.6319
vn -0.1256 0.8251 0.5508
vn -0.2555 0.6344 0.7295
vn -0.3056 0.6360 0.7086
vn -0.2120 0.6754 0.7063
vn -0.2096 0.5886 0.7808
vn -0.3620 0.5686 0.7387
vn -0.3012 0.1413 0.9430
vn -0.5425 -0.0070 0.8400
vn -0.2219 -0.4502 0.8649
vn -0.0549 -0.5530 0.8314
vn -0.6363 -0.0632 0.7688
vn 0.5637 -0.6647 0.4903
vn -0.6565 0.4337 0.6172
vn -0.6591 0.5260 0.5376
vn -0.8097 0.4078 0.4221
vn -0.3766 0.6512 0.6588
vn -0.6536 0.6486 0.3900
vn -0.7786 0.6189 0.1033
vn -0.5602 0.7631 -0.3222
vn -0.5858 0.8076 0.0678
vn -0.5143 0.7587 -0.3999
vn -0.7364 0.6652 -0.1236
vn -0.8143 0.5772 0.0621
vn -0.8481 0.4840 0.2157
vn -0.8323 0.3947 0.3893
vn -0.7924 0.3165 0.5216
vn -0.1242 0.6718 -0.7302
vn -0.1584 0.6963 -0.7001
vn -0.4520 0.8619 -0.2298
vn -0.1350 0.7324 -0.6674
vn -0.2157 0.9652 -0.1478
vn 0.1715 0.4899 -0.8547
vn 0.7714 0.0454 -0.6347
vn 0.2162 -0.2337 -0.9480
vn 0.2626 -0.2258 -0.9381
vn 0.0701 0.7267 -0.6833
vn 0.0551 0.7651 -0.6416
vn 0.0403 0.7916 -0.6098
vn 0.0403 0.7915 -0.6098
vn -0.0045 0.7918 -0.6107
vn 0.3080 -0.1806 -0.9341
vn -0.0793 0.9933 -0.0839
vn -0.0932 0.9837 -0.1539
vn -0.0346 0.9618 -0.2716
vn 0.0275 0.9164 -0.3993
vn 0.1424 0.6915 -0.7082
vn 0.2359 0.4166 -0.8779
vn 0.3532 -0.2204 -0.9092
vn 0.3603 0.3407 -0.8684
vn 0.5471 -0.2024 -0.8122
vn 0.7496 -0.1922 -0.6333
vn 0.6021 0.2611 -0.7546
vn 0.2389 0.6780 -0.6952
vn 0.1049 0.8806 -0.4621
vn 0.1878 0.8765 -0.4432
vn 0.1425 0.6914 -0.7082
vn 0.0541 0.8986 -0.4353
vn -0.0378 0.9992 -0.0089
vn -0.1453 0.9890 0.0272
vn -0.2002 0.9696 0.1406
vn -0.1399 0.9629 0.2307
vn -0.3081 0.9347 0.1773
vn -0.2919 0.9096 0.2956
vn -0.1909 0.9136 0.3590
vn -0.2159 0.9323 0.2902
vn -0.0721 0.9495 0.3055
vn -0.0266 0.9971 -0.0718
vn -0.2947 0.7359 0.6096
vn -0.2431 0.8124 0.5300
vn -0.2774 0.8051 0.5243
vn -0.1927 0.8127 0.5499
vn -0.2750 0.8590 0.4318
vn -0.2378 0.8683 0.4354
vn -0.1064 0.8767 0.4691
vn -0.1063 0.8767 0.4691
vn -0.3433 0.8748 0.3419
vn -0.3656 0.7757 0.5144
vn -0.6278 0.7465 0.2205
vn -0.1839 0.2160 0.9589
vn -0.1947 0.4107 0.8907
vn -0.1068 0.6389 0.7619
vn -0.1227 0.7653 0.6319
vn 0.4762 0.7009 0.5310
vn 0.3898 0.6140 0.6864
vn 0.0281 0.9987 -0.0421
vn 0.0658 0.9975 -0.0268
vn 0.1515 0.6174 0.7719
vn 0.4571 0.7315 -0.5060
vn 0.4778 0.8297 -0.2886
vn 0.1438 0.9896 -0.0076
vn 0.1128 0.7234 0.6812
vn 0.0398 0.8562 0.5152
vn -0.0989 0.7335 0.6725
vn 0.3900 0.4063 0.8263
vn 0.3123 0.8200 0.4796
vn 0.2279 0.8338 0.5028
vn 0.1889 0.8005 0.5688
vn 0.5055 0.8600 -0.0700
vn -0.1192 0.3905 0.9129
vn -0.1727 0.0895 0.9809
vn -0.1240 -0.3276 0.9367
vn -0.1235 -0.3691 0.9212
vn -0.0806 -0.5866 0.8058
vn -0.1428 -0.4551 0.8789
vn -0.1243 0.3364 0.9335
vn -0.1011 0.0005 0.9949
vn -0.0747 -0.4202 0.9043
vn -0.0949 -0.0637 0.9934
vn -0.0839 -0.3358 0.9382
vn -0.0529 -0.6052 0.7943
vn 0.1449 -0.9731 0.1790
vn 0.1449 -0.9731 0.1789
vn 0.1818 -0.9592 0.2167
vn -0.0521 -0.0704 0.9962
vn -0.0832 0.3311 0.9399
vn -0.0256 0.3289 0.9440
vn 0.2001 0.9313 0.3045
vn 0.1477 0.8840 0.4435
vn 0.0330 0.7905 0.6115
vn 0.4022 0.2051 0.8923
vn 0.3819 -0.0205 0.9240
vn 0.0065 -0.0810 0.9967
vn 0.0587 -0.4149 0.9080
vn -0.0292 -0.4331 0.9009
vn 0.0473 -0.6498 0.7586
vn 0.1892 -0.6906 0.6981
vn 0.0219 -0.6269 0.7788
vn 0.1448 -0.9731 0.1790
vn 0.2322 -0.9579 0.1690
vn 0.4366 -0.8817 0.1787
vn 0.6711 -0.7247 0.1559
vn 0.5075 -0.6342 0.5833
vn 0.3798 -0.2293 0.8962
vn 0.5696 -0.5900 -0.5723
vn 0.8337 -0.3974 -0.3834
vn 0.5526 -0.7136 -0.4306
vn 0.8491 -0.4738 -0.2337
vn 0.3142 -0.6916 -0.6503
vn 0.2027 -0.8177 -0.5387
vn 0.2817 -0.8051 -0.5221
vn 0.3199 -0.7913 -0.5211
vn 0.2834 -0.8856 -0.3680
vn 0.5355 -0.8020 -0.2646
vn 0.2817 -0.8050 -0.5221
vn 0.8266 -0.4319 0.3608
vn 0.7874 -0.6024 -0.1306
vn 0.9659 -0.2045 0.1588
vn 0.7214 0.0814 0.6877
vn 0.8463 0.0353 0.5315
vn 0.7465 -0.6514 -0.1358
vn 0.9904 -0.0104 0.1376
vn 0.5187 -0.6580 -0.5459
vn 0.9946 -0.0957 0.0396
vn 0.4309 -0.7648 -0.4789
vn 0.4920 -0.7877 -0.3707
vn 0.9963 0.0193 0.0835
vn 0.7729 -0.4489 -0.4485
vn 0.8821 0.4707 -0.0193
vn 0.7665 0.6411 -0.0389
vn 0.9062 0.1177 -0.4062
vn 0.9983 -0.0442 -0.0380
vn 0.9946 -0.0958 0.0396
vn 0.8485 0.2805 0.4487
vn 0.8649 0.4292 0.2604
vn 0.9014 -0.4257 -0.0798
vn -0.3259 0.9453 -0.0120
vn -0.0744 0.9360 0.3439
vn -0.4002 0.8905 0.2163
vn -0.0931 0.8430 0.5298
vn -0.0267 0.8257 0.5634
vn 0.0461 0.9985 0.0290
vn -0.4411 0.7612 0.4754
vn -0.4541 0.5638 0.6899
vn 0.2967 0.7245 0.6222
vn -0.4240 0.3648 0.8289
vn 0.4825 0.8631 0.1491
vn -0.0355 0.9036 0.4270
vn -0.1464 0.4092 0.9006
vn -0.0305 0.3754 0.9264
vn -0.0235 0.6835 0.7295
vn -0.1215 0.6672 0.7349
vn 0.4025 -0.7349 -0.5458
vn 0.1895 -0.8966 -0.4003
vn 0.1613 -0.8217 -0.5466
vn 0.2107 -0.7201 -0.6611
vn 0.3865 -0.8453 -0.3690
vn 0.4110 0.8268 0.3840
vn 0.5643 0.6907 0.4521
vn 0.8773 0.4509 -0.1646
vn 0.7184 0.5931 -0.3636
vn 0.9757 0.2014 0.0868
vn 0.9686 0.1164 0.2195
vn 0.9493 0.0673 0.3070
vn 0.9493 0.0674 0.3070
vn 0.7975 -0.0907 0.5965
vn 0.6137 -0.1962 0.7648
vn 0.2622 -0.8716 -0.4142
vn 0.3859 -0.3228 -0.8642
vn 0.4349 -0.3303 -0.8377
vn 0.3509 -0.8553 -0.3813
vn 0.3859 -0.3229 -0.8642
vn 0.3863 -0.8453 -0.3691
vn 0.7260 -0.0754 -0.6836
vn 0.7875 -0.6024 -0.1306
vn 0.8665 0.1325 -0.4813
vn 0.8665 0.1326 -0.4813
vn 0.5589 -0.4777 0.6778
vn 0.3863 -0.7414 0.5487
vn 0.1394 -0.9288 0.3434
vn 0.0935 -0.9503 0.2968
vn 0.0694 -0.9607 0.2687
vn 0.0936 -0.9503 0.2968
vn 0.4800 -0.3162 -0.8183
vn 0.6172 -0.6613 -0.4263
vn 0.5794 -0.7681 -0.2728
vn 0.8312 -0.5494 -0.0853
vn 0.5322 -0.8404 -0.1026
vn 0.7749 -0.6300 0.0515
vn 0.6126 -0.7299 0.3031
vn 0.9249 -0.1758 0.3370
vn 0.7499 -0.3724 0.5468
vn 0.5587 0.1745 0.8108
vn 0.3742 -0.5708 0.7309
vn 0.1986 -0.1623 0.9665
vn 0.2411 0.0367 0.9698
vn 0.8491 -0.4738 -0.2336
vn 0.7946 -0.2422 -0.5568
vn 0.6419 -0.2855 -0.7116
vn 0.3236 -0.9209 -0.2174
vn 0.3579 -0.8734 0.3303
vn 0.1855 -0.9357 0.3002
vn 0.9963 -0.0311 0.0800
vn 0.9741 -0.0848 0.2096
vn 0.7679 0.4529 0.4530
vn 0.7141 0.3849 0.5847
vn 0.9415 0.0448 0.3339
vn 0.9642 -0.0098 0.2649
vn 0.9620 0.0975 0.2550
vn 0.7765 0.5295 0.3414
vn 0.9039 0.4275 0.0127
vn 0.7942 -0.6031 0.0738
vn 0.6141 -0.6972 -0.3698
vn 0.5124 -0.8013 -0.3089
vn 0.5597 -0.8142 -0.1544
vn 0.8490 -0.4739 -0.2338
vn 0.5054 0.8600 -0.0699
vn 0.5822 0.7264 -0.3651
vn 0.6284 0.2319 -0.7425
vn -0.2583 -0.3551 0.8985
vn -0.2469 -0.2723 0.9300
vn -0.2740 0.3183 0.9075
vn -0.2528 -0.2165 0.9430
vn -0.2632 0.0891 0.9606
vn -0.3108 0.1825 0.9328
vn -0.2528 -0.2164 0.9430
vn -0.3091 0.3028 0.9015
vn -0.2638 0.6791 0.6850
vn -0.4130 0.2321 0.8806
vn -0.3524 0.4586 0.8158
vn -0.2690 0.4512 0.8509
vn -0.2530 0.0157 0.9673
vn -0.2623 0.4187 0.8694
vn -0.1839 -0.0089 0.9829
vn -0.1946 0.4108 0.8907
vn -0.1190 0.3905 0.9129
vn -0.1304 -0.0311 0.9910
vn -0.0625 0.4307 0.9003
vn 0.1475 0.9140 0.3779
vn 0.2694 0.9263 0.2634
vn -0.2213 0.7155 0.6627
vn -0.3743 0.6775 0.6332
vn -0.3827 0.7092 0.5921
vn -0.2619 0.7603 0.5945
vn -0.3667 0.8025 0.4707
vn -0.1955 0.8648 0.4625
vn -0.3454 0.8531 0.3910
vn -0.3241 0.8948 0.3071
vn -0.2145 0.8341 0.5082
vn 0.4746 0.7606 0.4431
vn 0.5289 0.7178 0.4528
vn 0.1238 0.8609 0.4934
vn 0.1152 0.8156 0.5670
vn -0.0267 0.9361 0.3507
vn -0.0115 0.8436 0.5369
vn 0.4198 0.6960 0.5826
vn 0.1478 0.8840 0.4435
vn -0.1575 0.9236 0.3495
vn -0.1908 0.9136 0.3590
vn -0.9097 0.3573 0.2114
vn -0.7960 0.6004 -0.0770
vn -0.6930 0.6858 0.2223
vn -0.6414 0.7659 0.0440
vn -0.3764 0.8540 0.3591
vn -0.3268 0.9176 0.2265
vn -0.1675 0.9533 0.2513
vn -0.2752 0.9477 0.1614
vn -0.2442 0.9586 0.1464
vn -0.1167 0.9772 0.1771
vn -0.0829 0.9855 0.1483
vn -0.8310 0.5494 -0.0874
vn -0.7150 0.6632 -0.2212
vn -0.2752 0.9604 0.0429
vn -0.1184 0.9869 0.1097
vn -0.1876 0.9822 0.0006
vn -0.0110 0.9922 -0.1244
vn 0.0078 0.9875 -0.1575
vn 0.1389 0.8411 -0.5227
vn 0.2127 0.8253 -0.5231
vn -0.7251 0.6358 -0.2645
vn -0.0346 0.9618 -0.2715
vn -0.0064 0.9803 -0.1976
vn -0.1439 0.9522 -0.2693
vn -0.3982 0.8281 -0.3946
vn -0.5121 0.7194 -0.4692
vn -0.4917 0.7009 -0.5168
vn 0.1400 0.7202 -0.6795
vn -0.0356 0.6562 -0.7538
vn 0.2359 0.4166 -0.8780
vn 0.2705 0.4349 -0.8589
vn 0.2821 0.4848 -0.8279
vn 0.3115 0.5042 -0.8054
vn 0.2369 0.6043 -0.7607
vn 0.1916 0.6507 -0.7347
vn 0.3181 0.3768 -0.8699
vn 0.2869 0.5798 -0.7626
vn 0.3752 0.5731 -0.7285
vn 0.4911 0.2899 -0.8214
vn 0.4838 0.6584 0.5765
vn 0.2540 0.8829 0.3950
vn 0.3119 0.6840 0.6594
vn 0.3078 0.4961 0.8119
vn -0.1093 0.7908 0.6023
vn 0.1467 0.6682 0.7294
vn 0.0162 0.9021 0.4313
vn 0.0835 0.7795 0.6208
vn 0.1971 0.9767 -0.0854
vn 0.0787 0.9859 -0.1477
vn 0.1513 0.9810 -0.1212
vn -0.3441 0.9192 -0.1916
vn -0.0960 0.9686 0.2294
vn -0.1564 0.8809 0.4467
vn -0.5090 0.8028 0.3106
vn -0.5570 0.6293 0.5419
vn -0.2038 0.7417 0.6390
vn -0.5513 0.4430 0.7070
vn -0.1455 0.7422 0.6542
vn -0.1891 0.4933 0.8491
vn -0.1064 0.8767 0.4692
vn -0.0513 0.9613 0.2707
vn 0.0508 0.9959 -0.0743
vn 0.4684 -0.8552 -0.2220
vn 0.4888 -0.7624 -0.4241
vn 0.2326 -0.9356 -0.2658
vn 0.2223 -0.8765 -0.4271
vn 0.2817 -0.8051 -0.5220
vn -0.7269 -0.0074 0.6867
vn -0.7252 0.4946 0.4790
vn -0.8763 0.3206 0.3596
vn -0.8802 0.4051 0.2474
vn -0.3843 0.7409 0.5509
vn -0.4241 0.6496 0.6310
vn -0.6337 0.1068 0.7662
vn -0.7229 -0.0650 0.6879
vn -0.8997 0.2539 0.3551
vn -0.1568 -0.3534 0.9223
vn -0.2058 -0.3279 0.9220
vn -0.1267 -0.5592 0.8193
vn -0.0969 0.9088 -0.4057
vn -0.3900 0.9140 0.1117
vn -0.1386 0.9206 -0.3651
vn -0.4043 0.9074 0.1148
vn -0.5483 0.7230 0.4202
vn -0.5018 0.7867 0.3597
vn -0.5647 0.6622 0.4926
vn -0.5500 0.6670 0.5026
vn -0.5678 0.5927 0.5712
vn -0.5551 0.5291 0.6418
vn -0.5586 0.5204 0.6459
vn -0.6273 0.6573 0.4177
vn -0.5559 0.5842 0.5913
vn -0.6879 0.6684 0.2829
vn -0.4760 0.8773 -0.0612
vn -0.0041 0.8677 -0.4970
vn 0.1183 0.7448 -0.6567
vn 0.0492 0.7808 -0.6228
vn 0.0200 0.7558 -0.6545
vn -0.3227 0.9463 0.0190
vn -0.4543 0.8442 0.2846
vn -0.5325 0.6955 0.4824
vn -0.0042 0.8050 -0.5932
vn 0.1214 0.7238 -0.6792
vn -0.4562 0.8627 -0.2181
vn -0.7550 0.6260 0.1952
vn -0.7323 0.6099 0.3030
vn -0.6765 0.5571 0.4817
vn -0.5953 0.4668 0.6540
vn -0.7821 0.4842 0.3922
vn -0.7764 0.3616 0.5161
vn -0.7489 0.2393 0.6179
vn -0.8075 0.4683 0.3588
vn -0.7661 0.6124 0.1949
vn -0.5297 0.8135 -0.2401
vn -0.0974 0.7610 -0.6414
vn 0.0997 0.7133 -0.6938
vn 0.7475 0.3873 -0.5397
vn 0.7461 0.3873 -0.5416
vn 0.6688 0.2425 -0.7028
vn 0.4733 0.2835 -0.8340
vn -0.7635 0.2079 0.6114
vn -0.7354 0.6731 0.0785
vn -0.5180 0.8082 -0.2801
vn -0.0950 0.7606 -0.6422
vn 0.0781 0.7000 -0.7099
vn 0.7065 0.3241 -0.6291
vn 0.6604 0.2784 -0.6974
vn 0.6847 -0.2315 0.6911
vn 0.8179 -0.0645 0.5717
vn 0.9140 0.1723 0.3674
vn 0.9280 0.2456 0.2802
vn 0.9167 0.3349 0.2180
vn 0.9167 0.3350 0.2180
vn 0.8070 0.5900 0.0258
vn 0.8070 0.5901 0.0258
vn 0.6664 0.7423 -0.0703
vn 0.8683 -0.4062 -0.2845
vn 0.5380 -0.6036 -0.5884
vn 0.3213 0.0550 0.9454
vn 0.6539 -0.3677 -0.6612
vn 0.3541 -0.4580 -0.8154
vn 0.6052 -0.4950 -0.6235
vn 0.3242 -0.5853 -0.7431
vn 0.3685 -0.6611 -0.6536
vn 0.6521 -0.5535 -0.5181
vn 0.5649 -0.4195 -0.7106
vn 0.8689 -0.1443 -0.4736
vn 0.3102 0.9110 0.2718
vn -0.2509 0.7511 0.6106
vn -0.4975 0.8200 0.2829
vn -0.5710 0.6806 0.4590
vn -0.2408 0.8959 0.3733
vn -0.1670 0.7711 0.6144
vn -0.1728 0.9151 0.3643
vn -0.1328 0.6437 0.7536
vn -0.1768 0.4764 0.8612
vn 0.3357 0.2469 0.9091
vn 0.1453 0.6966 0.7026
vn 0.0273 0.6647 0.7466
vn 0.0235 0.6233 0.7817
vn 0.0512 0.5785 0.8141
vn -0.5629 0.2757 0.7792
vn 0.1372 0.5280 0.8381
vn -0.4984 0.0700 0.8641
vn -0.2015 0.6078 0.7681
vn 0.3015 0.8371 0.4564
vn -0.1769 0.7201 0.6709
vn -0.2168 0.1474 0.9650
vn -0.1343 0.5746 0.8073
vn -0.1489 0.1346 0.9796
vn -0.2407 0.4192 0.8754
vn -0.1846 0.4278 0.8848
vn -0.2539 0.5994 0.7591
vn 0.9935 0.0844 0.0763
vn 0.9819 0.1595 0.1024
vn 0.7914 0.4045 0.4584
vn 0.9859 0.0856 0.1439
vn 0.8909 -0.0368 0.4527
vn 0.4613 -0.2683 0.8457
vn 0.7627 -0.0529 0.6446
vn 0.4839 -0.4707 0.7377
vn 0.6520 -0.6504 0.3898
vn 0.9036 -0.3182 0.2868
vn 0.8086 -0.5863 -0.0493
vn 0.9830 -0.0499 0.1769
vn 0.7942 0.2634 0.5476
vn 0.2878 0.1018 -0.9522
vn 0.3613 -0.5793 -0.7306
vn 0.4408 -0.4223 -0.7920
vn 0.4319 -0.5558 -0.7103
vn 0.6683 -0.4543 -0.5891
vn 0.4458 -0.6650 -0.5992
vn 0.6417 -0.5898 -0.4902
vn 0.4154 -0.8985 -0.1420
vn 0.5774 -0.8093 -0.1075
vn 0.8864 -0.3891 -0.2507
vn 0.9886 0.1044 0.1088
vn 0.7938 0.4971 0.3504
vn 0.8693 0.4894 0.0686
vn 0.3137 -0.9398 -0.1355
vn 0.6375 -0.3258 -0.6981
vn 0.7323 0.6724 0.1079
vn 0.9776 0.2096 -0.0212
vn 0.8859 0.3863 -0.2567
vn 0.4252 0.9032 -0.0584
vn 0.4494 0.8516 -0.2698
vn 0.6161 0.5711 -0.5425
vn 0.7905 0.1189 -0.6008
vn 0.8688 -0.1443 -0.4737
vn 0.9028 -0.2548 -0.3463
vn 0.5585 0.1142 -0.8216
vn 0.3903 0.0962 -0.9157
vn 0.9109 0.4097 -0.0499
vn 0.9109 0.4096 -0.0499
vn 0.8135 0.5334 -0.2317
vn 0.9515 0.2108 0.2239
vn 0.9327 0.1491 0.3283
vn 0.9327 0.1490 0.3284
vn 0.8986 0.0995 0.4273
vn 0.7271 -0.0169 0.6863
vn 0.5422 -0.0995 0.8343
vn 0.6052 -0.4949 -0.6235
vn 0.4550 -0.8880 -0.0663
vn 0.5166 -0.8540 -0.0618
vn 0.6831 -0.4705 -0.5586
vn 0.6541 -0.7246 0.2173
vn 0.8585 -0.3738 -0.3510
vn 0.7338 -0.5682 0.3725
vn 0.9888 -0.1161 -0.0934
vn 0.7021 -0.6085 0.3697
vn 0.9803 -0.1502 -0.1282
vn 0.7026 -0.6433 0.3042
vn 0.6934 -0.6719 0.2603
vn 0.4488 0.1801 -0.8753
vn -0.2452 0.3531 0.9029
vn 0.4211 0.6029 0.6777
vn 0.3757 0.6479 0.6626
vn 0.3080 0.6568 0.6883
vn 0.0222 0.7779 0.6280
vn 0.1602 -0.6506 0.7423
vn 0.0353 -0.3525 0.9351
vn 0.0698 -0.6665 0.7423
vn -0.0555 -0.3026 0.9515
vn -0.0996 -0.3154 0.9437
vn -0.1997 0.0512 0.9785
vn -0.3017 0.0559 0.9517
vn -0.1420 0.0407 0.9890
vn -0.1422 0.0409 0.9890
vn -0.0656 0.0903 0.9938
vn -0.0638 0.7059 0.7054
vn 0.3333 -0.8280 0.4509
vn 0.1917 -0.8515 0.4880
vn 0.0202 -0.6560 0.7545
vn -0.1926 -0.2904 0.9373
vn -0.3043 -0.2216 0.9264
vn -0.1374 -0.5972 0.7902
vn -0.1617 -0.5637 0.8100
vn 0.0772 -0.8189 0.5687
vn 0.0791 -0.8044 0.5888
vn -0.0606 -0.6339 0.7711
vn 0.1418 -0.8419 0.5207
vn 0.4279 0.5282 0.7334
vn 0.2840 0.4967 0.8201
vn 0.3987 0.4899 0.7753
vn 0.3438 0.5789 0.7393
vn -0.2730 0.5224 0.8078
vn -0.3762 0.3355 0.8637
vn -0.4514 0.0637 0.8900
vn -0.3981 -0.0867 0.9132
vn -0.1633 -0.5682 0.8065
vn 0.0289 -0.7853 0.6185
vn -0.0014 0.9931 -0.1176
vn -0.0921 0.9932 -0.0707
vn -0.1648 0.9477 0.2732
vn -0.1649 0.9477 0.2732
vn -0.2559 0.7877 0.5604
vn -0.2764 0.6632 0.6956
vn -0.3035 0.6089 0.7329
vn -0.4051 0.4850 0.7750
vn -0.5259 0.2831 0.8021
vn -0.5155 0.1875 0.8361
vn -0.4258 -0.0375 0.9040
vn -0.3756 -0.6501 0.6605
vn -0.0394 -0.7871 0.6156
vn -0.5026 0.2928 0.8134
vn -0.5659 0.3306 0.7553
vn -0.3524 0.0207 0.9356
vn -0.3138 -0.4026 0.8599
vn 0.0455 -0.7200 0.6925
vn -0.5238 0.4100 0.7467
vn -0.5704 0.4196 0.7061
vn -0.3523 0.3736 0.8581
vn -0.4593 0.1159 0.8807
vn -0.2967 -0.4760 0.8279
vn 0.0858 -0.6859 0.7226
vn -0.3025 -0.4717 0.8283
vn -0.6443 -0.0201 0.7645
vn -0.5109 0.3796 0.7713
vn -0.4471 0.4909 0.7477
vn -0.1044 0.9070 -0.4081
vn -0.2296 0.9722 -0.0469
vn -0.3280 0.9021 0.2803
vn -0.3915 0.7536 0.5281
vn -0.4166 0.6482 0.6374
vn -0.4190 0.5751 0.7026
vn 0.0810 0.7113 -0.6982
vn 0.1182 0.8904 -0.4396
vn 0.2922 0.6682 -0.6842
vn 0.1401 0.7044 -0.6958
vn 0.0158 0.8950 -0.4458
vn -0.1385 0.9874 -0.0770
vn -0.2239 0.9329 0.2820
vn -0.0328 0.9012 -0.4321
vn -0.0901 0.9415 0.3248
vn 0.0439 0.4138 0.9093
vn -0.0530 0.5168 0.8545
vn -0.2224 0.9715 -0.0821
vn -0.3454 0.8532 0.3910
vn -0.3666 0.8025 0.4707
vn -0.3848 0.7410 0.5503
vn -0.1382 0.9874 0.0774
vn 0.0032 0.9493 -0.3142
vn -0.0727 0.9607 -0.2678
vn -0.1637 0.9677 -0.1917
vn -0.2712 0.9568 0.1050
vn -0.3433 0.8747 0.3420
vn -0.3667 0.8024 0.4707
vn -0.3842 0.7409 0.5509
vn -0.3570 0.6275 0.6920
vn -0.5154 0.5804 0.6306
vn -0.3910 0.5879 0.7081
vn -0.3742 0.6775 0.6332
vn -0.2184 0.7788 0.5881
vn -0.2142 0.8343 0.5079
vn -0.1909 0.9138 0.3586
vn -0.7394 0.3045 0.6005
vn -0.6678 0.3643 0.6490
vn -0.6839 0.4822 0.5475
vn -0.5020 0.4508 0.7381
vn -0.3423 0.5201 0.7825
vn -0.2209 0.7154 0.6629
vn -0.1092 0.7908 0.6023
vn -0.0932 0.8429 0.5299
vn -0.0688 0.9222 0.3805
vn -0.2973 0.2420 0.9236
vn -0.4300 0.1632 0.8879
vn -0.5758 0.1036 0.8110
vn -0.6135 0.0301 0.7891
vn -0.2685 -0.4148 0.8694
vn -0.2043 -0.3689 0.9067
vn 0.0219 -0.5918 0.8058
vn 0.0218 -0.6269 0.7788
vn 0.0019 -0.6739 0.7388
vn -0.2672 0.1915 0.9444
vn -0.3073 0.3486 0.8855
vn -0.2094 0.5887 0.7808
vn 0.4993 0.6764 0.5414
vn 0.5290 0.7178 0.4527
vn 0.2095 0.7707 0.6018
vn -0.0852 0.6064 0.7906
vn -0.1765 0.3274 0.9282
vn -0.2156 0.0463 0.9754
vn 0.5888 -0.7353 0.3358
vn 0.7396 -0.4675 0.4841
vn 0.7217 -0.5235 0.4529
vn 0.6729 -0.6079 0.4215
vn 0.5644 0.6906 0.4522
vn 0.4365 0.7992 0.4133
vn -0.0832 0.3312 0.9399
vn -0.0257 0.3289 0.9440
vn -0.1234 -0.3691 0.9212
vn -0.0521 -0.0703 0.9962
vn 0.0095 0.3312 0.9435
vn 0.0602 0.3345 0.9405
vn 0.0837 -0.1445 0.9860
vn -0.0083 -0.4592 0.8883
vn 0.2808 -0.9538 0.1067
vn 0.3389 -0.9309 0.1362
vn 0.2347 0.7365 0.6344
vn 0.4587 0.8652 0.2026
vn -0.0222 0.8717 0.4895
vn 0.0259 0.7580 0.6517
vn 0.4021 0.2051 0.8923
vn 0.4633 -0.1284 0.8768
vn 0.1342 -0.4827 0.8654
vn 0.5636 -0.6647 0.4904
vn 0.4416 -0.3534 0.8247
vn 0.1145 -0.7336 0.6698
vn 0.2435 -0.7481 0.6173
vn 0.6880 -0.7254 0.0202
vn 0.4317 -0.9001 0.0584
vn 0.2661 -0.9620 0.0613
vn 0.1567 -0.9850 0.0725
vn -0.0403 0.6338 0.7724
vn -0.0320 0.7934 0.6078
vn -0.0829 0.9855 0.1484
vn -0.0235 0.6835 0.7296
vn -0.3572 0.9283 0.1032
vn 0.0152 0.9878 0.1550
vn -0.0905 0.9040 0.4178
vn 0.0163 0.9021 0.4312
vn -0.1094 0.7908 0.6022
vn -0.4331 0.5347 0.7256
vn -0.3976 0.3426 0.8512
vn -0.1191 0.3905 0.9129
vn -0.4310 0.7245 0.5379
vn -0.4102 0.8576 0.3103
vn -0.0305 0.3754 0.9263
vn 0.3297 0.7926 0.5129
vn 0.4476 0.3773 0.8107
vn 0.3764 -0.7945 -0.4765
vn 0.7443 -0.6244 -0.2370
vn 0.4997 -0.6236 -0.6012
vn 0.1886 -0.6867 -0.7021
vn 0.1671 -0.7855 -0.5958
vn 0.1720 -0.8619 -0.4770
vn 0.4890 -0.7623 -0.4240
vn 0.4267 -0.6575 -0.6210
vn 0.7652 -0.4052 -0.5004
vn 0.9012 0.3237 0.2883
vn 0.9983 -0.0441 -0.0379
vn 0.9901 -0.1305 -0.0517
vn 0.9983 -0.0578 -0.0004
vn 0.7986 -0.0046 0.6019
vn 0.8777 -0.3943 0.2724
vn 0.9814 -0.1642 0.0997
vn 0.6006 0.1484 -0.7857
vn 0.3855 -0.0665 -0.9203
vn 0.4812 -0.7094 -0.5150
vn 0.3236 -0.1167 -0.9390
vn 0.2007 -0.1704 -0.9647
vn 0.2068 -0.7809 -0.5894
vn 0.2008 -0.1704 -0.9647
vn 0.2984 -0.6584 -0.6910
vn 0.2787 -0.7674 -0.5774
vn 0.4804 -0.7097 -0.5154
vn 0.2875 -0.8494 -0.4426
vn 0.4920 -0.7877 -0.3708
vn 0.7732 -0.5950 -0.2193
vn 0.9983 -0.0580 -0.0006
vn 0.5054 -0.5809 -0.6380
vn 0.3079 -0.1806 -0.9341
vn 0.4765 -0.1739 -0.8618
vn 0.7199 -0.1710 -0.6727
vn 0.7874 -0.3935 -0.4746
vn 0.8008 -0.4916 -0.3423
vn 0.9004 0.4010 0.1688
vn 0.9443 0.2972 -0.1414
vn 0.5434 0.7750 -0.3226
vn 0.8552 0.5058 -0.1133
vn 0.5481 0.6683 -0.5030
vn 0.6362 0.3096 -0.7067
vn 0.9098 0.1473 -0.3879
vn 0.9901 0.0264 -0.1381
vn 0.8773 0.4509 -0.1645
vn 0.7359 0.5971 -0.3191
vn 0.9790 0.1387 0.1495
vn 0.9790 0.1387 0.1496
vn 0.9617 0.0519 0.2691
vn 0.8362 -0.0974 0.5397
vn 0.8362 -0.0973 0.5397
vn 0.6826 -0.1995 0.7030
vn 0.1982 0.5610 0.8037
vn 0.0111 0.9977 0.0663
vn 0.0471 0.9961 0.0748
vn 0.3066 0.4310 -0.8486
vn 0.1960 0.7309 -0.6538
vn 0.1372 0.9190 -0.3695
vn 0.0950 0.9911 0.0929
vn 0.1147 0.6872 0.7174
vn 0.5646 0.5857 0.5816
vn 0.0591 0.9430 -0.3275
vn 0.1062 0.7470 -0.6562
vn -0.0044 0.7918 -0.6107
vn 0.0552 0.5705 -0.8194
vn -0.0505 0.8193 -0.5711
vn 0.0551 0.5705 -0.8194
vn 0.7311 0.2376 -0.6396
vn 0.0747 0.5997 -0.7967
vn 0.7559 0.3328 -0.5638
vn 0.0748 0.5997 -0.7967
vn 0.7560 0.3328 -0.5637
vn -0.0920 0.6876 -0.7203
vn 0.6950 0.1340 -0.7064
vn -0.8228 0.5522 0.1347
vn -0.7729 0.6345 -0.0093
vn -0.5144 0.7587 -0.3998
vn -0.5191 0.7896 -0.3271
vn -0.4793 0.8398 -0.2552
vn -0.6443 0.7439 0.1777
vn -0.0505 0.8194 -0.5711
vn -0.0163 0.7711 -0.6365
vn -0.0495 0.7143 -0.6981
vn -0.3439 0.9193 -0.1915
vn -0.4792 0.8397 0.2556
vn -0.6610 0.6980 0.2756
vn -0.7840 0.5203 0.3385
vn -0.7737 0.4203 0.4740
vn -0.4946 0.7946 0.3521
vn -0.5112 0.7012 0.4969
vn -0.6808 0.6022 0.4170
vn -0.3490 0.3874 0.8533
vn 0.0790 -0.0436 0.9959
vn 0.1419 0.0760 0.9870
vn -0.4385 0.3002 0.8471
vn -0.6155 -0.1194 0.7790
vn -0.1124 -0.4744 0.8731
vn 0.6747 -0.0999 0.7313
vn 0.5835 -0.2609 0.7691
vn 0.7886 -0.4713 0.3950
vn 0.4981 -0.3950 0.7719
vn 0.2202 -0.6795 0.6998
vn -0.2469 -0.7940 0.5555
vn -0.6436 -0.5849 0.4937
vn -0.3808 -0.0413 0.9237
vn -0.0532 0.1481 0.9875
vn 0.0461 0.1370 0.9895
vn -0.0031 0.2270 0.9739
vn -0.0276 0.5770 0.8163
vn -0.7528 -0.3426 0.5620
vn 0.6793 -0.6040 0.4169
vn 0.2745 -0.8474 0.4544
vn 0.7284 -0.6493 0.2186
vn 0.8255 -0.5353 0.1786
vn 0.0205 0.9466 0.3218
vn 0.2538 0.9294 0.2678
vn -0.1065 0.7367 0.6678
vn 0.4517 0.3968 0.7990
vn 0.2225 0.1682 0.9603
vn 0.7870 0.1199 0.6052
vn 0.8704 -0.3160 0.3775
vn 0.9009 -0.3993 0.1703
vn 0.5968 -0.4844 -0.6396
vn 0.2659 -0.9636 -0.0295
vn 0.2786 -0.9165 0.2871
vn 0.5340 -0.8080 0.2491
vn 0.6692 0.6297 0.3946
vn 0.9460 0.1520 0.2864
vn 0.9887 0.1115 0.0999
vn 0.7721 0.0650 -0.6321
vn 0.8472 -0.1906 -0.4960
vn 0.7174 -0.1147 0.6872
vn 0.4232 -0.7680 0.4808
vn 0.3672 -0.7573 0.5401
vn 0.6841 -0.1190 0.7196
vn 0.6322 0.6004 0.4897
vn 0.6883 0.5810 0.4343
vn 0.0618 -0.2834 0.9570
vn -0.3319 0.8664 -0.3730
vn -0.3646 0.8641 -0.3471
vn -0.6779 0.5017 -0.5374
vn -0.8369 -0.2650 -0.4789
vn -0.8336 -0.1301 -0.5367
vn -0.8011 0.1195 -0.5864
vn -0.7148 0.3791 -0.5877
vn 0.0905 0.9941 -0.0591
vn 0.0582 0.9905 -0.1245
vn -0.2674 0.9124 -0.3099
vn 0.0296 0.9635 -0.2660
vn 0.0354 0.9689 -0.2447
vn 0.3094 0.8826 -0.3539
vn -0.6832 0.2315 -0.6925
vn 0.1916 0.9805 0.0445
vn 0.2931 0.9550 -0.0447
vn 0.5500 0.7833 -0.2896
vn 0.6669 0.7289 -0.1549
vn 0.3989 0.8960 -0.1949
vn 0.6772 0.7350 -0.0354
vn 0.7073 0.7034 0.0707
vn 0.4131 0.9096 -0.0437
vn 0.0682 0.9942 -0.0834
vn -0.3866 0.9219 -0.0234
vn -0.8732 0.4575 0.1682
vn -0.8958 0.3285 0.2993
vn 0.0562 0.9868 -0.1517
vn -0.7003 0.4663 0.5405
vn -0.6659 0.4567 0.5900
vn -0.6463 0.7555 -0.1076
vn -0.7837 0.4146 0.4625
vn -0.3330 0.9271 -0.1721
vn -0.3683 0.9154 -0.1627
vn -0.3680 0.9262 -0.0826
vn -0.6768 0.5544 0.4844
vn -0.5886 0.6240 0.5140
vn -0.8834 0.4599 -0.0898
vn -0.9628 0.2651 -0.0528
vn -0.9644 0.1597 -0.2109
vn -0.9817 -0.0885 -0.1684
vn -0.7712 -0.4950 -0.4003
vn -0.7360 -0.6414 -0.2167
vn -0.6808 -0.6008 -0.4189
vn -0.3964 -0.9041 -0.1593
vn -0.4622 -0.8805 -0.1048
vn -0.9111 -0.4088 -0.0521
vn -0.7166 -0.4024 -0.5697
vn -0.8234 -0.2612 -0.5038
vn -0.9107 0.3751 -0.1733
vn -0.8437 0.5280 -0.0970
vn -0.8718 0.4661 -0.1509
vn -0.8558 -0.0280 -0.5165
vn -0.7135 -0.2487 -0.6550
vn -0.8531 0.1159 -0.5088
vn -0.7286 -0.0688 -0.6814
vn -0.7431 0.0916 -0.6628
vn -0.7593 -0.5393 -0.3642
vn -0.8161 0.2710 -0.5104
vn -0.8048 0.5824 -0.1144
vn -0.7814 0.6182 -0.0851
vn -0.7372 0.4604 -0.4945
vn -0.6039 0.4114 -0.6827
vn -0.6468 0.7546 -0.1108
vn -0.3311 0.9271 -0.1757
vn 0.0661 0.9789 -0.1932
vn -0.5422 0.6012 -0.5871
vn -0.5655 0.7049 -0.4282
vn 0.4450 0.8865 -0.1266
vn -0.3067 0.5013 0.8090
vn 0.5380 -0.6211 0.5699
vn 0.0347 -0.7249 0.6879
vn -0.0517 -0.9666 0.2511
vn 0.5439 -0.8198 0.1791
vn 0.8157 -0.5416 0.2035
vn 0.4590 -0.8774 -0.1394
vn -0.1035 -0.9914 -0.0800
vn -0.1133 -0.9697 -0.2164
vn 0.0835 -0.9916 0.0988
vn -0.1573 -0.7724 0.6153
vn -0.3380 -0.8095 0.4801
vn 0.8739 -0.4769 -0.0941
vn 0.3040 -0.9184 -0.2534
vn 0.9375 -0.0813 -0.3384
vn 0.4130 -0.8614 -0.2958
vn 0.9790 -0.0214 -0.2030
vn 0.9842 -0.1229 -0.1278
vn 0.2979 -0.9019 -0.3129
vn 0.8089 -0.3798 -0.4488
vn -0.1038 -0.8236 -0.5577
vn -0.5584 -0.5348 -0.6341
vn -0.4689 -0.4005 -0.7873
vn -0.3174 -0.2625 -0.9112
vn -0.2866 -0.7408 -0.6075
vn 0.2281 -0.1945 -0.9540
vn 0.3429 -0.6028 -0.7205
vn 0.6367 -0.3101 -0.7060
vn 0.3947 -0.8350 -0.3834
vn -0.1661 -0.9375 -0.3058
vn 0.7575 0.3334 0.5613
vn 0.9762 -0.0162 0.2161
vn 0.9513 -0.0853 -0.2962
vn 0.7684 -0.4428 0.4621
vn 0.8341 -0.4240 -0.3529
vn 0.8221 -0.0306 0.5685
vn 0.9283 0.3298 -0.1718
vn 0.8863 0.4590 -0.0610
vn 0.4269 0.2345 -0.8733
vn 0.6169 0.3904 -0.6834
vn 0.9314 0.1506 -0.3314
vn 0.6168 0.1692 -0.7688
vn 0.9040 -0.1230 -0.4095
vn 0.6355 -0.0476 -0.7707
vn 0.7630 -0.4716 -0.4421
vn 0.4129 -0.8614 -0.2958
vn 0.8161 0.0642 0.5744
vn 0.7857 -0.5454 -0.2919
vn 0.9597 -0.1577 -0.2326
vn 0.9765 -0.2095 -0.0516
vn 0.9773 0.1342 -0.1642
vn 0.9975 0.0707 -0.0034
vn 0.8652 -0.1335 0.4833
vn 0.8653 -0.3262 0.3805
vn 0.8429 -0.5228 -0.1274
vn -0.6110 -0.4851 0.6256
vn -0.2867 -0.4257 0.8583
vn -0.6313 -0.4338 0.6428
vn -0.2574 -0.4747 0.8416
vn -0.6007 -0.5154 0.6112
vn -0.8729 -0.4784 -0.0955
vn -0.8503 -0.4637 -0.2491
vn 0.3128 -0.2694 0.9108
vn 0.3353 -0.3069 0.8907
vn 0.0434 -0.3077 0.9505
vn 0.0715 -0.3433 0.9365
vn -0.3063 -0.3885 0.8690
vn -0.6480 -0.3961 0.6505
vn -0.7124 -0.6676 -0.2161
vn -0.9476 -0.3156 -0.0494
vn -0.8860 -0.4463 0.1257
vn 0.0834 -0.4252 0.9013
vn -0.6418 -0.6213 -0.4495
vn -0.7409 -0.6684 0.0658
vn 0.4400 -0.3936 0.8071
vn 0.3879 -0.2542 0.8860
vn 0.3348 -0.2408 0.9110
vn 0.3243 -0.2461 0.9134
vn -0.0645 -0.3301 0.9417
vn -0.3869 -0.3198 0.8649
vn -0.7062 -0.2758 0.6521
vn -0.8507 -0.3751 0.3682
vn -0.5627 -0.8117 -0.1565
vn -0.8046 -0.5907 0.0608
vn -0.6344 -0.7488 -0.1917
vn -0.8270 -0.5615 0.0283
vn -0.3677 -0.1051 0.9240
vn 0.0285 -0.2412 0.9701
vn 0.0951 -0.1697 0.9809
vn -0.6331 -0.7625 0.1330
vn -0.9602 -0.2324 -0.1549
vn -0.8612 -0.0966 -0.4990
vn -0.5433 -0.8394 0.0148
vn -0.7722 -0.6277 -0.0988
vn -0.8210 -0.5684 -0.0547
vn -0.5914 -0.8058 0.0307
vn -0.6282 -0.7754 -0.0644
vn -0.9241 -0.3181 0.2117
vn -0.8684 -0.1884 0.4587
vn -0.6140 0.0424 0.7881
vn -0.3931 0.0590 0.9176
vn 0.1431 -0.1795 0.9733
vn -0.8923 0.4436 0.0834
vn -0.8346 0.5167 0.1908
vn -0.8642 0.4489 0.2272
vn -0.8763 0.4817 0.0089
vn -0.9408 0.2998 0.1581
vn -0.9502 0.2991 -0.0874
vn -0.9852 -0.1055 -0.1348
vn -0.9029 -0.0364 -0.4284
vn -0.9624 -0.2707 0.0234
vn -0.9508 -0.2856 0.1200
vn -0.9508 -0.1320 0.2803
vn -0.7599 0.2126 0.6143
vn -0.5996 0.2523 0.7595
vn -0.9896 -0.1286 0.0637
vn -0.9762 -0.1117 0.1859
vn -0.8448 0.2628 0.4661
vn -0.6833 0.3593 0.6357
vn -0.9079 0.2923 0.3003
vn -0.8752 0.2713 0.4005
vn -0.7534 0.4014 0.5208
vn -0.7364 0.3089 0.6018
vn -0.6772 0.2582 0.6890
vn -0.3894 0.0718 0.9183
vn 0.2043 -0.1793 0.9623
vn 0.3391 -0.2992 0.8919
vn 0.2479 -0.1935 0.9493
vn 0.3065 -0.3191 0.8968
vn 0.2212 -0.3256 0.9193
vn -0.8274 0.4582 0.3246
vn -0.8004 0.4250 0.4227
vn -0.8246 0.3759 0.4228
vn -0.5589 0.5897 0.5830
vn -0.6258 0.6571 0.4203
vn -0.6741 0.6981 0.2412
vn -0.1924 0.9648 0.1791
vn -0.1459 0.9208 0.3618
vn -0.0914 0.8429 0.5302
vn -0.5304 0.5284 0.6629
vn -0.2719 0.2552 0.9278
vn 0.1334 0.4169 0.8991
vn -0.0497 0.7793 0.6247
vn 0.2050 0.8700 0.4484
vn 0.1623 0.9521 0.2590
vn 0.1221 0.9881 0.0934
vn -0.2310 0.9729 0.0125
vn -0.6978 0.7127 0.0716
vn 0.2395 -0.1435 0.9602
vn 0.3058 0.4242 0.8523
vn 0.2282 0.7962 0.5604
vn 0.2377 0.8746 0.4226
vn 0.2329 0.9426 0.2392
vn 0.1854 0.9804 0.0666
vn 0.1177 0.9828 -0.1425
vn -0.0285 0.8818 -0.4708
vn -0.0233 0.9244 -0.3807
vn -0.2801 0.9112 -0.3020
vn 0.2911 0.7914 0.5375
vn 0.3058 0.4243 0.8523
vn 0.1965 -0.3273 0.9243
vn -0.1736 0.5412 -0.8228
vn -0.1726 0.5840 -0.7932
vn -0.2938 0.5948 -0.7482
vn -0.6865 0.6826 -0.2506
vn -0.5400 0.4642 -0.7021
vn -0.8619 0.4494 -0.2348
vn -0.5869 0.3569 -0.7267
vn -0.4913 -0.4637 -0.7373
vn -0.2668 0.2600 -0.9280
vn -0.4197 -0.4860 -0.7666
vn -0.2519 0.1999 -0.9469
vn -0.2341 0.2008 -0.9512
vn -0.4233 -0.5238 -0.7392
vn -0.4189 -0.4856 -0.7673
vn -0.8442 0.4437 -0.3008
vn -0.8868 0.2375 -0.3964
vn -0.6715 0.0876 -0.7358
vn -0.5826 0.3381 -0.7391
vn -0.6370 0.2207 -0.7386
vn -0.4086 0.1940 -0.8919
vn -0.1986 0.2156 -0.9561
vn -0.2545 0.2051 -0.9451
vn -0.3042 0.2025 -0.9308
vn -0.2633 0.1776 -0.9482
vn -0.1683 -0.0794 -0.9825
vn 0.4698 0.0017 -0.8828
vn 0.3694 -0.1503 -0.9170
vn -0.0911 0.1754 -0.9803
vn -0.3234 0.1125 -0.9395
vn -0.6264 0.0248 -0.7791
vn 0.0065 0.1566 -0.9876
vn 0.1128 0.0565 -0.9920
vn -0.2827 0.0252 -0.9589
vn -0.3234 0.1126 -0.9395
vn -0.5842 -0.0033 -0.8116
vn -0.8537 -0.1584 -0.4961
vn -0.7465 -0.5990 0.2897
vn -0.8447 -0.1981 -0.4973
vn -0.5583 -0.0832 -0.8254
vn -0.4969 -0.7984 0.3400
vn -0.9015 -0.3533 0.2500
vn -0.9094 -0.4157 0.0154
vn -0.8227 -0.5383 0.1826
vn -0.8173 -0.2733 -0.5072
vn 0.9651 0.0307 -0.2601
vn 0.9856 0.1688 0.0104
vn 0.9587 0.2523 -0.1315
vn 0.9244 0.2494 -0.2886
vn 0.9979 -0.0238 -0.0610
vn -0.8803 -0.0294 0.4736
vn -0.7413 -0.0917 0.6649
vn -0.7086 -0.3724 0.5993
vn -0.6477 -0.4795 0.5921
vn -0.9620 -0.2470 -0.1168
vn -0.9385 0.1404 -0.3156
vn -0.9152 -0.1485 -0.3746
vn -0.9917 0.1026 -0.0780
vn -0.9483 -0.3062 0.0829
vn -0.9781 0.0325 0.2055
vn -0.8717 -0.3537 0.3390
vn -0.8506 -0.4380 0.2908
vn -0.9217 -0.3766 0.0931
vn -0.9272 -0.3446 -0.1468
vn -0.8709 -0.2082 -0.4452
vn 0.0619 0.5985 0.7987
vn 0.4230 0.0861 0.9020
vn 0.3429 0.0405 0.9385
vn 0.3199 0.5872 0.7435
vn -0.1368 0.8507 0.5075
vn 0.2131 0.8982 0.3845
vn 0.1698 0.9502 0.2615
vn -0.1845 0.9137 0.3620
vn 0.1026 0.9910 0.0858
vn -0.2187 0.9555 0.1979
vn 0.2314 0.9436 0.2366
vn 0.2799 0.8760 0.3927
vn 0.3621 0.5491 0.7533
vn 0.3427 0.0406 0.9386
vn 0.3338 -0.1440 0.9316
vn 0.3342 -0.1357 0.9327
vn 0.3421 -0.1184 0.9322
vn 0.3476 -0.1893 0.9183
vn 0.0253 0.9951 -0.0956
vn 0.1579 0.9833 0.0901
vn -0.0857 -0.7193 0.6894
vn -0.0858 -0.7191 0.6895
vn -0.0853 -0.7194 0.6893
vn -0.0861 -0.7204 0.6882
vn -0.9963 -0.0186 -0.0840
vn -0.8778 0.0355 -0.4777
vn -0.8586 -0.0291 -0.5118
vn -0.9848 0.1697 -0.0384
vn -0.9707 -0.0709 0.2296
vn -0.9480 0.1864 0.2580
vn -0.8405 0.5419 0.0008
vn -0.7645 0.5808 0.2795
vn -0.7645 0.6348 0.1122
vn -0.6947 0.6538 0.2999
vn -0.7718 0.6033 0.2007
vn -0.7385 0.5776 0.3478
vn -0.5717 0.8182 0.0605
vn -0.5638 0.7876 0.2487
vn -0.2743 0.9390 -0.2075
vn -0.2389 0.9710 -0.0022
vn -0.0464 0.9659 -0.2547
vn 0.0878 0.9916 -0.0948
vn -0.0114 0.9563 -0.2921
vn -0.9030 0.1810 -0.3896
vn -0.8173 0.4798 -0.3189
vn -0.7823 0.5954 -0.1829
vn -0.7936 0.5969 -0.1177
vn -0.6349 0.7322 -0.2465
vn -0.3942 0.7863 -0.4757
vn -0.1679 0.8337 -0.5261
vn -0.1572 0.8051 -0.5719
vn -0.6686 0.3742 -0.6426
vn -0.6025 0.4744 -0.6418
vn -0.6005 0.4786 -0.6405
vn -0.6108 0.4052 -0.6802
vn -0.5189 0.2884 -0.8047
vn -0.3622 0.4041 -0.8399
vn -0.3543 0.4108 -0.8401
vn -0.4072 0.3040 -0.8613
vn -0.3108 0.2894 -0.9054
vn -0.5312 -0.0077 -0.8472
vn -0.5672 0.0410 -0.8225
vn -0.5406 0.0561 -0.8394
vn -0.4364 0.0420 -0.8988
vn -0.5383 -0.6173 -0.5737
vn -0.5397 -0.6153 -0.5745
vn -0.5074 -0.6165 -0.6020
vn -0.5422 -0.5968 -0.5915
vn -0.0479 -0.5983 -0.7998
vn 0.3513 0.0323 -0.9357
vn 0.1470 -0.0670 -0.9869
vn -0.4808 0.1667 -0.8608
vn -0.7127 0.1747 -0.6793
vn -0.4011 0.0291 -0.9156
vn -0.6190 -0.0644 -0.7828
vn -0.6327 0.0291 -0.7738
vn -0.6593 0.0711 -0.7485
vn -0.4395 0.0719 -0.8954
vn 0.2146 0.0060 -0.9767
vn 0.2999 0.0279 -0.9535
vn 0.2624 -0.0465 -0.9638
vn -0.3404 -0.1045 -0.9345
vn -0.2690 -0.2572 -0.9282
vn -0.6301 -0.2707 -0.7278
vn -0.7289 -0.4211 -0.5398
vn 0.2491 -0.2407 -0.9381
vn 0.2272 -0.4486 -0.8644
vn -0.8257 -0.1021 -0.5548
vn -0.9702 -0.2188 -0.1039
vn -0.8385 -0.4923 -0.2336
vn -0.7152 -0.4097 0.5663
vn -0.8575 -0.2766 0.4338
vn -0.5918 -0.5047 0.6286
vn -0.7370 -0.2299 0.6356
vn -0.6062 -0.6234 0.4939
vn -0.4055 -0.6711 0.6206
vn -0.8306 -0.4722 0.2951
vn -0.5803 -0.7391 0.3421
vn -0.9905 -0.0863 -0.1067
vn -0.9800 -0.1624 -0.1154
vn -0.8323 -0.3983 0.3856
vn -0.6201 -0.6873 0.3782
vn -0.8944 -0.0870 0.4388
vn -0.8670 0.1598 0.4720
vn -0.7221 0.5430 0.4285
vn -0.6453 0.6171 0.4504
vn -0.6938 0.4733 0.5428
vn -0.5451 0.7397 0.3946
vn -0.8059 -0.3968 0.4394
vn -0.6836 -0.5050 0.5270
vn -0.7687 -0.6034 0.2124
vn -0.6485 -0.7302 0.2151
vn -0.7546 -0.4174 0.5062
vn -0.6944 -0.6807 0.2331
vn -0.6666 -0.6685 0.3296
vn -0.8273 -0.0976 0.5532
vn -0.8114 0.1170 0.5726
vn -0.6573 0.5326 0.5332
vn -0.6108 0.5847 0.5339
vn -0.5680 0.5490 0.6132
vn -0.5950 0.4139 0.6889
vn -0.4973 0.4735 0.7270
vn -0.6172 0.4950 0.6116
vn -0.7790 0.0904 0.6205
vn -0.7936 -0.0980 0.6005
vn -0.6618 -0.1498 0.7346
vn -0.5282 0.3859 0.7564
vn -0.6488 0.0119 0.7609
vn -0.5493 0.6014 0.5801
vn -0.4880 0.5327 0.6915
vn -0.4121 0.3261 0.8508
vn -0.3848 0.2034 0.9003
vn -0.3825 -0.0767 0.9208
vn -0.3498 -0.1792 0.9195
vn -0.3368 -0.2483 0.9082
vn -0.8851 -0.4319 0.1731
vn -0.3111 -0.3241 0.8934
vn -0.8682 -0.3718 0.3288
vn -0.3496 -0.3727 0.8596
vn 0.1149 -0.3138 0.9425
vn 0.0896 -0.2642 0.9603
vn 0.0605 -0.1975 0.9784
vn -0.2349 0.1037 0.9665
vn -0.5384 0.3414 0.7704
vn -0.2255 0.1021 0.9689
vn -0.1416 0.0131 0.9898
vn 0.1886 -0.2329 0.9540
vn 0.2441 -0.2094 0.9469
vn 0.4039 -0.0494 0.9135
vn -0.0770 0.3079 0.9483
vn -0.0166 -0.1462 0.9891
vn 0.1910 -0.1739 0.9661
vn 0.4745 -0.3582 0.8041
vn 0.3462 -0.4085 0.8445
vn 0.1719 -0.6935 0.6997
vn 0.7533 -0.6552 0.0580
vn 0.7005 -0.6966 0.1551
vn 0.5724 -0.2042 0.7941
vn 0.3420 -0.1512 0.9275
vn 0.4005 -0.1920 0.8960
vn 0.4281 -0.2340 0.8729
vn 0.4153 -0.3076 0.8561
vn 0.0627 -0.6429 0.7634
vn 0.6514 -0.6081 0.4536
vn 0.2585 -0.5874 0.7669
vn 0.6530 -0.2323 0.7209
vn 0.6954 -0.3089 0.6489
vn 0.7820 -0.6217 -0.0443
vn 0.9154 -0.3937 0.0839
vn 0.9666 -0.2211 0.1294
vn 0.6311 -0.1862 0.7531
vn 0.9523 -0.1340 0.2743
vn 0.9843 0.0122 0.1763
vn -0.2323 -0.6349 0.7368
vn -0.7910 -0.2931 0.5370
vn -0.9007 -0.2057 0.3828
vn -0.8228 -0.5677 -0.0273
vn -0.4172 -0.9079 0.0418
vn -0.4171 -0.9079 0.0418
vn -0.4502 -0.8874 0.0990
vn 0.1912 -0.9700 -0.1504
vn 0.6214 -0.6327 -0.4621
vn 0.6524 -0.5439 -0.5278
vn 0.8550 0.0327 -0.5176
vn 0.8399 0.1876 -0.5093
vn 0.7001 -0.0621 -0.7113
vn 0.6476 -0.3127 -0.6948
vn 0.7661 -0.3372 -0.5472
vn 0.5771 -0.6625 -0.4775
vn 0.8513 -0.3634 -0.3786
vn 0.6672 -0.6653 -0.3350
vn 0.2483 -0.9614 -0.1182
vn 0.4548 -0.8803 0.1349
vn -0.0741 -0.8690 0.4892
vn 0.0148 -0.9534 0.3013
vn 0.4894 -0.6198 -0.6135
vn 0.9113 -0.1198 -0.3939
vn 0.8324 -0.0779 -0.5486
vn 0.0843 -0.9248 -0.3710
vn 0.1484 -0.9572 -0.2484
vn -0.3740 -0.9227 0.0935
vn -0.2970 -0.9265 0.2310
vn 0.0292 -0.9930 -0.1148
vn -0.4600 -0.8879 -0.0055
vn -0.1121 -0.6437 -0.7570
vn -0.6231 -0.6779 -0.3901
vn -0.3823 -0.8501 -0.3623
vn -0.0296 -0.9811 -0.1914
vn 0.0784 -0.9787 -0.1899
vn 0.6435 -0.6944 -0.3219
vn 0.6884 -0.3316 -0.6451
vn 0.7927 -0.2587 -0.5519
vn 0.8217 -0.3675 -0.4356
vn 0.4895 -0.6197 -0.6134
vn -0.5141 -0.6709 -0.5344
vn -0.3699 -0.8275 -0.4224
vn -0.1454 -0.9674 -0.2075
vn -0.1454 -0.9674 -0.2076
vn -0.0752 -0.9911 -0.1098
vn -0.0752 -0.9911 -0.1099
vn -0.0184 -0.9998 -0.0093
vn 0.1129 -0.9499 0.2914
vn 0.1998 -0.8423 0.5007
vn 0.7425 -0.1904 -0.6422
vn 0.9173 -0.0159 -0.3979
vn 0.8434 0.0588 -0.5340
vn 0.7665 0.0415 -0.6409
vn 0.8522 -0.2529 -0.4580
vn -0.6026 0.2108 0.7697
vn -0.4020 0.1487 0.9035
vn -0.4351 -0.1660 0.8850
vn -0.4224 -0.2420 0.8735
vn -0.9472 -0.0932 0.3069
vn -0.9477 0.3170 0.0369
vn -0.9996 -0.0260 0.0085
vn -0.9029 0.3048 0.3031
vn -0.8430 -0.1268 0.5228
vn -0.7939 0.2547 0.5521
vn -0.6893 -0.1572 0.7073
vn -0.6856 -0.2160 0.6952
vn -0.8345 -0.1813 0.5204
vn -0.9341 -0.1508 0.3236
vn -0.9952 -0.0942 -0.0281
vn -0.7034 -0.6761 0.2193
vn -0.3615 -0.4157 0.8346
vn -0.2644 -0.6720 0.6918
vn -0.5190 -0.8121 -0.2666
vn -0.3686 -0.9030 0.2207
vn -0.5627 -0.7504 0.3468
vn 0.1218 -0.9128 0.3898
vn -0.2150 -0.7149 0.6653
vn -0.4983 -0.6890 0.5262
vn -0.5650 -0.3906 0.7268
vn -0.4589 -0.8568 0.2354
vn -0.7598 -0.3797 0.5278
vn -0.5108 -0.8333 0.2113
vn -0.5418 -0.8236 0.1675
vn -0.8942 -0.2887 0.3422
vn -0.4989 -0.8651 0.0519
vn -0.9622 -0.2444 0.1203
vn -0.0259 -0.9622 0.2710
vn -0.5080 -0.7332 0.4521
vn -0.8779 -0.4786 -0.0132
vn -0.6172 -0.7353 0.2800
vn -0.4733 -0.7293 0.4941
vn -0.6275 -0.6967 0.3476
vn -0.5705 -0.7029 -0.4247
vn -0.8542 -0.5153 -0.0695
vn -0.7382 -0.6569 0.1536
vn -0.7702 -0.6017 0.2118
vn -0.6509 -0.6583 0.3781
vn 0.6822 0.3894 -0.6189
vn 0.6280 -0.0541 -0.7763
vn 0.8383 0.2441 -0.4876
vn 0.7652 0.5387 -0.3525
vn 0.7655 0.3284 -0.5534
vn 0.6796 0.6033 -0.4173
vn 0.5943 0.5963 -0.5397
vn 0.6904 0.2850 -0.6650
vn 0.8148 0.3771 -0.4404
vn 0.8381 -0.1032 -0.5357
vn 0.6883 0.6874 -0.2318
vn 0.7834 0.5191 0.3418
vn 0.5045 0.8229 -0.2615
vn 0.8833 0.0799 0.4619
vn 0.7933 -0.1139 -0.5980
vn 0.8649 -0.4818 -0.1405
vn 0.9775 -0.0850 0.1930
vn 0.9332 0.1850 -0.3082
vn 0.4184 0.7224 0.5505
vn 0.7955 -0.4014 -0.4539
vn -0.1575 -0.9554 0.2497
vn -0.4454 -0.8080 -0.3858
vn -0.1117 -0.9575 0.2659
vn -0.4023 -0.8205 -0.4061
vn -0.0678 -0.9747 0.2132
vn -0.1890 -0.8440 -0.5019
vn -0.0233 -0.9847 0.1726
vn -0.2944 -0.2456 -0.9236
vn -0.3811 -0.2570 -0.8881
vn -0.4839 -0.2550 -0.8371
vn -0.4843 -0.2533 -0.8374
vn -0.0603 0.5197 -0.8522
vn 0.4857 0.4394 -0.7557
vn 0.1485 0.3057 -0.9405
vn 0.2170 0.5362 -0.8157
vn 0.0617 0.5981 -0.7990
vn 0.6146 0.5190 -0.5940
vn 0.7170 0.5097 -0.4756
vn 0.7680 0.2536 -0.5882
vn 0.8120 0.4570 -0.3631
vn 0.8614 0.2416 -0.4468
vn 0.9762 0.2095 0.0567
vn 0.9961 0.0639 -0.0607
vn 0.9461 -0.1854 -0.2656
vn 0.8337 -0.1456 -0.5327
vn 0.6041 -0.6452 -0.4677
vn 0.4827 -0.6521 -0.5846
vn 0.1170 -0.9208 -0.3720
vn 0.0449 -0.8733 -0.4851
vn 0.4339 -0.6636 -0.6094
vn 0.1002 -0.6964 -0.7106
vn 0.6474 0.3069 -0.6976
vn 0.3929 -0.5852 -0.7094
vn -0.1290 -0.7188 -0.6831
vn 0.2004 -0.4203 -0.8850
vn -0.4913 -0.5104 -0.7057
vn -0.4311 -0.3438 -0.8342
vn -0.1006 -0.1243 -0.9871
vn 0.3705 -0.0102 -0.9288
vn 0.6282 -0.0541 -0.7762
vn 0.7355 -0.1295 -0.6651
vn 0.2449 0.2845 -0.9269
vn 0.1645 0.4530 -0.8762
vn -0.6146 0.6862 0.3892
vn -0.9979 -0.0447 -0.0462
vn -0.8933 -0.4488 0.0223
vn -0.6658 -0.7412 0.0861
vn -0.7223 -0.6850 0.0953
vn -0.4279 -0.9034 -0.0285
vn -0.6004 0.5799 0.5507
vn -0.6498 -0.7458 0.1470
vn -0.8893 -0.4464 0.0987
vn -1.0000 0.0061 -0.0004
vn -0.5791 0.7881 0.2086
vn -0.7231 0.6807 0.1174
vn -0.9858 0.0460 0.1613
vn -0.8527 -0.4644 0.2392
vn -0.6353 -0.7195 0.2806
vn -0.9964 -0.0062 0.0848
vn -0.3404 -0.8646 0.3696
vn -0.3971 -0.8928 0.2124
vn -0.4424 -0.8836 0.1532
vn -0.2624 -0.9586 0.1107
vn -0.0749 -0.9955 0.0586
vn -0.1684 -0.9796 0.1097
vn 0.2408 0.9698 0.0380
vn 0.2383 0.9682 0.0764
vn 0.2852 0.9408 0.1831
vn 0.2443 0.9526 0.1815
vn 0.2999 0.9087 0.2903
vn 0.2527 0.9151 0.3143
vn 0.2361 0.9025 0.3604
vn 0.2407 0.9698 0.0380
vn 0.2408 0.9698 0.0379
vn -0.8274 0.1700 0.5353
vn -0.8399 0.1267 0.5277
vn -0.7809 0.0813 0.6193
vn -0.8963 -0.0349 0.4421
vn -0.8387 -0.0903 0.5370
vn -0.8747 0.2924 0.3866
vn -0.9018 0.2332 0.3637
vn -0.8709 0.1920 0.4525
vn -0.9185 0.0475 0.3926
vn -0.7644 -0.4520 0.4599
vn -0.6575 -0.5509 0.5140
vn -0.7246 0.0322 0.6884
vn -0.7649 -0.2487 0.5942
vn -0.5088 -0.6547 0.5590
vn -0.6000 -0.6574 0.4559
vn -0.4475 -0.6836 0.5765
vn -0.6867 -0.6152 0.3873
vn -0.8235 -0.3744 0.4262
vn -0.9533 0.1069 0.2825
vn -0.9339 0.3044 0.1877
vn -0.8922 0.3362 0.3017
vn -0.6850 0.6464 0.3359
vn -0.7046 0.7029 -0.0977
vn -0.3687 0.9078 -0.2001
vn -0.3252 0.6153 -0.7181
vn -0.3183 0.8982 0.3033
vn -0.2629 -0.9605 -0.0915
vn -0.3724 -0.9273 -0.0393
vn -0.3255 -0.9409 -0.0936
vn -0.2890 -0.9573 0.0067
vn -0.7147 -0.6209 0.3221
vn -0.9057 -0.3046 0.2948
vn -0.9819 0.1850 0.0402
vn -0.9146 0.3922 -0.0989
vn -0.8980 0.4349 -0.0660
vn -0.5048 0.5488 -0.6663
vn -0.3496 0.4522 -0.8205
vn -0.6269 0.4964 -0.6004
vn -0.6613 0.4899 -0.5681
vn -0.9330 0.2415 -0.2668
vn -0.9741 -0.2224 0.0403
vn -0.8019 -0.5739 0.1660
vn -0.1854 -0.9820 0.0363
vn -0.6348 -0.7715 0.0431
vn -0.1990 -0.9797 -0.0260
vn -0.2580 -0.9569 0.1329
vn -0.8745 -0.4619 -0.1481
vn -0.8745 -0.4619 -0.1480
vn -0.8629 -0.2555 -0.4359
vn -0.8966 -0.4315 -0.0994
vn -0.8848 -0.2236 -0.4089
vn -0.9634 -0.0773 -0.2568
vn -0.7064 0.3368 -0.6226
vn -0.4462 0.4771 -0.7571
vn -0.3852 0.4954 -0.7786
vn -0.4961 0.3142 -0.8094
vn -0.8233 0.0991 -0.5588
vn -0.7465 0.0213 -0.6650
vn -0.7132 0.0078 -0.7010
vn -0.8096 -0.2684 -0.5220
vn -0.8273 -0.5392 -0.1578
vn -0.3306 -0.8658 0.3755
vn -0.4694 -0.8092 0.3533
vn -0.6505 -0.0503 -0.7578
vn -0.4809 0.2003 -0.8536
vn -0.5187 0.2610 -0.8142
vn -0.3638 0.1228 -0.9233
vn 0.5131 -0.8520 -0.1041
vn 0.5703 -0.8110 0.1304
vn 0.3791 -0.8336 -0.4019
vn 0.3791 -0.8335 -0.4019
vn 0.3290 -0.8012 -0.4999
vn 0.3289 -0.8012 -0.4999
vn 0.2508 -0.7799 -0.5735
vn -0.0171 -0.6667 -0.7452
vn -0.2206 -0.5729 -0.7894
vn 0.5025 -0.6228 -0.5998
vn 0.4957 -0.6706 -0.5518
vn 0.5350 -0.8105 -0.2383
vn 0.4685 -0.7954 0.3845
vn 0.4703 -0.8821 -0.0280
vn 0.6490 -0.6522 0.3917
vn 0.8996 -0.4124 0.1439
vn 0.7753 -0.5893 -0.2271
vn 0.2321 -0.9393 -0.2526
vn -0.2134 -0.6472 0.7318
vn -0.1761 -0.6566 0.7334
vn 0.1816 -0.5516 0.8141
vn 0.1965 -0.5857 0.7863
vn 0.5701 -0.3623 0.7374
vn 0.2899 -0.6040 0.7424
vn 0.6092 -0.4167 0.6748
vn -0.6272 0.2097 0.7501
vn -0.6758 0.3332 0.6575
vn -0.7712 0.0515 0.6345
vn -0.6976 -0.0295 0.7159
vn -0.6278 -0.0810 0.7741
vn -0.6562 -0.3938 0.6436
vn -0.1346 -0.6919 0.7094
vn -0.1348 -0.6918 0.7094
vn -0.1310 -0.7544 0.6432
vn -0.6272 -0.7582 0.1784
vn 0.7965 -0.1672 0.5811
vn 0.8597 -0.2235 0.4594
vn 0.5326 -0.3488 0.7712
vn 0.1415 -0.4949 0.8573
vn -0.4148 -0.6736 0.6117
vn -0.4036 -0.2667 0.8752
vn -0.4426 -0.2110 0.8715
vn -0.4337 0.0112 0.9010
vn -0.1497 0.3415 0.9279
vn -0.2620 0.5694 0.7792
vn 0.0738 0.3965 0.9151
vn 0.0082 0.6589 0.7522
vn 0.4302 -0.1332 0.8929
vn -0.0590 -0.7009 0.7108
vn 0.1233 -0.4852 0.8656
vn 0.1074 -0.4590 0.8819
vn 0.0723 -0.2931 0.9533
vn 0.1054 -0.1326 0.9856
vn 0.1758 -0.1764 0.9685
vn 0.0983 0.3619 0.9270
vn 0.0416 0.6499 0.7589
vn 0.0090 0.7891 0.6143
vn 0.2084 -0.5720 0.7934
vn 0.3860 -0.5395 0.7483
vn 0.4000 -0.5594 0.7260
vn 0.5043 -0.5540 0.6624
vn 0.5220 -0.5482 0.6535
vn 0.6262 -0.2093 0.7511
vn 0.7547 -0.1297 0.6432
vn 0.1743 -0.1617 0.9713
vn 0.1429 -0.5834 0.7995
vn -0.7189 0.5628 0.4079
vn -0.3152 0.8691 0.3811
vn -0.0960 0.9387 0.3310
vn -0.0558 0.8659 0.4971
vn -0.3024 0.7899 0.5335
vn -0.0221 0.7694 0.6384
vn -0.2826 0.6814 0.6751
vn -0.7082 0.4627 0.5332
vn -0.3182 0.4603 -0.8288
vn -0.2844 0.4608 -0.8407
vn -0.2275 0.6338 -0.7393
vn -0.1796 0.9530 -0.2439
vn -0.1068 0.9711 0.2133
vn -0.0769 0.9568 0.2805
vn -0.0165 0.8774 0.4794
vn -0.0906 0.9846 0.1493
vn -0.1663 0.9446 -0.2829
vn -0.2278 0.6311 -0.7415
vn -0.2564 0.4681 -0.8456
vn -0.8825 0.3059 0.3573
vn -0.9579 -0.0393 0.2845
vn -0.8440 0.2877 0.4527
vn -0.8113 0.2436 0.5315
vn -0.7620 0.3285 0.5581
vn -0.6978 0.2970 0.6519
vn -0.7204 0.3113 0.6198
vn -0.6525 0.2356 0.7202
vn -0.4804 0.4989 0.7213
vn -0.3123 0.2978 0.9021
vn 0.0107 0.5060 0.8625
vn -0.8444 0.4615 0.2720
vn -0.9182 0.3275 0.2227
vn -0.9833 -0.0266 0.1802
vn -0.9495 -0.2344 0.2087
vn -0.9263 -0.0553 0.3726
vn -0.7418 0.1842 0.6448
vn -0.6156 0.1942 0.7637
vn -0.4465 0.0705 0.8920
vn 0.0783 -0.1290 0.9886
vn -0.7949 0.3793 0.4735
vn -0.8315 0.4046 0.3807
vn 0.8178 -0.3777 -0.4342
vn 0.9233 -0.1449 -0.3557
vn 0.5004 -0.7546 -0.4245
vn -0.6429 -0.7505 -0.1535
vn -0.6067 -0.7760 -0.1723
vn -0.4702 -0.8554 -0.2171
vn -0.6976 -0.0672 0.7133
vn -0.6939 -0.3447 0.6322
vn -0.6632 -0.4283 0.6139
vn -0.8652 -0.3011 0.4010
vn -0.8380 0.0104 0.5455
vn -0.9462 0.0838 0.3126
vn -0.9846 0.1630 0.0633
vn -0.9655 0.2082 -0.1565
vn -0.9656 -0.0586 -0.2533
vn -0.8479 -0.3644 0.3851
vn -0.9348 -0.3055 0.1811
vn -0.9460 -0.1484 -0.2882
vn -0.9851 -0.1722 0.0036
vn -0.9618 -0.2725 -0.0274
vn -0.9495 -0.2343 0.2087
vn 0.9124 -0.0459 -0.4066
vn 0.9869 0.1251 -0.1021
vn 0.9567 0.1799 -0.2288
vn 0.9083 0.2041 -0.3653
vn 0.9755 -0.0600 -0.2116
vn -0.8450 0.5316 0.0580
vn -0.8422 0.5389 0.0202
vn -0.8757 0.4595 0.1486
vn -0.8543 0.4952 0.1576
vn -0.8545 0.4359 0.2824
vn -0.8801 0.4051 0.2474
vn -0.8422 0.5388 0.0202
vn -0.4707 -0.2767 0.8378
vn -0.3275 -0.1098 0.9385
vn -0.3275 -0.1098 0.9384
vn -0.1124 0.1187 0.9865
vn -0.1125 0.1187 0.9865
vn -0.0425 0.1966 0.9796
vn -0.0423 0.1965 0.9796
vn -0.0169 0.2893 0.9571
vn 0.1173 0.5462 0.8294
vn 0.1681 0.7213 0.6719
vn -0.1534 -0.5350 -0.8308
vn -0.0399 -0.7461 -0.6646
vn 0.1298 -0.9138 -0.3850
vn 0.1580 -0.9588 -0.2363
vn 0.1654 -0.9768 -0.1360
vn 0.1558 -0.9614 0.2266
vn 0.1295 -0.8681 0.4792
vn -0.2539 -0.5389 -0.8032
vn -0.1390 -0.7264 -0.6731
vn 0.0263 -0.9144 -0.4040
vn 0.0626 -0.9426 -0.3279
vn 0.0626 -0.9426 -0.3280
vn 0.0968 -0.9775 -0.1875
vn 0.1097 -0.9832 0.1458
vn 0.1094 -0.9172 0.3831
vn -0.3427 -0.9308 -0.1271
vn -0.4065 -0.8866 -0.2207
vn 0.6866 -0.5970 -0.4149
vn -0.0851 -0.8479 0.5233
vn -0.1006 -0.8612 0.4981
vn -0.1407 -0.8593 0.4917
vn -0.1420 -0.8603 0.4896
vn 0.6306 -0.6574 0.4124
vn 0.9540 -0.2691 -0.1322
vn 0.9901 -0.1304 -0.0517
vn 0.9955 -0.0921 -0.0237
vn 0.8293 -0.4654 -0.3093
vn -0.4997 0.2964 0.8139
vn 0.0729 0.6816 0.7281
vn -0.2285 0.5158 0.8257
vn 0.1490 0.2455 0.9579
vn -0.3507 0.3674 0.8614
vn 0.0426 0.0508 0.9978
vn 0.1208 -0.0974 0.9879
vn 0.0470 -0.1731 0.9838
vn -0.5303 0.2301 0.8160
vn 0.5860 -0.5216 0.6201
vn 0.6227 -0.4304 0.6535
vn 0.5347 -0.5661 0.6274
vn 0.3365 0.5958 0.7293
vn 0.2854 0.1341 0.9490
vn 0.1586 -0.0525 0.9859
vn 0.2912 -0.1236 0.9486
vn 0.6636 -0.3575 0.6571
vn 0.4211 0.0350 0.9064
vn 0.7410 -0.1945 0.6427
vn 0.8310 0.0790 0.5507
vn 0.6087 0.3846 0.6940
vn 0.7017 0.6856 0.1938
vn 0.5998 0.7745 0.2011
vn 0.4904 0.7818 -0.3851
vn 0.5712 0.6983 -0.4314
vn 0.6257 0.7800 -0.0053
vn 0.8135 0.5334 -0.2318
vn 0.4942 0.4928 0.7162
vn 0.8429 0.3266 -0.4276
vn 0.6204 0.4200 0.6623
vn 0.6512 0.1458 -0.7448
vn 0.8751 -0.0076 -0.4838
vn 0.9361 -0.1950 -0.2928
vn 0.9467 0.2648 0.1834
vn 0.3897 0.6140 0.6863
vn 0.5500 0.8351 0.0066
vn 0.4604 0.2186 0.8604
vn 0.5985 0.7961 0.0896
vn 0.3026 0.3393 0.8907
vn 0.3414 0.2090 0.9164
vn 0.4958 0.8364 0.2337
vn 0.3743 0.8375 -0.3981
vn 0.2334 0.9565 -0.1751
vn -0.2246 0.7820 -0.5815
vn -0.3588 0.8715 -0.3343
vn -0.4698 0.8744 -0.1214
vn 0.1602 0.9298 0.3312
vn -0.3454 0.8532 0.3909
vn -0.7590 0.6484 0.0590
vn 0.5860 -0.1409 -0.7980
vn 0.3811 0.0508 -0.9231
vn 0.2577 0.1222 -0.9585
vn 0.0445 0.2648 -0.9633
vn -0.1795 0.4066 -0.8958
vn -0.2577 0.4974 -0.8284
vn -0.5752 0.6744 -0.4629
vn -0.6071 0.6474 -0.4607
vn -0.4223 0.4756 -0.7716
vn 0.0877 0.0483 -0.9950
vn 0.2164 -0.0792 -0.9731
vn 0.3663 -0.1526 -0.9179
vn 0.5594 -0.2512 -0.7899
vn -0.1477 0.2374 -0.9601
vn 0.0954 0.3065 -0.9471
vn 0.1874 0.1869 -0.9643
vn 0.3319 -0.0012 -0.9433
vn 0.6098 -0.3382 -0.7167
vn -0.3078 0.3297 -0.8925
vn -0.0286 0.3857 -0.9222
vn 0.1308 0.3789 -0.9161
vn 0.1962 0.2847 -0.9383
vn 0.3241 0.1114 -0.9394
vn 0.6458 -0.3903 -0.6562
vn 0.6134 -0.4899 -0.6195
vn 0.7448 -0.5986 -0.2948
vn 0.7919 -0.5482 -0.2691
vn 0.8377 -0.5455 0.0269
vn 0.9112 -0.4035 0.0833
vn 0.6603 -0.4329 -0.6137
vn 0.3570 -0.2827 -0.8903
vn 0.4195 -0.1683 -0.8920
vn 0.8650 -0.4335 -0.2527
vn 0.7574 -0.3385 -0.5584
vn 0.4379 -0.0770 -0.8957
vn -0.0751 0.3812 -0.9214
vn -0.1276 0.5503 -0.8252
vn 0.0748 0.5996 -0.7968
vn 0.1516 -0.0612 -0.9866
vn -0.0201 0.0693 -0.9974
vn -0.0825 0.1184 -0.9895
vn 0.0417 0.4377 -0.8981
vn 0.2488 0.6439 -0.7235
vn 0.2456 0.5624 -0.7895
vn -0.1553 0.1917 -0.9691
vn -0.2071 0.4769 -0.8542
vn -0.4567 0.5945 -0.6619
vn -0.3081 0.2934 -0.9050
vn 0.3466 0.5374 -0.7688
vn 0.0829 0.3534 -0.9318
vn 0.1226 0.3450 -0.9306
vn 0.2149 0.3652 -0.9058
vn -0.0951 0.7605 -0.6423
vn -0.1936 0.2539 -0.9477
vn 0.0558 0.4031 -0.9135
vn 0.0605 0.4911 -0.8690
vn 0.3752 0.5732 -0.7284
vn 0.3529 0.4290 -0.8315
vn -0.5687 0.4326 -0.6996
vn -0.5430 0.4239 -0.7249
vn -0.7306 0.5751 -0.3681
vn -0.4931 0.4873 -0.7206
vn 0.3306 0.2313 -0.9150
vn 0.1509 0.2319 -0.9610
vn 0.5804 0.3099 -0.7530
vn 0.0847 0.0945 -0.9919
vn -0.0676 0.2389 -0.9687
vn -0.4422 0.5217 -0.7296
vn -0.6911 0.6307 -0.3530
vn -0.7346 0.6785 -0.0016
vn -0.7904 0.6120 0.0281
vn -0.6327 0.6849 0.3614
vn -0.7162 0.6252 0.3101
vn -0.8249 0.5337 0.1863
vn -0.8309 0.5495 -0.0874
vn -0.8481 0.4840 0.2158
vn -0.8150 0.5792 -0.0167
vn -0.7560 0.5511 -0.3532
vn -0.4666 0.6297 -0.6211
vn -0.6533 0.6484 -0.3909
vn -0.1423 0.0793 -0.9866
vn -0.3366 -0.2094 -0.9181
vn -0.5251 -0.0674 -0.8484
vn -0.1352 -0.3547 -0.9252
vn 0.0275 -0.0458 -0.9986
vn 0.0545 -0.4630 -0.8847
vn -0.5136 0.3156 -0.7979
vn -0.6624 0.0624 -0.7465
vn 0.0615 0.0034 -0.9981
vn -0.3060 0.1960 -0.9316
vn -0.2710 0.2437 -0.9312
vn -0.4850 0.3846 -0.7854
vn 0.3889 0.1415 0.9104
vn 0.1053 0.0965 0.9897
vn 0.1834 -0.0267 0.9827
vn 0.3115 -0.0647 0.9480
vn 0.2581 0.2508 0.9330
vn 0.8010 -0.5982 -0.0236
vn 0.7483 -0.5722 -0.3356
vn 0.7484 -0.6568 -0.0923
vn 0.6997 -0.5771 -0.4212
vn 0.7484 -0.6567 -0.0929
vn 0.8011 -0.5927 -0.0830
vn 0.7942 -0.4368 -0.4224
vn 0.7360 -0.5135 -0.4412
vn 0.8468 0.5092 -0.1537
vn 0.9289 0.2934 -0.2260
vn 0.6642 0.7461 -0.0470
vn 0.5867 0.8097 -0.0158
vn 0.5049 0.8625 -0.0332
vn 0.2097 0.9773 -0.0299
vn 0.2097 0.9773 -0.0298
vn -0.0267 0.9971 -0.0717
vn 0.7461 0.0767 -0.6614
vn 0.9305 -0.3330 -0.1529
vn 0.9540 -0.2690 -0.1322
vn 0.7779 0.1330 -0.6142
vn 0.7055 -0.6064 -0.3670
vn 0.5801 -0.0361 -0.8137
vn 0.5899 -0.6603 0.4647
vn 0.6199 -0.6287 0.4696
vn 0.6198 -0.6287 0.4696
vn 0.4253 -0.8273 0.3670
vn -0.3629 -0.2988 0.8826
vn -0.2807 -0.3340 0.8998
vn -0.2850 -0.2550 0.9240
vn -0.1581 -0.3323 0.9298
vn -0.1768 -0.2679 0.9471
vn -0.1210 -0.2708 0.9550
vn -0.1211 -0.2708 0.9550
vn -0.1768 -0.2678 0.9471
vn -0.1947 -0.2022 0.9598
vn -0.2875 -0.1742 0.9418
vn -0.3431 -0.1577 0.9260
vn -0.3540 -0.2288 0.9068
vn -0.3968 -0.1480 0.9059
vn -0.4144 -0.2069 0.8862
vn -0.4304 -0.2650 0.8629
vn 0.3647 -0.2272 0.9030
vn 0.2960 -0.2537 0.9209
vn 0.3736 -0.2971 0.8787
vn 0.4407 -0.2630 0.8583
vn 0.4247 -0.2050 0.8818
vn 0.4070 -0.1462 0.9016
vn 0.3536 -0.1562 0.9223
vn 0.2982 -0.1729 0.9387
vn 0.1881 -0.2670 0.9452
vn 0.2058 -0.2013 0.9577
vn 0.1324 -0.2702 0.9536
vn 0.1324 -0.2703 0.9536
vn 0.1694 -0.3316 0.9281
vn 0.2917 -0.3327 0.8968
vn 0.6597 -0.4268 -0.6186
vn 0.6395 0.7025 -0.3123
vn 0.6982 0.6960 0.1675
vn 0.4835 -0.8267 -0.2877
vn 0.0792 -0.6148 -0.7847
vn 0.8637 -0.4811 -0.1505
vn 0.7305 0.4727 0.4928
vn 0.8368 -0.4706 0.2798
vn 0.1148 0.7854 -0.6083
vn 0.5714 0.8088 0.1387
vn 0.5449 0.1131 0.8308
vn 0.5238 -0.5676 0.6352
vn -0.8631 -0.4849 -0.1414
vn -0.8317 -0.4743 0.2887
vn -0.7274 0.4695 0.5005
vn -0.6995 0.6929 0.1749
vn -0.6644 -0.4297 -0.6115
vn -0.6459 0.6996 -0.3055
vn -0.0849 -0.6152 -0.7838
vn -0.4828 -0.8289 -0.2826
vn -0.5144 -0.5700 0.6407
vn -0.5365 0.1108 0.8366
vn -0.5736 0.8063 0.1448
vn -0.1248 0.7848 -0.6070
vn -0.4829 -0.8288 -0.2826
vn -0.6279 -0.7126 -0.3129
vn -0.5145 -0.5699 0.6407
vn -0.6077 -0.6268 0.4877
vn -0.0808 -0.9552 -0.2846
vn -0.2259 -0.8463 0.4825
vn 0.4527 -0.8758 -0.1676
vn 0.0566 -0.9633 -0.2626
vn -0.1305 -0.9477 -0.2913
vn -0.1380 -0.8780 0.4584
vn 0.0455 -0.8769 0.4785
vn 0.3417 -0.9184 -0.1993
vn 0.4036 -0.6336 0.6601
vn 0.8132 -0.5816 -0.0205
vn 0.9700 -0.2167 0.1106
vn 0.5670 -0.3430 0.7489
vn 0.9715 0.1181 0.2056
vn 0.5285 -0.0731 0.8458
vn 0.6066 0.7208 0.3355
vn 0.2544 0.3502 0.9014
vn 0.0809 0.9552 0.2846
vn -0.1102 0.4871 0.8664
vn 0.1739 -0.8028 0.5703
vn 0.4504 -0.5992 0.6619
vn 0.8132 -0.5817 -0.0205
vn -0.5735 0.8063 0.1448
vn -0.5365 0.1107 0.8366
vn -0.7152 0.1340 0.6859
vn -0.8234 0.5673 0.0146
vn -0.3417 0.9184 0.1993
vn -0.4600 0.3990 0.7932
vn -0.0565 0.9633 0.2625
vn -0.2234 0.4779 0.8495
vn 0.1305 0.9477 0.2913
vn -0.0467 0.4810 0.8755
vn -0.2234 0.4780 0.8495
vn -0.0365 -0.8771 0.4789
vn 0.0456 -0.8769 0.4785
vn 0.2303 0.4790 0.8471
vn 0.0124 0.0116 0.9999
vn 0.1485 0.9553 0.2557
vn -0.1500 0.9546 0.2573
vn 0.6065 0.7208 0.3354
vn 0.9260 0.2869 0.2453
vn 0.5012 -0.0043 0.8653
vn 0.5000 0.8060 0.3167
vn 0.2545 0.3503 0.9014
vn -0.4678 -0.7524 0.4637
vn -0.5000 -0.8060 -0.3167
vn -0.9260 -0.2869 -0.2453
vn -0.7491 -0.3917 0.5342
vn -0.9837 0.1082 -0.1437
vn -0.8144 -0.1133 0.5691
vn -0.9510 0.2975 -0.0843
vn -0.4695 0.8679 0.1624
vn 0.1457 -0.6292 0.7635
vn -0.7856 0.0165 0.6185
vn -0.6895 0.2216 0.6896
vn 0.6534 -0.7489 -0.1106
vn 0.1451 -0.9552 -0.2579
vn -0.1435 -0.9559 -0.2564
vn -0.1342 -0.6300 0.7650
vn 0.8209 -0.1096 0.5604
vn 0.7565 -0.3884 0.5262
vn 0.9246 -0.2828 -0.2551
vn 0.4761 -0.7503 0.4587
vn 0.5002 -0.8038 -0.3220
vn 0.2395 -0.8533 0.4632
vn 0.1316 -0.9471 -0.2927
vn 0.1468 -0.8774 0.4568
vn -0.0550 -0.9635 -0.2620
vn 0.5715 0.8088 0.1388
vn 0.8077 0.5894 0.0136
vn 0.7219 0.1372 0.6782
vn 0.3397 0.9199 0.1958
vn 0.4540 0.3889 0.8017
vn 0.0550 0.9635 0.2620
vn -0.1316 0.9471 0.2927
vn 0.0540 0.4812 0.8749
vn -0.5002 0.8038 0.3220
vn -0.2178 0.3647 0.9053
vn -0.9246 0.2828 0.2551
vn -0.4920 -0.0065 0.8706
vn -0.6278 0.7098 0.3195
vn 0.6157 -0.6240 0.4812
vn -0.5191 -0.0755 0.8514
vn -0.5575 -0.3455 0.7549
vn -0.3937 -0.6354 0.6643
vn -0.3397 -0.9199 -0.1957
vn -0.8210 -0.5709 -0.0059
vn -0.9678 -0.2210 0.1208
vn -0.9698 0.1138 0.2158
vn -0.2177 0.3647 0.9053
vn -0.0821 0.9549 0.2855
vn 0.1173 0.4876 0.8652
vn 0.4673 0.8700 0.1574
vn 0.6958 0.2246 0.6822
vn 0.9487 0.3017 -0.0944
vn 0.7920 0.0200 0.6102
vn 0.9816 0.1126 -0.1541
vn 0.2395 -0.8533 0.4631
vn -0.1642 -0.8036 0.5721
vn -0.4406 -0.6012 0.6667
vn -0.6512 -0.7518 -0.1037
vn -0.4505 -0.8778 -0.1628
vn 0.0821 -0.9549 -0.2855
vn 0.6278 -0.7098 -0.3196
vt 0.204521 0.480160
vt 0.211473 0.481863
vt 0.206558 0.483829
vt 0.179757 0.487404
vt 0.181805 0.486974
vt 0.181865 0.491085
vt 0.183888 0.487448
vt 0.182248 0.485976
vt 0.186662 0.484917
vt 0.176364 0.483582
vt 0.193840 0.483441
vt 0.187789 0.480412
vt 0.201076 0.483564
vt 0.203615 0.485966
vt 0.201650 0.487392
vt 0.199240 0.485339
vt 0.197118 0.488207
vt 0.196112 0.485169
vt 0.193453 0.487834
vt 0.192110 0.485974
vt 0.191841 0.487250
vt 0.177712 0.484995
vt 0.189912 0.491297
vt 0.189333 0.487551
vt 0.185980 0.490402
vt 0.180414 0.495846
vt 0.195070 0.495843
vt 0.196911 0.491019
vt 0.199715 0.488836
vt 0.198479 0.490648
vt 0.200912 0.489971
vt 0.177744 0.490204
vt 0.174687 0.490873
vt 0.162993 0.495829
vt 0.166769 0.490892
vt 0.157093 0.491072
vt 0.162135 0.490330
vt 0.157870 0.486686
vt 0.165301 0.486762
vt 0.161461 0.485824
vt 0.166720 0.485763
vt 0.163657 0.483797
vt 0.171661 0.485442
vt 0.174192 0.486076
vt 0.175705 0.487440
vt 0.174065 0.487096
vt 0.172877 0.487483
vt 0.168964 0.487257
vt 0.166880 0.486911
vt 0.171049 0.490137
vt 0.154674 0.486753
vt 0.156352 0.486997
vt 0.155478 0.486275
vt 0.157191 0.482117
vt 0.149911 0.484040
vt 0.136841 0.485413
vt 0.141972 0.486362
vt 0.139418 0.486891
vt 0.142256 0.486970
vt 0.141927 0.489989
vt 0.146207 0.486919
vt 0.146938 0.486413
vt 0.151464 0.486507
vt 0.151859 0.486843
vt 0.152355 0.490202
vt 0.147415 0.490968
vt 0.139863 0.495775
vt 0.136224 0.490992
vt 0.124969 0.495754
vt 0.124969 0.492739
vt 0.113715 0.490992
vt 0.136833 0.487273
vt 0.147465 0.487104
vt 0.148651 0.487118
vt 0.134082 0.480363
vt 0.124969 0.482888
vt 0.126557 0.486172
vt 0.124969 0.484646
vt 0.124969 0.480427
vt 0.115857 0.480363
vt 0.124969 0.487902
vt 0.124969 0.486800
vt 0.126686 0.487023
vt 0.123253 0.487023
vt 0.123353 0.487339
vt 0.120028 0.487146
vt 0.119491 0.490404
vt 0.124969 0.490590
vt 0.130448 0.490404
vt 0.134010 0.486721
vt 0.130353 0.486316
vt 0.123381 0.486172
vt 0.126586 0.487339
vt 0.129911 0.487146
vt 0.116033 0.486895
vt 0.119586 0.486316
vt 0.113098 0.485413
vt 0.113106 0.487273
vt 0.110521 0.486891
vt 0.108012 0.489989
vt 0.107683 0.486970
vt 0.103732 0.486919
vt 0.107967 0.486362
vt 0.103001 0.486413
vt 0.100028 0.484040
vt 0.102474 0.487104
vt 0.098475 0.486507
vt 0.101288 0.487118
vt 0.102524 0.490968
vt 0.110076 0.495775
vt 0.086946 0.495829
vt 0.092748 0.482117
vt 0.094461 0.486275
vt 0.098080 0.486843
vt 0.097584 0.490202
vt 0.092846 0.491072
vt 0.083170 0.490892
vt 0.075252 0.490873
vt 0.078890 0.490137
vt 0.069525 0.495846
vt 0.077062 0.487483
vt 0.080975 0.487257
vt 0.078278 0.485442
vt 0.083219 0.485763
vt 0.086282 0.483797
vt 0.088478 0.485824
vt 0.092069 0.486686
vt 0.093587 0.486997
vt 0.095265 0.486753
vt 0.084638 0.486762
vt 0.087804 0.490330
vt 0.083059 0.486911
vt 0.060027 0.491297
vt 0.054869 0.495843
vt 0.053028 0.491019
vt 0.068074 0.491085
vt 0.072195 0.490204
vt 0.056486 0.487834
vt 0.058098 0.487250
vt 0.052821 0.488207
vt 0.050224 0.488836
vt 0.048289 0.487392
vt 0.051460 0.490648
vt 0.049027 0.489971
vt 0.045418 0.480160
vt 0.062150 0.480412
vt 0.056099 0.483441
vt 0.048863 0.483564
vt 0.043381 0.483829
vt 0.046324 0.485966
vt 0.050699 0.485339
vt 0.053827 0.485169
vt 0.057829 0.485974
vt 0.060606 0.487551
vt 0.063959 0.490402
vt 0.066051 0.487448
vt 0.063277 0.484917
vt 0.038466 0.481863
vt 0.073575 0.483582
vt 0.075747 0.486076
vt 0.075874 0.487096
vt 0.074234 0.487440
vt 0.070182 0.487404
vt 0.068134 0.486974
vt 0.067691 0.485976
vt 0.072227 0.484995
vt 0.150075 0.360695
vt 0.155899 0.349373
vt 0.157011 0.350580
vt 0.140919 0.377504
vt 0.144019 0.378206
vt 0.144095 0.380145
vt 0.144814 0.374474
vt 0.140702 0.373768
vt 0.142023 0.371290
vt 0.138651 0.371825
vt 0.143143 0.368706
vt 0.143765 0.367270
vt 0.146492 0.367712
vt 0.146819 0.366076
vt 0.149886 0.367410
vt 0.149967 0.364845
vt 0.151578 0.362283
vt 0.158123 0.351786
vt 0.161958 0.340059
vt 0.160969 0.339434
vt 0.147118 0.378909
vt 0.151338 0.410925
vt 0.153218 0.398089
vt 0.162562 0.403666
vt 0.157892 0.396387
vt 0.151844 0.392933
vt 0.157606 0.389199
vt 0.151869 0.391335
vt 0.153944 0.387455
vt 0.155011 0.380801
vt 0.152638 0.385069
vt 0.148925 0.375180
vt 0.145915 0.370602
vt 0.149807 0.369915
vt 0.156030 0.364138
vt 0.143508 0.416447
vt 0.131674 0.403984
vt 0.139647 0.400815
vt 0.142845 0.400758
vt 0.146043 0.400702
vt 0.146232 0.396570
vt 0.146346 0.393604
vt 0.150165 0.389486
vt 0.149554 0.386664
vt 0.149790 0.384307
vt 0.146633 0.381225
vt 0.139044 0.379512
vt 0.137674 0.376524
vt 0.140931 0.380109
vt 0.143756 0.380600
vt 0.146017 0.381994
vt 0.148744 0.384528
vt 0.147875 0.386068
vt 0.146630 0.388121
vt 0.146528 0.391399
vt 0.142333 0.390765
vt 0.141485 0.393001
vt 0.138139 0.390130
vt 0.136623 0.392399
vt 0.141507 0.386668
vt 0.137424 0.395855
vt 0.141828 0.396212
vt 0.133521 0.395081
vt 0.133285 0.391383
vt 0.128664 0.386364
vt 0.131601 0.384024
vt 0.133148 0.385678
vt 0.136923 0.383482
vt 0.135727 0.388003
vt 0.138726 0.385257
vt 0.141313 0.385874
vt 0.143776 0.386446
vt 0.144068 0.387394
vt 0.145828 0.387256
vt 0.147205 0.385718
vt 0.145641 0.386436
vt 0.143901 0.385742
vt 0.141619 0.385301
vt 0.139259 0.384781
vt 0.138143 0.383099
vt 0.137745 0.382492
vt 0.136610 0.380970
vt 0.137553 0.381540
vt 0.139505 0.380985
vt 0.139943 0.381369
vt 0.140939 0.380454
vt 0.139465 0.384113
vt 0.139014 0.382754
vt 0.138253 0.382520
vt 0.138391 0.381908
vt 0.139201 0.382245
vt 0.139088 0.382488
vt 0.112570 0.395840
vt 0.108509 0.392979
vt 0.113373 0.392383
vt 0.116475 0.395070
vt 0.116713 0.391370
vt 0.120214 0.393903
vt 0.119896 0.390738
vt 0.121309 0.390091
vt 0.121342 0.386356
vt 0.125003 0.387423
vt 0.125004 0.385420
vt 0.128120 0.384319
vt 0.130518 0.380798
vt 0.133025 0.379455
vt 0.134378 0.375228
vt 0.129525 0.377600
vt 0.129341 0.372451
vt 0.134173 0.372678
vt 0.107662 0.390740
vt 0.108493 0.386643
vt 0.111859 0.390111
vt 0.111273 0.385234
vt 0.114273 0.387985
vt 0.113078 0.383456
vt 0.116856 0.385661
vt 0.118406 0.384008
vt 0.121888 0.384312
vt 0.125006 0.382659
vt 0.127522 0.381795
vt 0.127009 0.379152
vt 0.126391 0.373192
vt 0.126351 0.368846
vt 0.125019 0.368733
vt 0.125023 0.365564
vt 0.125014 0.373469
vt 0.125008 0.379624
vt 0.122490 0.381788
vt 0.119494 0.380781
vt 0.116987 0.379429
vt 0.113394 0.380937
vt 0.112337 0.376477
vt 0.110958 0.379467
vt 0.109087 0.377446
vt 0.109067 0.380056
vt 0.123007 0.379146
vt 0.120494 0.377584
vt 0.115641 0.375192
vt 0.111369 0.371765
vt 0.109310 0.373704
vt 0.120688 0.372433
vt 0.115851 0.372639
vt 0.123638 0.373186
vt 0.123687 0.368839
vt 0.100040 0.364724
vt 0.099938 0.360548
vt 0.102067 0.363461
vt 0.103147 0.365950
vt 0.105309 0.364709
vt 0.106254 0.367177
vt 0.108551 0.365958
vt 0.114180 0.365858
vt 0.116690 0.366726
vt 0.120596 0.367205
vt 0.123802 0.365202
vt 0.118949 0.360971
vt 0.119558 0.360709
vt 0.121901 0.361341
vt 0.122103 0.362673
vt 0.121567 0.364557
vt 0.116492 0.365452
vt 0.113803 0.363643
vt 0.116637 0.362157
vt 0.107471 0.363469
vt 0.110848 0.364739
vt 0.111790 0.362934
vt 0.113727 0.359741
vt 0.117086 0.358413
vt 0.118458 0.359027
vt 0.120290 0.360157
vt 0.121809 0.359785
vt 0.123168 0.359591
vt 0.120237 0.358807
vt 0.120143 0.357158
vt 0.116764 0.355554
vt 0.120591 0.356374
vt 0.125035 0.357681
vt 0.108574 0.361739
vt 0.105358 0.360544
vt 0.104094 0.362198
vt 0.101451 0.358951
vt 0.102201 0.356612
vt 0.094076 0.349088
vt 0.107663 0.356146
vt 0.110104 0.357488
vt 0.112546 0.358831
vt 0.110194 0.351763
vt 0.103500 0.351048
vt 0.095934 0.347170
vt 0.093832 0.339216
vt 0.089889 0.338793
vt 0.095750 0.330107
vt 0.093308 0.326573
vt 0.098358 0.322778
vt 0.091617 0.324479
vt 0.098995 0.318186
vt 0.102250 0.323469
vt 0.100151 0.341628
vt 0.095562 0.337534
vt 0.096252 0.334131
vt 0.088909 0.339408
vt 0.117025 0.343306
vt 0.108473 0.342438
vt 0.101723 0.339263
vt 0.096306 0.335691
vt 0.097201 0.335894
vt 0.098060 0.334276
vt 0.100081 0.329362
vt 0.108943 0.327575
vt 0.106924 0.335304
vt 0.104629 0.337303
vt 0.111752 0.338249
vt 0.110590 0.339433
vt 0.118314 0.339681
vt 0.099575 0.336455
vt 0.102643 0.338348
vt 0.106353 0.318738
vt 0.110226 0.322568
vt 0.114715 0.324261
vt 0.113695 0.329707
vt 0.112896 0.337183
vt 0.119818 0.338504
vt 0.125055 0.340189
vt 0.147649 0.323400
vt 0.141005 0.327408
vt 0.139726 0.322479
vt 0.149778 0.329306
vt 0.142963 0.334815
vt 0.145141 0.336591
vt 0.138463 0.338082
vt 0.139622 0.339317
vt 0.131821 0.339633
vt 0.130303 0.338461
vt 0.125052 0.338584
vt 0.119971 0.337047
vt 0.119788 0.330158
vt 0.119871 0.324847
vt 0.119021 0.316584
vt 0.136339 0.329584
vt 0.137297 0.337045
vt 0.130265 0.330108
vt 0.130141 0.324808
vt 0.130141 0.337004
vt 0.135275 0.324183
vt 0.130950 0.316556
vt 0.127995 0.316830
vt 0.125009 0.324957
vt 0.125027 0.330249
vt 0.125051 0.337585
vt 0.112658 0.311862
vt 0.121173 0.309699
vt 0.119535 0.314718
vt 0.122141 0.314561
vt 0.121984 0.316844
vt 0.124990 0.316788
vt 0.127830 0.314550
vt 0.130431 0.314695
vt 0.137286 0.311829
vt 0.128784 0.309689
vt 0.133610 0.301625
vt 0.124970 0.297327
vt 0.124965 0.285630
vt 0.116327 0.301634
vt 0.101821 0.300731
vt 0.100265 0.310392
vt 0.124979 0.308437
vt 0.124986 0.314573
vt 0.110457 0.314006
vt 0.099632 0.313594
vt 0.139483 0.313964
vt 0.149649 0.310361
vt 0.148100 0.300718
vt 0.124965 0.283806
vt 0.072582 0.302209
vt 0.084716 0.311059
vt 0.071221 0.312154
vt 0.082685 0.317087
vt 0.071355 0.322564
vt 0.082348 0.324383
vt 0.073372 0.332209
vt 0.055193 0.302680
vt 0.082434 0.285139
vt 0.124965 0.277022
vt 0.029184 0.305320
vt 0.040654 0.315655
vt 0.028000 0.331603
vt 0.058732 0.286846
vt 0.091194 0.270532
vt 0.124966 0.270612
vt 0.167493 0.285138
vt 0.177340 0.302205
vt 0.165197 0.311045
vt 0.150277 0.313556
vt 0.143566 0.318682
vt 0.150900 0.318134
vt 0.151523 0.322713
vt 0.109424 0.259795
vt 0.124966 0.257638
vt 0.199000 0.329152
vt 0.203983 0.322722
vt 0.178699 0.312151
vt 0.167221 0.317072
vt 0.159955 0.322344
vt 0.158251 0.324425
vt 0.156547 0.326505
vt 0.154058 0.329999
vt 0.151778 0.334464
vt 0.150342 0.336943
vt 0.147016 0.337225
vt 0.152495 0.335713
vt 0.153469 0.333927
vt 0.153305 0.335252
vt 0.159980 0.338809
vt 0.167554 0.324373
vt 0.178565 0.322566
vt 0.191558 0.337421
vt 0.199703 0.352456
vt 0.204137 0.352147
vt 0.201608 0.368289
vt 0.206458 0.371891
vt 0.201294 0.370637
vt 0.205079 0.374910
vt 0.202373 0.374695
vt 0.165942 0.342270
vt 0.176548 0.332224
vt 0.164285 0.355585
vt 0.172998 0.346884
vt 0.183679 0.346759
vt 0.191401 0.351394
vt 0.197843 0.368597
vt 0.198493 0.370302
vt 0.199355 0.371514
vt 0.200655 0.372466
vt 0.198953 0.372334
vt 0.200171 0.374080
vt 0.196587 0.376695
vt 0.195308 0.382204
vt 0.192319 0.381167
vt 0.157252 0.371542
vt 0.161672 0.366246
vt 0.169290 0.358984
vt 0.180633 0.355763
vt 0.190984 0.367519
vt 0.191357 0.380489
vt 0.185385 0.376849
vt 0.181879 0.387229
vt 0.171803 0.372670
vt 0.169814 0.394930
vt 0.164262 0.382456
vt 0.163606 0.391097
vt 0.174189 0.364567
vt 0.187868 0.392451
vt 0.177243 0.399510
vt 0.195761 0.386647
vt 0.194703 0.387794
vt 0.195454 0.386062
vt 0.193682 0.387231
vt 0.188702 0.393202
vt 0.186250 0.403046
vt 0.185228 0.403698
vt 0.169629 0.409523
vt 0.196472 0.400620
vt 0.196769 0.404317
vt 0.195566 0.404742
vt 0.193012 0.403309
vt 0.191881 0.404936
vt 0.190950 0.399808
vt 0.190418 0.395856
vt 0.191810 0.392097
vt 0.192636 0.392482
vt 0.194982 0.388298
vt 0.196537 0.388167
vt 0.196911 0.387838
vt 0.197556 0.390971
vt 0.198214 0.390214
vt 0.198672 0.391920
vt 0.197562 0.392823
vt 0.193113 0.398178
vt 0.193173 0.392546
vt 0.194607 0.394568
vt 0.193217 0.394858
vt 0.194001 0.397607
vt 0.192321 0.395391
vt 0.194713 0.400234
vt 0.195067 0.399556
vt 0.194691 0.396295
vt 0.194876 0.396196
vt 0.195024 0.394330
vt 0.196103 0.394821
vt 0.196109 0.393722
vt 0.195944 0.393049
vt 0.195915 0.389010
vt 0.194899 0.391791
vt 0.196077 0.398029
vt 0.196651 0.400044
vt 0.196192 0.397587
vt 0.196398 0.395666
vt 0.197703 0.394014
vt 0.198685 0.393251
vt 0.199611 0.392429
vt 0.199483 0.394107
vt 0.198675 0.394848
vt 0.199426 0.396125
vt 0.198724 0.396763
vt 0.199480 0.396909
vt 0.198697 0.397533
vt 0.198749 0.399251
vt 0.201062 0.394547
vt 0.200935 0.394230
vt 0.202022 0.393627
vt 0.199938 0.398277
vt 0.197934 0.395323
vt 0.197980 0.397229
vt 0.197073 0.397552
vt 0.197270 0.397945
vt 0.197982 0.397800
vt 0.197594 0.399934
vt 0.199865 0.390388
vt 0.201058 0.391435
vt 0.200642 0.393016
vt 0.201860 0.392685
vt 0.202708 0.393594
vt 0.200099 0.398526
vt 0.198846 0.399882
vt 0.197585 0.400499
vt 0.203434 0.384801
vt 0.203412 0.390289
vt 0.203071 0.389869
vt 0.203911 0.377295
vt 0.201796 0.376150
vt 0.203224 0.378361
vt 0.200314 0.380773
vt 0.204936 0.382900
vt 0.204930 0.384983
vt 0.204182 0.390829
vt 0.203384 0.393992
vt 0.200496 0.399975
vt 0.199340 0.401555
vt 0.201057 0.401077
vt 0.199901 0.402809
vt 0.197075 0.405787
vt 0.195647 0.405866
vt 0.231151 0.357694
vt 0.226958 0.371397
vt 0.221435 0.348098
vt 0.217411 0.367181
vt 0.210597 0.353960
vt 0.209407 0.379535
vt 0.207712 0.381266
vt 0.205811 0.382801
vt 0.205757 0.385102
vt 0.204950 0.391587
vt 0.204088 0.394852
vt 0.222610 0.382554
vt 0.210040 0.391121
vt 0.209597 0.384366
vt 0.207815 0.384548
vt 0.207409 0.391505
vt 0.205555 0.396329
vt 0.201889 0.403218
vt 0.200366 0.405287
vt 0.209105 0.392132
vt 0.207456 0.398680
vt 0.203848 0.405407
vt 0.200735 0.408098
vt 0.203398 0.404619
vt 0.206966 0.398001
vt 0.200566 0.409306
vt 0.197399 0.410218
vt 0.197047 0.408237
vt 0.195339 0.408823
vt 0.191542 0.406722
vt 0.190350 0.407641
vt 0.190278 0.408286
vt 0.179878 0.416722
vt 0.162113 0.420641
vt 0.194705 0.410551
vt 0.194705 0.411433
vt 0.184864 0.418794
vt 0.172733 0.429663
vt 0.152468 0.429596
vt 0.166153 0.437870
vt 0.171376 0.439623
vt 0.177257 0.431505
vt 0.189334 0.421086
vt 0.195378 0.421174
vt 0.197248 0.411038
vt 0.201280 0.416123
vt 0.206399 0.410245
vt 0.165596 0.447636
vt 0.159679 0.445248
vt 0.212314 0.402556
vt 0.206441 0.421503
vt 0.200318 0.425755
vt 0.190222 0.431936
vt 0.181485 0.433290
vt 0.176414 0.440924
vt 0.171903 0.448651
vt 0.160372 0.455213
vt 0.153012 0.452458
vt 0.144108 0.435114
vt 0.134195 0.420838
vt 0.135439 0.440343
vt 0.124988 0.423397
vt 0.124994 0.405413
vt 0.124998 0.396413
vt 0.128351 0.394999
vt 0.129784 0.393909
vt 0.084367 0.447636
vt 0.090286 0.445247
vt 0.096952 0.452456
vt 0.105861 0.435109
vt 0.114530 0.440339
vt 0.115783 0.420834
vt 0.118315 0.403977
vt 0.121647 0.394994
vt 0.125001 0.390399
vt 0.128693 0.390097
vt 0.130105 0.390746
vt 0.110341 0.400800
vt 0.108163 0.396192
vt 0.107142 0.400740
vt 0.103756 0.396545
vt 0.098637 0.410910
vt 0.103942 0.400681
vt 0.106469 0.416438
vt 0.097500 0.429590
vt 0.083810 0.437868
vt 0.087852 0.420631
vt 0.077227 0.429659
vt 0.070079 0.416714
vt 0.065091 0.418790
vt 0.059673 0.408279
vt 0.055245 0.411429
vt 0.055245 0.410548
vt 0.052551 0.410216
vt 0.052903 0.408234
vt 0.054611 0.408819
vt 0.058409 0.406714
vt 0.059601 0.407633
vt 0.052702 0.411036
vt 0.049382 0.409306
vt 0.096607 0.398006
vt 0.087407 0.403643
vt 0.080334 0.409507
vt 0.064725 0.403685
vt 0.063702 0.403032
vt 0.058069 0.404928
vt 0.054302 0.405860
vt 0.052874 0.405782
vt 0.049582 0.405285
vt 0.054383 0.404736
vt 0.046549 0.404618
vt 0.042978 0.397999
vt 0.044390 0.396326
vt 0.048058 0.403215
vt 0.050046 0.402805
vt 0.053180 0.404312
vt 0.053476 0.400612
vt 0.056938 0.403300
vt 0.055235 0.400225
vt 0.056835 0.398166
vt 0.059000 0.399796
vt 0.057627 0.395377
vt 0.059532 0.395841
vt 0.058137 0.392080
vt 0.049214 0.408098
vt 0.046100 0.405407
vt 0.042489 0.398679
vt 0.061248 0.393183
vt 0.056264 0.387213
vt 0.057312 0.392467
vt 0.056730 0.394844
vt 0.055948 0.397595
vt 0.054881 0.399547
vt 0.053297 0.400036
vt 0.052353 0.399927
vt 0.052678 0.397936
vt 0.051967 0.397221
vt 0.052874 0.397544
vt 0.053871 0.398020
vt 0.053756 0.397578
vt 0.055257 0.396284
vt 0.051966 0.397792
vt 0.051223 0.396755
vt 0.052013 0.395314
vt 0.053549 0.395656
vt 0.055072 0.396185
vt 0.055341 0.394555
vt 0.056775 0.392532
vt 0.050467 0.396902
vt 0.050520 0.396117
vt 0.051271 0.394838
vt 0.052244 0.394003
vt 0.053844 0.394810
vt 0.054924 0.394317
vt 0.055048 0.391777
vt 0.054964 0.388282
vt 0.055243 0.387778
vt 0.054491 0.386046
vt 0.054637 0.382186
vt 0.053183 0.382761
vt 0.054184 0.386631
vt 0.053941 0.386072
vt 0.053034 0.387823
vt 0.053408 0.388152
vt 0.052390 0.390959
vt 0.054030 0.388996
vt 0.054002 0.393037
vt 0.053838 0.393710
vt 0.052383 0.392811
vt 0.051261 0.393241
vt 0.050462 0.394098
vt 0.049010 0.394223
vt 0.048883 0.394540
vt 0.047923 0.393620
vt 0.048085 0.392677
vt 0.047237 0.393587
vt 0.051274 0.391909
vt 0.050335 0.392419
vt 0.051731 0.390202
vt 0.050080 0.390377
vt 0.048886 0.391426
vt 0.049303 0.393008
vt 0.048426 0.391970
vt 0.046873 0.389861
vt 0.047276 0.389161
vt 0.046508 0.384791
vt 0.047790 0.388571
vt 0.047951 0.384156
vt 0.048815 0.386987
vt 0.046532 0.390282
vt 0.045012 0.384975
vt 0.049629 0.380759
vt 0.045006 0.382891
vt 0.044131 0.382793
vt 0.045762 0.390822
vt 0.044185 0.385095
vt 0.042229 0.381259
vt 0.046029 0.377283
vt 0.046717 0.378349
vt 0.048145 0.376136
vt 0.050554 0.380264
vt 0.032526 0.367179
vt 0.022978 0.371402
vt 0.028499 0.348096
vt 0.027330 0.382559
vt 0.039903 0.391119
vt 0.040534 0.379529
vt 0.040345 0.384362
vt 0.042127 0.384542
vt 0.044994 0.391582
vt 0.046561 0.393986
vt 0.049848 0.398520
vt 0.050009 0.398271
vt 0.051250 0.397525
vt 0.051198 0.399244
vt 0.051101 0.399876
vt 0.049450 0.399969
vt 0.045857 0.394847
vt 0.042535 0.391501
vt 0.040838 0.392130
vt 0.052363 0.400492
vt 0.050607 0.401550
vt 0.048890 0.401073
vt 0.043549 0.410249
vt 0.037631 0.402560
vt 0.033631 0.395993
vt 0.023542 0.402163
vt 0.014227 0.391199
vt 0.018782 0.357699
vt 0.004519 0.371677
vt 0.015496 0.330864
vt 0.015525 0.409593
vt 0.001632 0.416110
vt 0.028275 0.407364
vt 0.033207 0.412372
vt 0.043510 0.421512
vt 0.048670 0.416126
vt 0.054574 0.421176
vt 0.060621 0.421084
vt 0.072703 0.431504
vt 0.078586 0.439623
vt 0.034992 0.427084
vt 0.046007 0.435809
vt 0.063309 0.445091
vt 0.081482 0.456187
vt 0.065333 0.453214
vt 0.050594 0.433126
vt 0.049636 0.425762
vt 0.059734 0.431940
vt 0.068474 0.433291
vt 0.073546 0.440925
vt 0.078060 0.448654
vt 0.089593 0.455213
vt 0.061529 0.438576
vt 0.140508 0.259796
vt 0.124967 0.250874
vt 0.151187 0.254944
vt 0.158736 0.270532
vt 0.191198 0.286847
vt 0.194736 0.302681
vt 0.194586 0.276946
vt 0.220748 0.305322
vt 0.209277 0.315657
vt 0.098746 0.254943
vt 0.055347 0.276943
vt 0.234434 0.330861
vt 0.221932 0.331604
vt 0.211927 0.329726
vt 0.245416 0.371657
vt 0.235713 0.391181
vt 0.226401 0.402148
vt 0.216313 0.395988
vt 0.168482 0.456185
vt 0.186651 0.445083
vt 0.184630 0.453206
vt 0.203949 0.435796
vt 0.202435 0.445425
vt 0.213106 0.439470
vt 0.214961 0.427067
vt 0.216741 0.412360
vt 0.221671 0.407350
vt 0.218351 0.436209
vt 0.199362 0.433117
vt 0.188429 0.438570
vt 0.149348 0.459919
vt 0.149947 0.459941
vt 0.149950 0.459632
vt 0.148661 0.460131
vt 0.149065 0.460628
vt 0.147459 0.459614
vt 0.149078 0.459278
vt 0.147761 0.458922
vt 0.148663 0.459671
vt 0.147464 0.460367
vt 0.147779 0.461240
vt 0.145876 0.460549
vt 0.146074 0.461714
vt 0.144056 0.460616
vt 0.144057 0.461892
vt 0.142039 0.461717
vt 0.142236 0.460551
vt 0.140334 0.461244
vt 0.140648 0.460372
vt 0.140653 0.459619
vt 0.139448 0.459681
vt 0.142243 0.459570
vt 0.144056 0.459546
vt 0.145870 0.459568
vt 0.139050 0.460637
vt 0.139451 0.460140
vt 0.138763 0.459933
vt 0.137988 0.459681
vt 0.139034 0.459287
vt 0.140353 0.458926
vt 0.142071 0.458641
vt 0.144057 0.458509
vt 0.146044 0.458639
vt 0.138162 0.459960
vt 0.021450 0.467999
vt 0.024313 0.468385
vt 0.022088 0.470091
vt 0.026141 0.469496
vt 0.024459 0.473669
vt 0.030386 0.471354
vt 0.027757 0.467211
vt 0.025064 0.465852
vt 0.022400 0.464955
vt 0.018346 0.468543
vt 0.018556 0.472806
vt 0.022208 0.479699
vt 0.018374 0.464753
vt 0.011829 0.464542
vt 0.011245 0.469779
vt 0.005498 0.468462
vt 0.005668 0.464850
vt 0.005391 0.471989
vt 0.008327 0.476089
vt 0.015940 0.478010
vt 0.012800 0.477853
vt 0.016476 0.487932
vt 0.007349 0.479934
vt 0.006541 0.491398
vt 0.009637 0.497938
vt 0.025896 0.492860
vt 0.031556 0.480347
vt 0.045127 0.487805
vt 0.045647 0.488035
vt 0.045040 0.488386
vt 0.045633 0.487407
vt 0.044901 0.487376
vt 0.044521 0.488011
vt 0.044144 0.487512
vt 0.043193 0.487483
vt 0.043469 0.488406
vt 0.042980 0.486922
vt 0.040851 0.488418
vt 0.043941 0.489944
vt 0.041756 0.491408
vt 0.045892 0.490750
vt 0.049139 0.493471
vt 0.042902 0.493306
vt 0.043156 0.495965
vt 0.035356 0.495926
vt 0.031053 0.492962
vt 0.044160 0.488980
vt 0.049733 0.495956
vt 0.042375 0.486204
vt 0.031036 0.489627
vt 0.037271 0.487528
vt 0.040631 0.484620
vt 0.032731 0.485028
vt 0.030809 0.485869
vt 0.030632 0.488726
vt 0.241612 0.476089
vt 0.237139 0.477853
vt 0.233999 0.478010
vt 0.242590 0.479934
vt 0.238110 0.464542
vt 0.244271 0.464850
vt 0.244441 0.468462
vt 0.238694 0.469779
vt 0.244548 0.471989
vt 0.231383 0.472806
vt 0.227731 0.479699
vt 0.233463 0.487932
vt 0.243398 0.491398
vt 0.240302 0.497938
vt 0.224043 0.492860
vt 0.218383 0.480347
vt 0.225480 0.473669
vt 0.219553 0.471354
vt 0.223798 0.469496
vt 0.231593 0.468543
vt 0.231565 0.464753
vt 0.227539 0.464955
vt 0.222182 0.467211
vt 0.225626 0.468385
vt 0.224875 0.465852
vt 0.228489 0.467999
vt 0.227850 0.470091
vt 0.043482 0.371881
vt 0.039338 0.353952
vt 0.045798 0.352135
vt 0.051641 0.378772
vt 0.049770 0.374064
vt 0.047568 0.374681
vt 0.044861 0.374899
vt 0.038006 0.329722
vt 0.045948 0.322718
vt 0.050930 0.329145
vt 0.050233 0.352440
vt 0.048331 0.368274
vt 0.048646 0.370622
vt 0.049286 0.372450
vt 0.078154 0.372608
vt 0.075760 0.364501
vt 0.080660 0.358892
vt 0.069305 0.355716
vt 0.076929 0.346832
vt 0.066254 0.346728
vt 0.058373 0.337407
vt 0.068073 0.387200
vt 0.080150 0.394899
vt 0.072715 0.399488
vt 0.064562 0.376815
vt 0.058534 0.351371
vt 0.058957 0.367491
vt 0.058588 0.380464
vt 0.062082 0.392432
vt 0.057627 0.381145
vt 0.052097 0.368578
vt 0.051448 0.370284
vt 0.053356 0.376676
vt 0.050988 0.372316
vt 0.050585 0.371496
vt 0.099622 0.469182
vt 0.088001 0.466892
vt 0.108404 0.466892
vt 0.092145 0.469243
vt 0.096077 0.470717
vt 0.092475 0.471738
vt 0.102516 0.471672
vt 0.102465 0.472525
vt 0.099507 0.472550
vt 0.102388 0.473293
vt 0.099419 0.473404
vt 0.098067 0.472546
vt 0.099501 0.471783
vt 0.106877 0.469254
vt 0.115780 0.469195
vt 0.105270 0.472515
vt 0.104945 0.473093
vt 0.107010 0.475554
vt 0.098928 0.475288
vt 0.097088 0.473306
vt 0.096955 0.472759
vt 0.091339 0.473040
vt 0.090132 0.472913
vt 0.089120 0.471616
vt 0.082137 0.471442
vt 0.072552 0.470052
vt 0.070490 0.471480
vt 0.053757 0.470071
vt 0.106356 0.472470
vt 0.107637 0.473170
vt 0.111054 0.475558
vt 0.113052 0.472932
vt 0.114123 0.475509
vt 0.113591 0.478130
vt 0.096580 0.477984
vt 0.095934 0.475591
vt 0.091081 0.475583
vt 0.091940 0.473718
vt 0.107605 0.472595
vt 0.107511 0.479646
vt 0.078286 0.479646
vt 0.124969 0.479646
vt 0.124969 0.478387
vt 0.124969 0.475724
vt 0.114667 0.472405
vt 0.116521 0.472566
vt 0.116267 0.472993
vt 0.121886 0.473414
vt 0.124671 0.472791
vt 0.124969 0.474107
vt 0.113202 0.472540
vt 0.107461 0.471835
vt 0.105780 0.471886
vt 0.115700 0.471947
vt 0.114087 0.471967
vt 0.108053 0.464294
vt 0.087638 0.464294
vt 0.124969 0.466892
vt 0.124969 0.469389
vt 0.122158 0.471934
vt 0.124969 0.472141
vt 0.124969 0.464294
vt 0.141886 0.464294
vt 0.162301 0.464294
vt 0.161938 0.466892
vt 0.141535 0.466892
vt 0.134159 0.469195
vt 0.134239 0.471947
vt 0.127781 0.471934
vt 0.125268 0.472791
vt 0.133418 0.472566
vt 0.135272 0.472405
vt 0.177567 0.475228
vt 0.192187 0.478072
vt 0.171830 0.477996
vt 0.167598 0.475650
vt 0.168153 0.473842
vt 0.162169 0.473790
vt 0.160864 0.472796
vt 0.159807 0.472913
vt 0.160819 0.471616
vt 0.157794 0.469243
vt 0.150317 0.469182
vt 0.143062 0.469254
vt 0.135852 0.471967
vt 0.136737 0.472540
vt 0.136887 0.472932
vt 0.142334 0.472595
vt 0.167802 0.471442
vt 0.157464 0.471738
vt 0.154263 0.470926
vt 0.142302 0.473170
vt 0.143583 0.472470
vt 0.142478 0.471835
vt 0.150438 0.471783
vt 0.147423 0.471672
vt 0.144159 0.471886
vt 0.144669 0.472515
vt 0.154005 0.475591
vt 0.157999 0.473718
vt 0.158858 0.475583
vt 0.158600 0.473040
vt 0.152984 0.472759
vt 0.152619 0.471900
vt 0.151872 0.472546
vt 0.150432 0.472550
vt 0.147474 0.472525
vt 0.144994 0.473093
vt 0.142929 0.475554
vt 0.138885 0.475558
vt 0.153359 0.477984
vt 0.147551 0.473293
vt 0.150520 0.473404
vt 0.151011 0.475288
vt 0.152851 0.473306
vt 0.136348 0.478130
vt 0.135816 0.475509
vt 0.133672 0.472993
vt 0.128053 0.473414
vt 0.142428 0.479646
vt 0.171653 0.479646
vt 0.192334 0.479647
vt 0.209171 0.479646
vt 0.207741 0.478195
vt 0.214553 0.479646
vt 0.214553 0.478248
vt 0.214553 0.472754
vt 0.208269 0.472795
vt 0.214553 0.469863
vt 0.208613 0.469704
vt 0.214553 0.466892
vt 0.203681 0.466892
vt 0.214553 0.464294
vt 0.204114 0.464294
vt 0.181278 0.466892
vt 0.182242 0.464294
vt 0.196182 0.470071
vt 0.204345 0.473443
vt 0.190572 0.475082
vt 0.179420 0.473964
vt 0.179449 0.471480
vt 0.177387 0.470052
vt 0.192731 0.471316
vt 0.190192 0.473850
vt 0.194688 0.472707
vt 0.112422 0.455294
vt 0.119405 0.456589
vt 0.111967 0.458230
vt 0.120314 0.457072
vt 0.113991 0.459952
vt 0.116947 0.461268
vt 0.121486 0.457506
vt 0.120575 0.462020
vt 0.122881 0.457780
vt 0.124539 0.462280
vt 0.124542 0.457861
vt 0.126210 0.457798
vt 0.128532 0.462066
vt 0.127666 0.457538
vt 0.132242 0.461347
vt 0.128771 0.457107
vt 0.135167 0.460013
vt 0.136992 0.458272
vt 0.129408 0.456689
vt 0.136546 0.455168
vt 0.129423 0.456162
vt 0.129193 0.455991
vt 0.134958 0.452440
vt 0.128556 0.455373
vt 0.132039 0.450925
vt 0.127539 0.454788
vt 0.128333 0.450041
vt 0.126086 0.454361
vt 0.124512 0.449767
vt 0.124511 0.454244
vt 0.122976 0.454397
vt 0.120756 0.450092
vt 0.121568 0.454844
vt 0.117176 0.451044
vt 0.120656 0.455362
vt 0.114478 0.452740
vt 0.120188 0.455604
vt 0.119654 0.456068
vt 0.097320 0.471900
vt 0.078109 0.477996
vt 0.072372 0.475228
vt 0.082341 0.475650
vt 0.057752 0.478072
vt 0.068661 0.466892
vt 0.046258 0.466892
vt 0.041326 0.469704
vt 0.045594 0.473443
vt 0.041670 0.472795
vt 0.042198 0.478195
vt 0.059367 0.475082
vt 0.070519 0.473964
vt 0.081786 0.473842
vt 0.087770 0.473790
vt 0.089075 0.472796
vt 0.059747 0.473850
vt 0.057605 0.479647
vt 0.040768 0.479646
vt 0.035386 0.479646
vt 0.035386 0.478248
vt 0.035386 0.472754
vt 0.035386 0.469863
vt 0.035386 0.466892
vt 0.035386 0.464294
vt 0.045825 0.464294
vt 0.067697 0.464294
vt 0.057208 0.471316
vt 0.055251 0.472707
vt 0.207564 0.486204
vt 0.209088 0.488418
vt 0.206959 0.486922
vt 0.204899 0.488386
vt 0.204292 0.488035
vt 0.204812 0.487805
vt 0.204306 0.487407
vt 0.205038 0.487376
vt 0.205418 0.488011
vt 0.205795 0.487512
vt 0.206746 0.487483
vt 0.206470 0.488406
vt 0.205998 0.489944
vt 0.208183 0.491408
vt 0.204047 0.490750
vt 0.200800 0.493471
vt 0.207037 0.493306
vt 0.205779 0.488980
vt 0.200206 0.495956
vt 0.206783 0.495965
vt 0.214583 0.495926
vt 0.218886 0.492962
vt 0.218903 0.489627
vt 0.212668 0.487528
vt 0.209308 0.484620
vt 0.217208 0.485028
vt 0.219130 0.485869
vt 0.219307 0.488726
vt 0.109659 0.340823
vt 0.117868 0.341854
vt 0.118131 0.339793
vt 0.125055 0.340299
vt 0.110377 0.339415
vt 0.102681 0.337174
vt 0.122036 0.347808
vt 0.120610 0.354645
vt 0.125055 0.343164
vt 0.125056 0.341973
vt 0.132268 0.341842
vt 0.132005 0.339745
vt 0.139839 0.339351
vt 0.140533 0.340937
vt 0.147547 0.338597
vt 0.148424 0.340279
vt 0.154172 0.337364
vt 0.155996 0.339209
vt 0.125053 0.346614
vt 0.149928 0.342336
vt 0.141689 0.342642
vt 0.133110 0.343325
vt 0.128070 0.347818
vt 0.125042 0.353847
vt 0.154053 0.347538
vt 0.146558 0.351275
vt 0.139882 0.351886
vt 0.133309 0.355612
vt 0.129469 0.354674
vt 0.129482 0.356403
vt 0.129927 0.357191
vt 0.132977 0.358466
vt 0.131604 0.359071
vt 0.131108 0.361009
vt 0.130500 0.360744
vt 0.129445 0.367229
vt 0.126246 0.365209
vt 0.128481 0.364577
vt 0.127952 0.362691
vt 0.128157 0.361361
vt 0.129771 0.360187
vt 0.129828 0.358838
vt 0.126896 0.359603
vt 0.128254 0.359805
vt 0.133550 0.365500
vt 0.133414 0.362209
vt 0.125027 0.363383
vt 0.124043 0.363512
vt 0.124301 0.362025
vt 0.125030 0.360943
vt 0.125755 0.362030
vt 0.126009 0.363517
vt 0.125028 0.362361
vt 0.199389 0.380279
vt 0.196761 0.382778
vt 0.198301 0.378789
vt 0.197382 0.384336
vt 0.196004 0.386088
vt 0.199233 0.382767
vt 0.198002 0.386942
vt 0.199379 0.382916
vt 0.201128 0.386998
vt 0.201992 0.384167
vt 0.202154 0.388580
vt 0.202668 0.389170
vt 0.201519 0.391978
vt 0.199309 0.387560
vt 0.198717 0.389335
vt 0.031606 0.436233
vt 0.036852 0.439491
vt 0.047525 0.445440
vt 0.110491 0.380941
vt 0.112449 0.381507
vt 0.111607 0.381874
vt 0.112254 0.382461
vt 0.111745 0.382488
vt 0.111855 0.383070
vt 0.110792 0.382211
vt 0.110051 0.381324
vt 0.110906 0.382457
vt 0.110980 0.382725
vt 0.110533 0.384089
vt 0.110739 0.384757
vt 0.108381 0.385277
vt 0.106242 0.380536
vt 0.109058 0.380400
vt 0.108687 0.385850
vt 0.106224 0.386417
vt 0.106101 0.385713
vt 0.104361 0.386404
vt 0.104171 0.387223
vt 0.102797 0.385676
vt 0.105930 0.387364
vt 0.105904 0.380081
vt 0.103983 0.381930
vt 0.103366 0.381161
vt 0.101254 0.384475
vt 0.106893 0.368661
vt 0.107992 0.371215
vt 0.105192 0.374401
vt 0.105984 0.378143
vt 0.102881 0.378840
vt 0.100204 0.384253
vt 0.102124 0.386025
vt 0.103368 0.388086
vt 0.097351 0.385016
vt 0.100440 0.386619
vt 0.092730 0.371451
vt 0.088299 0.366143
vt 0.093957 0.364015
vt 0.085706 0.382401
vt 0.094974 0.380736
vt 0.092373 0.389156
vt 0.096040 0.387408
vt 0.098116 0.391299
vt 0.099824 0.389448
vt 0.103644 0.393576
vt 0.103465 0.391369
vt 0.101074 0.375099
vt 0.100194 0.369815
vt 0.085670 0.355454
vt 0.104093 0.370515
vt 0.098222 0.392953
vt 0.092084 0.396356
vt 0.086364 0.391057
vt 0.103520 0.367752
vt 0.100116 0.367249
vt 0.098426 0.362145
vt 0.091844 0.351567
vt 0.083964 0.342224
vt 0.089926 0.322386
vt 0.087929 0.340023
vt 0.092960 0.350327
vt 0.052563 0.384321
vt 0.050711 0.382753
vt 0.050565 0.382902
vt 0.050635 0.387548
vt 0.051228 0.389323
vt 0.051942 0.386929
vt 0.141444 0.361849
vt 0.139187 0.364819
vt 0.138251 0.363014
vt 0.142542 0.363576
vt 0.144674 0.360670
vt 0.145930 0.362321
vt 0.136240 0.363709
vt 0.135858 0.365917
vt 0.133349 0.366770
vt 0.136327 0.359817
vt 0.137509 0.358918
vt 0.139943 0.357603
vt 0.142390 0.356282
vt 0.147830 0.356792
vt 0.148572 0.359108
vt 0.147948 0.363583
vt 0.144681 0.364826
vt 0.141476 0.366045
vt 0.024680 0.418069
vt 0.029741 0.422665
vt 0.026451 0.432762
vt 0.017110 0.426088
vt 0.225269 0.418047
vt 0.220210 0.422646
vt 0.223504 0.432737
vt 0.232841 0.426058
vt 0.234421 0.409568
vt 0.248311 0.416073
vt 0.669089 0.459425
vt 0.674427 0.464547
vt 0.674798 0.466627
vt 0.670550 0.467631
vt 0.675169 0.468707
vt 0.670557 0.477182
vt 0.660461 0.467944
vt 0.657788 0.483657
vt 0.647845 0.479986
vt 0.647847 0.466243
vt 0.639510 0.476488
vt 0.638104 0.465621
vt 0.635767 0.470156
vt 0.632024 0.463823
vt 0.641753 0.455544
vt 0.651266 0.452585
vt 0.663752 0.454304
vt 0.638846 0.466627
vt 0.639217 0.464547
vt 0.644324 0.459435
vt 0.642807 0.467590
vt 0.638475 0.468707
vt 0.642905 0.476884
vt 0.652762 0.467788
vt 0.655410 0.482765
vt 0.665573 0.479292
vt 0.665655 0.466159
vt 0.674029 0.476231
vt 0.675603 0.465689
vt 0.677824 0.470027
vt 0.681620 0.463823
vt 0.672259 0.455656
vt 0.662545 0.452664
vt 0.649431 0.454323
vt 0.338357 0.946014
vt 0.361659 0.942559
vt 0.362862 0.945367
vt 0.338356 0.943554
vt 0.390234 0.946083
vt 0.416484 0.941498
vt 0.417575 0.945118
vt 0.390229 0.942559
vt 0.363965 0.941595
vt 0.442503 0.945527
vt 0.418780 0.942101
vt 0.443524 0.943224
vt 0.442300 0.966412
vt 0.467730 0.965725
vt 0.463009 0.905793
vt 0.443328 0.911560
vt 0.493246 0.961882
vt 0.487232 0.939925
vt 0.489677 0.941477
vt 0.482639 0.908514
vt 0.430009 0.898201
vt 0.432372 0.889775
vt 0.438721 0.897321
vt 0.441863 0.879328
vt 0.450652 0.889771
vt 0.482563 0.844358
vt 0.492100 0.855689
vt 0.494517 0.843982
vt 0.666499 0.626315
vt 0.671961 0.639747
vt 0.666499 0.638478
vt 0.674410 0.627245
vt 0.666499 0.580708
vt 0.675383 0.580740
vt 0.666499 0.645911
vt 0.661037 0.639747
vt 0.658587 0.627245
vt 0.657613 0.580740
vt 0.595420 0.626315
vt 0.600882 0.639747
vt 0.595420 0.638478
vt 0.603331 0.627245
vt 0.595420 0.580708
vt 0.604304 0.580740
vt 0.595420 0.645911
vt 0.589958 0.639747
vt 0.587508 0.627245
vt 0.586534 0.580740
vt 0.613190 0.626315
vt 0.618652 0.639747
vt 0.613190 0.638478
vt 0.621101 0.627245
vt 0.613190 0.580708
vt 0.622074 0.580740
vt 0.613190 0.645911
vt 0.607728 0.639747
vt 0.605278 0.627245
vt 0.576624 0.661339
vt 0.563186 0.666798
vt 0.564456 0.661339
vt 0.575693 0.669246
vt 0.622254 0.661339
vt 0.622221 0.670219
vt 0.557018 0.661339
vt 0.563186 0.655880
vt 0.575693 0.653431
vt 0.622221 0.652458
vt 0.539489 0.657917
vt 0.540871 0.672351
vt 0.536002 0.669570
vt 0.546802 0.661074
vt 0.552562 0.614222
vt 0.561066 0.616798
vt 0.533871 0.676692
vt 0.530406 0.669222
vt 0.531643 0.656542
vt 0.544041 0.611709
vt 0.777076 0.624814
vt 0.786026 0.636225
vt 0.780425 0.636507
vt 0.784938 0.623532
vt 0.764518 0.580968
vt 0.773069 0.578556
vt 0.782472 0.643654
vt 0.775524 0.639231
vt 0.769726 0.627884
vt 0.755985 0.583444
vt 0.729500 0.716651
vt 0.724871 0.730393
vt 0.721560 0.725869
vt 0.734889 0.722515
vt 0.759270 0.682088
vt 0.765982 0.687907
vt 0.716708 0.731503
vt 0.716592 0.723269
vt 0.722897 0.712197
vt 0.752515 0.676319
vt 0.721806 0.660619
vt 0.708368 0.666078
vt 0.709638 0.660619
vt 0.720876 0.668527
vt 0.767436 0.660619
vt 0.767404 0.669500
vt 0.702201 0.660619
vt 0.708368 0.655160
vt 0.720876 0.652712
vt 0.767404 0.651739
vt 0.649081 0.676629
vt 0.635641 0.682089
vt 0.636912 0.676629
vt 0.648150 0.684537
vt 0.694710 0.676629
vt 0.694678 0.685510
vt 0.629474 0.676629
vt 0.635641 0.671170
vt 0.648150 0.668721
vt 0.694678 0.667749
vt 0.649081 0.658868
vt 0.635641 0.664327
vt 0.636912 0.658868
vt 0.648150 0.666776
vt 0.694710 0.658868
vt 0.629474 0.658868
vt 0.635641 0.653409
vt 0.648150 0.650961
vt 0.694678 0.649988
vt 0.575693 0.671192
vt 0.622254 0.679100
vt 0.576624 0.679100
vt 0.563186 0.673640
vt 0.564456 0.679100
vt 0.557018 0.679100
vt 0.563186 0.684559
vt 0.575693 0.687008
vt 0.622221 0.687980
vt 0.756591 0.803108
vt 0.757918 0.802644
vt 0.758725 0.804303
vt 0.757164 0.804359
vt 0.757200 0.806974
vt 0.756185 0.806764
vt 0.755630 0.806646
vt 0.755857 0.812856
vt 0.751733 0.810399
vt 0.751120 0.809853
vt 0.750953 0.809725
vt 0.744368 0.812193
vt 0.744277 0.811173
vt 0.750279 0.809277
vt 0.753840 0.806580
vt 0.755950 0.804533
vt 0.755603 0.803447
vt 0.754585 0.802896
vt 0.755012 0.802301
vt 0.742493 0.805256
vt 0.755470 0.801351
vt 0.740900 0.804445
vt 0.734887 0.808987
vt 0.732107 0.808925
vt 0.733571 0.810396
vt 0.731068 0.810249
vt 0.743214 0.811397
vt 0.752354 0.804901
vt 0.753617 0.805491
vt 0.741650 0.811453
vt 0.741789 0.812822
vt 0.739969 0.813078
vt 0.739085 0.811356
vt 0.736780 0.813160
vt 0.738246 0.811024
vt 0.735281 0.812652
vt 0.734116 0.811837
vt 0.733500 0.812004
vt 0.734053 0.810751
vt 0.733168 0.810879
vt 0.734482 0.810286
vt 0.735415 0.809142
vt 0.742856 0.805648
vt 0.744526 0.806427
vt 0.734852 0.812810
vt 0.738400 0.810360
vt 0.738794 0.809848
vt 0.739022 0.809651
vt 0.740054 0.809026
vt 0.741488 0.813090
vt 0.741829 0.813703
vt 0.739961 0.813962
vt 0.739559 0.813351
vt 0.736425 0.813471
vt 0.734297 0.813497
vt 0.732528 0.812751
vt 0.731413 0.811562
vt 0.736616 0.814047
vt 0.730421 0.814199
vt 0.733767 0.815411
vt 0.736422 0.815974
vt 0.739078 0.816286
vt 0.744332 0.816275
vt 0.744673 0.813038
vt 0.744272 0.812408
vt 0.743043 0.823788
vt 0.746006 0.824293
vt 0.748183 0.824477
vt 0.759529 0.832588
vt 0.755519 0.832412
vt 0.751597 0.832027
vt 0.737907 0.823225
vt 0.728287 0.812372
vt 0.724267 0.809641
vt 0.735002 0.822684
vt 0.746922 0.831437
vt 0.756102 0.838043
vt 0.767878 0.839159
vt 0.763524 0.832042
vt 0.752239 0.824250
vt 0.728958 0.822455
vt 0.739096 0.830860
vt 0.745724 0.836258
vt 0.749515 0.841415
vt 0.806848 0.818208
vt 0.799964 0.832420
vt 0.799040 0.821691
vt 0.781474 0.827639
vt 0.782974 0.836156
vt 0.812670 0.816165
vt 0.822142 0.822659
vt 0.820001 0.829602
vt 0.803125 0.843353
vt 0.785099 0.844431
vt 0.768157 0.844152
vt 0.758601 0.842079
vt 0.759565 0.843506
vt 0.750537 0.843177
vt 0.750922 0.844685
vt 0.759958 0.844846
vt 0.760177 0.846326
vt 0.769517 0.847888
vt 0.770655 0.849249
vt 0.826728 0.841313
vt 0.759970 0.848510
vt 0.752109 0.848551
vt 0.751330 0.846471
vt 0.839184 0.828686
vt 0.841403 0.840835
vt 0.768319 0.845325
vt 0.785098 0.845579
vt 0.803807 0.844694
vt 0.827599 0.842343
vt 0.841555 0.841924
vt 0.854416 0.841015
vt 0.854250 0.842014
vt 0.870373 0.843751
vt 0.854212 0.842939
vt 0.841321 0.842969
vt 0.827566 0.843286
vt 0.803813 0.845399
vt 0.786027 0.846248
vt 0.769062 0.846534
vt 0.885041 0.845005
vt 0.884862 0.844281
vt 0.909042 0.843518
vt 0.870401 0.844541
vt 0.853771 0.844251
vt 0.841150 0.844269
vt 0.826869 0.844945
vt 0.803603 0.847156
vt 0.786149 0.847803
vt 0.870451 0.845955
vt 0.787364 0.849085
vt 0.804075 0.848920
vt 0.826855 0.846612
vt 0.840623 0.846295
vt 0.852636 0.846018
vt 0.870505 0.847467
vt 0.886530 0.847707
vt 0.886090 0.846347
vt 0.909383 0.844404
vt 0.930819 0.842885
vt 0.909336 0.847484
vt 0.909665 0.845935
vt 0.930790 0.843881
vt 0.953277 0.843026
vt 0.954085 0.842082
vt 0.965856 0.844313
vt 0.966646 0.843323
vt 0.965501 0.845435
vt 0.930738 0.847189
vt 0.931092 0.845442
vt 0.953235 0.844335
vt 0.952694 0.846171
vt 0.964727 0.847995
vt 0.930701 0.841911
vt 0.954015 0.840563
vt 0.966855 0.841997
vt 0.971501 0.834041
vt 0.955950 0.831459
vt 0.971091 0.825312
vt 0.958835 0.823708
vt 0.973274 0.816301
vt 0.958243 0.815728
vt 0.960066 0.800110
vt 0.945335 0.813928
vt 0.945212 0.799621
vt 0.930765 0.813452
vt 0.930354 0.799188
vt 0.918117 0.813575
vt 0.917347 0.799589
vt 0.974177 0.800422
vt 0.930981 0.832051
vt 0.943850 0.832370
vt 0.854844 0.828770
vt 0.869626 0.822655
vt 0.869876 0.829676
vt 0.870322 0.842277
vt 0.884606 0.843206
vt 0.908753 0.842491
vt 0.919032 0.831635
vt 0.919846 0.831202
vt 0.931107 0.831596
vt 0.943239 0.831895
vt 0.954602 0.830962
vt 0.908909 0.830014
vt 0.883651 0.831150
vt 0.880468 0.823201
vt 0.878933 0.814365
vt 0.869328 0.814236
vt 0.868935 0.803103
vt 0.859878 0.803020
vt 0.868695 0.796348
vt 0.859643 0.797047
vt 0.868285 0.784773
vt 0.858926 0.784849
vt 0.859009 0.780065
vt 0.847403 0.784942
vt 0.847718 0.780156
vt 0.838791 0.785012
vt 0.839472 0.780223
vt 0.879405 0.802398
vt 0.843432 0.800720
vt 0.846666 0.795285
vt 0.857905 0.773989
vt 0.858560 0.778034
vt 0.847774 0.778122
vt 0.839400 0.778190
vt 0.834835 0.780261
vt 0.833920 0.785051
vt 0.830607 0.794853
vt 0.827015 0.798722
vt 0.840486 0.814679
vt 0.861586 0.813457
vt 0.859157 0.821624
vt 0.839598 0.821743
vt 0.847370 0.774074
vt 0.839209 0.774140
vt 0.834763 0.778227
vt 0.834572 0.774178
vt 0.803618 0.778479
vt 0.803634 0.774429
vt 0.807123 0.774400
vt 0.807152 0.778451
vt 0.803916 0.780511
vt 0.807143 0.780485
vt 0.803997 0.785294
vt 0.807562 0.785265
vt 0.804396 0.792836
vt 0.815868 0.793262
vt 0.801442 0.799175
vt 0.824985 0.793897
vt 0.816378 0.785193
vt 0.816338 0.780411
vt 0.816326 0.778377
vt 0.816051 0.774328
vt 0.825377 0.778304
vt 0.824816 0.774257
vt 0.828695 0.778277
vt 0.827989 0.774231
vt 0.825972 0.785116
vt 0.825937 0.780333
vt 0.829534 0.785087
vt 0.827606 0.792783
vt 0.828925 0.792783
vt 0.829605 0.780303
vt 0.769001 0.806647
vt 0.785129 0.813309
vt 0.767550 0.819460
vt 0.772300 0.803236
vt 0.791142 0.809249
vt 0.772670 0.802411
vt 0.794378 0.806861
vt 0.788046 0.774555
vt 0.776179 0.778702
vt 0.776301 0.774650
vt 0.773656 0.778723
vt 0.773633 0.780803
vt 0.775697 0.780740
vt 0.773836 0.785676
vt 0.775870 0.785522
vt 0.773595 0.791515
vt 0.775198 0.794065
vt 0.771819 0.793443
vt 0.758406 0.795889
vt 0.744996 0.798461
vt 0.735835 0.802721
vt 0.743323 0.789301
vt 0.742086 0.784575
vt 0.756779 0.788020
vt 0.788338 0.780638
vt 0.788236 0.778604
vt 0.799432 0.774463
vt 0.799892 0.778510
vt 0.803457 0.778481
vt 0.803423 0.780515
vt 0.799850 0.780544
vt 0.799656 0.785329
vt 0.788493 0.785419
vt 0.788572 0.793035
vt 0.802920 0.774434
vt 0.803691 0.790150
vt 0.801452 0.792860
vt 0.803531 0.785298
vt 0.802558 0.790107
vt 0.931090 0.779481
vt 0.932676 0.777434
vt 0.932156 0.779473
vt 0.931818 0.777441
vt 0.932844 0.773382
vt 0.932035 0.773388
vt 0.931034 0.773396
vt 0.930824 0.777449
vt 0.929966 0.779490
vt 0.930181 0.784271
vt 0.931269 0.784262
vt 0.930777 0.789766
vt 0.922528 0.777516
vt 0.926165 0.773436
vt 0.926361 0.777485
vt 0.927393 0.773426
vt 0.927632 0.777475
vt 0.928851 0.777465
vt 0.928875 0.779499
vt 0.929711 0.779492
vt 0.929982 0.784273
vt 0.929179 0.784279
vt 0.930009 0.789764
vt 0.929455 0.790505
vt 0.931506 0.790609
vt 0.932233 0.784254
vt 0.933704 0.779460
vt 0.933969 0.777424
vt 0.928513 0.791688
vt 0.929583 0.777459
vt 0.929297 0.773411
vt 0.928592 0.773416
vt 0.911025 0.792660
vt 0.906590 0.784463
vt 0.910164 0.784434
vt 0.906624 0.792766
vt 0.904126 0.799763
vt 0.916495 0.792103
vt 0.922484 0.791851
vt 0.926872 0.791664
vt 0.932706 0.791885
vt 0.933782 0.784242
vt 0.937734 0.779427
vt 0.937741 0.777393
vt 0.944160 0.777341
vt 0.916269 0.784384
vt 0.944245 0.779374
vt 0.938019 0.784207
vt 0.944482 0.784155
vt 0.938963 0.791952
vt 0.945141 0.792018
vt 0.933920 0.791898
vt 0.934103 0.773371
vt 0.937703 0.773342
vt 0.944070 0.773291
vt 0.950405 0.777290
vt 0.950596 0.779323
vt 0.950786 0.784105
vt 0.951372 0.792434
vt 0.956587 0.792782
vt 0.957815 0.792780
vt 0.956812 0.784056
vt 0.955513 0.773198
vt 0.957754 0.773180
vt 0.958210 0.777227
vt 0.955909 0.777246
vt 0.959026 0.779255
vt 0.956578 0.779274
vt 0.955089 0.784069
vt 0.954736 0.779289
vt 0.954234 0.777259
vt 0.950249 0.773240
vt 0.953867 0.773211
vt 0.959100 0.784037
vt 0.959131 0.792306
vt 0.959542 0.791884
vt 0.959800 0.784031
vt 0.959724 0.779249
vt 0.958845 0.777222
vt 0.958350 0.773175
vt 0.960155 0.791957
vt 0.962625 0.776868
vt 0.963678 0.778935
vt 0.961945 0.778883
vt 0.961075 0.778856
vt 0.960772 0.783633
vt 0.960064 0.783612
vt 0.960854 0.792518
vt 0.961517 0.793544
vt 0.969132 0.793887
vt 0.975469 0.794267
vt 0.975500 0.784076
vt 0.982474 0.784286
vt 0.982697 0.779508
vt 0.987026 0.779638
vt 0.986625 0.777591
vt 0.963328 0.783710
vt 0.968290 0.779074
vt 0.961584 0.783657
vt 0.982625 0.777470
vt 0.975653 0.779295
vt 0.975693 0.777261
vt 0.968210 0.783857
vt 0.962773 0.793615
vt 0.981563 0.794781
vt 0.986897 0.784419
vt 0.988876 0.779693
vt 0.988303 0.777641
vt 0.988213 0.773585
vt 0.986564 0.773536
vt 0.982786 0.773422
vt 0.975921 0.773215
vt 0.968422 0.777043
vt 0.964078 0.776912
vt 0.968701 0.772998
vt 0.964536 0.772873
vt 0.963118 0.772830
vt 0.961992 0.776849
vt 0.960339 0.778834
vt 0.962506 0.772811
vt 0.961357 0.776830
vt 0.961900 0.772793
vt 0.755550 0.783294
vt 0.769253 0.781991
vt 0.770437 0.786721
vt 0.768074 0.780043
vt 0.754962 0.781290
vt 0.742068 0.782517
vt 0.741309 0.778487
vt 0.753905 0.777289
vt 0.766764 0.776065
vt 0.770741 0.779291
vt 0.771686 0.781213
vt 0.772692 0.785862
vt 0.772916 0.791551
vt 0.769392 0.775317
vt 0.987413 0.795303
vt 0.988667 0.795350
vt 0.988349 0.800460
vt 0.988492 0.795276
vt 0.989746 0.784505
vt 0.988624 0.784472
vt 0.990150 0.779732
vt 0.991460 0.784557
vt 0.991872 0.779784
vt 0.989520 0.777678
vt 0.991677 0.777743
vt 0.979571 0.824851
vt 0.985079 0.816549
vt 0.989403 0.773621
vt 0.991179 0.773675
vt 0.993558 0.773746
vt 0.993849 0.777808
vt 0.994174 0.779853
vt 0.993853 0.784629
vt 0.990021 0.794624
vt 0.993436 0.794240
vt 0.993590 0.799827
vt 0.990142 0.799877
vt 0.991394 0.805747
vt 0.989393 0.803082
vt 0.922486 0.773466
vt 0.916163 0.773516
vt 0.916163 0.777568
vt 0.910081 0.777617
vt 0.910137 0.773565
vt 0.907111 0.773590
vt 0.906861 0.777643
vt 0.905985 0.773599
vt 0.905710 0.777652
vt 0.904982 0.777658
vt 0.904473 0.779696
vt 0.903317 0.779706
vt 0.903733 0.784486
vt 0.904634 0.784479
vt 0.904306 0.790093
vt 0.904901 0.791197
vt 0.903540 0.790246
vt 0.905336 0.773604
vt 0.904359 0.773612
vt 0.903997 0.777666
vt 0.902298 0.784497
vt 0.903200 0.784490
vt 0.902845 0.791295
vt 0.905901 0.793072
vt 0.905400 0.784472
vt 0.905177 0.779691
vt 0.906475 0.779680
vt 0.909974 0.779652
vt 0.916147 0.779602
vt 0.922588 0.779550
vt 0.902135 0.792475
vt 0.922644 0.784332
vt 0.926953 0.784297
vt 0.928497 0.784285
vt 0.927734 0.779508
vt 0.926656 0.779517
vt 0.899393 0.779738
vt 0.895948 0.779766
vt 0.895975 0.777731
vt 0.889427 0.777784
vt 0.889334 0.779819
vt 0.895993 0.784549
vt 0.899730 0.784518
vt 0.901184 0.792587
vt 0.901374 0.784505
vt 0.901003 0.779725
vt 0.896703 0.793131
vt 0.889467 0.784601
vt 0.883195 0.779869
vt 0.883371 0.777833
vt 0.889617 0.773732
vt 0.896128 0.773679
vt 0.899193 0.777705
vt 0.900529 0.777694
vt 0.901947 0.779717
vt 0.883613 0.773781
vt 0.902824 0.779710
vt 0.901217 0.777689
vt 0.900503 0.773644
vt 0.899197 0.773654
vt 0.902768 0.777676
vt 0.901170 0.773638
vt 0.902667 0.773626
vt 0.879939 0.777861
vt 0.880371 0.773807
vt 0.878992 0.773818
vt 0.906371 0.814522
vt 0.892936 0.800781
vt 0.890823 0.793780
vt 0.883420 0.784650
vt 0.879496 0.779899
vt 0.878534 0.777873
vt 0.877636 0.777880
vt 0.878106 0.773825
vt 0.868043 0.777958
vt 0.867900 0.773908
vt 0.885371 0.794585
vt 0.879726 0.784680
vt 0.877954 0.779912
vt 0.905327 0.822441
vt 0.907408 0.830425
vt 0.879602 0.795369
vt 0.878289 0.784691
vt 0.877032 0.779919
vt 0.868116 0.779991
vt 0.877490 0.784698
vt 0.878674 0.795503
vt 0.878375 0.795731
vt 0.622254 0.696861
vt 0.622221 0.705741
vt 0.575693 0.704768
vt 0.576624 0.696861
vt 0.563186 0.702320
vt 0.564456 0.696861
vt 0.557018 0.696861
vt 0.563186 0.691402
vt 0.575693 0.688953
vt 0.744995 0.798461
vt 0.742492 0.805256
vt 0.755550 0.783294
vt 0.744525 0.806427
vt 0.752353 0.804901
vt 0.768073 0.780043
vt 0.754961 0.781290
vt 0.770739 0.779291
vt 0.757918 0.802645
vt 0.756591 0.803108
vt 0.772915 0.791551
vt 0.775199 0.794065
vt 0.773905 0.774670
vt 0.776181 0.778702
vt 0.775696 0.780740
vt 0.775869 0.785522
vt 0.827015 0.798722
vt 0.815868 0.793262
vt 0.788045 0.774555
vt 0.807562 0.785265
vt 0.804395 0.792836
vt 0.801451 0.792860
vt 0.803456 0.778481
vt 0.799849 0.780545
vt 0.803691 0.790150
vt 0.802919 0.774434
vt 0.807151 0.778451
vt 0.816337 0.780411
vt 0.828924 0.792783
vt 0.825377 0.778303
vt 0.816325 0.778377
vt 0.816050 0.774328
vt 0.824817 0.774257
vt 0.827988 0.774231
vt 0.834571 0.774178
vt 0.877491 0.784698
vt 0.847402 0.784942
vt 0.859008 0.780065
vt 0.878289 0.784692
vt 0.878107 0.773825
vt 0.878993 0.773818
vt 0.883196 0.779869
vt 0.889468 0.784601
vt 0.878934 0.814364
vt 0.869328 0.814236
vt 0.859157 0.821624
vt 0.906889 0.822490
vt 0.907992 0.815031
vt 0.930702 0.841911
vt 0.919033 0.831635
vt 0.854844 0.828771
vt 0.954015 0.840563
vt 0.930791 0.843881
vt 0.885040 0.845005
vt 0.854250 0.842014
vt 0.853770 0.844251
vt 0.971501 0.834040
vt 0.966856 0.841997
vt 0.909335 0.847484
vt 0.820000 0.829602
vt 0.781473 0.827639
vt 0.785130 0.813309
vt 0.755856 0.812856
vt 0.757199 0.806974
vt 0.791141 0.809249
vt 0.739077 0.816286
vt 0.739960 0.813962
vt 0.787364 0.849084
vt 0.770655 0.849248
vt 0.750921 0.844685
vt 0.749514 0.841415
vt 0.768318 0.845325
vt 0.751329 0.846471
vt 0.731067 0.810249
vt 0.758600 0.842079
vt 0.767877 0.839159
vt 0.730420 0.814199
vt 0.731413 0.811562
vt 0.734296 0.813496
vt 0.759528 0.832588
vt 0.748182 0.824477
vt 0.744273 0.812408
vt 0.739558 0.813351
vt 0.756184 0.806765
vt 0.739968 0.813078
vt 0.736779 0.813160
vt 0.755631 0.806646
vt 0.739084 0.811356
vt 0.755949 0.804533
vt 0.750280 0.809277
vt 0.963679 0.778935
vt 0.962626 0.776868
vt 0.938020 0.784208
vt 0.954737 0.779289
vt 0.951373 0.792434
vt 0.961075 0.778857
vt 0.960065 0.783611
vt 0.959101 0.784037
vt 0.955910 0.777246
vt 0.958846 0.777222
vt 0.958351 0.773175
vt 0.944071 0.773291
vt 0.937742 0.777393
vt 0.933969 0.777423
vt 0.932676 0.777434
vt 0.931090 0.779481
vt 0.931819 0.777441
vt 0.932844 0.773381
vt 0.930823 0.777449
vt 0.932036 0.773388
vt 0.928514 0.791688
vt 0.932233 0.784255
vt 0.931270 0.784262
vt 0.930765 0.813453
vt 0.973274 0.816301
vt 0.971091 0.825313
vt 0.957386 0.823661
vt 0.956693 0.816131
vt 0.944641 0.814369
vt 0.930926 0.813931
vt 0.919008 0.814068
vt 0.918118 0.813575
vt 0.917346 0.799589
vt 0.911026 0.792660
vt 0.906476 0.779680
vt 0.916496 0.792103
vt 0.903317 0.779706
vt 0.904901 0.791198
vt 0.910137 0.773566
vt 0.902845 0.791296
vt 0.905902 0.793072
vt 0.899731 0.784518
vt 0.903540 0.790246
vt 0.901004 0.779725
vt 0.900530 0.777694
vt 0.900503 0.773643
vt 0.903201 0.784490
vt 0.901218 0.777689
vt 0.901171 0.773638
vt 0.902825 0.779710
vt 0.985078 0.816549
vt 0.962774 0.793615
vt 0.969131 0.793887
vt 0.988875 0.779693
vt 0.988624 0.784471
vt 0.991461 0.784557
vt 0.990143 0.799876
vt 0.986626 0.777591
vt 0.989404 0.773621
vt 0.991678 0.777743
vt 0.987414 0.795303
vt 0.988492 0.795275
vt 0.927404 0.773426
vt 0.926362 0.777485
vt 0.930009 0.789764
vt 0.927633 0.777475
vt 0.543077 0.521699
vt 0.533080 0.512166
vt 0.540188 0.507946
vt 0.537932 0.525136
vt 0.517095 0.526315
vt 0.513096 0.509104
vt 0.499836 0.516470
vt 0.480963 0.532687
vt 0.483316 0.545378
vt 0.476576 0.546062
vt 0.472078 0.534093
vt 0.455319 0.536117
vt 0.454452 0.523639
vt 0.470466 0.522468
vt 0.478186 0.520311
vt 0.487702 0.531318
vt 0.485168 0.517165
vt 0.500974 0.528231
vt 0.508691 0.545236
vt 0.518457 0.545217
vt 0.534563 0.537486
vt 0.541729 0.537704
vt 0.548395 0.522351
vt 0.545978 0.504391
vt 0.488687 0.547192
vt 0.546252 0.539361
vt 0.541389 0.563247
vt 0.544970 0.563439
vt 0.536390 0.580973
vt 0.532360 0.579554
vt 0.525377 0.596696
vt 0.518782 0.596171
vt 0.520275 0.615800
vt 0.513415 0.613190
vt 0.513791 0.632410
vt 0.506023 0.628752
vt 0.503258 0.650078
vt 0.497139 0.643520
vt 0.491187 0.637399
vt 0.492568 0.619142
vt 0.486321 0.634368
vt 0.486719 0.617291
vt 0.480902 0.628969
vt 0.536355 0.541476
vt 0.531524 0.560426
vt 0.525048 0.573739
vt 0.506119 0.588612
vt 0.502868 0.605957
vt 0.492760 0.603629
vt 0.478831 0.600092
vt 0.471904 0.611552
vt 0.490643 0.587255
vt 0.497845 0.589007
vt 0.453516 0.622504
vt 0.456329 0.608714
vt 0.459492 0.592233
vt 0.469026 0.578728
vt 0.496090 0.667602
vt 0.497935 0.668473
vt 0.490713 0.682886
vt 0.487513 0.681729
vt 0.483643 0.698122
vt 0.486581 0.699827
vt 0.474268 0.715730
vt 0.477794 0.718139
vt 0.458555 0.735207
vt 0.456449 0.731543
vt 0.504818 0.672327
vt 0.495879 0.686247
vt 0.506480 0.651186
vt 0.513848 0.654461
vt 0.515730 0.633444
vt 0.523338 0.636378
vt 0.523531 0.615960
vt 0.531256 0.618049
vt 0.529104 0.597344
vt 0.535296 0.597599
vt 0.552395 0.521938
vt 0.549547 0.503884
vt 0.551595 0.539145
vt 0.549859 0.563685
vt 0.539547 0.581206
vt 0.944191 0.902385
vt 0.988038 0.910067
vt 0.944444 0.908860
vt 0.989535 0.903831
vt 0.945403 0.929049
vt 0.989905 0.933035
vt 0.936253 0.951415
vt 0.995652 0.957010
vt 0.982778 0.984840
vt 0.942029 0.982345
vt 0.962673 0.990041
vt 0.990919 0.879633
vt 0.936904 0.885008
vt 0.972886 0.864670
vt 0.947883 0.863750
vt 0.495107 0.649686
vt 0.488997 0.665031
vt 0.486358 0.649457
vt 0.441466 0.637125
vt 0.451538 0.660767
vt 0.436578 0.653298
vt 0.465250 0.651551
vt 0.449406 0.624576
vt 0.472212 0.640716
vt 0.478886 0.646254
vt 0.473532 0.656209
vt 0.481084 0.662080
vt 0.483875 0.678863
vt 0.479103 0.695835
vt 0.470851 0.713635
vt 0.450690 0.728627
vt 0.465377 0.708843
vt 0.447850 0.721880
vt 0.464786 0.691965
vt 0.466133 0.675138
vt 0.459082 0.666340
vt 0.912201 0.851165
vt 0.910908 0.890413
vt 0.891688 0.854823
vt 0.924909 0.890547
vt 0.808738 0.907124
vt 0.821365 0.905719
vt 0.827863 0.926011
vt 0.834284 0.901389
vt 0.823469 0.871823
vt 0.843452 0.862064
vt 0.849343 0.899178
vt 0.852792 0.858153
vt 0.862927 0.897430
vt 0.864988 0.856402
vt 0.876510 0.895681
vt 0.877183 0.854650
vt 0.898132 0.892824
vt 0.915135 0.921386
vt 0.930980 0.921102
vt 0.913640 0.937363
vt 0.928517 0.944658
vt 0.809099 0.875128
vt 0.799461 0.872686
vt 0.784677 0.908381
vt 0.788866 0.935395
vt 0.785674 0.870367
vt 0.871665 0.974720
vt 0.891794 0.976799
vt 0.891097 0.991840
vt 0.914905 0.980405
vt 0.913996 0.955377
vt 0.889813 0.952200
vt 0.895036 0.935422
vt 0.897544 0.918691
vt 0.880700 0.918848
vt 0.856443 0.919730
vt 0.884730 0.936855
vt 0.863111 0.934980
vt 0.873236 0.949538
vt 0.928822 0.956473
vt 0.929969 0.976332
vt 0.929373 0.984145
vt 0.915127 0.993130
vt 0.890156 0.998198
vt 0.870059 0.991797
vt 0.858148 0.974972
vt 0.855741 0.945856
vt 0.851106 0.936411
vt 0.845016 0.924910
vt 0.842470 0.976152
vt 0.840591 0.948255
vt 0.830019 0.950629
vt 0.832232 0.977541
vt 0.837173 0.938893
vt 0.825982 0.944688
vt 0.812457 0.958212
vt 0.809409 0.977952
vt 0.813750 0.950988
vt 0.814966 0.931639
vt 0.869753 0.998444
vt 0.857030 0.994960
vt 0.842901 0.990043
vt 0.832869 0.986448
vt 0.809350 0.982643
vt 0.788572 0.980095
vt 0.792784 0.962069
vt 0.793543 0.950387
vt 0.784546 0.986198
vt 0.222459 0.769797
vt 0.209459 0.777443
vt 0.219410 0.767101
vt 0.211935 0.780722
vt 0.242883 0.772918
vt 0.224169 0.765454
vt 0.243332 0.769524
vt 0.256434 0.769563
vt 0.257657 0.774327
vt 0.342506 0.771961
vt 0.354197 0.769849
vt 0.355759 0.773557
vt 0.342635 0.775318
vt 0.327749 0.773272
vt 0.326865 0.776451
vt 0.306713 0.774473
vt 0.306737 0.777678
vt 0.286593 0.776767
vt 0.285659 0.773602
vt 0.270807 0.775882
vt 0.270883 0.772524
vt 0.259161 0.770595
vt 0.370508 0.771916
vt 0.356907 0.768774
vt 0.370007 0.768530
vt 0.389103 0.764159
vt 0.390882 0.768474
vt 0.404000 0.775915
vt 0.393887 0.765731
vt 0.401575 0.779233
vt 0.627527 0.756871
vt 0.657829 0.755404
vt 0.627290 0.772793
vt 0.656800 0.740325
vt 0.684929 0.730983
vt 0.702179 0.720343
vt 0.713296 0.687151
vt 0.719731 0.685214
vt 0.708980 0.688711
vt 0.678407 0.716377
vt 0.659306 0.717529
vt 0.625755 0.721750
vt 0.600547 0.756835
vt 0.601983 0.777123
vt 0.578952 0.774784
vt 0.582189 0.755520
vt 0.562451 0.763169
vt 0.563464 0.748095
vt 0.545884 0.747381
vt 0.547682 0.737605
vt 0.533832 0.735961
vt 0.704663 0.690271
vt 0.676583 0.709169
vt 0.702354 0.686088
vt 0.600589 0.721251
vt 0.581319 0.718215
vt 0.557719 0.713313
vt 0.543879 0.723212
vt 0.543107 0.709050
vt 0.516619 0.690785
vt 0.518857 0.689012
vt 0.521290 0.686169
vt 0.514380 0.692557
vt 0.507736 0.691577
vt 0.015787 0.700233
vt 0.034807 0.736188
vt 0.007055 0.725168
vt 0.011095 0.697921
vt 0.028089 0.667070
vt 0.024136 0.664198
vt 0.039928 0.628550
vt 0.030972 0.629005
vt 0.001764 0.722062
vt 0.084126 0.571203
vt 0.085703 0.523184
vt 0.108159 0.525473
vt 0.045419 0.563311
vt 0.041369 0.604460
vt 0.005795 0.572279
vt 0.006218 0.581043
vt 0.036200 0.605905
vt 0.033064 0.626218
vt 0.062560 0.636733
vt 0.053774 0.678212
vt 0.047031 0.713938
vt 0.063641 0.749377
vt 0.076520 0.743666
vt 0.077323 0.718092
vt 0.088935 0.739878
vt 0.047077 0.519787
vt 0.004990 0.542329
vt 0.011863 0.507864
vt 0.107893 0.572553
vt 0.133026 0.616705
vt 0.107600 0.616713
vt 0.082205 0.616311
vt 0.084029 0.644539
vt 0.081136 0.688732
vt 0.106932 0.694721
vt 0.106694 0.720523
vt 0.136097 0.718602
vt 0.132832 0.689176
vt 0.166441 0.714997
vt 0.160377 0.679132
vt 0.197918 0.701890
vt 0.186249 0.668467
vt 0.202628 0.699668
vt 0.190227 0.666674
vt 0.106536 0.737253
vt 0.124071 0.740184
vt 0.136372 0.744178
vt 0.149115 0.750116
vt 0.178198 0.737495
vt 0.206142 0.727023
vt 0.211446 0.724028
vt 0.107499 0.631936
vt 0.107324 0.652825
vt 0.130757 0.644929
vt 0.152362 0.637481
vt 0.131665 0.571539
vt 0.173976 0.605445
vt 0.175118 0.629667
vt 0.189208 0.664628
vt 0.181987 0.628458
vt 0.179155 0.607044
vt 0.209239 0.582271
vt 0.209882 0.573594
vt 0.170436 0.564148
vt 0.211044 0.543632
vt 0.169272 0.520559
vt 0.204548 0.508991
vt 0.130633 0.523486
vt 0.824137 0.679117
vt 0.821131 0.697821
vt 0.799477 0.669994
vt 0.787059 0.690644
vt 0.813876 0.716604
vt 0.776207 0.706848
vt 0.802380 0.730971
vt 0.759493 0.725657
vt 0.784092 0.750799
vt 0.752066 0.761051
vt 0.733617 0.747418
vt 0.719804 0.760655
vt 0.715747 0.754424
vt 0.682803 0.762204
vt 0.681297 0.757670
vt 0.678727 0.764314
vt 0.726108 0.775357
vt 0.762446 0.772043
vt 0.795951 0.761432
vt 0.816310 0.745797
vt 0.830226 0.727305
vt 0.832892 0.707310
vt 0.832539 0.684434
vt 0.832330 0.667836
vt 0.816144 0.666556
vt 0.806263 0.656377
vt 0.804263 0.624832
vt 0.808003 0.624976
vt 0.810825 0.624536
vt 0.813646 0.624097
vt 0.817436 0.618554
vt 0.668859 0.769832
vt 0.674651 0.766424
vt 0.706581 0.780795
vt 0.390418 0.691567
vt 0.371715 0.703529
vt 0.364213 0.690318
vt 0.404895 0.660134
vt 0.408941 0.656900
vt 0.413083 0.673971
vt 0.410255 0.677461
vt 0.423639 0.689349
vt 0.420158 0.693066
vt 0.398488 0.705526
vt 0.373912 0.715730
vt 0.343898 0.616869
vt 0.344236 0.600126
vt 0.365995 0.598820
vt 0.368162 0.615520
vt 0.344850 0.644248
vt 0.372465 0.640065
vt 0.348213 0.671314
vt 0.379345 0.665620
vt 0.384294 0.679092
vt 0.400828 0.636714
vt 0.399409 0.615534
vt 0.397711 0.594569
vt 0.391139 0.551142
vt 0.357030 0.551046
vt 0.268633 0.511743
vt 0.303307 0.550703
vt 0.269202 0.550361
vt 0.304462 0.506676
vt 0.330168 0.551645
vt 0.330465 0.505275
vt 0.356450 0.507007
vt 0.392514 0.512726
vt 0.438100 0.522213
vt 0.436984 0.554278
vt 0.440758 0.583552
vt 0.406653 0.619065
vt 0.406258 0.635804
vt 0.441903 0.591473
vt 0.315461 0.599942
vt 0.293716 0.598363
vt 0.262060 0.593709
vt 0.294653 0.689802
vt 0.287121 0.702922
vt 0.268478 0.690840
vt 0.274661 0.678419
vt 0.248723 0.676617
vt 0.254160 0.659307
vt 0.279632 0.664998
vt 0.258432 0.635878
vt 0.286753 0.639520
vt 0.260097 0.614679
vt 0.291338 0.615033
vt 0.315593 0.616681
vt 0.329848 0.600669
vt 0.310724 0.671050
vt 0.314317 0.644031
vt 0.329747 0.617190
vt 0.329574 0.644700
vt 0.320740 0.656211
vt 0.338236 0.656335
vt 0.329506 0.653898
vt 0.284896 0.715084
vt 0.260356 0.704756
vt 0.238752 0.692184
vt 0.235311 0.688458
vt 0.245921 0.673109
vt 0.250164 0.656030
vt 0.253025 0.634921
vt 0.252791 0.618141
vt 0.219198 0.582050
vt 0.223400 0.552646
vt 0.223106 0.520146
vt 0.217975 0.589976
vt 0.346951 0.705685
vt 0.349496 0.698498
vt 0.367117 0.722561
vt 0.330153 0.699299
vt 0.330153 0.696962
vt 0.340632 0.681171
vt 0.330153 0.678034
vt 0.319676 0.681171
vt 0.310812 0.698498
vt 0.313357 0.705685
vt 0.293190 0.722561
vt 0.359134 0.784222
vt 0.375228 0.781956
vt 0.238322 0.783031
vt 0.254450 0.785044
vt 0.267598 0.787612
vt 0.279857 0.788873
vt 0.290830 0.791326
vt 0.306860 0.793363
vt 0.322857 0.791075
vt 0.333790 0.788450
vt 0.346028 0.786997
vt 0.307715 0.760379
vt 0.284911 0.745103
vt 0.307695 0.743940
vt 0.285365 0.761410
vt 0.269218 0.761378
vt 0.265582 0.746827
vt 0.256767 0.758694
vt 0.254568 0.744376
vt 0.241092 0.756521
vt 0.238755 0.740410
vt 0.217866 0.750963
vt 0.210835 0.735514
vt 0.330519 0.745103
vt 0.307735 0.743940
vt 0.330065 0.761410
vt 0.346212 0.761378
vt 0.349848 0.746827
vt 0.358662 0.758694
vt 0.360863 0.744376
vt 0.374339 0.756521
vt 0.376674 0.740410
vt 0.397564 0.750963
vt 0.404595 0.735514
vt 0.002166 0.939824
vt 0.012368 0.946669
vt 0.001190 0.945915
vt 0.017475 0.943556
vt 0.011825 0.950094
vt 0.011336 0.954134
vt 0.040957 0.953380
vt 0.037587 0.966304
vt 0.043891 0.945141
vt 0.021379 0.935703
vt 0.006638 0.933715
vt 0.006472 0.907961
vt 0.031110 0.909155
vt 0.008125 0.898283
vt 0.063383 0.945765
vt 0.087040 0.965593
vt 0.086908 0.947625
vt 0.059733 0.964062
vt 0.057572 0.987529
vt 0.087344 0.988379
vt 0.052659 0.911107
vt 0.064308 0.912262
vt 0.083934 0.915756
vt 0.113274 0.945999
vt 0.115155 0.958616
vt 0.116103 0.974100
vt 0.117425 0.986292
vt 0.087020 0.996402
vt 0.056106 0.998071
vt 0.032157 0.984538
vt 0.010728 0.965991
vt 0.147046 0.985232
vt 0.009942 0.983620
vt 0.026762 0.995916
vt 0.009743 0.995022
vt 0.148878 0.967761
vt 0.169941 0.984733
vt 0.048165 0.898599
vt 0.064612 0.899396
vt 0.083826 0.900777
vt 0.109769 0.901432
vt 0.139975 0.943825
vt 0.153770 0.956093
vt 0.169963 0.968799
vt 0.190559 0.967773
vt 0.191978 0.985563
vt 0.218351 0.974414
vt 0.219859 0.958627
vt 0.246626 0.965628
vt 0.126314 0.898348
vt 0.157856 0.951935
vt 0.169997 0.957550
vt 0.185234 0.956021
vt 0.221956 0.946135
vt 0.227016 0.902482
vt 0.247492 0.912611
vt 0.246733 0.947598
vt 0.199769 0.943935
vt 0.182746 0.951826
vt 0.170008 0.953239
vt 0.166152 0.940699
vt 0.166076 0.930608
vt 0.146022 0.903047
vt 0.128362 0.893514
vt 0.106587 0.895966
vt 0.193120 0.906234
vt 0.173949 0.931552
vt 0.174379 0.940853
vt 0.170043 0.941272
vt 0.214454 0.902895
vt 0.212601 0.896896
vt 0.269492 0.840920
vt 0.258308 0.826793
vt 0.272508 0.830230
vt 0.251228 0.839486
vt 0.250745 0.854604
vt 0.223769 0.851217
vt 0.222893 0.857434
vt 0.203839 0.846600
vt 0.207773 0.871949
vt 0.177751 0.851152
vt 0.183796 0.875399
vt 0.189094 0.888501
vt 0.210596 0.888710
vt 0.195844 0.896942
vt 0.193886 0.834004
vt 0.181695 0.837335
vt 0.205751 0.826255
vt 0.216701 0.825095
vt 0.221230 0.842968
vt 0.230338 0.826560
vt 0.245199 0.825877
vt 0.247624 0.898906
vt 0.230077 0.895733
vt 0.228354 0.885474
vt 0.225568 0.868483
vt 0.252082 0.865099
vt 0.249823 0.885167
vt 0.270145 0.945764
vt 0.267048 0.909564
vt 0.267036 0.898416
vt 0.267473 0.885633
vt 0.269678 0.865261
vt 0.270033 0.855359
vt 0.292288 0.844670
vt 0.293184 0.839364
vt 0.306295 0.836474
vt 0.293522 0.834959
vt 0.277953 0.834401
vt 0.313294 0.848435
vt 0.294109 0.851488
vt 0.290498 0.867486
vt 0.286565 0.883674
vt 0.284150 0.897489
vt 0.280263 0.909675
vt 0.289631 0.945141
vt 0.292565 0.953380
vt 0.321668 0.950001
vt 0.322185 0.954134
vt 0.295935 0.966304
vt 0.322794 0.965991
vt 0.299494 0.911715
vt 0.312360 0.935486
vt 0.315489 0.943354
vt 0.322133 0.945770
vt 0.331356 0.939824
vt 0.326884 0.933715
vt 0.320196 0.916189
vt 0.321000 0.905240
vt 0.300783 0.898511
vt 0.302973 0.889729
vt 0.304252 0.875692
vt 0.322375 0.876324
vt 0.330312 0.854078
vt 0.320307 0.836429
vt 0.332914 0.838348
vt 0.323562 0.891384
vt 0.332332 0.945915
vt 0.345085 0.673927
vt 0.336771 0.661077
vt 0.329479 0.658386
vt 0.322168 0.660959
vt 0.313767 0.673751
vt 0.217252 0.986776
vt 0.246259 0.988452
vt 0.246629 0.996474
vt 0.277416 0.998071
vt 0.275956 0.987531
vt 0.301365 0.984538
vt 0.273796 0.964063
vt 0.306760 0.995916
vt 0.323580 0.983620
vt 0.323779 0.995022
vt 0.225692 0.512632
vt 0.266176 0.506881
vt 0.390524 0.508719
vt 0.356207 0.503504
vt 0.330500 0.502327
vt 0.304822 0.503155
vt 0.271845 0.508080
vt 0.434267 0.515971
vt 0.394654 0.508866
vt 0.106696 0.752888
vt 0.084498 0.763136
vt 0.086644 0.752542
vt 0.057557 0.755385
vt 0.054123 0.764169
vt 0.021239 0.753495
vt 0.048911 0.771787
vt 0.013112 0.756530
vt 0.081797 0.776642
vt 0.106733 0.777938
vt 0.106712 0.763291
vt 0.128024 0.762989
vt 0.126737 0.752499
vt 0.155799 0.755231
vt 0.159131 0.763298
vt 0.191843 0.753671
vt 0.164272 0.771809
vt 0.200893 0.757361
vt 0.131568 0.776483
vt 0.168208 0.515078
vt 0.199868 0.501549
vt 0.129994 0.517761
vt 0.108186 0.519577
vt 0.086390 0.517481
vt 0.048173 0.514354
vt 0.015232 0.501701
vt 0.167625 0.778335
vt 0.129383 0.793377
vt 0.130350 0.780012
vt 0.106694 0.781237
vt 0.197967 0.774210
vt 0.197973 0.763497
vt 0.170440 0.790743
vt 0.130166 0.798183
vt 0.106941 0.794162
vt 0.082056 0.792184
vt 0.083067 0.780008
vt 0.045888 0.777849
vt 0.043009 0.790335
vt 0.083259 0.797673
vt 0.106667 0.800102
vt 0.014312 0.773904
vt 0.016157 0.761996
vt 0.010871 0.806726
vt 0.011054 0.804032
vt 0.030414 0.804070
vt 0.031011 0.806262
vt 0.061847 0.804726
vt 0.062339 0.807095
vt 0.095867 0.805982
vt 0.095632 0.808851
vt 0.131315 0.805839
vt 0.131368 0.803826
vt 0.160798 0.804016
vt 0.161455 0.801907
vt 0.182083 0.802988
vt 0.182083 0.798734
vt 0.202711 0.801907
vt 0.203366 0.804016
vt 0.232797 0.803826
vt 0.232850 0.805839
vt 0.268298 0.805982
vt 0.268533 0.808851
vt 0.301826 0.807095
vt 0.302318 0.804726
vt 0.333155 0.806262
vt 0.333751 0.804070
vt 0.353293 0.806726
vt 0.353111 0.804032
vt 0.028462 0.887817
vt 0.030126 0.896819
vt 0.115765 0.831378
vt 0.126170 0.833437
vt 0.128847 0.847604
vt 0.112665 0.845432
vt 0.110753 0.853613
vt 0.083334 0.840299
vt 0.082458 0.855376
vt 0.063679 0.840612
vt 0.062545 0.854846
vt 0.039793 0.844219
vt 0.039115 0.851038
vt 0.020419 0.845523
vt 0.026861 0.873266
vt 0.008929 0.872158
vt 0.006819 0.885928
vt 0.104013 0.829751
vt 0.091274 0.828846
vt 0.078256 0.828123
vt 0.065791 0.831004
vt 0.023219 0.834799
vt 0.040816 0.839248
vt 0.057112 0.832812
vt 0.042918 0.833982
vt 0.038035 0.834162
vt 0.016982 0.834889
vt 0.002736 0.850642
vt 0.005974 0.836453
vt 0.082475 0.886455
vt 0.064205 0.886053
vt 0.044842 0.884270
vt 0.041770 0.867234
vt 0.062763 0.865583
vt 0.081065 0.866121
vt 0.110642 0.859917
vt 0.108625 0.870591
vt 0.128630 0.870740
vt 0.107703 0.886361
vt 0.129293 0.885051
vt 0.143863 0.891044
vt 0.150173 0.842415
vt 0.148868 0.865062
vt 0.148806 0.878814
vt 0.129244 0.832894
vt 0.139944 0.832988
vt 0.093206 0.823263
vt 0.062472 0.820498
vt 0.031201 0.818667
vt 0.011100 0.819041
vt 0.353066 0.819041
vt 0.332963 0.818667
vt 0.301692 0.820498
vt 0.270960 0.823263
vt 0.233947 0.819461
vt 0.203073 0.816610
vt 0.182083 0.818210
vt 0.161091 0.816610
vt 0.130219 0.819461
vt 0.454955 0.553291
vt 0.598720 0.715744
vt 0.623947 0.716141
vt 0.579284 0.713140
vt 0.558421 0.711049
vt 0.544509 0.707062
vt 0.524164 0.685623
vt 0.675650 0.706725
vt 0.700456 0.684796
vt 0.659058 0.714713
vt 0.629172 0.716649
vt 0.426981 0.815999
vt 0.413679 0.806179
vt 0.426203 0.794343
vt 0.436345 0.802133
vt 0.440738 0.783982
vt 0.441684 0.811022
vt 0.430551 0.820987
vt 0.449353 0.823170
vt 0.440589 0.833296
vt 0.410037 0.822954
vt 0.402372 0.819187
vt 0.414425 0.826643
vt 0.421237 0.830126
vt 0.435851 0.854160
vt 0.448103 0.847225
vt 0.462807 0.839126
vt 0.472711 0.825889
vt 0.457919 0.807975
vt 0.454025 0.801670
vt 0.451843 0.793683
vt 0.460147 0.771094
vt 0.452354 0.765940
vt 0.465080 0.752318
vt 0.470813 0.760823
vt 0.487352 0.750375
vt 0.489280 0.744101
vt 0.502412 0.743827
vt 0.491702 0.750846
vt 0.504093 0.737874
vt 0.501829 0.733020
vt 0.486306 0.740314
vt 0.463791 0.748972
vt 0.449759 0.762547
vt 0.438201 0.777875
vt 0.421600 0.788629
vt 0.407798 0.799925
vt 0.394241 0.815396
vt 0.519664 0.729767
vt 0.518072 0.736370
vt 0.397133 0.823023
vt 0.379783 0.827626
vt 0.514239 0.809194
vt 0.525799 0.807135
vt 0.529633 0.822719
vt 0.517492 0.825751
vt 0.501461 0.808618
vt 0.512831 0.800314
vt 0.500029 0.802000
vt 0.512052 0.793486
vt 0.496642 0.797454
vt 0.510888 0.779915
vt 0.492323 0.777834
vt 0.507729 0.763998
vt 0.489323 0.768545
vt 0.516253 0.744431
vt 0.501264 0.831404
vt 0.525466 0.799130
vt 0.526302 0.791521
vt 0.522430 0.777363
vt 0.525342 0.762481
vt 0.436433 0.774532
vt 0.416066 0.778885
vt 0.434277 0.768725
vt 0.420441 0.785582
vt 0.401073 0.792076
vt 0.406216 0.798400
vt 0.386799 0.806685
vt 0.392192 0.812676
vt 0.372589 0.820789
vt 0.378384 0.826141
vt 0.366901 0.837461
vt 0.362106 0.833588
vt 0.340731 0.863242
vt 0.331192 0.885068
vt 0.327054 0.884198
vt 0.337349 0.860635
vt 0.352058 0.846623
vt 0.354588 0.848889
vt 0.368991 0.840145
vt 0.448561 0.759618
vt 0.462046 0.744401
vt 0.484860 0.735168
vt 0.500985 0.729090
vt 0.519045 0.726219
vt 0.404585 0.851982
vt 0.435148 0.858707
vt 0.425661 0.870133
vt 0.412744 0.842015
vt 0.405412 0.837383
vt 0.397594 0.845548
vt 0.400056 0.831270
vt 0.400053 0.867865
vt 0.411783 0.879777
vt 0.392420 0.862415
vt 0.381869 0.858432
vt 0.389675 0.840185
vt 0.384421 0.833574
vt 0.372842 0.842717
vt 0.358168 0.852498
vt 0.343780 0.865843
vt 0.335745 0.889641
vt 0.350032 0.869565
vt 0.343044 0.890255
vt 0.366274 0.864913
vt 0.884266 0.745646
vt 0.902658 0.727413
vt 0.905267 0.744366
vt 0.882685 0.730673
vt 0.883214 0.706000
vt 0.859261 0.710594
vt 0.858555 0.692591
vt 0.877012 0.689558
vt 0.856122 0.676730
vt 0.859827 0.735633
vt 0.916165 0.726869
vt 0.899606 0.702367
vt 0.887385 0.690382
vt 0.873523 0.673003
vt 0.871413 0.647216
vt 0.858516 0.645562
vt 0.875607 0.608902
vt 0.857845 0.609158
vt 0.844002 0.646136
vt 0.840287 0.677378
vt 0.844134 0.700748
vt 0.844525 0.712561
vt 0.893165 0.648796
vt 0.890347 0.672170
vt 0.908856 0.687239
vt 0.916853 0.697662
vt 0.931885 0.727125
vt 0.932118 0.699166
vt 0.942811 0.700913
vt 0.934980 0.689619
vt 0.946493 0.694745
vt 0.943515 0.676211
vt 0.956720 0.681070
vt 0.959074 0.700314
vt 0.960791 0.707450
vt 0.942188 0.727909
vt 0.964996 0.726976
vt 0.920925 0.687961
vt 0.926326 0.676121
vt 0.935655 0.652009
vt 0.920492 0.650688
vt 0.914614 0.671622
vt 0.906828 0.649742
vt 0.980656 0.710142
vt 0.979211 0.698526
vt 0.982996 0.683285
vt 0.961494 0.656231
vt 0.948805 0.655572
vt 0.944709 0.621858
vt 0.924186 0.613292
vt 0.914631 0.609937
vt 0.902354 0.608907
vt 0.890076 0.607876
vt 0.985587 0.656070
vt 0.968725 0.621307
vt 0.959248 0.624313
vt 0.982353 0.618181
vt 0.844549 0.732453
vt 0.845605 0.740217
vt 0.860355 0.748348
vt 0.885581 0.751938
vt 0.905963 0.750983
vt 0.918458 0.746757
vt 0.932274 0.741017
vt 0.942077 0.736838
vt 0.965331 0.731655
vt 0.985923 0.727889
vt 0.990302 0.733745
vt 0.424609 0.914034
vt 0.355959 0.915106
vt 0.338357 0.912696
vt 0.419741 0.964136
vt 0.360732 0.964179
vt 0.338356 0.966616
vt 0.437826 0.986208
vt 0.429047 0.986377
vt 0.428757 0.994864
vt 0.437829 0.994486
vt 0.450165 0.994046
vt 0.450997 0.986076
vt 0.464019 0.993898
vt 0.464137 0.986139
vt 0.476447 0.986007
vt 0.476466 0.994054
vt 0.484901 0.985732
vt 0.484655 0.994048
vt 0.496527 0.985436
vt 0.497322 0.993842
vt 0.505403 0.983730
vt 0.507011 0.991880
vt 0.514399 0.980295
vt 0.517630 0.988493
vt 0.523213 0.974370
vt 0.526741 0.982469
vt 0.612109 0.551761
vt 0.617571 0.565194
vt 0.612109 0.563924
vt 0.620020 0.552691
vt 0.612109 0.506154
vt 0.620993 0.506187
vt 0.612109 0.571358
vt 0.606647 0.565194
vt 0.604196 0.552691
vt 0.603223 0.506187
vt 0.629878 0.551761
vt 0.635340 0.565194
vt 0.629878 0.563924
vt 0.637790 0.552691
vt 0.629878 0.506154
vt 0.638763 0.506187
vt 0.629878 0.571358
vt 0.624416 0.565194
vt 0.621967 0.552691
vt 0.647648 0.551761
vt 0.653110 0.565194
vt 0.647648 0.563924
vt 0.655559 0.552691
vt 0.647648 0.506154
vt 0.656532 0.506187
vt 0.647648 0.571358
vt 0.642186 0.565194
vt 0.639736 0.552691
vt 0.665418 0.551761
vt 0.670880 0.565194
vt 0.665418 0.563924
vt 0.673329 0.552691
vt 0.665418 0.506154
vt 0.674302 0.506187
vt 0.665418 0.571358
vt 0.659956 0.565194
vt 0.657505 0.552691
vt 0.683188 0.551761
vt 0.688650 0.565194
vt 0.683188 0.563924
vt 0.691099 0.552691
vt 0.683188 0.506154
vt 0.692072 0.506187
vt 0.683188 0.571358
vt 0.677726 0.565194
vt 0.675275 0.552691
vt 0.698806 0.551853
vt 0.703634 0.565346
vt 0.698233 0.564013
vt 0.706671 0.552876
vt 0.700956 0.506259
vt 0.709837 0.506396
vt 0.697882 0.571444
vt 0.692713 0.565217
vt 0.690853 0.552690
vt 0.716571 0.552063
vt 0.721398 0.565556
vt 0.715998 0.564222
vt 0.724436 0.553085
vt 0.718721 0.506468
vt 0.727602 0.506605
vt 0.715647 0.571654
vt 0.710477 0.565427
vt 0.708617 0.552899
vt 0.734335 0.552272
vt 0.739163 0.565765
vt 0.733763 0.564431
vt 0.742201 0.553295
vt 0.736486 0.506677
vt 0.745366 0.506814
vt 0.733412 0.571863
vt 0.728242 0.565636
vt 0.726382 0.553108
vt 0.594339 0.551761
vt 0.599801 0.565194
vt 0.594339 0.563924
vt 0.602250 0.552691
vt 0.594339 0.506154
vt 0.594339 0.571358
vt 0.588877 0.565194
vt 0.586426 0.552691
vt 0.585453 0.506187
vt 0.752100 0.552481
vt 0.756928 0.565974
vt 0.751527 0.564640
vt 0.759965 0.553504
vt 0.754251 0.506886
vt 0.763131 0.507024
vt 0.751177 0.572072
vt 0.746007 0.565845
vt 0.744147 0.553318
vt 0.576569 0.551761
vt 0.582031 0.565194
vt 0.576569 0.563924
vt 0.584480 0.552691
vt 0.576569 0.506154
vt 0.576569 0.571358
vt 0.571107 0.565194
vt 0.568658 0.552691
vt 0.567684 0.506187
vt 0.684269 0.626315
vt 0.689731 0.639747
vt 0.684269 0.638478
vt 0.692180 0.627245
vt 0.684269 0.580708
vt 0.693153 0.580740
vt 0.684269 0.645911
vt 0.678807 0.639747
vt 0.676357 0.627245
vt 0.702038 0.626315
vt 0.707500 0.639747
vt 0.702038 0.638478
vt 0.709950 0.627245
vt 0.702038 0.580708
vt 0.710923 0.580740
vt 0.702038 0.645911
vt 0.696576 0.639747
vt 0.694127 0.627245
vt 0.737578 0.626315
vt 0.743040 0.639747
vt 0.737578 0.638478
vt 0.745489 0.627245
vt 0.737578 0.580708
vt 0.746462 0.580740
vt 0.737578 0.645911
vt 0.732116 0.639747
vt 0.729666 0.627245
vt 0.728692 0.580740
vt 0.719808 0.626315
vt 0.725270 0.639747
vt 0.719808 0.638478
vt 0.727719 0.627245
vt 0.719808 0.580708
vt 0.719808 0.645911
vt 0.714346 0.639747
vt 0.711897 0.627245
vt 0.426754 0.973431
vt 0.434982 0.982213
vt 0.427331 0.981873
vt 0.435382 0.973752
vt 0.442230 0.982074
vt 0.442471 0.974065
vt 0.456652 0.981526
vt 0.456697 0.974279
vt 0.465209 0.981403
vt 0.464611 0.974227
vt 0.630959 0.626315
vt 0.636421 0.639747
vt 0.630959 0.638478
vt 0.638871 0.627245
vt 0.630959 0.580708
vt 0.639844 0.580740
vt 0.630959 0.645911
vt 0.625497 0.639747
vt 0.623048 0.627245
vt 0.648729 0.626315
vt 0.654191 0.639747
vt 0.648729 0.638478
vt 0.656640 0.627245
vt 0.648729 0.580708
vt 0.648729 0.645911
vt 0.643267 0.639747
vt 0.640818 0.627245
vt 0.577650 0.626315
vt 0.583112 0.639747
vt 0.577650 0.638478
vt 0.585561 0.627245
vt 0.577650 0.580708
vt 0.577650 0.645911
vt 0.572188 0.639747
vt 0.569739 0.627245
vt 0.568766 0.580740
vt 0.956693 0.816131
vt 0.944640 0.814369
vt 0.906889 0.822490
vt 0.773430 0.701738
vt 0.756599 0.720523
vt 0.784711 0.685704
vt 0.797337 0.668972
vt 0.803850 0.656056
vt 0.801911 0.626570
vt 0.753425 0.724703
vt 0.731716 0.745324
vt 0.714585 0.752079
vt 0.681637 0.755401
vt 0.390260 0.882554
vt 0.367986 0.907371
vt 0.365849 0.884295
vt 0.390188 0.907366
vt 0.412391 0.907390
vt 0.414665 0.884428
vt 0.390221 0.997087
vt 0.419881 0.968364
vt 0.422770 0.997104
vt 0.390298 0.966739
vt 0.360803 0.968117
vt 0.357672 0.996832
vt 0.514932 0.964713
vt 0.518502 0.972724
vt 0.510272 0.976067
vt 0.507477 0.968336
vt 0.502567 0.978929
vt 0.500218 0.971492
vt 0.491178 0.980754
vt 0.488465 0.973221
vt 0.473766 0.981280
vt 0.472525 0.974176
vt 0.394199 0.256151
vt 0.394923 0.258282
vt 0.394049 0.256910
vt 0.377313 0.256088
vt 0.377430 0.256848
vt 0.376568 0.258213
vt 0.381225 0.255564
vt 0.381289 0.255897
vt 0.385653 0.255272
vt 0.385656 0.255734
vt 0.389969 0.255929
vt 0.390083 0.255598
vt 0.389653 0.271384
vt 0.392186 0.270587
vt 0.392079 0.271020
vt 0.392496 0.270848
vt 0.392691 0.270423
vt 0.393187 0.266221
vt 0.393902 0.266226
vt 0.393898 0.257371
vt 0.381400 0.266274
vt 0.378953 0.270542
vt 0.378042 0.266168
vt 0.381429 0.271356
vt 0.385563 0.266507
vt 0.385520 0.271981
vt 0.389749 0.266303
vt 0.389883 0.256301
vt 0.385670 0.256109
vt 0.381477 0.256269
vt 0.377547 0.257309
vt 0.377358 0.266168
vt 0.378473 0.270375
vt 0.378658 0.270802
vt 0.379066 0.270976
vt 0.381500 0.272020
vt 0.385527 0.272825
vt 0.389591 0.272048
vt 0.363711 0.456732
vt 0.363135 0.461927
vt 0.358955 0.461898
vt 0.362528 0.467377
vt 0.345758 0.456589
vt 0.345388 0.452613
vt 0.354206 0.452684
vt 0.354210 0.456653
vt 0.349648 0.461837
vt 0.354216 0.461866
vt 0.354224 0.467341
vt 0.358641 0.467360
vt 0.361763 0.474043
vt 0.358568 0.473578
vt 0.360217 0.482869
vt 0.354926 0.482869
vt 0.354926 0.492780
vt 0.350285 0.492780
vt 0.350913 0.496496
vt 0.345994 0.495033
vt 0.346371 0.496272
vt 0.345491 0.495962
vt 0.349957 0.467323
vt 0.349908 0.482869
vt 0.346010 0.492780
vt 0.346136 0.482869
vt 0.344862 0.494724
vt 0.344501 0.492780
vt 0.344627 0.482869
vt 0.347400 0.474043
vt 0.350596 0.473578
vt 0.354582 0.473578
vt 0.346775 0.467309
vt 0.346250 0.461816
vt 0.350913 0.497735
vt 0.354926 0.496806
vt 0.354926 0.498354
vt 0.360217 0.497735
vt 0.360343 0.496496
vt 0.364492 0.496187
vt 0.364869 0.494948
vt 0.365372 0.495877
vt 0.365875 0.494638
vt 0.364869 0.492780
vt 0.366252 0.492780
vt 0.363989 0.482869
vt 0.365372 0.482869
vt 0.360720 0.492780
vt 0.454488 0.417834
vt 0.454825 0.412528
vt 0.455116 0.417850
vt 0.453704 0.417992
vt 0.453033 0.413211
vt 0.448231 0.439947
vt 0.448231 0.437413
vt 0.450052 0.437446
vt 0.450052 0.433326
vt 0.448231 0.433388
vt 0.448162 0.429135
vt 0.444163 0.430576
vt 0.444645 0.425078
vt 0.439108 0.423212
vt 0.445815 0.418751
vt 0.440392 0.416590
vt 0.443341 0.411620
vt 0.446962 0.412328
vt 0.449431 0.418768
vt 0.450745 0.413162
vt 0.451755 0.418228
vt 0.452924 0.422378
vt 0.450052 0.440051
vt 0.452288 0.437867
vt 0.452288 0.433747
vt 0.450742 0.426209
vt 0.448085 0.425825
vt 0.456160 0.434098
vt 0.455801 0.425375
vt 0.452754 0.424716
vt 0.455436 0.423442
vt 0.452860 0.423055
vt 0.455258 0.422885
vt 0.450742 0.423705
vt 0.459875 0.426446
vt 0.459875 0.425009
vt 0.455790 0.423741
vt 0.463708 0.425987
vt 0.455860 0.422934
vt 0.456003 0.423462
vt 0.456570 0.423797
vt 0.459875 0.424793
vt 0.463708 0.425599
vt 0.467642 0.425240
vt 0.467642 0.426769
vt 0.472086 0.425849
vt 0.470908 0.434098
vt 0.475190 0.433747
vt 0.475190 0.437867
vt 0.477284 0.437446
vt 0.472442 0.423625
vt 0.472698 0.423992
vt 0.472221 0.423992
vt 0.472271 0.424314
vt 0.471652 0.424231
vt 0.467642 0.425059
vt 0.473921 0.418408
vt 0.472945 0.423578
vt 0.475444 0.423791
vt 0.475384 0.425385
vt 0.479072 0.439856
vt 0.479123 0.437395
vt 0.477247 0.433326
vt 0.477247 0.427118
vt 0.477248 0.424567
vt 0.475432 0.423428
vt 0.474546 0.418410
vt 0.475045 0.413123
vt 0.475307 0.418591
vt 0.475816 0.413501
vt 0.476792 0.418903
vt 0.478558 0.418607
vt 0.479242 0.425799
vt 0.477154 0.413057
vt 0.480280 0.412313
vt 0.483747 0.437768
vt 0.484368 0.453810
vt 0.479159 0.429180
vt 0.479106 0.433426
vt 0.483560 0.436162
vt 0.489417 0.437390
vt 0.490180 0.453002
vt 0.489983 0.461521
vt 0.489329 0.435607
vt 0.483119 0.430586
vt 0.482715 0.425100
vt 0.481503 0.418761
vt 0.483959 0.411686
vt 0.486920 0.416642
vt 0.488159 0.423327
vt 0.489080 0.431190
vt 0.477284 0.439802
vt 0.479088 0.453981
vt 0.484062 0.463519
vt 0.489963 0.463518
vt 0.484192 0.465025
vt 0.489938 0.465025
vt 0.484278 0.466704
vt 0.489930 0.466704
vt 0.483647 0.489107
vt 0.489188 0.489107
vt 0.489215 0.491397
vt 0.483681 0.491397
vt 0.479106 0.489107
vt 0.479106 0.491397
vt 0.477284 0.491397
vt 0.479106 0.465025
vt 0.479106 0.466704
vt 0.477284 0.466585
vt 0.477284 0.489107
vt 0.475190 0.466585
vt 0.475190 0.464886
vt 0.470908 0.464886
vt 0.470908 0.463519
vt 0.463674 0.463519
vt 0.463708 0.453966
vt 0.456160 0.463519
vt 0.456160 0.453966
vt 0.452288 0.463519
vt 0.452288 0.453966
vt 0.452288 0.440473
vt 0.456160 0.464886
vt 0.463674 0.464886
vt 0.470908 0.466585
vt 0.463674 0.466585
vt 0.475190 0.489107
vt 0.470908 0.489107
vt 0.463674 0.489107
vt 0.456160 0.466585
vt 0.452288 0.464886
vt 0.450052 0.464886
vt 0.450052 0.463519
vt 0.450052 0.453966
vt 0.450052 0.466585
vt 0.452288 0.466585
vt 0.450052 0.489107
vt 0.456160 0.489107
vt 0.452288 0.489107
vt 0.450052 0.491397
vt 0.448251 0.491397
vt 0.448223 0.489097
vt 0.448223 0.466636
vt 0.448211 0.464989
vt 0.448211 0.463539
vt 0.448200 0.453938
vt 0.443729 0.489086
vt 0.443024 0.466723
vt 0.443118 0.465054
vt 0.443189 0.463561
vt 0.443024 0.453837
vt 0.443601 0.437738
vt 0.443658 0.436222
vt 0.438213 0.431062
vt 0.437961 0.435611
vt 0.437823 0.437357
vt 0.437158 0.452908
vt 0.437345 0.461490
vt 0.437345 0.463487
vt 0.437345 0.465017
vt 0.437298 0.466611
vt 0.438073 0.489124
vt 0.438120 0.491350
vt 0.443588 0.491350
vt 0.448196 0.491424
vt 0.421979 0.386319
vt 0.421884 0.384156
vt 0.416816 0.384156
vt 0.421810 0.382215
vt 0.405352 0.350437
vt 0.405352 0.345130
vt 0.401418 0.345763
vt 0.408619 0.349624
vt 0.408619 0.353221
vt 0.412900 0.352207
vt 0.408619 0.369910
vt 0.412900 0.369910
vt 0.412900 0.382215
vt 0.414994 0.382215
vt 0.414994 0.383977
vt 0.416816 0.386319
vt 0.421309 0.415178
vt 0.416816 0.415178
vt 0.421412 0.418128
vt 0.416816 0.418128
vt 0.414994 0.415178
vt 0.414994 0.418128
vt 0.426915 0.418128
vt 0.426918 0.415178
vt 0.412900 0.383977
vt 0.408619 0.383977
vt 0.408619 0.386166
vt 0.401402 0.386166
vt 0.408619 0.382215
vt 0.401402 0.383977
vt 0.393870 0.386166
vt 0.387762 0.386166
vt 0.389998 0.386166
vt 0.389998 0.383977
vt 0.387762 0.415178
vt 0.389998 0.415178
vt 0.393870 0.415178
vt 0.401402 0.415178
vt 0.408619 0.415178
vt 0.412900 0.386166
vt 0.414994 0.386166
vt 0.412900 0.415178
vt 0.412900 0.418128
vt 0.408619 0.418128
vt 0.401402 0.418128
vt 0.393870 0.418128
vt 0.389998 0.418128
vt 0.387762 0.418128
vt 0.385933 0.415165
vt 0.385933 0.386231
vt 0.387762 0.383977
vt 0.385922 0.384109
vt 0.387762 0.382215
vt 0.385961 0.418128
vt 0.375830 0.418067
vt 0.381439 0.415151
vt 0.375783 0.415199
vt 0.381298 0.418067
vt 0.385906 0.418162
vt 0.375670 0.346252
vt 0.381873 0.339791
vt 0.375923 0.340512
vt 0.381368 0.347038
vt 0.385941 0.343377
vt 0.385941 0.348602
vt 0.381311 0.349001
vt 0.385941 0.351869
vt 0.380735 0.369744
vt 0.385910 0.369875
vt 0.380899 0.382271
vt 0.385922 0.382243
vt 0.380828 0.384194
vt 0.380735 0.386343
vt 0.375533 0.348522
vt 0.374868 0.368547
vt 0.387762 0.369910
vt 0.387762 0.351986
vt 0.387762 0.348630
vt 0.387762 0.343323
vt 0.385872 0.337932
vt 0.382355 0.332638
vt 0.376818 0.330234
vt 0.383525 0.324547
vt 0.378103 0.321764
vt 0.381051 0.315362
vt 0.384672 0.316274
vt 0.387127 0.324566
vt 0.388453 0.330941
vt 0.389463 0.323883
vt 0.385796 0.333597
vt 0.388453 0.334191
vt 0.389998 0.343865
vt 0.389998 0.349173
vt 0.389998 0.352529
vt 0.389998 0.369910
vt 0.389998 0.382215
vt 0.393870 0.352980
vt 0.393870 0.369910
vt 0.393870 0.349624
vt 0.393870 0.344317
vt 0.393511 0.333091
vt 0.390438 0.332214
vt 0.405352 0.353793
vt 0.401418 0.351070
vt 0.401418 0.354426
vt 0.401418 0.369910
vt 0.397585 0.353793
vt 0.397585 0.350437
vt 0.397585 0.345130
vt 0.397585 0.334463
vt 0.393870 0.382215
vt 0.401402 0.382215
vt 0.393870 0.383977
vt 0.401418 0.335657
vt 0.414994 0.351666
vt 0.412900 0.349173
vt 0.408619 0.344317
vt 0.405352 0.334813
vt 0.401418 0.333894
vt 0.397585 0.332583
vt 0.393483 0.330954
vt 0.393147 0.330615
vt 0.390555 0.330158
vt 0.390633 0.329211
vt 0.392975 0.329861
vt 0.388457 0.317330
vt 0.390740 0.317395
vt 0.391415 0.323568
vt 0.392197 0.323372
vt 0.392841 0.323372
vt 0.393550 0.329950
vt 0.393734 0.330645
vt 0.394298 0.331063
vt 0.397585 0.332345
vt 0.401418 0.333413
vt 0.392529 0.316522
vt 0.405352 0.332931
vt 0.409800 0.333705
vt 0.412900 0.343865
vt 0.414994 0.348630
vt 0.416782 0.351739
vt 0.416799 0.369929
vt 0.422085 0.369711
vt 0.416816 0.382215
vt 0.414994 0.369910
vt 0.413090 0.333069
vt 0.421398 0.348918
vt 0.416833 0.348635
vt 0.414958 0.343323
vt 0.416869 0.337971
vt 0.414957 0.335313
vt 0.416816 0.343404
vt 0.421288 0.346931
vt 0.427045 0.346175
vt 0.427172 0.348441
vt 0.427931 0.368669
vt 0.414957 0.332048
vt 0.413155 0.331010
vt 0.413142 0.330567
vt 0.410651 0.330753
vt 0.412247 0.324128
vt 0.411635 0.324080
vt 0.412758 0.317285
vt 0.413032 0.324383
vt 0.413511 0.317809
vt 0.414525 0.324728
vt 0.416252 0.324385
vt 0.416935 0.333651
vt 0.420425 0.332728
vt 0.419222 0.324538
vt 0.420843 0.339839
vt 0.426773 0.340596
vt 0.425871 0.330309
vt 0.424621 0.321924
vt 0.421671 0.315464
vt 0.418020 0.316241
vt 0.414840 0.317224
vt 0.330666 0.458444
vt 0.333825 0.466854
vt 0.330308 0.466455
vt 0.334554 0.458466
vt 0.335161 0.451445
vt 0.326250 0.458419
vt 0.326261 0.466453
vt 0.330981 0.451407
vt 0.335737 0.444753
vt 0.326235 0.444651
vt 0.336174 0.439656
vt 0.326231 0.439538
vt 0.326231 0.438911
vt 0.317414 0.439447
vt 0.317369 0.438820
vt 0.326225 0.427463
vt 0.316557 0.427366
vt 0.317784 0.444569
vt 0.336227 0.439031
vt 0.337200 0.427605
vt 0.321674 0.451329
vt 0.321982 0.458396
vt 0.326241 0.451367
vt 0.318276 0.451301
vt 0.318800 0.458378
vt 0.319468 0.467251
vt 0.317207 0.478422
vt 0.315825 0.478422
vt 0.322339 0.466451
vt 0.320976 0.478422
vt 0.316327 0.491188
vt 0.314945 0.491188
vt 0.316327 0.493981
vt 0.315323 0.493582
vt 0.315825 0.495178
vt 0.316704 0.495577
vt 0.320850 0.495976
vt 0.320976 0.497572
vt 0.326262 0.496375
vt 0.326262 0.498370
vt 0.330273 0.497572
vt 0.330273 0.495976
vt 0.334811 0.495687
vt 0.335188 0.494091
vt 0.335690 0.495288
vt 0.336319 0.493692
vt 0.336679 0.491188
vt 0.335172 0.491188
vt 0.336554 0.478422
vt 0.335046 0.478422
vt 0.331277 0.478422
vt 0.326262 0.478422
vt 0.326262 0.491188
vt 0.320473 0.491188
vt 0.330900 0.491188
vt 0.314815 0.401823
vt 0.326228 0.403457
vt 0.314920 0.403410
vt 0.326228 0.401864
vt 0.339218 0.403599
vt 0.339351 0.402003
vt 0.426787 0.273472
vt 0.430158 0.266866
vt 0.426172 0.266529
vt 0.430158 0.274743
vt 0.433990 0.266866
vt 0.433990 0.257929
vt 0.430158 0.257915
vt 0.426212 0.258754
vt 0.425101 0.259608
vt 0.425413 0.266458
vt 0.426122 0.273036
vt 0.426306 0.273731
vt 0.426870 0.274149
vt 0.430158 0.275431
vt 0.434005 0.275898
vt 0.433990 0.276499
vt 0.437924 0.275785
vt 0.437924 0.275102
vt 0.441934 0.274717
vt 0.442053 0.274274
vt 0.442497 0.274383
vt 0.442725 0.273927
vt 0.443381 0.267178
vt 0.444208 0.267166
vt 0.445331 0.260371
vt 0.444177 0.259431
vt 0.437924 0.258262
vt 0.437924 0.266866
vt 0.426419 0.258040
vt 0.425955 0.257274
vt 0.430158 0.256959
vt 0.430158 0.257425
vt 0.433990 0.256644
vt 0.433990 0.257414
vt 0.437924 0.257657
vt 0.437924 0.257212
vt 0.444116 0.258729
vt 0.444539 0.257975
vt 0.410153 0.330841
vt 0.409925 0.331297
vt 0.410418 0.331266
vt 0.409362 0.331631
vt 0.409989 0.331697
vt 0.405352 0.332699
vt 0.293772 0.450171
vt 0.303715 0.450263
vt 0.303278 0.454220
vt 0.293772 0.449685
vt 0.303768 0.449777
vt 0.304742 0.440908
vt 0.293767 0.440798
vt 0.305462 0.434293
vt 0.293765 0.434177
vt 0.305537 0.433603
vt 0.293765 0.433487
vt 0.305612 0.432914
vt 0.293765 0.432797
vt 0.305686 0.432224
vt 0.293765 0.432108
vt 0.293769 0.422162
vt 0.306760 0.422272
vt 0.293770 0.420925
vt 0.306893 0.421033
vt 0.282356 0.420893
vt 0.282462 0.422126
vt 0.283324 0.432043
vt 0.283384 0.432732
vt 0.283445 0.433420
vt 0.283506 0.434109
vt 0.284098 0.440723
vt 0.284910 0.449614
vt 0.284956 0.450101
vt 0.285326 0.454077
vt 0.293776 0.454141
vt 0.298522 0.459386
vt 0.302702 0.459415
vt 0.298208 0.464848
vt 0.293791 0.464829
vt 0.293803 0.471065
vt 0.289524 0.464811
vt 0.289881 0.471063
vt 0.287010 0.471685
vt 0.288518 0.480357
vt 0.284748 0.480357
vt 0.283869 0.490268
vt 0.283366 0.480357
vt 0.282487 0.490268
vt 0.283869 0.492435
vt 0.282864 0.492126
vt 0.297849 0.471067
vt 0.301366 0.471377
vt 0.302095 0.464865
vt 0.289216 0.459325
vt 0.293783 0.459354
vt 0.286342 0.464797
vt 0.285818 0.459304
vt 0.298819 0.480357
vt 0.293804 0.480357
vt 0.293804 0.490268
vt 0.288015 0.490268
vt 0.288392 0.493984
vt 0.293804 0.494294
vt 0.297814 0.493984
vt 0.298442 0.490268
vt 0.302729 0.492521
vt 0.302714 0.490268
vt 0.302588 0.480357
vt 0.283366 0.493365
vt 0.284246 0.493674
vt 0.288518 0.495223
vt 0.293804 0.495842
vt 0.297814 0.495223
vt 0.302353 0.493760
vt 0.303232 0.493450
vt 0.303860 0.492211
vt 0.304221 0.490268
vt 0.304095 0.480357
vt 0.355760 0.351392
vt 0.355743 0.341854
vt 0.353939 0.341839
vt 0.360754 0.351392
vt 0.361029 0.341684
vt 0.355777 0.325323
vt 0.353902 0.321199
vt 0.353939 0.325320
vt 0.355726 0.327733
vt 0.360343 0.325543
vt 0.353939 0.327676
vt 0.351844 0.341839
vt 0.353939 0.351392
vt 0.355760 0.352898
vt 0.360829 0.352898
vt 0.351844 0.328097
vt 0.351844 0.325740
vt 0.351844 0.321620
vt 0.353902 0.314991
vt 0.352033 0.313236
vt 0.353902 0.312438
vt 0.352102 0.311650
vt 0.352092 0.311291
vt 0.353463 0.306763
vt 0.351967 0.306487
vt 0.351186 0.306294
vt 0.349596 0.311435
vt 0.349355 0.311847
vt 0.348749 0.313724
vt 0.347563 0.321971
vt 0.347563 0.326091
vt 0.347563 0.328883
vt 0.347563 0.341839
vt 0.344296 0.329328
vt 0.340362 0.341839
vt 0.340362 0.329819
vt 0.336530 0.329328
vt 0.340362 0.327213
vt 0.336530 0.326722
vt 0.344296 0.326722
vt 0.344296 0.322603
vt 0.344296 0.314596
vt 0.344296 0.313139
vt 0.348935 0.312175
vt 0.340362 0.323094
vt 0.340362 0.315252
vt 0.340362 0.313874
vt 0.340362 0.313505
vt 0.344296 0.312953
vt 0.348308 0.312109
vt 0.348871 0.311859
vt 0.349091 0.311513
vt 0.350578 0.306277
vt 0.336530 0.312856
vt 0.336530 0.312677
vt 0.336530 0.314320
vt 0.336530 0.322603
vt 0.340346 0.376981
vt 0.347563 0.379270
vt 0.347563 0.376981
vt 0.340346 0.354459
vt 0.332815 0.354459
vt 0.340346 0.352759
vt 0.332815 0.352759
vt 0.340346 0.351392
vt 0.332815 0.351392
vt 0.332815 0.341839
vt 0.332815 0.328696
vt 0.332815 0.326091
vt 0.332815 0.321971
vt 0.332448 0.313259
vt 0.340346 0.379270
vt 0.332815 0.376981
vt 0.328943 0.354459
vt 0.328943 0.352759
vt 0.328943 0.351392
vt 0.328943 0.341839
vt 0.328943 0.328346
vt 0.328943 0.325740
vt 0.328943 0.321620
vt 0.329395 0.312613
vt 0.327397 0.314115
vt 0.327397 0.311615
vt 0.328943 0.376981
vt 0.326706 0.321199
vt 0.326706 0.325320
vt 0.326706 0.327925
vt 0.326706 0.341839
vt 0.326706 0.351392
vt 0.326706 0.352759
vt 0.326706 0.354459
vt 0.326706 0.376981
vt 0.326706 0.379270
vt 0.328943 0.379270
vt 0.332815 0.379270
vt 0.324885 0.325298
vt 0.324885 0.327834
vt 0.324855 0.341812
vt 0.324866 0.351413
vt 0.324866 0.352862
vt 0.324878 0.354509
vt 0.324878 0.376970
vt 0.324905 0.379270
vt 0.320255 0.325607
vt 0.319679 0.341710
vt 0.319843 0.351435
vt 0.319773 0.352928
vt 0.319679 0.354597
vt 0.320383 0.376960
vt 0.324816 0.317006
vt 0.324885 0.321241
vt 0.320313 0.324084
vt 0.314477 0.325236
vt 0.313812 0.340781
vt 0.313999 0.349612
vt 0.313999 0.351360
vt 0.313999 0.352891
vt 0.313953 0.354485
vt 0.314728 0.376997
vt 0.314775 0.379223
vt 0.320242 0.379223
vt 0.324850 0.379297
vt 0.320817 0.318457
vt 0.321299 0.312905
vt 0.324740 0.313655
vt 0.326078 0.306630
vt 0.314615 0.323473
vt 0.314868 0.319017
vt 0.315763 0.311038
vt 0.322470 0.306624
vt 0.323617 0.300202
vt 0.327398 0.301022
vt 0.329682 0.301084
vt 0.317047 0.304463
vt 0.319995 0.299494
vt 0.332435 0.311600
vt 0.333241 0.311675
vt 0.332096 0.311333
vt 0.332668 0.311352
vt 0.332506 0.310837
vt 0.331908 0.310744
vt 0.331781 0.305728
vt 0.331147 0.305698
vt 0.331471 0.300396
vt 0.330359 0.305845
vt 0.328404 0.306106
vt 0.329500 0.310978
vt 0.329581 0.310242
vt 0.401395 0.273334
vt 0.404767 0.266691
vt 0.400787 0.266339
vt 0.404767 0.274633
vt 0.408599 0.266691
vt 0.408614 0.275795
vt 0.412533 0.275009
vt 0.412533 0.266691
vt 0.416659 0.274152
vt 0.417991 0.266993
vt 0.412533 0.258018
vt 0.418789 0.259189
vt 0.408599 0.257687
vt 0.404767 0.257684
vt 0.400831 0.258502
vt 0.399708 0.259377
vt 0.400018 0.266300
vt 0.400743 0.272935
vt 0.400905 0.273603
vt 0.401478 0.274022
vt 0.404767 0.275323
vt 0.408599 0.276398
vt 0.412533 0.275681
vt 0.416545 0.274586
vt 0.417108 0.274261
vt 0.417328 0.273812
vt 0.418815 0.267014
vt 0.419929 0.260146
vt 0.418721 0.258497
vt 0.419155 0.257726
vt 0.401032 0.257785
vt 0.400564 0.257024
vt 0.404767 0.256703
vt 0.404767 0.257178
vt 0.408599 0.256398
vt 0.408599 0.257176
vt 0.412533 0.257414
vt 0.412533 0.256948
vt 0.353939 0.354459
vt 0.351844 0.352759
vt 0.351844 0.354459
vt 0.347563 0.354459
vt 0.347563 0.352759
vt 0.347563 0.351392
vt 0.351844 0.351392
vt 0.353939 0.352759
vt 0.355760 0.354577
vt 0.360924 0.354577
vt 0.360254 0.376981
vt 0.355760 0.376981
vt 0.353939 0.376981
vt 0.351844 0.376981
vt 0.366630 0.349643
vt 0.366611 0.351392
vt 0.366616 0.352898
vt 0.366621 0.354577
vt 0.365862 0.376981
vt 0.365860 0.379270
vt 0.360356 0.379270
vt 0.355760 0.379270
vt 0.353939 0.379270
vt 0.351844 0.379270
vt 0.351692 0.300988
vt 0.352460 0.301394
vt 0.355196 0.306501
vt 0.355880 0.313697
vt 0.355813 0.317038
vt 0.355760 0.321262
vt 0.360232 0.324001
vt 0.366116 0.325173
vt 0.366875 0.340876
vt 0.359369 0.312974
vt 0.353783 0.300937
vt 0.356964 0.300176
vt 0.358166 0.306617
vt 0.360616 0.299573
vt 0.363565 0.304588
vt 0.364816 0.311097
vt 0.359787 0.318495
vt 0.365990 0.323414
vt 0.365717 0.319082
vt 0.450196 0.337968
vt 0.452082 0.326229
vt 0.450243 0.326157
vt 0.452076 0.337991
vt 0.454314 0.337991
vt 0.454269 0.326533
vt 0.458142 0.337991
vt 0.458199 0.326901
vt 0.461927 0.327378
vt 0.465637 0.337991
vt 0.465777 0.327818
vt 0.458142 0.346071
vt 0.465637 0.346071
vt 0.454314 0.346071
vt 0.452076 0.346071
vt 0.450208 0.346089
vt 0.445191 0.346108
vt 0.445027 0.337883
vt 0.445604 0.324266
vt 0.450243 0.323990
vt 0.452112 0.324017
vt 0.454269 0.324318
vt 0.458169 0.324699
vt 0.450208 0.347315
vt 0.445121 0.347370
vt 0.452076 0.347228
vt 0.454314 0.347228
vt 0.458142 0.347228
vt 0.465637 0.347228
vt 0.472893 0.347228
vt 0.458142 0.348665
vt 0.465637 0.348665
vt 0.472893 0.348665
vt 0.477199 0.348665
vt 0.465637 0.367714
vt 0.472893 0.367714
vt 0.458142 0.367714
vt 0.454314 0.348665
vt 0.452076 0.348665
vt 0.450220 0.348708
vt 0.445027 0.348781
vt 0.439348 0.347339
vt 0.439348 0.346044
vt 0.439348 0.344048
vt 0.439161 0.337097
vt 0.477199 0.367714
vt 0.477199 0.369651
vt 0.479287 0.369651
vt 0.472893 0.369651
vt 0.465637 0.369651
vt 0.458142 0.369651
vt 0.454313 0.367714
vt 0.452076 0.367714
vt 0.450220 0.367705
vt 0.445731 0.367696
vt 0.439302 0.348687
vt 0.454314 0.369651
vt 0.452076 0.369651
vt 0.450240 0.369651
vt 0.445591 0.369611
vt 0.450199 0.369674
vt 0.440123 0.369611
vt 0.440076 0.367728
vt 0.493066 0.261821
vt 0.491849 0.260511
vt 0.491986 0.261088
vt 0.485713 0.259651
vt 0.485648 0.260280
vt 0.481774 0.259342
vt 0.481790 0.259863
vt 0.477894 0.259867
vt 0.477905 0.259465
vt 0.473957 0.260531
vt 0.474187 0.259975
vt 0.472872 0.261222
vt 0.492311 0.259866
vt 0.485691 0.259217
vt 0.481758 0.258635
vt 0.477919 0.259040
vt 0.473701 0.259341
vt 0.477931 0.267139
vt 0.474565 0.272542
vt 0.477931 0.273561
vt 0.473939 0.266924
vt 0.473174 0.266773
vt 0.473888 0.272160
vt 0.474047 0.272723
vt 0.474632 0.273089
vt 0.477929 0.274120
vt 0.481775 0.274520
vt 0.481748 0.274985
vt 0.485692 0.274410
vt 0.485698 0.273880
vt 0.489714 0.273551
vt 0.489820 0.273178
vt 0.490273 0.273258
vt 0.490492 0.272925
vt 0.491120 0.267438
vt 0.491944 0.267434
vt 0.485776 0.267204
vt 0.481777 0.267097
vt 0.387281 0.496984
vt 0.387281 0.498294
vt 0.392572 0.497770
vt 0.383268 0.497770
vt 0.383268 0.496722
vt 0.378726 0.496533
vt 0.387281 0.493579
vt 0.392697 0.496722
vt 0.396846 0.496460
vt 0.397223 0.495413
vt 0.397726 0.496198
vt 0.398229 0.495150
vt 0.397223 0.493579
vt 0.398606 0.493579
vt 0.397726 0.485196
vt 0.396343 0.485196
vt 0.394149 0.477668
vt 0.392572 0.485196
vt 0.393075 0.493579
vt 0.378177 0.462842
vt 0.386624 0.459539
vt 0.377807 0.459479
vt 0.386628 0.462896
vt 0.382067 0.467280
vt 0.386635 0.467305
vt 0.386643 0.471936
vt 0.391374 0.467332
vt 0.391060 0.471952
vt 0.395554 0.467357
vt 0.394947 0.471967
vt 0.390954 0.477274
vt 0.387281 0.485196
vt 0.382639 0.493579
vt 0.378349 0.495485
vt 0.396130 0.462963
vt 0.382375 0.471921
vt 0.378365 0.493579
vt 0.382262 0.485196
vt 0.378491 0.485196
vt 0.377846 0.496271
vt 0.377218 0.495223
vt 0.376857 0.493579
vt 0.376982 0.485196
vt 0.379787 0.477668
vt 0.382982 0.477274
vt 0.386968 0.477274
vt 0.379194 0.471909
vt 0.378669 0.467263
vt 0.396567 0.459616
vt 0.386624 0.459127
vt 0.396620 0.459206
vt 0.397593 0.451704
vt 0.386618 0.451611
vt 0.398313 0.446109
vt 0.386617 0.446011
vt 0.398388 0.445526
vt 0.386617 0.445428
vt 0.398463 0.444942
vt 0.386617 0.444844
vt 0.398538 0.444359
vt 0.386617 0.444261
vt 0.386621 0.435848
vt 0.399611 0.435942
vt 0.399744 0.434894
vt 0.386622 0.434803
vt 0.375208 0.434776
vt 0.375313 0.435818
vt 0.376175 0.444206
vt 0.376236 0.444788
vt 0.376297 0.445371
vt 0.376358 0.445953
vt 0.376950 0.451547
vt 0.377762 0.459067
vt 0.474097 0.314191
vt 0.474272 0.312906
vt 0.469647 0.313707
vt 0.474715 0.312609
vt 0.474935 0.312304
vt 0.474442 0.312352
vt 0.474223 0.312620
vt 0.473664 0.312857
vt 0.469643 0.313548
vt 0.465698 0.314011
vt 0.482282 0.302761
vt 0.479150 0.303392
vt 0.480554 0.308086
vt 0.478790 0.308336
vt 0.481257 0.314160
vt 0.479233 0.313139
vt 0.479244 0.315270
vt 0.477391 0.313841
vt 0.477165 0.320948
vt 0.477446 0.312459
vt 0.477456 0.312153
vt 0.477315 0.308103
vt 0.476522 0.307950
vt 0.477016 0.303410
vt 0.475894 0.307931
vt 0.477806 0.303776
vt 0.490162 0.312077
vt 0.488922 0.306423
vt 0.483505 0.308215
vt 0.485962 0.302231
vt 0.484718 0.313577
vt 0.481148 0.317001
vt 0.479226 0.320606
vt 0.479287 0.324045
vt 0.481125 0.323965
vt 0.481074 0.326070
vt 0.485749 0.324292
vt 0.486370 0.337860
vt 0.492183 0.337177
vt 0.491986 0.344075
vt 0.491420 0.323972
vt 0.485563 0.322933
vt 0.481109 0.320637
vt 0.485121 0.318217
vt 0.491082 0.318727
vt 0.491331 0.322464
vt 0.457789 0.312410
vt 0.457997 0.312190
vt 0.457459 0.312210
vt 0.458582 0.312485
vt 0.461887 0.313494
vt 0.461879 0.313315
vt 0.465721 0.314355
vt 0.469646 0.314996
vt 0.472911 0.321229
vt 0.477166 0.324360
vt 0.479287 0.326070
vt 0.481091 0.338004
vt 0.486065 0.346071
vt 0.453749 0.307773
vt 0.452729 0.312423
vt 0.454912 0.311325
vt 0.454853 0.311906
vt 0.457811 0.313808
vt 0.461888 0.314716
vt 0.465736 0.315493
vt 0.469714 0.321756
vt 0.472937 0.324655
vt 0.477218 0.326405
vt 0.479287 0.337991
vt 0.481108 0.346071
vt 0.486195 0.347346
vt 0.477199 0.337991
vt 0.472885 0.327123
vt 0.479287 0.346071
vt 0.481108 0.347346
vt 0.486280 0.348766
vt 0.472893 0.337991
vt 0.469664 0.327474
vt 0.477199 0.346071
vt 0.479287 0.347228
vt 0.481108 0.348766
vt 0.485649 0.367714
vt 0.481108 0.367714
vt 0.479287 0.367714
vt 0.479287 0.348665
vt 0.477199 0.347228
vt 0.472893 0.346071
vt 0.461911 0.325200
vt 0.465777 0.325739
vt 0.439826 0.323945
vt 0.445661 0.322983
vt 0.450243 0.320607
vt 0.452082 0.320563
vt 0.454269 0.320826
vt 0.458138 0.321234
vt 0.461890 0.321654
vt 0.465777 0.322063
vt 0.469631 0.325192
vt 0.439964 0.322467
vt 0.446166 0.318208
vt 0.440216 0.318620
vt 0.441111 0.311979
vt 0.451436 0.308214
vt 0.447818 0.308207
vt 0.446648 0.313558
vt 0.450097 0.314153
vt 0.452743 0.314586
vt 0.454748 0.313278
vt 0.450175 0.316971
vt 0.442396 0.306379
vt 0.445344 0.302176
vt 0.448965 0.302775
vt 0.452751 0.303463
vt 0.455003 0.303525
vt 0.455727 0.307561
vt 0.457274 0.311709
vt 0.457838 0.311737
vt 0.456823 0.302928
vt 0.456503 0.307408
vt 0.457124 0.307398
vt 0.456160 0.440823
vt 0.459875 0.441454
vt 0.463708 0.441946
vt 0.456160 0.438217
vt 0.459875 0.438849
vt 0.463708 0.439340
vt 0.467642 0.441454
vt 0.470908 0.453966
vt 0.470908 0.441010
vt 0.467642 0.438849
vt 0.463708 0.435220
vt 0.459875 0.434729
vt 0.475190 0.463519
vt 0.475190 0.453966
vt 0.475190 0.440223
vt 0.470908 0.438217
vt 0.467642 0.434729
vt 0.463708 0.427393
vt 0.477284 0.453966
vt 0.477284 0.463519
vt 0.477284 0.464886
vt 0.479106 0.463519
vt 0.489983 0.462114
vt 0.462153 0.266518
vt 0.462153 0.258218
vt 0.458219 0.257901
vt 0.450399 0.266198
vt 0.450372 0.272452
vt 0.451003 0.272863
vt 0.449627 0.266139
vt 0.449336 0.259531
vt 0.450430 0.258697
vt 0.454386 0.266518
vt 0.454386 0.257904
vt 0.458219 0.266518
vt 0.462153 0.274474
vt 0.466294 0.273627
vt 0.467598 0.266801
vt 0.458234 0.275221
vt 0.454386 0.274105
vt 0.468428 0.259360
vt 0.469557 0.260270
vt 0.468432 0.266832
vt 0.466953 0.273310
vt 0.466732 0.273765
vt 0.466164 0.274062
vt 0.462153 0.275090
vt 0.458219 0.275761
vt 0.454386 0.274760
vt 0.451082 0.273524
vt 0.450514 0.273107
vt 0.468338 0.258679
vt 0.468773 0.257935
vt 0.462153 0.257186
vt 0.462153 0.257656
vt 0.458219 0.256687
vt 0.458219 0.257386
vt 0.454386 0.257409
vt 0.454386 0.256927
vt 0.450636 0.258022
vt 0.450176 0.257262
vt 0.343940 0.436621
vt 0.344531 0.443235
vt 0.354200 0.443310
vt 0.345343 0.452126
vt 0.354205 0.452197
vt 0.364148 0.452775
vt 0.437345 0.462082
vt 0.470908 0.491397
vt 0.463674 0.491397
vt 0.456160 0.491397
vt 0.452288 0.491397
vt 0.266989 0.491922
vt 0.271313 0.483978
vt 0.266888 0.483892
vt 0.271294 0.491856
vt 0.274800 0.491582
vt 0.274519 0.483801
vt 0.263746 0.476151
vt 0.266978 0.475810
vt 0.266978 0.472075
vt 0.269850 0.475951
vt 0.272684 0.476832
vt 0.275218 0.483439
vt 0.275630 0.491445
vt 0.274800 0.492565
vt 0.271077 0.493789
vt 0.267143 0.494094
vt 0.263163 0.493791
vt 0.263267 0.494526
vt 0.259680 0.493360
vt 0.259259 0.492573
vt 0.275594 0.492448
vt 0.275044 0.493119
vt 0.274395 0.493354
vt 0.270986 0.494524
vt 0.267127 0.494790
vt 0.270077 0.472075
vt 0.272684 0.472075
vt 0.270526 0.467278
vt 0.266986 0.467275
vt 0.259049 0.493128
vt 0.258470 0.492461
vt 0.258159 0.491477
vt 0.259244 0.491602
vt 0.259232 0.483981
vt 0.262468 0.484255
vt 0.260926 0.477252
vt 0.263755 0.472075
vt 0.263640 0.467270
vt 0.267000 0.462581
vt 0.273276 0.462591
vt 0.272979 0.467279
vt 0.273580 0.457900
vt 0.258195 0.483851
vt 0.260926 0.472075
vt 0.260627 0.467264
vt 0.260349 0.462563
vt 0.267018 0.457884
vt 0.267020 0.457417
vt 0.273612 0.457432
vt 0.274059 0.450750
vt 0.267057 0.450725
vt 0.267101 0.444439
vt 0.259711 0.450704
vt 0.259411 0.444426
vt 0.274493 0.444474
vt 0.260060 0.457395
vt 0.260085 0.457863
vt 0.290134 0.397259
vt 0.290788 0.406509
vt 0.289437 0.406448
vt 0.274863 0.406434
vt 0.274801 0.414848
vt 0.272913 0.415088
vt 0.277212 0.405963
vt 0.277553 0.414589
vt 0.282032 0.405580
vt 0.281998 0.414385
vt 0.286577 0.406069
vt 0.286680 0.414674
vt 0.289674 0.415005
vt 0.291052 0.415139
vt 0.292170 0.406921
vt 0.291847 0.397592
vt 0.290367 0.394044
vt 0.291967 0.394444
vt 0.290634 0.392052
vt 0.292253 0.392413
vt 0.283915 0.397293
vt 0.292409 0.415521
vt 0.299011 0.406704
vt 0.298776 0.396034
vt 0.299021 0.393353
vt 0.298907 0.387913
vt 0.305695 0.387460
vt 0.305065 0.381852
vt 0.299359 0.415943
vt 0.306434 0.415868
vt 0.306593 0.405823
vt 0.306237 0.394374
vt 0.306328 0.393410
vt 0.292277 0.385843
vt 0.298716 0.382594
vt 0.298041 0.373017
vt 0.304186 0.373935
vt 0.301800 0.366847
vt 0.297005 0.365349
vt 0.292107 0.373368
vt 0.291146 0.365118
vt 0.290610 0.373348
vt 0.289970 0.365300
vt 0.289150 0.372958
vt 0.288987 0.364784
vt 0.288613 0.372733
vt 0.288187 0.372728
vt 0.287650 0.376593
vt 0.287239 0.376925
vt 0.290818 0.379865
vt 0.284846 0.378789
vt 0.287197 0.377605
vt 0.287091 0.379306
vt 0.287496 0.377064
vt 0.289070 0.379879
vt 0.289123 0.377980
vt 0.289117 0.377571
vt 0.287086 0.377350
vt 0.286760 0.377521
vt 0.284812 0.378549
vt 0.281630 0.379326
vt 0.281607 0.379686
vt 0.278495 0.378819
vt 0.278512 0.380382
vt 0.276155 0.379260
vt 0.276727 0.392195
vt 0.274280 0.391862
vt 0.274441 0.393907
vt 0.272827 0.394074
vt 0.273177 0.397391
vt 0.271825 0.397495
vt 0.271593 0.406904
vt 0.272578 0.392011
vt 0.274906 0.397221
vt 0.276919 0.393897
vt 0.279245 0.392125
vt 0.281598 0.381328
vt 0.281743 0.392210
vt 0.279402 0.393887
vt 0.277452 0.397291
vt 0.281753 0.393894
vt 0.279730 0.397344
vt 0.281825 0.397192
vt 0.273041 0.406599
vt 0.284102 0.393846
vt 0.284240 0.392096
vt 0.284700 0.380408
vt 0.286578 0.393818
vt 0.286184 0.397182
vt 0.286757 0.392139
vt 0.289208 0.391808
vt 0.290819 0.382891
vt 0.288708 0.397057
vt 0.289045 0.393796
vt 0.292288 0.382427
vt 0.262684 0.491853
vt 0.315965 0.418846
vt 0.427685 0.380019
vt 0.375056 0.382175
vt 0.375056 0.384146
vt 0.375009 0.386200
vt 0.375056 0.379979
vt 0.313999 0.349262
vt 0.366630 0.349294
vt 0.275796 0.377014
vt 0.274185 0.379522
vt 0.272371 0.383804
vt 0.271067 0.385191
vt 0.271313 0.392426
vt 0.271577 0.394326
vt 0.278477 0.378522
vt 0.276571 0.377477
vt 0.276129 0.377595
vt 0.276252 0.377303
vt 0.276107 0.376877
vt 0.270932 0.382169
vt 0.272355 0.380777
vt 0.274161 0.377623
vt 0.275654 0.376541
vt 0.275234 0.372670
vt 0.274796 0.372671
vt 0.274615 0.364715
vt 0.274265 0.372892
vt 0.273409 0.365226
vt 0.272561 0.373273
vt 0.272038 0.365280
vt 0.271467 0.373316
vt 0.274173 0.377214
vt 0.268172 0.364576
vt 0.266231 0.372809
vt 0.265675 0.381646
vt 0.265518 0.387577
vt 0.265204 0.394009
vt 0.265063 0.395165
vt 0.263990 0.407327
vt 0.263547 0.416248
vt 0.271455 0.415489
vt 0.254909 0.416146
vt 0.255273 0.406780
vt 0.257363 0.395166
vt 0.257630 0.393793
vt 0.258328 0.387675
vt 0.259384 0.380479
vt 0.260770 0.372368
vt 0.263794 0.365856
vt 0.257983 0.346587
vt 0.257458 0.325725
vt 0.280556 0.327230
vt 0.279894 0.306964
vt 0.256933 0.304863
vt 0.279231 0.286699
vt 0.256407 0.284002
vt 0.255882 0.263140
vt 0.278569 0.266433
vt 0.301257 0.269727
vt 0.302056 0.289396
vt 0.302856 0.309065
vt 0.303655 0.328735
vt 0.304456 0.348405
vt 0.281219 0.347496
vt 0.439348 0.344297
vt 0.491932 0.348766
vt 0.491940 0.347346
vt 0.491966 0.346071
vt 0.491986 0.344324
vt 0.491191 0.367714
vt 0.491218 0.369651
vt 0.485684 0.369651
vt 0.481108 0.369651
vt 0.364202 0.452290
vt 0.365174 0.443420
vt 0.365895 0.436805
vt 0.354199 0.436689
vt 0.365970 0.436115
vt 0.354199 0.436000
vt 0.366045 0.435426
vt 0.354199 0.435310
vt 0.366119 0.434736
vt 0.354199 0.434620
vt 0.354202 0.431176
vt 0.367193 0.431286
vt 0.354203 0.429939
vt 0.367326 0.430048
vt 0.342789 0.429908
vt 0.342895 0.431140
vt 0.343757 0.434555
vt 0.343818 0.435244
vt 0.343878 0.435932
vt 0.475190 0.491397
vt 0.326224 0.416269
vt 0.338145 0.416418
vt 0.326224 0.417157
vt 0.338070 0.417307
vt 0.326224 0.418046
vt 0.337995 0.418195
vt 0.326224 0.418934
vt 0.337920 0.419084
vt 0.315782 0.416185
vt 0.315843 0.417072
vt 0.315904 0.417959
vt 0.427666 0.382215
vt 0.427672 0.384156
vt 0.427676 0.386319
vt 0.427685 0.380149
vt 0.375056 0.380109
vt 0.577127 0.465611
vt 0.583564 0.463837
vt 0.583685 0.469883
vt 0.588821 0.464658
vt 0.587959 0.470495
vt 0.592480 0.468735
vt 0.591581 0.472339
vt 0.594013 0.471383
vt 0.594132 0.472834
vt 0.594250 0.474284
vt 0.592779 0.475853
vt 0.588601 0.476721
vt 0.583882 0.476721
vt 0.578888 0.476156
vt 0.578790 0.470657
vt 0.575214 0.474050
vt 0.574763 0.471818
vt 0.574324 0.469583
vt 0.611862 0.470514
vt 0.606958 0.469793
vt 0.613472 0.465449
vt 0.616317 0.469392
vt 0.615903 0.471631
vt 0.615475 0.473868
vt 0.611824 0.476013
vt 0.606837 0.476632
vt 0.602693 0.470451
vt 0.602118 0.476683
vt 0.599091 0.472333
vt 0.597931 0.475860
vt 0.596443 0.474307
vt 0.596546 0.472856
vt 0.596648 0.471403
vt 0.598153 0.468739
vt 0.601768 0.464623
vt 0.607015 0.463745
vt 0.605816 0.480577
vt 0.606124 0.481690
vt 0.595088 0.481795
vt 0.594472 0.478092
vt 0.606837 0.479315
vt 0.595038 0.479459
vt 0.593841 0.481471
vt 0.593818 0.479835
vt 0.606684 0.482848
vt 0.594750 0.483073
vt 0.593064 0.482220
vt 0.592731 0.479562
vt 0.595431 0.484404
vt 0.594241 0.484770
vt 0.594263 0.486364
vt 0.595477 0.486680
vt 0.605934 0.485493
vt 0.606235 0.486578
vt 0.606930 0.484262
vt 0.594878 0.483070
vt 0.593181 0.484503
vt 0.593505 0.487094
vt 0.595149 0.487925
vt 0.606781 0.487706
vt 0.593896 0.490927
vt 0.595809 0.489425
vt 0.594410 0.491444
vt 0.596163 0.489989
vt 0.598711 0.488839
vt 0.598740 0.489515
vt 0.601102 0.489367
vt 0.598307 0.495083
vt 0.599869 0.495304
vt 0.598200 0.495628
vt 0.596534 0.494953
vt 0.596804 0.494432
vt 0.595121 0.493764
vt 0.595700 0.493388
vt 0.595503 0.492694
vt 0.594866 0.492759
vt 0.595520 0.491965
vt 0.594900 0.491661
vt 0.596625 0.490807
vt 0.596417 0.490267
vt 0.598731 0.490378
vt 0.598780 0.489815
vt 0.600803 0.490015
vt 0.602576 0.491275
vt 0.603062 0.490787
vt 0.593578 0.493046
vt 0.594380 0.492742
vt 0.594703 0.493845
vt 0.594088 0.494232
vt 0.595791 0.495624
vt 0.596243 0.495080
vt 0.597875 0.496451
vt 0.598098 0.495833
vt 0.599946 0.496875
vt 0.599963 0.496141
vt 0.599860 0.495901
vt 0.605500 0.494437
vt 0.605417 0.493674
vt 0.606537 0.493675
vt 0.606443 0.494399
vt 0.608069 0.494532
vt 0.606486 0.495150
vt 0.605449 0.495150
vt 0.603878 0.494531
vt 0.604480 0.495610
vt 0.603653 0.496208
vt 0.603197 0.495469
vt 0.602260 0.496792
vt 0.601998 0.496005
vt 0.601711 0.495766
vt 0.601477 0.495162
vt 0.602126 0.494638
vt 0.602841 0.495139
vt 0.602328 0.493989
vt 0.603261 0.494223
vt 0.602396 0.493277
vt 0.600426 0.490752
vt 0.603955 0.493196
vt 0.603334 0.493183
vt 0.602204 0.491509
vt 0.600683 0.490256
vt 0.601707 0.491945
vt 0.604494 0.492330
vt 0.605429 0.492889
vt 0.606523 0.492891
vt 0.607996 0.493198
vt 0.608688 0.494227
vt 0.609107 0.495146
vt 0.609824 0.494644
vt 0.610239 0.495775
vt 0.610474 0.495170
vt 0.612093 0.495911
vt 0.612085 0.495314
vt 0.613756 0.495640
vt 0.613650 0.495093
vt 0.615424 0.494965
vt 0.618385 0.493058
vt 0.617874 0.494245
vt 0.617583 0.492753
vt 0.617258 0.493857
vt 0.616168 0.495638
vt 0.615715 0.495092
vt 0.614081 0.496464
vt 0.613858 0.495845
vt 0.612006 0.496887
vt 0.611990 0.496152
vt 0.609689 0.496802
vt 0.609951 0.496014
vt 0.608292 0.496217
vt 0.608750 0.495476
vt 0.607462 0.495617
vt 0.615800 0.489995
vt 0.617554 0.491453
vt 0.617063 0.491669
vt 0.617097 0.492770
vt 0.616840 0.493776
vt 0.615154 0.494444
vt 0.616261 0.493398
vt 0.616459 0.492704
vt 0.616442 0.491974
vt 0.615337 0.490814
vt 0.615545 0.490273
vt 0.613228 0.490383
vt 0.613180 0.489819
vt 0.611531 0.490755
vt 0.611274 0.490258
vt 0.610248 0.491948
vt 0.609750 0.491512
vt 0.609556 0.493281
vt 0.608617 0.493186
vt 0.609623 0.493994
vt 0.613219 0.489518
vt 0.611153 0.490018
vt 0.609378 0.491277
vt 0.607457 0.492331
vt 0.608892 0.490788
vt 0.610856 0.489368
vt 0.613250 0.488842
vt 0.616154 0.489430
vt 0.618069 0.490936
s 1
usemtl material_atlas_00001_1
f 1/1/1 2/2/2 3/3/3
f 4/4/4 5/5/5 6/6/6
f 6/6/6 5/5/5 7/7/7
f 7/7/7 5/5/5 8/8/8
f 7/7/7 8/8/8 9/9/9
f 9/9/9 8/8/8 10/10/10
f 11/11/11 9/9/9 10/10/10
f 10/10/10 12/12/12 11/11/11
f 11/11/11 12/12/12 1/1/1
f 11/11/11 1/1/1 13/13/13
f 3/3/3 13/13/13 1/1/1
f 3/3/3 14/14/14 13/13/13
f 3/3/3 15/15/15 14/14/14
f 14/14/14 15/15/15 16/16/16
f 16/16/16 15/15/15 17/17/17
f 18/18/18 16/16/16 17/17/17
f 18/18/18 17/17/17 19/19/19
f 20/20/20 18/18/18 19/19/19
f 20/20/20 19/19/19 21/21/21
f 8/8/8 4/4/4 22/22/22
f 8/8/8 5/5/5 4/4/4
f 10/10/10 8/8/8 22/22/22
f 23/23/23 21/21/21 19/19/19
f 20/20/20 21/21/21 24/24/24
f 23/23/23 24/24/24 21/21/21
f 24/24/24 23/23/23 25/25/25
f 6/6/6 25/25/25 23/23/23
f 25/25/25 6/6/6 7/7/7
f 7/7/7 24/24/24 25/25/25
f 9/9/9 24/24/24 7/7/7
f 20/20/20 24/24/24 9/9/9
f 20/20/20 9/9/9 11/11/11
f 18/18/18 20/20/20 11/11/11
f 13/13/13 18/18/18 11/11/11
f 13/13/13 16/16/16 18/18/18
f 14/14/14 16/16/16 13/13/13
f 26/26/26 6/6/6 23/23/23
f 26/26/26 23/23/23 27/27/27
f 28/28/28 27/27/27 23/23/23
f 28/28/28 23/23/23 19/19/19
f 28/28/28 19/19/19 17/17/17
f 17/17/17 3/29/3 28/28/28
f 17/17/17 15/15/15 3/29/3
f 29/30/29 3/29/3 2/31/2
f 29/30/29 28/28/28 3/29/3
f 4/4/4 6/6/6 30/32/30
f 31/33/31 30/32/30 6/6/6
f 26/26/26 31/33/31 6/6/6
f 32/34/32 31/33/31 26/26/26
f 32/34/32 33/35/33 31/33/31
f 32/34/32 34/36/34 33/35/33
f 34/36/34 35/37/35 33/35/33
f 34/36/34 36/38/36 35/37/35
f 36/38/36 37/39/37 35/37/35
f 38/40/38 37/39/37 36/38/36
f 39/41/39 37/39/37 38/40/38
f 39/41/39 38/40/38 40/42/40
f 40/42/40 41/43/41 39/41/39
f 40/42/40 10/10/10 41/43/41
f 42/44/42 41/43/41 10/10/10
f 22/22/22 42/44/42 10/10/10
f 43/45/43 42/44/42 22/22/22
f 22/22/22 4/4/4 43/45/43
f 43/45/43 44/46/44 42/44/42
f 43/45/43 4/4/4 30/32/30
f 30/32/30 31/33/31 43/45/43
f 31/33/31 44/46/44 43/45/43
f 45/47/45 44/46/44 31/33/31
f 45/47/45 42/44/42 44/46/44
f 45/47/45 41/43/41 42/44/42
f 45/47/45 46/48/46 41/43/41
f 39/41/39 41/43/41 46/48/46
f 39/41/39 46/48/46 47/49/47
f 39/41/39 47/49/47 37/39/37
f 37/39/37 47/49/47 33/35/33
f 37/39/37 33/35/33 35/37/35
f 33/35/33 47/49/47 46/48/46
f 48/50/48 33/35/33 46/48/46
f 33/35/33 48/50/48 31/33/31
f 45/47/45 31/33/31 48/50/48
f 46/48/46 45/47/45 48/50/48
f 49/51/49 50/52/50 34/36/34
f 34/36/34 50/52/50 36/38/36
f 36/38/36 50/52/50 51/53/51
f 36/38/36 51/53/51 38/40/38
f 51/53/51 40/42/40 38/40/38
f 51/53/51 52/54/52 40/42/40
f 52/54/52 10/10/10 40/42/40
f 52/54/52 12/12/12 10/10/10
f 51/53/51 50/52/50 49/51/49
f 53/55/53 52/54/52 51/53/51
f 54/56/54 52/54/52 53/55/53
f 53/55/53 55/57/55 54/56/54
f 56/58/56 54/56/54 55/57/55
f 56/58/56 55/57/55 57/59/57
f 58/60/58 56/58/56 57/59/57
f 59/61/59 58/60/58 57/59/57
f 55/57/55 59/61/59 57/59/57
f 55/57/55 60/62/60 59/61/59
f 53/55/53 60/62/60 55/57/55
f 61/63/61 60/62/60 53/55/53
f 53/55/53 51/53/51 61/63/61
f 51/53/51 62/64/62 61/63/61
f 51/53/51 49/51/49 62/64/62
f 49/51/49 63/65/63 62/64/62
f 49/51/49 34/36/34 63/65/63
f 64/66/64 63/65/63 34/36/34
f 64/66/64 34/36/34 32/34/32
f 64/66/64 32/34/32 65/67/65
f 65/67/65 66/68/66 64/66/64
f 67/69/67 66/68/66 65/67/65
f 67/69/67 68/70/68 66/68/66
f 69/71/69 68/70/68 67/69/67
f 56/58/56 70/72/70 54/56/54
f 66/68/66 70/72/70 56/58/56
f 58/60/58 66/68/66 56/58/56
f 66/68/66 58/60/58 64/66/64
f 59/61/59 64/66/64 58/60/58
f 59/61/59 71/73/71 64/66/64
f 71/73/71 59/61/59 60/62/60
f 72/74/72 71/73/71 60/62/60
f 72/74/72 60/62/60 61/63/61
f 72/74/72 61/63/61 62/64/62
f 63/65/63 72/74/72 62/64/62
f 63/65/63 64/66/64 72/74/72
f 64/66/64 71/73/71 72/74/72
f 54/56/54 73/75/73 52/54/52
f 74/76/74 73/75/73 54/56/54
f 75/77/75 74/76/74 54/56/54
f 76/78/76 74/76/74 75/77/75
f 74/76/74 77/79/77 73/75/73
f 74/76/74 78/80/78 77/79/77
f 79/81/79 80/82/80 81/83/81
f 82/84/82 80/82/80 79/81/79
f 82/84/82 79/81/79 83/85/83
f 82/84/82 83/85/83 84/86/84
f 84/86/84 83/85/83 79/81/79
f 84/86/84 79/81/79 85/87/85
f 85/87/85 79/81/79 86/88/86
f 85/87/85 86/88/86 68/70/68
f 68/70/68 86/88/86 87/89/87
f 68/70/68 87/89/87 66/68/66
f 87/89/87 88/90/88 66/68/66
f 88/90/88 70/72/70 66/68/66
f 89/90/89 70/72/70 88/90/88
f 89/90/89 54/56/54 70/72/70
f 54/56/54 89/90/89 90/91/90
f 75/77/75 54/56/54 90/91/90
f 81/83/81 75/77/75 90/91/90
f 81/83/81 80/82/80 75/77/75
f 91/92/91 80/82/80 82/84/82
f 79/81/79 81/83/81 92/93/92
f 93/94/93 79/81/79 92/93/92
f 93/94/93 92/93/92 81/83/81
f 93/94/93 81/83/81 94/94/94
f 81/83/81 90/91/90 94/94/94
f 94/94/94 90/91/90 89/90/89
f 94/94/94 89/90/89 88/90/88
f 94/94/94 88/90/88 93/94/93
f 87/89/87 93/94/93 88/90/88
f 93/94/93 87/89/87 79/81/79
f 86/88/86 79/81/79 87/89/87
f 69/71/69 85/87/85 68/70/68
f 69/71/69 95/95/95 85/87/85
f 95/95/95 84/86/84 85/87/85
f 95/95/95 96/86/96 84/86/84
f 82/84/82 84/86/84 96/86/96
f 82/84/82 96/86/96 97/96/97
f 82/84/82 97/96/97 91/92/91
f 91/92/91 97/96/97 98/97/98
f 97/96/97 99/95/99 98/97/98
f 99/95/99 100/98/100 98/97/98
f 99/95/99 95/95/95 100/98/100
f 69/71/69 100/98/100 95/95/95
f 101/99/101 100/98/100 69/71/69
f 101/99/101 69/71/69 102/100/102
f 103/101/103 101/99/101 102/100/102
f 104/102/104 103/101/103 102/100/102
f 105/103/105 103/101/103 104/102/104
f 105/103/105 104/102/104 106/104/106
f 95/95/95 99/95/99 96/86/96
f 99/95/99 97/96/97 96/86/96
f 105/103/105 101/99/101 103/101/103
f 105/103/105 107/105/107 98/97/98
f 105/103/105 98/97/98 101/99/101
f 98/97/98 100/98/100 101/99/101
f 106/104/106 104/102/104 108/106/108
f 105/103/105 106/104/106 107/105/107
f 107/105/107 106/104/106 109/107/109
f 110/108/110 109/107/109 106/104/106
f 106/104/106 108/106/108 110/108/110
f 110/108/110 108/106/108 111/109/111
f 111/109/111 108/106/108 104/102/104
f 104/102/104 102/100/102 111/109/111
f 111/109/111 102/100/102 69/71/69
f 111/109/111 69/71/69 112/110/112
f 69/71/69 67/69/67 112/110/112
f 111/109/111 112/110/112 113/111/113
f 76/78/76 75/77/75 80/82/80
f 76/78/76 80/82/80 91/92/91
f 76/78/76 91/92/91 74/76/74
f 91/92/91 98/97/98 74/76/74
f 74/76/74 98/97/98 78/80/78
f 114/112/114 78/80/78 98/97/98
f 114/112/114 98/97/98 107/105/107
f 107/105/107 115/113/115 114/112/114
f 107/105/107 109/107/109 115/113/115
f 116/114/116 115/113/115 109/107/109
f 110/108/110 116/114/116 109/107/109
f 110/108/110 117/115/117 116/114/116
f 110/108/110 111/109/111 117/115/117
f 118/116/118 117/115/117 111/109/111
f 111/109/111 113/111/113 118/116/118
f 119/117/119 118/116/118 113/111/113
f 120/118/120 119/117/119 113/111/113
f 120/118/120 121/119/121 119/117/119
f 120/118/120 113/111/113 122/120/122
f 121/119/121 120/118/120 123/121/123
f 121/119/121 123/121/123 124/122/124
f 123/121/123 125/123/125 124/122/124
f 126/124/126 124/122/124 125/123/125
f 127/125/127 126/124/126 125/123/125
f 127/125/127 128/126/128 126/124/126
f 127/125/127 115/113/115 128/126/128
f 115/113/115 129/127/129 128/126/128
f 115/113/115 130/128/130 129/127/129
f 129/127/129 130/128/130 118/116/118
f 118/116/118 130/128/130 131/129/131
f 131/129/131 117/115/117 118/116/118
f 131/129/131 116/114/116 117/115/117
f 116/114/116 131/129/131 115/113/115
f 131/129/131 130/128/130 115/113/115
f 132/130/132 126/124/126 128/126/128
f 129/127/129 132/130/132 128/126/128
f 133/131/133 132/130/132 129/127/129
f 133/131/133 129/127/129 118/116/118
f 119/117/119 133/131/133 118/116/118
f 133/131/133 119/117/119 132/130/132
f 119/117/119 134/132/134 132/130/132
f 132/130/132 134/132/134 126/124/126
f 126/124/126 134/132/134 124/122/124
f 124/122/124 134/132/134 119/117/119
f 124/122/124 119/117/119 121/119/121
f 135/133/135 136/134/136 137/135/137
f 135/133/135 122/120/122 136/134/136
f 135/133/135 138/136/138 122/120/122
f 138/136/138 120/118/120 122/120/122
f 138/136/138 139/137/139 120/118/120
f 140/138/140 141/139/141 135/133/135
f 137/135/137 140/138/140 135/133/135
f 137/135/137 142/140/142 140/138/140
f 143/141/143 142/140/142 137/135/137
f 143/141/143 144/142/144 142/140/142
f 143/141/143 145/143/145 146/144/146
f 143/141/143 137/135/137 145/143/145
f 147/145/147 148/146/148 149/147/149
f 147/145/147 149/147/149 150/148/150
f 143/149/143 147/145/147 150/148/150
f 143/149/143 150/148/150 151/150/151
f 151/150/151 144/142/144 143/149/143
f 151/150/151 152/151/152 144/142/144
f 142/140/142 144/142/144 152/151/152
f 142/140/142 152/151/152 153/152/153
f 142/140/142 153/152/153 140/138/140
f 154/153/154 140/138/140 153/152/153
f 154/153/154 141/139/141 140/138/140
f 155/154/155 141/139/141 154/153/154
f 141/139/141 155/154/155 135/133/135
f 156/155/156 135/133/135 155/154/155
f 135/133/135 156/155/156 138/136/138
f 157/156/157 138/136/138 156/155/156
f 156/155/156 155/154/155 157/156/157
f 157/156/157 155/154/155 158/157/158
f 155/154/155 154/153/154 158/157/158
f 149/147/149 158/157/158 154/153/154
f 149/147/149 154/153/154 153/152/153
f 153/152/153 150/148/150 149/147/149
f 153/152/153 152/151/152 150/148/150
f 151/150/151 150/148/150 152/151/152
f 143/149/143 146/158/146 147/145/147
f 159/159/159 148/146/148 114/112/114
f 127/125/127 114/112/114 115/113/115
f 159/159/159 114/112/114 127/125/127
f 127/125/127 125/123/125 159/159/159
f 159/159/159 125/123/125 160/160/160
f 123/121/123 160/160/160 125/123/125
f 123/121/123 161/161/161 160/160/160
f 120/118/120 161/161/161 123/121/123
f 162/162/162 161/161/161 120/118/120
f 162/162/162 120/118/120 139/137/139
f 139/137/139 163/163/163 162/162/162
f 139/137/139 138/136/138 163/163/163
f 138/136/138 164/164/164 163/163/163
f 157/156/157 164/164/164 138/136/138
f 165/165/165 164/164/164 157/156/157
f 165/165/165 157/156/157 158/157/158
f 159/159/159 165/165/165 158/157/158
f 159/159/159 158/157/158 149/147/149
f 149/147/149 148/146/148 159/159/159
f 162/162/162 163/163/163 166/166/166
f 163/163/163 165/165/165 166/166/166
f 163/163/163 164/164/164 165/165/165
f 166/166/166 165/165/165 159/159/159
f 159/159/159 160/160/160 166/166/166
f 160/160/160 162/162/162 166/166/166
f 160/160/160 161/161/161 162/162/162
f 167/167/167 168/168/168 169/169/169
f 170/170/170 171/171/171 172/172/172
f 173/173/173 171/171/171 170/170/170
f 173/173/173 170/170/170 174/174/174
f 173/173/173 174/174/174 175/175/175
f 176/176/176 175/175/175 174/174/174
f 176/176/176 177/177/177 175/175/175
f 176/176/176 178/178/178 177/177/177
f 179/179/179 177/177/177 178/178/178
f 179/179/179 178/178/178 180/180/180
f 181/181/181 179/179/179 180/180/180
f 181/181/181 180/180/180 182/182/182
f 183/183/183 181/181/181 182/182/182
f 182/182/182 167/167/167 183/183/183
f 167/167/167 184/184/184 183/183/183
f 167/167/167 169/169/169 184/184/184
f 169/169/169 185/185/185 184/184/184
f 169/169/169 186/186/186 185/185/185
f 186/186/186 169/169/169 168/168/168
f 173/173/173 187/187/187 171/171/171
f 188/188/188 189/189/189 190/190/190
f 190/190/190 189/189/189 191/191/191
f 192/192/192 191/191/191 189/189/189
f 192/192/192 193/193/193 191/191/191
f 192/192/192 194/194/194 193/193/193
f 195/195/195 193/193/193 194/194/194
f 195/195/195 196/196/196 193/193/193
f 195/195/195 197/197/197 196/196/196
f 196/196/196 197/197/197 187/187/187
f 196/196/196 187/187/187 198/198/198
f 173/173/173 198/198/198 187/187/187
f 198/198/198 173/173/173 199/199/199
f 173/173/173 175/175/175 199/199/199
f 177/177/177 199/199/199 175/175/175
f 177/177/177 179/179/179 199/199/199
f 200/200/200 199/199/199 179/179/179
f 200/200/200 179/179/179 181/181/181
f 181/181/181 201/201/201 200/200/200
f 202/202/202 203/203/203 204/204/204
f 202/202/202 204/204/204 205/205/205
f 202/202/202 205/205/205 188/188/188
f 188/188/188 205/205/205 206/206/206
f 188/188/188 206/206/206 189/189/189
f 207/207/207 189/189/189 206/206/206
f 207/207/207 192/192/192 189/189/189
f 208/208/208 192/192/192 207/207/207
f 208/208/208 194/194/194 192/192/192
f 209/209/209 194/194/194 208/208/208
f 195/195/195 194/194/194 209/209/209
f 210/210/210 195/195/195 209/209/209
f 210/210/210 197/197/197 195/195/195
f 211/211/211 197/197/197 210/210/210
f 211/211/211 187/187/187 197/197/197
f 211/211/211 212/212/212 187/187/187
f 187/187/187 212/212/212 172/172/172
f 187/187/187 172/172/172 171/171/171
f 170/170/170 213/213/213 214/214/214
f 215/215/215 213/213/213 170/170/170
f 172/172/172 215/215/215 170/170/170
f 215/215/215 172/172/172 216/216/216
f 172/172/172 217/217/217 216/216/216
f 172/172/172 212/212/212 217/217/217
f 212/212/212 218/218/218 217/217/217
f 212/212/212 211/211/211 218/218/218
f 218/218/218 211/211/211 219/219/219
f 211/211/211 210/210/210 219/219/219
f 219/219/219 210/210/210 220/220/220
f 220/220/220 210/210/210 209/209/209
f 220/220/220 209/209/209 221/221/221
f 209/209/209 208/208/208 221/221/221
f 222/222/222 221/221/221 208/208/208
f 222/222/222 208/208/208 223/223/223
f 224/224/224 222/222/222 223/223/223
f 224/224/224 223/223/223 225/225/225
f 222/222/222 224/224/224 226/226/226
f 227/227/227 225/225/225 223/223/223
f 227/227/227 223/223/223 228/228/228
f 228/228/228 223/223/223 208/208/208
f 228/228/228 208/208/208 207/207/207
f 205/205/205 207/207/207 206/206/206
f 205/205/205 228/228/228 207/207/207
f 204/204/204 228/228/228 205/205/205
f 204/204/204 227/227/227 228/228/228
f 204/204/204 229/229/229 227/227/227
f 229/229/229 225/225/225 227/227/227
f 229/229/229 230/230/230 225/225/225
f 231/231/231 232/232/232 233/233/233
f 234/234/234 233/233/233 232/232/232
f 235/235/235 233/233/233 234/234/234
f 235/235/235 234/234/234 236/236/236
f 224/224/224 235/235/235 236/236/236
f 224/224/224 236/236/236 226/226/226
f 236/236/236 237/237/237 226/226/226
f 226/226/226 237/237/237 238/238/238
f 238/238/238 239/239/239 226/226/226
f 222/222/222 226/226/226 239/239/239
f 220/220/220 222/222/222 239/239/239
f 220/220/220 221/221/221 222/222/222
f 219/219/219 220/220/220 240/240/240
f 240/240/240 220/220/220 239/239/239
f 240/240/240 239/239/239 238/238/238
f 218/218/218 219/219/219 241/241/241
f 240/240/240 241/241/241 219/219/219
f 240/240/240 242/242/242 241/241/241
f 242/242/242 240/240/240 238/238/238
f 242/242/242 238/238/238 243/243/243
f 238/238/238 244/244/244 243/243/243
f 238/238/238 237/237/237 244/244/244
f 244/244/244 237/237/237 245/245/245
f 236/236/236 245/245/245 237/237/237
f 246/246/246 245/245/245 236/236/236
f 246/246/246 236/236/236 234/234/234
f 246/246/246 234/234/234 247/247/247
f 247/247/247 234/234/234 248/248/248
f 247/247/247 248/248/248 249/249/249
f 213/213/213 249/249/249 248/248/248
f 250/250/250 249/249/249 213/213/213
f 215/215/215 250/250/250 213/213/213
f 215/215/215 251/251/251 250/250/250
f 215/215/215 252/252/252 251/251/251
f 215/215/215 216/216/216 252/252/252
f 244/244/244 245/245/245 253/253/253
f 253/253/253 245/245/245 246/246/246
f 253/253/253 246/246/246 254/254/254
f 254/254/254 246/246/246 255/255/255
f 246/246/246 247/247/247 255/255/255
f 256/256/256 255/255/255 247/247/247
f 256/256/256 247/247/247 249/249/249
f 250/250/250 256/256/256 249/249/249
f 257/257/257 256/256/256 250/250/250
f 257/257/257 250/250/250 251/251/251
f 254/254/254 255/255/255 258/258/258
f 256/256/256 258/258/258 255/255/255
f 256/256/256 257/257/257 258/258/258
f 259/259/259 260/260/260 261/261/261
f 261/261/261 262/262/262 259/259/259
f 261/261/261 263/263/263 262/262/262
f 263/263/263 264/264/264 262/262/262
f 263/263/263 265/265/265 264/264/264
f 264/264/264 265/265/265 266/266/266
f 265/265/265 267/267/267 266/266/266
f 266/266/266 267/267/267 268/268/268
f 269/269/269 268/268/268 267/267/267
f 231/231/231 268/268/268 269/269/269
f 231/231/231 269/269/269 270/270/270
f 231/231/231 270/270/270 232/232/232
f 271/271/271 232/232/232 270/270/270
f 232/232/232 271/271/271 234/234/234
f 272/272/272 234/234/234 271/271/271
f 272/272/272 248/248/248 234/234/234
f 214/214/214 248/248/248 272/272/272
f 213/213/213 248/248/248 214/214/214
f 214/214/214 272/272/272 273/273/273
f 272/272/272 271/271/271 274/274/274
f 272/272/272 274/274/274 273/273/273
f 273/273/273 274/274/274 275/275/275
f 273/273/273 275/275/275 276/276/276
f 273/273/273 276/276/276 176/176/176
f 273/273/273 176/176/176 214/214/214
f 176/176/176 174/174/174 214/214/214
f 170/170/170 214/214/214 174/174/174
f 277/277/277 278/278/278 279/279/279
f 280/280/280 279/279/279 278/278/278
f 280/280/280 281/281/281 279/279/279
f 282/282/282 281/281/281 280/280/280
f 282/282/282 283/283/283 281/281/281
f 282/282/282 284/284/284 283/283/283
f 284/284/284 267/267/267 283/283/283
f 284/284/284 285/285/285 267/267/267
f 269/269/269 267/267/267 285/285/285
f 286/286/286 269/269/269 285/285/285
f 270/270/270 269/269/269 286/286/286
f 270/270/270 286/286/286 287/287/287
f 271/271/271 270/270/270 287/287/287
f 271/271/271 287/287/287 288/288/288
f 271/271/271 288/288/288 274/274/274
f 274/274/274 288/288/288 289/289/289
f 274/274/274 289/289/289 275/275/275
f 275/275/275 289/289/289 290/290/290
f 290/290/290 291/291/291 292/292/292
f 289/289/289 291/291/291 290/290/290
f 289/289/289 293/293/293 291/291/291
f 288/288/288 293/293/293 289/289/289
f 288/288/288 294/294/294 293/293/293
f 287/287/287 294/294/294 288/288/288
f 287/287/287 286/286/286 294/294/294
f 294/294/294 286/286/286 295/295/295
f 286/286/286 285/285/285 295/295/295
f 296/296/296 295/295/295 285/285/285
f 296/296/296 285/285/285 284/284/284
f 284/284/284 282/282/282 296/296/296
f 282/282/282 297/297/297 296/296/296
f 282/282/282 298/298/298 297/297/297
f 299/299/299 297/297/297 298/298/298
f 298/298/298 300/300/300 299/299/299
f 299/299/299 300/300/300 301/301/301
f 302/302/302 301/301/301 300/300/300
f 303/303/303 293/293/293 294/294/294
f 294/294/294 295/295/295 303/303/303
f 303/303/303 295/295/295 296/296/296
f 303/303/303 296/296/296 304/304/304
f 297/297/297 304/304/304 296/296/296
f 297/297/297 305/305/305 304/304/304
f 299/299/299 305/305/305 297/297/297
f 306/306/306 305/305/305 299/299/299
f 307/307/307 306/306/306 299/299/299
f 299/299/299 301/301/301 307/307/307
f 305/305/305 308/308/308 304/304/304
f 305/305/305 309/309/309 308/308/308
f 306/306/306 309/309/309 305/305/305
f 304/304/304 310/310/310 303/303/303
f 304/304/304 308/308/308 310/310/310
f 311/311/311 310/310/310 308/308/308
f 312/312/312 313/313/313 314/314/314
f 314/314/314 315/315/315 312/312/312
f 314/314/314 316/316/316 315/315/315
f 316/316/316 1396/317/317 315/315/315
f 316/316/316 1399/318/318 1396/317/317
f 1396/317/317 1399/318/318 306/306/306
f 1399/318/318 317/319/319 306/306/306
f 317/319/319 309/309/309 306/306/306
f 317/319/319 318/320/320 309/309/309
f 318/320/320 308/308/308 309/309/309
f 318/320/320 319/321/321 308/308/308
f 311/311/311 308/308/308 319/321/321
f 320/322/322 311/311/311 319/321/321
f 292/292/292 311/311/311 320/322/322
f 292/292/292 291/291/291 311/311/311
f 291/291/291 310/310/310 311/311/311
f 291/291/291 293/293/293 310/310/310
f 303/303/303 310/310/310 293/293/293
f 321/323/323 322/324/324 323/325/325
f 321/323/323 323/325/325 324/326/326
f 321/323/323 324/326/326 325/327/327
f 324/326/326 320/322/322 325/327/327
f 320/322/322 319/321/321 325/327/327
f 326/328/328 325/327/327 319/321/321
f 318/320/320 326/328/328 319/321/321
f 327/329/329 326/328/328 318/320/320
f 327/329/329 318/320/320 317/319/319
f 321/323/323 325/327/327 328/330/330
f 326/328/328 328/330/330 325/327/327
f 327/329/329 328/330/330 326/328/328
f 329/331/331 1398/332/332 1399/318/318
f 1399/318/318 1398/332/332 317/319/319
f 1400/333/333 317/319/319 1398/332/332
f 1400/333/333 327/329/329 317/319/319
f 330/334/334 327/329/329 1400/333/333
f 327/329/329 330/334/334 328/330/330
f 331/335/335 328/330/330 330/334/334
f 331/335/335 321/323/323 328/330/330
f 332/336/336 321/323/323 331/335/335
f 332/336/336 322/324/324 321/323/323
f 322/324/324 332/336/336 333/337/337
f 333/337/337 323/325/325 322/324/324
f 334/338/338 323/325/325 333/337/337
f 323/325/325 334/338/338 335/339/339
f 336/340/340 335/339/339 334/338/338
f 336/340/340 337/341/341 335/339/339
f 337/341/341 336/340/340 332/336/336
f 337/341/341 332/336/336 331/335/335
f 336/340/340 333/337/337 332/336/336
f 336/340/340 334/338/338 333/337/337
f 337/341/341 338/342/342 339/343/343
f 339/343/343 335/339/339 337/341/341
f 339/343/343 340/344/344 335/339/339
f 1397/345/345 1400/333/333 1398/332/332
f 1397/345/345 1398/332/332 329/331/331
f 341/346/346 1397/345/345 329/331/331
f 341/346/346 329/331/331 342/347/347
f 343/348/348 341/346/346 342/347/347
f 344/349/349 343/348/348 345/350/350
f 343/348/348 344/349/349 341/346/346
f 346/351/351 341/346/346 344/349/349
f 1397/345/345 341/346/346 346/351/351
f 1397/345/345 346/351/351 347/352/352
f 348/353/353 1397/345/345 347/352/352
f 348/353/353 1400/333/333 1397/345/345
f 330/334/334 1400/333/333 348/353/353
f 331/335/335 330/334/334 348/353/353
f 337/341/341 331/335/335 338/342/342
f 331/335/335 348/353/353 338/342/342
f 347/352/352 346/351/351 349/354/354
f 349/354/354 346/351/351 350/355/355
f 346/351/351 344/349/349 350/355/355
f 350/355/355 344/349/349 351/356/356
f 344/349/349 345/350/350 351/356/356
f 345/350/350 352/357/357 351/356/356
f 345/350/350 353/358/358 352/357/357
f 353/358/358 354/359/359 352/357/357
f 353/358/358 355/360/360 354/359/359
f 355/360/360 356/361/361 354/359/359
f 357/362/362 356/361/361 355/360/360
f 357/362/362 358/363/363 356/361/361
f 358/363/363 359/364/364 356/361/361
f 350/355/355 351/356/356 360/365/365
f 360/365/365 351/356/356 352/357/357
f 360/365/365 352/357/357 361/366/366
f 352/357/357 362/367/367 361/366/366
f 352/357/357 354/359/359 362/367/367
f 363/368/368 353/358/358 345/350/350
f 363/368/368 355/360/360 353/358/358
f 363/368/368 357/362/362 355/360/360
f 348/353/353 347/352/352 349/354/354 338/342/342
f 338/342/342 349/354/354 364/369/369
f 349/354/354 365/370/370 364/369/369
f 349/354/354 350/355/355 365/370/370
f 350/355/355 360/365/365 365/370/370
f 365/370/370 360/365/365 366/371/371
f 360/365/365 361/366/366 366/371/371
f 367/372/372 366/371/371 361/366/366
f 367/372/372 361/366/366 362/367/367
f 367/372/372 362/367/367 368/373/373
f 369/374/374 368/373/373 362/367/367
f 354/359/359 369/374/374 362/367/367
f 354/359/359 370/375/375 369/374/374
f 356/361/361 370/375/375 354/359/359
f 356/361/361 359/364/364 370/375/375
f 371/376/376 370/375/375 359/364/364
f 371/376/376 372/377/377 370/375/375
f 370/375/375 372/377/377 373/378/378
f 372/377/377 374/379/379 373/378/378
f 375/380/380 373/378/378 374/379/379
f 374/379/379 376/381/381 375/380/380
f 370/375/375 373/378/378 369/374/374
f 373/378/378 377/382/382 369/374/374
f 373/378/378 378/383/383 377/382/382
f 375/380/380 378/383/383 373/378/378
f 369/374/374 377/382/382 368/373/373
f 358/363/363 379/384/384 359/364/364
f 380/385/385 359/364/364 379/384/384
f 359/364/364 380/385/385 371/376/376
f 381/386/386 371/376/376 380/385/385
f 381/386/386 382/387/387 371/376/376
f 382/387/387 372/377/377 371/376/376
f 382/387/387 383/388/388 372/377/377
f 372/377/377 383/388/388 374/379/379
f 383/388/388 384/389/389 374/379/379
f 374/379/379 384/389/389 376/381/381
f 385/390/390 376/381/381 384/389/389
f 386/391/391 387/392/392 388/393/393
f 389/394/394 387/392/392 386/391/391
f 389/394/394 390/395/395 387/392/392
f 389/394/394 391/396/396 390/395/395
f 390/395/395 391/396/396 392/397/397
f 393/398/398 392/397/397 391/396/396
f 394/399/399 392/397/397 393/398/398
f 394/399/399 395/400/400 392/397/397
f 385/390/390 395/400/400 394/399/399
f 385/390/390 396/401/401 395/400/400
f 385/390/390 384/389/389 396/401/401
f 397/402/402 396/401/401 384/389/389
f 383/388/388 397/402/402 384/389/389
f 398/403/403 397/402/402 383/388/388
f 398/403/403 383/388/388 382/387/387
f 399/404/404 398/403/403 382/387/387
f 399/404/404 382/387/387 381/386/386
f 400/405/405 399/404/404 381/386/386
f 390/395/395 401/406/406 387/392/392
f 390/395/395 402/407/407 401/406/406
f 390/395/395 392/397/397 402/407/407
f 402/407/407 392/397/397 395/400/400
f 401/406/406 403/408/408 404/409/409
f 402/407/407 403/408/408 401/406/406
f 402/407/407 405/410/410 403/408/408
f 402/407/407 395/400/400 405/410/410
f 405/410/410 395/400/400 396/401/401
f 401/406/406 404/409/409 406/411/411
f 407/412/412 406/411/411 404/409/409
f 407/412/412 404/409/409 408/413/413
f 408/413/413 404/409/409 409/414/414
f 403/408/408 409/414/414 404/409/409
f 403/408/408 410/415/415 409/414/414
f 405/410/410 410/415/415 403/408/408
f 405/410/410 411/416/416 410/415/415
f 405/410/410 396/401/401 411/416/416
f 397/402/402 411/416/416 396/401/401
f 410/415/415 411/416/416 397/402/402
f 410/415/415 397/402/402 398/403/403
f 409/414/414 410/415/415 398/403/403
f 409/414/414 398/403/403 399/404/404
f 412/417/417 413/418/418 414/419/419
f 414/419/419 413/418/418 415/420/420
f 415/420/420 400/405/405 414/419/419
f 415/420/420 416/421/421 400/405/405
f 400/405/405 416/421/421 399/404/404
f 416/421/421 409/414/414 399/404/404
f 416/421/421 417/422/422 409/414/414
f 408/413/413 409/414/414 417/422/422
f 418/423/423 408/413/413 417/422/422
f 407/412/412 408/413/413 418/423/423
f 407/412/412 418/423/423 419/424/424
f 420/425/425 407/412/412 419/424/424
f 420/425/425 419/424/424 421/426/426
f 420/425/425 421/426/426 422/427/427
f 421/426/426 423/428/428 422/427/427
f 422/427/427 423/428/428 424/429/429
f 1390/430/430 424/429/429 423/428/428
f 1390/430/430 425/431/431 424/429/429
f 415/420/420 417/422/422 416/421/421
f 419/424/424 418/423/423 421/426/426
f 1391/432/432 1390/430/430 412/417/417
f 412/417/417 1390/430/430 413/418/418
f 413/418/418 1390/430/430 423/428/428
f 413/418/418 423/428/428 426/433/433
f 415/420/420 413/418/418 426/433/433
f 415/420/420 426/433/433 427/434/434
f 415/420/420 427/434/434 417/422/422
f 418/423/423 417/422/422 427/434/434
f 418/423/423 427/434/434 426/433/433
f 418/423/423 426/433/433 421/426/426
f 421/426/426 426/433/433 423/428/428
f 1391/432/432 428/435/435 1392/436/436
f 1391/432/432 412/417/417 428/435/435
f 412/417/417 400/405/405 428/435/435
f 412/417/417 414/419/419 400/405/405
f 387/392/392 401/406/406 406/411/411
f 387/392/392 406/411/411 388/393/393
f 388/393/393 406/411/411 407/412/412
f 429/437/437 388/393/393 407/412/412
f 420/425/425 429/437/437 407/412/412
f 430/438/438 429/437/437 420/425/425
f 430/438/438 420/425/425 422/427/427
f 430/438/438 422/427/427 431/439/439
f 422/427/427 424/429/429 431/439/439
f 431/439/439 424/429/429 432/440/440
f 425/431/431 432/440/440 424/429/429
f 425/431/431 433/441/441 432/440/440
f 434/442/442 433/441/441 425/431/431
f 434/442/442 435/443/443 433/441/441
f 436/444/444 435/443/443 434/442/442
f 436/444/444 437/445/445 435/443/443
f 438/446/446 437/445/445 436/444/444
f 438/446/446 439/447/447 437/445/445
f 440/448/448 441/449/449 433/441/441
f 441/449/449 432/440/440 433/441/441
f 441/449/449 442/450/450 432/440/440
f 443/451/451 444/452/452 445/453/453
f 443/451/451 446/454/454 444/452/452
f 444/452/452 446/454/454 440/448/448
f 446/454/454 447/455/455 440/448/448
f 440/448/448 447/455/455 441/449/449
f 447/455/455 448/456/456 441/449/449
f 441/449/449 448/456/456 442/450/450
f 449/457/457 442/450/450 448/456/456
f 432/440/440 442/450/450 449/457/457
f 432/440/440 449/457/457 450/458/458
f 431/439/439 432/440/440 450/458/458
f 451/459/459 431/439/439 450/458/458
f 430/438/438 431/439/439 451/459/459
f 452/460/460 430/438/438 451/459/459
f 430/438/438 452/460/460 429/437/437
f 452/460/460 453/461/461 429/437/437
f 453/461/461 388/393/393 429/437/437
f 453/461/461 386/391/391 388/393/393
f 452/460/460 454/462/462 453/461/461
f 454/462/462 386/391/391 453/461/461
f 454/462/462 455/463/463 386/391/391
f 455/463/463 389/394/394 386/391/391
f 456/464/464 448/456/456 447/455/455
f 456/464/464 457/465/465 448/456/456
f 458/466/466 450/458/458 459/467/467
f 458/466/466 460/468/468 450/458/458
f 451/459/459 450/458/458 460/468/468
f 461/469/469 451/459/459 460/468/468
f 452/460/460 451/459/459 461/469/469
f 462/470/470 452/460/460 461/469/469
f 462/470/470 454/462/462 452/460/460
f 462/470/470 463/471/471 454/462/462
f 463/471/471 455/463/463 454/462/462
f 463/471/471 464/472/472 455/463/463
f 464/472/472 465/473/473 455/463/463
f 455/463/463 465/473/473 389/394/394
f 465/473/473 466/474/474 389/394/394
f 389/394/394 466/474/474 391/396/396
f 391/396/396 466/474/474 467/475/475
f 391/396/396 467/475/475 468/476/476
f 393/398/398 391/396/396 468/476/476
f 466/474/474 469/477/477 467/475/475
f 466/474/474 470/478/478 469/477/477
f 465/473/473 470/478/478 466/474/474
f 470/478/478 471/479/479 469/477/477
f 472/480/480 465/473/473 464/472/472
f 186/186/186 472/480/480 464/472/472
f 186/186/186 464/472/472 463/471/471
f 185/185/185 186/186/186 463/471/471
f 185/185/185 463/471/471 462/470/470
f 185/185/185 462/470/470 473/481/481
f 462/470/470 461/469/469 473/481/481
f 473/481/481 461/469/469 474/482/482
f 461/469/469 460/468/468 474/482/482
f 460/468/468 475/483/483 474/482/482
f 460/468/468 458/466/466 475/483/483
f 475/483/483 458/466/466 476/484/484
f 458/466/466 477/485/485 476/484/484
f 476/484/484 477/485/485 478/486/486
f 477/485/485 479/487/487 478/486/486
f 479/487/487 480/488/488 478/486/486
f 479/487/487 481/489/489 480/488/488
f 482/490/490 480/488/488 481/489/489
f 184/184/184 185/185/185 483/491/491
f 185/185/185 473/481/481 483/491/491
f 483/491/491 473/481/481 484/492/492
f 473/481/481 474/482/482 484/492/492
f 484/492/492 474/482/482 475/483/483
f 183/183/183 201/201/201 181/181/181
f 184/184/184 201/201/201 183/183/183
f 184/184/184 485/493/493 201/201/201
f 184/184/184 483/491/491 485/493/493
f 486/494/494 485/493/493 483/491/491
f 483/491/491 484/492/492 486/494/494
f 486/494/494 484/492/492 487/495/495
f 484/492/492 475/483/483 487/495/495
f 487/495/495 475/483/483 488/496/496
f 475/483/483 476/484/484 488/496/496
f 488/496/496 476/484/484 489/497/497
f 476/484/484 478/486/486 489/497/497
f 490/498/498 489/497/497 478/486/486
f 490/498/498 478/486/486 480/488/488
f 480/488/488 491/499/499 490/498/498
f 480/488/488 492/500/500 491/499/499
f 492/500/500 493/501/501 491/499/499
f 492/500/500 494/502/502 493/501/501
f 495/503/503 496/504/504 497/505/505
f 495/503/503 497/505/505 490/498/498
f 495/503/503 490/498/498 493/501/501
f 490/498/498 491/499/499 493/501/501
f 498/506/506 200/200/200 201/201/201
f 498/506/506 201/201/201 499/507/507
f 485/493/493 499/507/507 201/201/201
f 485/493/493 500/508/508 499/507/507
f 486/494/494 500/508/508 485/493/493
f 501/509/509 500/508/508 486/494/494
f 486/494/494 487/495/495 501/509/509
f 501/509/509 487/495/495 488/496/496
f 501/509/509 488/496/496 502/510/510
f 488/496/496 489/497/497 502/510/510
f 503/511/511 502/510/510 489/497/497
f 503/511/511 504/512/512 502/510/510
f 505/513/513 504/512/512 503/511/511
f 506/514/514 504/512/512 505/513/513
f 507/515/515 506/514/514 505/513/513
f 507/515/515 508/516/516 506/514/514
f 507/515/515 509/517/517 508/516/516
f 504/512/512 501/509/509 502/510/510
f 504/512/512 510/518/518 501/509/509
f 501/509/509 510/518/518 500/508/508
f 500/508/508 510/518/518 506/514/514
f 500/508/508 506/514/514 499/507/507
f 508/516/516 499/507/507 506/514/514
f 506/514/514 510/518/518 504/512/512
f 508/516/516 498/506/506 499/507/507
f 503/511/511 489/497/497 490/498/498
f 503/511/511 490/498/498 497/505/505
f 511/519/519 503/511/511 497/505/505
f 505/513/513 503/511/511 511/519/519
f 512/520/520 505/513/513 511/519/519
f 507/515/515 505/513/513 512/520/520
f 513/521/521 514/522/522 515/523/523
f 514/522/522 516/524/524 515/523/523
f 515/523/523 516/524/524 496/504/504
f 516/524/524 497/505/505 496/504/504
f 516/524/524 517/525/525 497/505/505
f 511/519/519 497/505/505 517/525/525
f 518/526/526 511/519/519 517/525/525
f 518/526/526 519/527/527 511/519/519
f 512/520/520 511/519/519 519/527/527
f 519/527/527 520/528/528 512/520/520
f 520/528/528 507/515/515 512/520/520
f 520/528/528 190/190/190 507/515/515
f 190/190/190 509/517/517 507/515/515
f 190/190/190 191/191/191 509/517/517
f 509/517/517 191/191/191 193/193/193
f 509/517/517 193/193/193 508/516/516
f 508/516/516 193/193/193 196/196/196
f 508/516/516 196/196/196 498/506/506
f 498/506/506 196/196/196 198/198/198
f 498/506/506 198/198/198 200/200/200
f 198/198/198 199/199/199 200/200/200
f 521/529/529 522/530/530 523/531/531
f 521/529/529 523/531/531 524/532/532
f 523/531/531 525/533/533 524/532/532
f 526/534/534 524/532/532 525/533/533
f 526/534/534 525/533/533 518/526/526
f 527/535/535 526/534/534 518/526/526
f 527/535/535 518/526/526 517/525/525
f 517/525/525 528/536/536 527/535/535
f 516/524/524 528/536/536 517/525/525
f 516/524/524 529/537/537 528/536/536
f 516/524/524 514/522/522 529/537/537
f 530/538/538 529/537/537 514/522/522
f 513/521/521 530/538/538 514/522/522
f 531/539/539 530/538/538 513/521/521
f 532/540/540 531/539/539 513/521/521
f 532/540/540 533/541/541 531/539/539
f 532/540/540 534/542/542 533/541/541
f 533/541/541 534/542/542 535/543/543
f 533/541/541 535/543/543 536/544/544
f 537/545/545 524/532/532 526/534/534
f 538/546/546 539/547/547 540/548/548
f 539/547/547 541/549/549 540/548/548
f 540/548/548 541/549/549 537/545/545
f 540/548/548 537/545/545 542/550/550
f 526/534/534 542/550/550 537/545/545
f 526/534/534 527/535/535 542/550/550
f 528/536/536 542/550/550 527/535/535
f 528/536/536 529/537/537 542/550/550
f 529/537/537 540/548/548 542/550/550
f 529/537/537 538/546/546 540/548/548
f 530/538/538 538/546/546 529/537/537
f 537/545/545 543/551/551 524/532/532
f 541/549/549 543/551/551 537/545/545
f 541/549/549 544/552/552 543/551/551
f 545/553/553 544/552/552 541/549/549
f 539/547/547 545/553/553 541/549/549
f 546/554/554 545/553/553 539/547/547
f 546/554/554 539/547/547 547/555/555
f 548/556/556 546/554/554 547/555/555
f 548/556/556 547/555/555 549/557/557
f 548/556/556 549/557/557 536/544/544
f 550/558/558 536/544/544 549/557/557
f 550/558/558 533/541/541 536/544/544
f 533/541/541 550/558/558 551/559/559
f 533/541/541 551/559/559 531/539/539
f 531/539/539 551/559/559 530/538/538
f 552/560/560 530/538/538 551/559/559
f 552/560/560 538/546/546 530/538/538
f 538/546/546 552/560/560 539/547/547
f 547/555/555 550/558/558 549/557/557
f 552/560/560 550/558/558 547/555/555
f 552/560/560 551/559/559 550/558/558
f 552/560/560 547/555/555 539/547/547
f 544/552/552 521/529/529 543/551/551
f 521/529/529 524/532/532 543/551/551
f 553/561/561 554/562/562 544/552/552
f 545/553/553 553/561/561 544/552/552
f 555/563/563 553/561/561 545/553/553
f 555/563/563 545/553/553 546/554/554
f 556/564/564 555/563/563 546/554/554
f 548/556/556 556/564/564 546/554/554
f 556/564/564 548/556/556 557/565/565
f 548/556/556 536/544/544 557/565/565
f 536/544/544 558/566/566 557/565/565
f 536/544/544 535/543/543 558/566/566
f 535/543/543 559/567/567 558/566/566
f 560/568/568 558/566/566 559/567/567
f 560/568/568 561/569/569 558/566/566
f 561/569/569 560/568/568 562/570/570
f 561/569/569 562/570/570 563/571/571
f 563/571/571 562/570/570 564/572/572
f 563/571/571 564/572/572 565/573/573
f 566/574/574 565/573/573 564/572/572
f 562/570/570 567/575/575 564/572/572
f 560/568/568 568/576/576 562/570/570
f 562/570/570 568/576/576 567/575/575
f 569/577/577 567/575/575 568/576/576
f 570/578/578 567/575/575 569/577/577
f 570/578/578 564/572/572 567/575/575
f 566/574/574 564/572/572 570/578/578
f 571/579/579 563/571/571 572/580/580
f 571/579/579 561/569/569 563/571/571
f 573/581/581 571/579/579 572/580/580
f 572/580/580 574/582/582 573/581/581
f 572/580/580 575/583/583 574/582/582
f 575/583/583 572/580/580 563/571/571
f 575/583/583 563/571/571 565/573/573
f 575/583/583 565/573/573 566/574/574
f 575/583/583 566/574/574 576/584/584
f 574/582/582 575/583/583 576/584/584
f 574/582/582 576/584/584 554/562/562
f 553/561/561 574/582/582 554/562/562
f 553/561/561 573/581/581 574/582/582
f 553/561/561 555/563/563 573/581/581
f 556/564/564 573/581/581 555/563/563
f 573/581/581 556/564/564 571/579/579
f 556/564/564 557/565/565 571/579/579
f 561/569/569 571/579/579 557/565/565
f 561/569/569 557/565/565 558/566/566
f 534/542/542 577/585/585 535/543/543
f 535/543/543 577/585/585 559/567/567
f 559/567/567 577/585/585 578/586/586
f 578/586/586 560/568/568 559/567/567
f 579/587/587 560/568/568 578/586/586
f 560/568/568 579/587/587 568/576/576
f 580/588/588 568/576/576 579/587/587
f 569/577/577 568/576/576 580/588/588
f 581/589/589 569/577/577 580/588/588
f 582/590/590 569/577/577 581/589/589
f 582/590/590 570/578/578 569/577/577
f 583/591/591 570/578/578 582/590/590
f 583/591/591 566/574/574 570/578/578
f 566/574/574 583/591/591 584/592/592
f 566/574/574 584/592/592 576/584/584
f 576/584/584 584/592/592 521/529/529
f 576/584/584 521/529/529 554/562/562
f 544/552/552 554/562/562 521/529/529
f 585/593/593 586/594/594 587/595/595
f 586/594/594 580/588/588 587/595/595
f 586/594/594 581/589/589 580/588/588
f 481/489/489 588/596/596 482/490/490
f 589/597/597 482/490/490 588/596/596
f 589/597/597 588/596/596 590/598/598
f 589/597/597 590/598/598 591/599/599
f 590/598/598 592/600/600 591/599/599
f 592/600/600 585/593/593 591/599/599
f 592/600/600 593/601/601 585/593/593
f 586/594/594 585/593/593 593/601/601
f 586/594/594 593/601/601 594/602/602
f 581/589/589 586/594/594 594/602/602
f 581/589/589 594/602/602 595/603/603
f 582/590/590 581/589/589 595/603/603
f 582/590/590 595/603/603 596/604/604
f 583/591/591 582/590/590 596/604/604
f 583/591/591 596/604/604 597/605/605
f 584/592/592 583/591/591 597/605/605
f 584/592/592 597/605/605 522/530/530
f 521/529/529 584/592/592 522/530/530
f 588/596/596 592/600/600 590/598/598
f 597/605/605 596/604/604 598/606/606
f 597/605/605 598/606/606 599/607/607
f 522/530/530 597/605/605 599/607/607
f 522/530/530 599/607/607 600/608/608
f 601/609/609 522/530/530 600/608/608
f 601/609/609 523/531/531 522/530/530
f 523/531/531 601/609/609 525/533/533
f 602/610/610 603/611/611 604/612/612
f 603/611/611 605/613/613 604/612/612
f 604/612/612 605/613/613 606/614/614
f 605/613/613 479/487/487 606/614/614
f 605/613/613 607/615/615 479/487/487
f 607/615/615 481/489/489 479/487/487
f 607/615/615 608/616/616 481/489/489
f 608/616/616 588/596/596 481/489/489
f 608/616/616 609/617/617 588/596/596
f 588/596/596 609/617/617 592/600/600
f 609/617/617 593/601/601 592/600/600
f 609/617/617 610/618/618 593/601/601
f 610/618/618 594/602/602 593/601/601
f 610/618/618 611/619/619 594/602/602
f 611/619/619 595/603/603 594/602/602
f 611/619/619 612/620/620 595/603/603
f 612/620/620 596/604/604 595/603/603
f 612/620/620 598/606/606 596/604/604
f 608/616/616 610/618/618 609/617/617
f 603/611/611 613/621/621 605/613/613
f 613/621/621 614/622/622 605/613/613
f 607/615/615 605/613/613 614/622/622
f 607/615/615 614/622/622 615/623/623
f 608/616/616 607/615/615 615/623/623
f 608/616/616 615/623/623 616/624/624
f 608/616/616 616/624/624 610/618/618
f 616/624/624 611/619/619 610/618/618
f 616/624/624 617/625/625 611/619/619
f 617/625/625 612/620/620 611/619/619
f 617/625/625 618/626/626 612/620/620
f 618/626/626 598/606/606 612/620/620
f 618/626/626 619/627/627 598/606/606
f 619/627/627 599/607/607 598/606/606
f 619/627/627 620/628/628 599/607/607
f 620/628/628 600/608/608 599/607/607
f 621/629/629 614/622/622 622/630/630
f 615/623/623 614/622/622 621/629/629
f 617/625/625 615/623/623 621/629/629
f 617/625/625 616/624/624 615/623/623
f 618/626/626 617/625/625 621/629/629
f 623/631/631 624/632/632 625/633/633
f 625/633/633 624/632/632 620/628/628
f 625/633/633 620/628/628 619/627/627
f 625/633/633 619/627/627 618/626/626
f 625/633/633 618/626/626 626/634/634
f 618/626/626 621/629/629 626/634/634
f 621/629/629 622/630/630 626/634/634
f 622/630/630 625/633/633 626/634/634
f 622/630/630 623/631/631 625/633/633
f 623/631/631 627/635/635 624/632/632
f 627/635/635 628/636/636 624/632/632
f 628/636/636 620/628/628 624/632/632
f 628/636/636 629/637/637 620/628/628
f 620/628/628 629/637/637 600/608/608
f 600/608/608 629/637/637 630/638/638
f 600/608/608 630/638/638 601/609/609
f 601/609/609 630/638/638 631/639/639
f 601/609/609 631/639/639 525/533/533
f 632/640/640 525/533/533 631/639/639
f 632/640/640 518/526/526 525/533/533
f 633/641/641 518/526/526 632/640/640
f 633/641/641 519/527/527 518/526/526
f 633/641/641 634/642/642 519/527/527
f 519/527/527 634/642/642 520/528/528
f 634/642/642 635/643/643 520/528/528
f 635/643/643 190/190/190 520/528/528
f 635/643/643 188/188/188 190/190/190
f 636/644/644 629/637/637 628/636/636
f 636/644/644 630/638/638 629/637/637
f 631/639/639 630/638/638 636/644/644
f 631/639/639 636/644/644 632/640/640
f 636/644/644 633/641/641 632/640/640
f 636/644/644 637/645/645 633/641/641
f 637/645/645 638/646/646 633/641/641
f 633/641/641 638/646/646 634/642/642
f 638/646/646 639/647/647 634/642/642
f 634/642/642 639/647/647 635/643/643
f 640/648/648 202/202/202 188/188/188
f 640/648/648 188/188/188 635/643/643
f 641/649/649 640/648/648 635/643/643
f 641/649/649 635/643/643 639/647/647
f 642/650/650 641/649/649 639/647/647
f 642/650/650 639/647/647 643/651/651
f 638/646/646 643/651/651 639/647/647
f 644/652/652 643/651/651 638/646/646
f 637/645/645 644/652/652 638/646/646
f 645/653/653 644/652/652 637/645/645
f 645/653/653 637/645/645 646/654/654
f 647/655/655 645/653/653 646/654/654
f 647/655/655 646/654/654 627/635/635
f 648/656/656 647/655/655 627/635/635
f 627/635/635 646/654/654 628/636/636
f 628/636/636 646/654/654 637/645/645
f 628/636/636 637/645/645 636/644/644
f 649/657/657 641/649/649 642/650/650
f 649/657/657 650/658/658 641/649/649
f 650/658/658 640/648/648 641/649/649
f 651/659/659 652/660/660 648/656/656
f 652/660/660 647/655/655 648/656/656
f 652/660/660 653/661/661 647/655/655
f 653/661/661 645/653/653 647/655/655
f 653/661/661 654/662/662 645/653/653
f 654/662/662 644/652/652 645/653/653
f 654/662/662 655/663/663 644/652/652
f 644/652/652 655/663/663 643/651/651
f 656/664/664 643/651/651 655/663/663
f 656/664/664 642/650/650 643/651/651
f 657/665/665 642/650/650 656/664/664
f 657/665/665 649/657/657 642/650/650
f 658/666/666 649/657/657 657/665/665
f 659/667/667 649/657/657 658/666/666
f 659/667/667 650/658/658 649/657/657
f 659/667/667 660/668/668 650/658/658
f 650/658/658 660/668/668 640/648/648
f 660/668/668 202/202/202 640/648/648
f 660/668/668 661/669/669 202/202/202
f 202/202/202 661/669/669 203/203/203
f 659/667/667 662/670/670 660/668/668
f 662/670/670 661/669/669 660/668/668
f 662/670/670 663/671/671 661/669/669
f 664/672/672 661/669/669 663/671/671
f 664/672/672 203/203/203 661/669/669
f 665/673/673 203/203/203 664/672/672
f 665/673/673 666/674/674 203/203/203
f 203/203/203 666/674/674 667/675/675
f 668/676/676 669/677/677 659/678/667
f 659/678/667 669/677/677 670/679/678
f 659/678/667 670/679/678 662/680/670
f 662/680/670 670/679/678 671/681/679
f 662/680/670 671/681/679 663/671/671
f 671/681/679 664/672/672 663/671/671
f 671/681/679 672/682/680 664/672/672
f 672/682/680 665/673/673 664/672/672
f 672/682/680 673/683/681 665/673/673
f 673/683/681 674/684/682 665/673/673
f 674/684/682 666/674/674 665/673/673
f 674/684/682 675/685/683 666/674/674
f 675/685/683 667/675/675 666/674/674
f 675/685/683 676/686/684 667/675/675
f 667/675/675 676/686/684 230/230/230
f 667/675/675 230/230/230 229/229/229
f 203/203/203 667/675/675 229/229/229
f 204/204/204 203/203/203 229/229/229
f 235/235/235 224/224/224 225/225/225
f 235/235/235 225/225/225 230/230/230
f 233/233/233 235/235/235 230/230/230
f 233/233/233 230/230/230 676/686/684
f 676/686/684 231/231/231 233/233/233
f 676/686/684 675/685/683 231/231/231
f 268/268/268 231/231/231 675/685/683
f 268/268/268 675/685/683 674/684/682
f 266/266/266 268/268/268 674/684/682
f 673/683/681 266/266/266 674/684/682
f 264/264/264 266/266/266 673/683/681
f 672/682/680 264/264/264 673/683/681
f 672/682/680 262/262/262 264/264/264
f 677/687/685 262/262/262 672/682/680
f 677/687/685 259/259/259 262/262/262
f 677/687/685 678/688/686 259/259/259
f 677/687/685 679/689/687 678/688/686
f 679/689/687 680/690/688 678/688/686
f 681/691/689 682/692/690 679/689/687
f 679/689/687 683/693/691 681/691/689
f 679/689/687 677/687/685 683/693/691
f 683/693/691 677/687/685 672/682/680
f 683/693/691 672/682/680 671/681/679
f 670/679/678 683/693/691 671/681/679
f 670/679/678 684/694/692 683/693/691
f 669/677/677 684/694/692 670/679/678
f 669/677/677 685/695/693 684/694/692
f 686/696/694 684/694/692 685/695/693
f 686/696/694 685/695/693 687/697/695
f 688/698/696 686/696/694 687/697/695
f 689/699/697 688/698/696 687/697/695
f 690/700/698 688/698/696 689/699/697
f 691/701/699 690/700/698 689/699/697
f 692/702/700 690/700/698 691/701/699
f 693/703/701 692/702/700 691/701/699
f 692/702/700 693/703/701 694/704/702
f 681/691/689 684/694/692 686/696/694
f 681/691/689 683/693/691 684/694/692
f 692/702/700 694/704/702 695/705/703
f 696/706/704 692/702/700 695/705/703
f 696/706/704 697/707/705 692/702/700
f 692/702/700 697/707/705 690/700/698
f 693/703/701 698/708/706 699/709/707
f 693/703/701 691/701/699 698/708/706
f 679/689/687 682/692/690 680/690/688
f 700/710/708 680/690/688 682/692/690
f 700/710/708 682/692/690 681/691/689
f 700/710/708 681/691/689 701/711/709
f 701/711/709 681/691/689 686/696/694
f 701/711/709 686/696/694 702/712/710
f 688/698/696 702/712/710 686/696/694
f 703/713/711 702/712/710 688/698/696
f 690/700/698 703/713/711 688/698/696
f 704/714/712 703/713/711 690/700/698
f 704/714/712 690/700/698 697/707/705
f 705/715/713 704/714/712 697/707/705
f 705/715/713 697/707/705 696/706/704
f 696/706/704 706/716/714 705/715/713
f 696/706/704 695/705/703 706/716/714
f 695/705/703 707/717/715 706/716/714
f 695/705/703 694/704/702 707/717/715
f 708/718/716 707/717/715 694/704/702
f 705/715/713 706/716/714 709/719/717
f 710/720/718 711/721/719 712/722/720
f 710/720/718 712/722/720 713/723/721
f 708/718/716 710/720/718 713/723/721
f 713/723/721 714/724/722 708/718/716
f 708/718/716 714/724/722 707/717/715
f 714/724/722 715/725/723 707/717/715
f 706/716/714 707/717/715 715/725/723
f 706/716/714 715/725/723 709/719/717
f 715/725/723 716/726/724 709/719/717
f 717/727/725 709/719/717 716/726/724
f 717/727/725 716/726/724 718/728/726
f 717/727/725 718/728/726 719/729/727
f 717/727/725 719/729/727 720/730/728
f 720/730/728 719/729/727 721/731/729
f 720/730/728 721/731/729 722/732/730
f 721/731/729 723/733/731 722/732/730
f 708/718/716 724/734/732 710/720/718
f 725/735/733 710/720/718 724/734/732
f 710/720/718 725/735/733 726/736/734
f 710/720/718 726/736/734 711/721/719
f 705/715/713 709/719/717 717/727/725
f 720/730/728 705/715/713 717/727/725
f 720/730/728 704/714/712 705/715/713
f 704/714/712 720/730/728 722/732/730
f 704/714/712 722/732/730 727/737/735
f 727/737/735 722/732/730 723/733/731
f 727/737/735 723/733/731 728/738/736
f 729/739/737 728/738/736 723/733/731
f 721/731/729 729/739/737 723/733/731
f 729/739/737 721/731/729 730/740/738
f 730/740/738 721/731/729 719/729/727
f 730/740/738 719/729/727 731/741/739
f 731/741/739 719/729/727 718/728/726
f 731/741/739 718/728/726 732/742/740
f 732/742/740 718/728/726 716/726/724
f 732/742/740 716/726/724 733/743/741
f 716/726/724 734/744/742 733/743/741
f 735/745/743 733/743/741 734/744/742
f 736/746/744 737/747/745 735/745/743
f 737/747/745 738/748/746 735/745/743
f 738/748/746 733/743/741 735/745/743
f 738/748/746 732/742/740 733/743/741
f 737/747/745 739/749/747 738/748/746
f 740/750/748 738/748/746 739/749/747
f 740/750/748 732/742/740 738/748/746
f 740/750/748 731/741/739 732/742/740
f 735/745/743 734/744/742 741/751/749
f 736/746/744 735/745/743 741/751/749
f 741/751/749 742/752/750 736/746/744
f 742/752/750 743/753/751 736/746/744
f 743/753/751 737/747/745 736/746/744
f 743/753/751 744/754/752 737/747/745
f 744/754/752 739/749/747 737/747/745
f 744/754/752 745/755/753 739/749/747
f 740/750/748 739/749/747 745/755/753
f 746/756/754 740/750/748 745/755/753
f 746/756/754 731/741/739 740/750/748
f 746/756/754 730/740/738 731/741/739
f 746/756/754 747/757/755 730/740/738
f 729/739/737 730/740/738 747/757/755
f 748/758/756 749/759/757 742/752/750
f 749/759/757 750/760/758 742/752/750
f 742/752/750 750/760/758 743/753/751
f 750/760/758 751/761/759 743/753/751
f 751/761/759 744/754/752 743/753/751
f 751/761/759 752/762/760 744/754/752
f 752/762/760 745/755/753 744/754/752
f 753/763/761 745/755/753 752/762/760
f 746/756/754 745/755/753 753/763/761
f 754/764/762 746/756/754 753/763/761
f 746/756/754 754/764/762 747/757/755
f 755/765/763 747/757/755 754/764/762
f 755/765/763 729/739/737 747/757/755
f 755/765/763 756/766/764 729/739/737
f 729/739/737 756/766/764 728/738/736
f 756/766/764 757/767/765 728/738/736
f 757/767/765 758/768/766 728/738/736
f 757/767/765 759/769/767 758/768/766
f 760/770/768 756/766/764 755/765/763
f 760/770/768 757/767/765 756/766/764
f 761/771/769 757/767/765 760/770/768
f 759/769/767 757/767/765 761/771/769
f 762/772/770 763/773/771 764/774/772
f 764/774/772 763/773/771 765/775/773
f 764/774/772 765/775/773 766/776/774
f 754/764/762 766/776/774 765/775/773
f 754/764/762 753/763/761 766/776/774
f 753/763/761 767/777/775 766/776/774
f 753/763/761 752/762/760 767/777/775
f 768/778/776 767/777/775 752/762/760
f 768/778/776 752/762/760 751/761/759
f 769/779/777 768/778/776 751/761/759
f 750/760/758 769/779/777 751/761/759
f 770/780/778 769/779/777 750/760/758
f 749/759/757 770/780/778 750/760/758
f 771/781/779 770/780/778 749/759/757
f 772/782/780 771/781/779 749/759/757
f 771/781/779 772/782/780 773/783/781
f 771/781/779 773/783/781 774/784/782
f 775/785/783 774/784/782 773/783/781
f 769/779/777 776/786/784 768/778/776
f 777/787/785 776/786/784 769/779/777
f 770/780/778 777/787/785 769/779/777
f 766/776/774 767/777/775 768/778/776
f 766/776/774 768/778/776 764/774/772
f 764/774/772 768/778/776 776/786/784
f 764/774/772 776/786/784 778/788/786
f 779/789/787 778/788/786 776/786/784
f 777/787/785 779/789/787 776/786/784
f 777/787/785 780/790/788 779/789/787
f 780/790/788 777/787/785 770/780/778
f 781/791/789 780/790/788 770/780/778
f 771/781/779 781/791/789 770/780/778
f 774/784/782 781/791/789 771/781/779
f 774/784/782 782/792/790 781/791/789
f 783/793/791 782/792/790 774/784/782
f 783/793/791 784/794/792 782/792/790
f 783/793/791 785/795/793 784/794/792
f 785/795/793 786/796/794 784/794/792
f 785/795/793 787/797/795 786/796/794
f 787/797/795 788/798/796 786/796/794
f 779/789/787 786/796/794 788/798/796
f 779/789/787 780/790/788 786/796/794
f 784/794/792 786/796/794 780/790/788
f 784/794/792 780/790/788 782/792/790
f 782/792/790 780/790/788 781/791/789
f 789/799/797 783/793/791 774/784/782
f 785/795/793 783/793/791 789/799/797
f 790/800/798 785/795/793 789/799/797
f 787/797/795 791/801/799 788/798/796
f 791/801/799 787/797/795 785/795/793
f 792/802/800 791/801/799 785/795/793
f 792/802/800 785/795/793 790/800/798
f 793/803/801 792/802/800 790/800/798
f 789/799/797 774/784/782 775/785/783
f 794/804/802 789/799/797 775/785/783
f 790/800/798 789/799/797 794/804/802
f 795/805/803 790/800/798 794/804/802
f 793/803/801 790/800/798 795/805/803
f 796/806/804 793/803/801 795/805/803
f 797/807/805 793/803/801 796/806/804
f 797/807/805 792/802/800 793/803/801
f 797/807/805 798/808/806 792/802/800
f 798/808/806 791/801/799 792/802/800
f 791/801/799 798/808/806 799/809/807
f 791/801/799 799/809/807 800/810/808
f 799/809/807 798/808/806 797/807/805
f 801/811/809 802/812/810 803/813/811
f 801/811/809 804/814/812 802/812/810
f 805/815/813 804/814/812 801/811/809
f 806/816/814 805/815/813 801/811/809
f 806/816/814 807/817/815 805/815/813
f 796/806/804 807/817/815 806/816/814
f 796/806/804 808/818/816 807/817/815
f 796/806/804 795/805/803 808/818/816
f 808/818/816 795/805/803 809/819/817
f 795/805/803 794/804/802 809/819/817
f 809/819/817 794/804/802 810/820/818
f 794/804/802 775/785/783 810/820/818
f 810/820/818 775/785/783 811/821/819
f 811/821/819 775/785/783 773/783/781
f 811/821/819 773/783/781 812/822/820
f 772/782/780 812/822/820 773/783/781
f 772/782/780 748/758/756 812/822/820
f 772/782/780 749/759/757 748/758/756
f 741/751/749 813/823/821 742/752/750
f 748/758/756 742/752/750 813/823/821
f 748/758/756 813/823/821 814/824/822
f 748/758/756 814/824/822 812/822/820
f 815/825/823 812/822/820 814/824/822
f 815/825/823 811/821/819 812/822/820
f 816/826/824 811/821/819 815/825/823
f 810/820/818 811/821/819 816/826/824
f 817/827/825 810/820/818 816/826/824
f 809/819/817 810/820/818 817/827/825
f 818/828/826 809/819/817 817/827/825
f 808/818/816 809/819/817 818/828/826
f 807/817/815 808/818/816 818/828/826
f 807/817/815 818/828/826 819/829/827
f 807/817/815 819/829/827 805/815/813
f 819/829/827 726/736/734 805/815/813
f 819/829/827 711/721/719 726/736/734
f 712/722/720 711/721/719 819/829/827
f 820/830/828 815/825/823 814/824/822
f 821/831/829 815/825/823 820/830/828
f 816/826/824 815/825/823 821/831/829
f 822/832/830 816/826/824 821/831/829
f 817/827/825 816/826/824 822/832/830
f 741/751/749 814/824/822 813/823/821
f 741/751/749 734/744/742 814/824/822
f 820/830/828 814/824/822 734/744/742
f 716/726/724 820/830/828 734/744/742
f 715/725/723 820/830/828 716/726/724
f 821/831/829 820/830/828 715/725/723
f 714/724/722 821/831/829 715/725/723
f 822/832/830 821/831/829 714/724/722
f 713/723/721 822/832/830 714/724/722
f 712/722/720 822/832/830 713/723/721
f 712/722/720 817/827/825 822/832/830
f 818/828/826 817/827/825 712/722/720
f 712/722/720 819/829/827 818/828/826
f 708/718/716 694/704/702 693/703/701
f 708/718/716 693/703/701 724/734/732
f 693/703/701 699/709/707 724/734/732
f 725/735/733 724/734/732 699/709/707
f 823/833/831 725/735/733 699/709/707
f 726/736/734 725/735/733 823/833/831
f 726/736/734 823/833/831 824/834/832
f 805/815/813 726/736/734 824/834/832
f 805/815/813 824/834/832 825/835/833
f 805/815/813 825/835/833 804/814/812
f 826/836/834 804/814/812 825/835/833
f 802/812/810 804/814/812 826/836/834
f 802/812/810 826/836/834 827/837/835
f 802/812/810 827/837/835 828/838/836
f 829/839/837 828/838/836 827/837/835
f 829/839/837 830/840/838 828/838/836
f 830/840/838 445/453/453 828/838/836
f 830/840/838 443/451/451 445/453/453
f 826/836/834 831/841/839 827/837/835
f 829/839/837 827/837/835 831/841/839
f 829/839/837 831/841/839 832/842/840
f 826/836/834 825/835/833 833/843/841
f 825/835/833 834/844/842 833/843/841
f 825/835/833 824/834/832 834/844/842
f 824/834/832 835/845/843 834/844/842
f 824/834/832 823/833/831 835/845/843
f 836/846/844 835/845/843 823/833/831
f 823/833/831 699/709/707 836/846/844
f 698/708/706 836/846/844 699/709/707
f 698/708/706 837/847/845 836/846/844
f 691/701/699 837/847/845 698/708/706
f 691/701/699 838/848/846 837/847/845
f 691/701/699 689/699/697 838/848/846
f 838/848/846 689/699/697 839/849/847
f 689/699/697 687/697/695 839/849/847
f 687/697/695 840/850/848 839/849/847
f 687/697/695 685/695/693 840/850/848
f 668/676/676 840/850/848 685/695/693
f 668/676/676 685/695/693 669/677/677
f 835/845/843 841/851/849 834/844/842
f 835/845/843 842/852/850 841/851/849
f 843/853/851 844/854/852 845/855/853
f 842/852/850 843/853/851 845/855/853
f 843/853/851 842/852/850 846/856/854
f 835/845/843 846/856/854 842/852/850
f 835/845/843 847/857/855 846/856/854
f 836/846/844 847/857/855 835/845/843
f 837/847/845 847/857/855 836/846/844
f 837/847/845 848/858/856 847/857/855
f 838/848/846 848/858/856 837/847/845
f 838/848/846 849/859/857 848/858/856
f 838/848/846 839/849/847 849/859/857
f 839/849/847 850/860/858 849/859/857
f 839/849/847 840/850/848 850/860/858
f 851/861/859 850/860/858 840/850/848
f 851/861/859 840/850/848 668/676/676
f 851/861/859 668/676/676 658/862/666
f 668/676/676 659/678/667 658/862/666
f 851/861/859 658/862/666 844/854/852
f 843/853/851 851/861/859 844/854/852
f 843/853/851 850/860/858 851/861/859
f 843/853/851 852/863/860 850/860/858
f 843/853/851 846/856/854 852/863/860
f 848/858/856 852/863/860 846/856/854
f 848/858/856 846/856/854 847/857/855
f 849/859/857 852/863/860 848/858/856
f 849/859/857 850/860/858 852/863/860
f 853/864/861 854/865/862 855/866/863
f 855/866/863 856/867/864 853/864/861
f 857/868/865 856/867/864 855/866/863
f 857/868/865 858/869/866 856/867/864
f 859/870/867 857/868/865 855/866/863
f 860/871/868 857/868/865 859/870/867
f 860/871/868 861/872/869 857/868/865
f 861/872/869 858/869/866 857/868/865
f 459/467/467 858/869/866 861/872/869
f 450/458/458 858/869/866 459/467/467
f 450/458/458 449/457/457 858/869/866
f 858/869/866 449/457/457 856/867/864
f 856/867/864 449/457/457 448/456/456
f 853/864/861 856/867/864 448/456/456
f 853/864/861 448/456/456 457/465/465
f 853/864/861 457/465/465 854/865/862
f 854/865/862 457/465/465 456/464/464
f 854/865/862 456/464/464 862/873/870
f 862/873/870 456/464/464 447/455/455
f 446/454/454 862/873/870 447/455/455
f 863/874/871 862/873/870 446/454/454
f 443/451/451 863/874/871 446/454/454
f 864/875/872 865/876/873 860/871/868
f 860/871/868 865/876/873 861/872/869
f 865/876/873 866/877/874 861/872/869
f 459/467/467 861/872/869 866/877/874
f 477/485/485 459/467/467 866/877/874
f 458/466/466 459/467/467 477/485/485
f 477/485/485 606/614/614 479/487/487
f 477/485/485 866/877/874 606/614/614
f 604/612/612 606/614/614 866/877/874
f 865/876/873 604/612/612 866/877/874
f 602/610/610 604/612/612 865/876/873
f 864/875/872 602/610/610 865/876/873
f 867/878/875 602/610/610 864/875/872
f 867/878/875 868/879/876 602/610/610
f 868/879/876 603/611/611 602/610/610
f 868/879/876 869/880/877 603/611/611
f 603/611/611 869/880/877 613/621/621
f 869/880/877 870/881/878 613/621/621
f 613/621/621 870/881/878 614/622/622
f 614/622/622 870/881/878 651/659/659
f 614/622/622 651/659/659 622/630/630
f 622/630/630 651/659/659 648/656/656
f 622/630/630 648/656/656 623/631/631
f 648/656/656 627/635/635 623/631/631
f 658/666/666 657/665/665 844/882/852
f 844/882/852 657/665/665 871/883/879
f 844/882/852 871/883/879 845/884/853
f 872/885/880 845/884/853 871/883/879
f 872/885/880 873/886/881 845/884/853
f 874/887/882 873/886/881 872/885/880
f 874/887/882 872/885/880 875/888/883
f 875/888/883 872/885/880 652/660/660
f 875/888/883 652/660/660 876/889/884
f 651/659/659 876/889/884 652/660/660
f 870/881/878 876/889/884 651/659/659
f 870/881/878 877/890/885 876/889/884
f 869/880/877 877/890/885 870/881/878
f 878/891/886 874/887/882 875/888/883
f 879/892/887 871/883/879 880/893/888
f 879/892/887 872/885/880 871/883/879
f 652/660/660 872/885/880 879/892/887
f 652/660/660 879/892/887 653/661/661
f 879/892/887 654/662/662 653/661/661
f 879/892/887 880/893/888 654/662/662
f 880/893/888 655/663/663 654/662/662
f 880/893/888 656/664/664 655/663/663
f 871/883/879 656/664/664 880/893/888
f 871/883/879 657/665/665 656/664/664
f 881/894/889 882/895/890 883/896/891
f 884/897/892 882/895/890 881/894/889
f 884/897/892 885/898/893 882/895/890
f 886/899/894 887/900/895 888/901/896
f 886/899/894 889/902/897 887/900/895
f 889/902/897 883/896/891 887/900/895
f 889/902/897 890/894/898 883/896/891
f 881/894/889 883/896/891 890/894/898
f 889/902/897 881/894/889 890/894/898
f 889/902/897 884/897/892 881/894/889
f 891/903/899 884/897/892 889/902/897
f 891/903/899 885/898/893 884/897/892
f 891/903/899 892/904/900 885/898/893
f 893/905/901 892/904/900 891/903/899
f 893/905/901 894/906/902 892/904/900
f 895/907/903 894/906/902 893/905/901
f 895/907/903 896/908/904 894/906/902
f 895/907/903 897/909/905 896/908/904
f 895/907/903 898/910/906 897/909/905
f 899/911/907 897/909/905 898/910/906
f 899/911/907 898/910/906 1393/912/908
f 900/913/909 1393/912/908 898/910/906
f 901/914/910 1393/912/908 900/913/909
f 900/913/909 898/910/906 902/915/911
f 902/915/911 898/910/906 895/907/903
f 902/915/911 895/907/903 903/916/912
f 895/907/903 904/917/913 903/916/912
f 895/907/903 893/905/901 904/917/913
f 893/905/901 886/899/894 904/917/913
f 893/905/901 891/903/899 886/899/894
f 891/903/899 889/902/897 886/899/894
f 905/918/914 899/911/907 1393/912/908
f 905/918/914 1393/912/908 906/919/915
f 901/914/910 906/919/915 1393/912/908
f 907/920/916 906/919/915 901/914/910
f 907/920/916 901/914/910 908/920/917
f 909/921/918 907/920/916 908/920/917
f 901/914/910 909/921/918 908/920/917
f 901/914/910 910/922/919 909/921/918
f 900/913/909 910/922/919 901/914/910
f 900/913/909 911/923/920 910/922/919
f 902/915/911 911/923/920 900/913/909
f 902/915/911 912/924/921 911/923/920
f 903/916/912 912/924/921 902/915/911
f 903/916/912 913/925/922 912/924/921
f 903/916/912 914/926/923 913/925/922
f 903/916/912 904/917/913 914/926/923
f 904/917/913 888/901/896 914/926/923
f 904/917/913 886/899/894 888/901/896
f 909/921/918 915/927/924 907/920/916
f 915/927/924 906/919/915 907/920/916
f 915/927/924 905/918/914 906/919/915
f 916/928/925 917/929/926 918/930/927
f 919/931/928 918/930/927 917/929/926
f 919/931/928 920/932/929 918/930/927
f 921/933/930 919/931/928 922/934/931
f 922/934/931 919/931/928 917/929/926
f 922/934/931 917/929/926 923/935/932
f 924/936/933 923/935/932 917/929/926
f 924/936/933 917/929/926 916/928/925
f 924/936/933 916/928/925 925/937/934
f 925/937/934 916/928/925 918/930/927
f 925/937/934 918/930/927 926/938/935
f 920/932/929 926/938/935 918/930/927
f 920/932/929 927/939/936 926/938/935
f 924/936/933 925/937/934 928/940/937
f 929/941/938 928/940/937 925/937/934
f 929/941/938 925/937/934 930/942/939
f 930/942/939 925/937/934 926/938/935
f 929/941/938 931/943/940 932/944/941
f 929/941/938 930/942/939 931/943/940
f 930/942/939 933/945/942 931/943/940
f 934/946/943 933/945/942 930/942/939
f 930/942/939 926/938/935 934/946/943
f 934/946/943 926/938/935 935/947/944
f 926/938/935 927/939/936 935/947/944
f 936/948/945 935/947/944 927/939/936
f 936/948/945 927/939/936 937/949/946
f 938/950/947 936/948/945 937/949/946
f 938/950/947 937/949/946 939/951/948
f 940/952/949 939/951/948 937/949/946
f 941/953/950 940/952/949 937/949/946
f 941/953/950 937/949/946 927/939/936
f 941/953/950 927/939/936 942/954/951
f 942/954/951 927/939/936 920/932/929
f 942/954/951 920/932/929 921/933/930
f 921/933/930 920/932/929 919/931/928
f 936/948/945 938/950/947 934/946/943
f 934/946/943 935/947/944 936/948/945
f 943/955/952 944/956/953 945/957/954
f 943/955/952 946/958/955 944/956/953
f 943/955/952 947/959/956 946/958/955
f 948/960/957 947/959/956 943/955/952
f 948/960/957 949/961/958 947/959/956
f 948/960/957 950/962/959 949/961/958
f 948/960/957 951/963/960 950/962/959
f 952/964/961 950/962/959 951/963/960
f 952/964/961 951/963/960 953/965/962
f 954/966/963 953/965/962 951/963/960
f 955/967/964 953/965/962 954/966/963
f 955/967/964 954/966/963 956/968/965
f 955/967/964 956/968/965 957/969/966
f 955/967/964 957/969/966 958/970/967
f 78/971/78 958/970/967 957/969/966
f 958/970/967 78/971/78 114/972/114
f 958/970/967 114/972/114 148/973/148
f 958/970/967 148/973/148 955/967/964
f 954/966/963 951/963/960 959/974/968
f 945/957/954 959/974/968 951/963/960
f 945/957/954 951/963/960 948/960/957
f 943/955/952 945/957/954 948/960/957
f 78/971/78 957/969/966 77/975/77
f 960/976/969 952/964/961 953/965/962
f 955/967/964 148/973/148 147/977/147
f 955/967/964 147/977/147 953/965/962
f 961/978/970 953/965/962 147/977/147
f 960/976/969 953/965/962 961/978/970
f 962/979/971 960/976/969 961/978/970
f 962/979/971 961/978/970 963/980/972
f 963/980/972 961/978/970 964/981/973
f 146/982/146 964/981/973 961/978/970
f 961/978/970 147/977/147 146/982/146
f 965/983/974 966/984/975 967/985/976
f 965/983/974 968/986/977 966/984/975
f 929/987/938 932/988/941 969/989/978
f 929/987/938 969/989/978 970/990/979
f 969/989/978 971/991/980 970/990/979
f 970/990/979 971/991/980 965/983/974
f 972/992/981 970/990/979 965/983/974
f 965/983/974 967/985/976 972/992/981
f 967/985/976 973/993/982 972/992/981
f 973/993/982 967/985/976 966/984/975
f 973/993/982 966/984/975 974/994/983
f 968/986/977 974/994/983 966/984/975
f 968/986/977 975/995/984 974/994/983
f 974/994/983 975/995/984 940/996/949
f 974/994/983 940/996/949 941/997/950
f 941/997/950 973/993/982 974/994/983
f 941/997/950 942/998/951 973/993/982
f 942/998/951 976/999/985 973/993/982
f 942/998/951 921/1000/930 976/999/985
f 921/1000/930 977/1001/986 976/999/985
f 972/992/981 978/1002/987 970/990/979
f 978/1002/987 929/987/938 970/990/979
f 978/1002/987 928/1003/937 929/987/938
f 924/1004/933 928/1003/937 978/1002/987
f 921/1000/930 922/1005/931 977/1001/986
f 922/1005/931 979/1006/988 977/1001/986
f 922/1005/931 923/1007/932 979/1006/988
f 979/1006/988 923/1007/932 924/1004/933
f 979/1006/988 924/1004/933 980/1008/989
f 924/1004/933 978/1002/987 980/1008/989
f 981/1009/990 980/1008/989 978/1002/987
f 981/1009/990 978/1002/987 972/992/981
f 972/992/981 976/999/985 981/1009/990
f 972/992/981 973/993/982 976/999/985
f 981/1009/990 979/1006/988 980/1008/989
f 981/1009/990 977/1001/986 979/1006/988
f 981/1009/990 976/999/985 977/1001/986
f 982/1010/991 983/1011/992 984/1012/993
f 985/1013/994 758/768/766 759/769/767
f 800/810/808 985/1013/994 759/769/767
f 986/1014/995 985/1013/994 800/810/808
f 986/1014/995 800/810/808 799/809/807
f 986/1014/995 799/809/807 987/1015/996
f 799/809/807 797/807/805 987/1015/996
f 988/1016/997 987/1015/996 797/807/805
f 797/807/805 796/806/804 988/1016/997
f 988/1016/997 796/806/804 806/816/814
f 988/1016/997 806/816/814 982/1010/991
f 982/1010/991 806/816/814 801/811/809
f 982/1010/991 801/811/809 983/1011/992
f 983/1011/992 801/811/809 803/813/811
f 983/1011/992 803/813/811 989/1017/998
f 984/1012/993 983/1011/992 989/1017/998
f 984/1012/993 989/1017/998 990/1018/999
f 984/1012/993 990/1018/999 991/1019/1000
f 984/1012/993 991/1019/1000 992/1020/1001
f 993/1021/1002 984/1012/993 992/1020/1001
f 982/1010/991 984/1012/993 993/1021/1002
f 994/1022/1003 982/1010/991 993/1021/1002
f 994/1022/1003 988/1016/997 982/1010/991
f 994/1022/1003 987/1015/996 988/1016/997
f 994/1022/1003 995/1023/1004 987/1015/996
f 986/1014/995 987/1015/996 995/1023/1004
f 996/1024/1005 997/1025/1006 998/1026/1007
f 998/1026/1007 997/1025/1006 999/1027/1008
f 998/1026/1007 999/1027/1008 1000/1028/1009
f 1000/1028/1009 999/1027/1008 1001/1029/1010
f 1000/1028/1009 1001/1029/1010 439/447/447
f 439/447/447 1001/1029/1010 1002/1030/1011
f 439/447/447 1002/1030/1011 437/445/445
f 1002/1030/1011 435/443/443 437/445/445
f 1002/1030/1011 991/1019/1000 435/443/443
f 991/1019/1000 433/441/441 435/443/443
f 991/1019/1000 990/1018/999 433/441/441
f 440/448/448 433/441/441 990/1018/999
f 444/452/452 440/448/448 990/1018/999
f 444/452/452 990/1018/999 989/1017/998
f 445/453/453 444/452/452 989/1017/998
f 445/453/453 989/1017/998 803/813/811
f 803/813/811 828/838/836 445/453/453
f 803/813/811 802/812/810 828/838/836
f 1003/1031/1012 1004/1032/1013 1005/1033/1014
f 1003/1031/1012 996/1024/1005 1004/1032/1013
f 1006/1034/1015 996/1024/1005 1003/1031/1012
f 1006/1034/1015 997/1025/1006 996/1024/1005
f 1006/1034/1015 999/1027/1008 997/1025/1006
f 992/1020/1001 991/1019/1000 1002/1030/1011
f 992/1020/1001 1002/1030/1011 1007/1035/1016
f 1001/1029/1010 1007/1035/1016 1002/1030/1011
f 999/1027/1008 1007/1035/1016 1001/1029/1010
f 999/1027/1008 1008/1036/1017 1007/1035/1016
f 1006/1034/1015 1008/1036/1017 999/1027/1008
f 1009/1037/1018 1008/1036/1017 1006/1034/1015
f 1009/1037/1018 1006/1034/1015 1003/1031/1012
f 1009/1037/1018 1003/1031/1012 1010/1038/1019
f 1010/1038/1019 1003/1031/1012 1005/1033/1014
f 1010/1038/1019 1005/1033/1014 703/713/711
f 703/713/711 1005/1033/1014 702/712/710
f 1004/1032/1013 702/712/710 1005/1033/1014
f 1004/1032/1013 701/711/709 702/712/710
f 1011/1039/1020 1009/1037/1018 1010/1038/1019
f 1009/1037/1018 1012/1040/1021 1008/1036/1017
f 1013/1041/1022 1012/1040/1021 1009/1037/1018
f 1013/1041/1022 1009/1037/1018 1011/1039/1020
f 1013/1041/1022 1011/1039/1020 1014/1042/1023
f 1013/1041/1022 1014/1042/1023 1015/1043/1024
f 1013/1041/1022 1015/1043/1024 1016/1044/1025
f 704/714/712 1010/1038/1019 703/713/711
f 704/714/712 727/737/735 1010/1038/1019
f 1011/1039/1020 1010/1038/1019 727/737/735
f 727/737/735 728/738/736 1011/1039/1020
f 728/738/736 758/768/766 1011/1039/1020
f 1014/1042/1023 1011/1039/1020 758/768/766
f 985/1013/994 1014/1042/1023 758/768/766
f 1014/1042/1023 985/1013/994 986/1014/995
f 1014/1042/1023 986/1014/995 1015/1043/1024
f 1015/1043/1024 986/1014/995 995/1023/1004
f 1015/1043/1024 995/1023/1004 1016/1044/1025
f 1016/1044/1025 995/1023/1004 994/1022/1003
f 1016/1044/1025 994/1022/1003 1013/1041/1022
f 1013/1041/1022 994/1022/1003 993/1021/1002
f 1013/1041/1022 993/1021/1002 1012/1040/1021
f 993/1021/1002 992/1020/1001 1012/1040/1021
f 1012/1040/1021 992/1020/1001 1007/1035/1016
f 1012/1040/1021 1007/1035/1016 1008/1036/1017
f 1017/1045/1026 1018/1046/1027 1019/1047/1028
f 1017/1045/1026 1020/1048/1029 1018/1046/1027
f 1020/1048/1029 1017/1045/1026 1021/1049/1030
f 1020/1048/1029 1021/1049/1030 1022/1050/1031
f 1023/1051/1032 1024/1052/1033 1025/1053/1034
f 1025/1053/1034 1024/1052/1033 1026/1054/1035
f 1025/1053/1034 1026/1054/1035 1027/1055/1036
f 1028/1056/1037 1025/1053/1034 1027/1055/1036
f 1028/1056/1037 1029/1057/1038 1025/1053/1034
f 1028/1056/1037 1017/1045/1026 1029/1057/1038
f 1023/1051/1032 1029/1057/1038 1017/1045/1026
f 1030/1058/1039 1023/1051/1032 1017/1045/1026
f 1019/1047/1028 1030/1058/1039 1017/1045/1026
f 1019/1047/1028 1031/1059/1040 1030/1058/1039
f 1023/1051/1032 1025/1053/1034 1029/1057/1038
f 1024/1052/1033 1032/1060/1041 1033/1061/1042
f 1024/1052/1033 1033/1061/1042 1026/1054/1035
f 1026/1054/1035 1033/1061/1042 1034/1062/1043
f 1034/1062/1043 1027/1055/1036 1026/1054/1035
f 1034/1062/1043 1035/1063/1044 1027/1055/1036
f 1028/1056/1037 1027/1055/1036 1035/1063/1044
f 1028/1056/1037 1035/1063/1044 1036/1064/1045
f 1037/1065/1046 1028/1056/1037 1036/1064/1045
f 1036/1064/1045 1038/1066/1047 1037/1065/1046
f 1037/1065/1046 1038/1066/1047 1022/1050/1031
f 1022/1050/1031 1038/1066/1047 1039/1067/1048
f 1022/1050/1031 1039/1067/1048 1020/1048/1029
f 1039/1067/1048 1040/1068/1049 1020/1048/1029
f 1040/1068/1049 1018/1046/1027 1020/1048/1029
f 1040/1068/1049 1041/1069/1050 1018/1046/1027
f 1041/1069/1050 1042/1070/1051 1018/1046/1027
f 1042/1070/1051 1041/1069/1050 1043/1071/1052
f 1044/1072/1053 1042/1070/1051 1043/1071/1052
f 1032/1060/1041 1045/1073/1054 1033/1061/1042
f 1033/1061/1042 1045/1073/1054 1034/1062/1043
f 1045/1073/1054 1046/1074/1055 1034/1062/1043
f 1047/1075/1056 1034/1062/1043 1046/1074/1055
f 1047/1075/1056 1046/1074/1055 1048/1076/1057
f 1047/1075/1056 1048/1076/1057 1049/1077/1058
f 1034/1062/1043 1047/1075/1056 1049/1077/1058
f 1034/1062/1043 1049/1077/1058 1050/1078/1059
f 1050/1078/1059 1035/1063/1044 1034/1062/1043
f 1050/1078/1059 1051/1079/1060 1035/1063/1044
f 1051/1079/1060 1052/1080/1061 1035/1063/1044
f 1051/1079/1060 1053/1081/1062 1052/1080/1061
f 1052/1080/1061 1053/1081/1062 1054/1082/1063
f 1039/1067/1048 1054/1082/1063 1053/1081/1062
f 1039/1067/1048 1038/1066/1047 1054/1082/1063
f 1036/1064/1045 1054/1082/1063 1038/1066/1047
f 1052/1080/1061 1054/1082/1063 1036/1064/1045
f 1052/1080/1061 1036/1064/1045 1035/1063/1044
f 1048/1076/1057 1046/1074/1055 1055/1083/1064
f 1045/1073/1054 1055/1083/1064 1046/1074/1055
f 1051/1079/1060 1056/1084/1065 1057/1085/1066
f 1051/1079/1060 1050/1078/1059 1056/1084/1065
f 1050/1078/1059 1058/1086/1067 1056/1084/1065
f 1050/1078/1059 1059/1087/1068 1058/1086/1067
f 1049/1077/1058 1059/1087/1068 1050/1078/1059
f 1049/1077/1058 1133/1088/1069 1059/1087/1068
f 1060/1089/1070 1061/1090/1071 1062/1091/1072
f 1063/1092/1073 1062/1091/1072 1061/1090/1071
f 1063/1092/1073 1061/1090/1071 1064/1093/1074
f 1064/1093/1074 1084/1094/1075 1063/1092/1073
f 1063/1092/1073 1084/1094/1075 1133/1088/1069
f 1062/1091/1072 1063/1092/1073 1133/1088/1069
f 1062/1091/1072 1133/1088/1069 1049/1077/1058
f 1060/1089/1070 1062/1091/1072 1049/1077/1058
f 1048/1076/1057 1060/1089/1070 1049/1077/1058
f 1065/1095/1076 1060/1089/1070 1048/1076/1057
f 1048/1076/1057 1055/1083/1064 1065/1095/1076
f 1065/1095/1076 1055/1083/1064 1066/1096/1077
f 1045/1073/1054 1066/1096/1077 1055/1083/1064
f 1045/1073/1054 1030/1058/1039 1066/1096/1077
f 1030/1058/1039 1045/1073/1054 1067/1097/1078
f 1030/1058/1039 1067/1097/1078 1023/1051/1032
f 1023/1051/1032 1067/1097/1078 1032/1060/1041
f 1023/1051/1032 1032/1060/1041 1024/1052/1033
f 1067/1097/1078 1045/1073/1054 1032/1060/1041
f 1064/1093/1074 1061/1090/1071 1068/1098/1079
f 1060/1089/1070 1068/1098/1079 1061/1090/1071
f 1060/1089/1070 1031/1059/1040 1068/1098/1079
f 1031/1059/1040 1060/1089/1070 1069/1099/1080
f 1030/1058/1039 1031/1059/1040 1069/1099/1080
f 1030/1058/1039 1069/1099/1080 1066/1096/1077
f 1065/1095/1076 1066/1096/1077 1069/1099/1080
f 1069/1099/1080 1060/1089/1070 1065/1095/1076
f 1070/1100/1081 1018/1046/1027 1071/1101/1082
f 1070/1100/1081 1019/1047/1028 1018/1046/1027
f 1070/1100/1081 1072/1102/1083 1019/1047/1028
f 1072/1102/1083 1031/1059/1040 1019/1047/1028
f 1072/1102/1083 1073/1103/1084 1031/1059/1040
f 1073/1103/1084 1068/1098/1079 1031/1059/1040
f 1073/1103/1084 1074/1104/1085 1068/1098/1079
f 1064/1093/1074 1068/1098/1079 1074/1104/1085
f 1074/1104/1085 1084/1105/1075 1064/1093/1074
f 1073/1103/1084 1084/1105/1075 1074/1104/1085
f 1070/1100/1081 1075/1106/1086 1072/1102/1083
f 1072/1102/1083 1075/1106/1086 1076/1107/1087
f 1076/1107/1087 1077/1108/1088 1078/1109/1089
f 1076/1107/1087 1078/1109/1089 1079/1110/1090
f 1072/1102/1083 1076/1107/1087 1079/1110/1090
f 1080/1111/1091 1072/1102/1083 1079/1110/1090
f 1080/1111/1091 1073/1103/1084 1072/1102/1083
f 1073/1103/1084 1080/1111/1091 1081/1112/1092
f 1073/1103/1084 1081/1112/1092 1082/1113/1093
f 1083/1114/1094 1082/1113/1093 1081/1112/1092
f 1083/1114/1094 1084/1105/1075 1082/1113/1093
f 1082/1113/1093 1084/1105/1075 1073/1103/1084
f 1083/1114/1094 1081/1112/1092 1085/1115/1095
f 1085/1115/1095 1081/1112/1092 1086/1116/1096
f 1081/1112/1092 1080/1111/1091 1086/1116/1096
f 1087/1117/1097 1088/1118/1098 1089/1119/1099
f 1090/1120/1100 1087/1117/1097 1089/1119/1099
f 1087/1117/1097 1090/1120/1100 1091/1121/1101
f 1092/1122/1102 1091/1121/1101 1090/1120/1100
f 1091/1121/1101 1092/1122/1102 1093/1123/1103
f 1094/1124/1104 1093/1123/1103 1092/1122/1102
f 1094/1124/1104 1095/1125/1105 1093/1123/1103
f 1094/1124/1104 1096/1126/1106 1095/1125/1105
f 1095/1125/1105 1096/1126/1106 1078/1109/1089
f 1097/1127/1107 1078/1109/1089 1096/1126/1106
f 1097/1127/1107 1079/1110/1090 1078/1109/1089
f 1097/1127/1107 1098/1128/1108 1079/1110/1090
f 1098/1128/1108 1080/1111/1091 1079/1110/1090
f 1099/1129/1109 1080/1111/1091 1098/1128/1108
f 1099/1129/1109 1086/1116/1096 1080/1111/1091
f 1100/1130/1110 1086/1116/1096 1099/1129/1109
f 1101/1131/1111 1086/1116/1096 1100/1130/1110
f 1102/1132/1112 1101/1131/1111 1100/1130/1110
f 1095/1125/1105 1078/1109/1089 1103/1133/1113
f 1103/1133/1113 1093/1123/1103 1095/1125/1105
f 1103/1133/1113 1091/1121/1101 1093/1123/1103
f 1094/1124/1104 1104/1134/1114 1096/1126/1106
f 1105/1135/1115 1096/1126/1106 1104/1134/1114
f 1105/1135/1115 1097/1127/1107 1096/1126/1106
f 1102/1132/1112 1106/1136/1116 1101/1131/1111
f 1106/1136/1116 1102/1132/1112 1107/1137/1117
f 1102/1132/1112 1108/1138/1118 1107/1137/1117
f 1108/1138/1118 1098/1128/1108 1107/1137/1117
f 1099/1129/1109 1098/1128/1108 1108/1138/1118
f 1108/1138/1118 1100/1130/1110 1099/1129/1109
f 1108/1138/1118 1102/1132/1112 1100/1130/1110
f 1097/1127/1107 1109/1139/1119 1110/1140/1120
f 1097/1127/1107 1110/1140/1120 1098/1128/1108
f 1110/1140/1120 1111/1141/1121 1098/1128/1108
f 1111/1141/1121 1107/1137/1117 1098/1128/1108
f 1112/1142/1122 1107/1137/1117 1111/1141/1121
f 1112/1142/1122 1111/1141/1121 1110/1140/1120
f 1113/1143/1123 1114/1144/1124 1115/1145/1125
f 1094/1124/1104 1115/1145/1125 1114/1144/1124
f 1094/1124/1104 1114/1144/1124 1116/1146/1126
f 1094/1124/1104 1116/1146/1126 1104/1134/1114
f 1104/1134/1114 1116/1146/1126 1117/1147/1127
f 1104/1134/1114 1117/1147/1127 1105/1148/1115
f 1105/1148/1115 1117/1147/1127 1118/1149/1128
f 1097/1127/1107 1105/1148/1115 1118/1149/1128
f 1109/1139/1119 1097/1127/1107 1118/1149/1128
f 1119/1150/1129 1109/1139/1119 1118/1149/1128
f 1110/1140/1120 1109/1139/1119 1119/1150/1129
f 1110/1140/1120 1119/1150/1129 1120/1151/1130
f 1112/1142/1122 1110/1140/1120 1120/1151/1130
f 1121/1152/1131 1112/1142/1122 1120/1151/1130
f 1121/1152/1131 1107/1137/1117 1112/1142/1122
f 1122/1153/1132 1107/1137/1117 1121/1152/1131
f 1122/1153/1132 1106/1136/1116 1107/1137/1117
f 1123/1154/1133 1106/1136/1116 1122/1153/1132
f 1113/1143/1123 1115/1145/1125 1124/1155/1134
f 1125/1156/1135 1119/1150/1129 1126/1157/1136
f 1126/1157/1136 1119/1150/1129 1118/1149/1128
f 1125/1156/1135 1120/1151/1130 1119/1150/1129
f 1121/1152/1131 1120/1151/1130 1125/1156/1135
f 1122/1153/1132 1121/1152/1131 1125/1156/1135
f 1122/1153/1132 1125/1156/1135 1126/1157/1136
f 1122/1153/1132 1126/1157/1136 1127/1158/1137
f 1127/1158/1137 1126/1157/1136 1118/1149/1128
f 1128/1159/1138 1127/1158/1137 1118/1149/1128
f 1128/1159/1138 1118/1149/1128 1117/1147/1127
f 1128/1159/1138 1117/1147/1127 1116/1146/1126
f 1128/1159/1138 1116/1146/1126 1114/1144/1124
f 1113/1143/1123 1128/1159/1138 1114/1144/1124
f 1113/1143/1123 1127/1158/1137 1128/1159/1138
f 1113/1143/1123 1124/1155/1134 1127/1158/1137
f 1129/1160/1139 1127/1158/1137 1124/1155/1134
f 1129/1160/1139 1122/1153/1132 1127/1158/1137
f 1122/1153/1132 1129/1160/1139 1130/1161/1140
f 1122/1153/1132 1130/1161/1140 1123/1154/1133
f 1123/1154/1133 1101/1131/1111 1106/1136/1116
f 1123/1154/1133 1130/1161/1140 1101/1131/1111
f 1130/1161/1140 1086/1116/1096 1101/1131/1111
f 1130/1161/1140 1131/1162/1141 1086/1116/1096
f 1131/1162/1141 1085/1115/1095 1086/1116/1096
f 1132/1163/1142 1085/1115/1095 1131/1162/1141
f 1132/1163/1142 1083/1114/1094 1085/1115/1095
f 1132/1163/1142 1084/1094/1075 1083/1114/1094
f 1133/1088/1069 1084/1094/1075 1132/1163/1142
f 1131/1162/1141 1133/1088/1069 1132/1163/1142
f 1131/1162/1141 1130/1161/1140 1133/1088/1069
f 1059/1087/1068 1133/1088/1069 1130/1161/1140
f 1059/1087/1068 1130/1161/1140 1129/1160/1139
f 1058/1086/1067 1059/1087/1068 1129/1160/1139
f 1058/1086/1067 1129/1160/1139 1134/1164/1143
f 1134/1164/1143 1129/1160/1139 1124/1155/1134
f 1124/1155/1134 1135/1165/1144 1134/1164/1143
f 1124/1155/1134 1089/1119/1099 1135/1165/1144
f 1090/1120/1100 1089/1119/1099 1124/1155/1134
f 1090/1120/1100 1124/1155/1134 1115/1145/1125
f 1092/1122/1102 1090/1120/1100 1115/1145/1125
f 1094/1124/1104 1092/1122/1102 1115/1145/1125
f 1089/1119/1099 1136/1166/1145 1135/1165/1144
f 1089/1119/1099 1088/1118/1098 1136/1166/1145
f 1088/1118/1098 1137/1167/1146 1136/1166/1145
f 1088/1118/1098 1138/1168/1147 1137/1167/1146
f 1138/1168/1147 1139/1169/1148 1137/1167/1146
f 1138/1168/1147 1140/1170/1149 1139/1169/1148
f 1138/1168/1147 1141/1171/1150 1140/1170/1149
f 1138/1168/1147 1142/1172/1151 1141/1171/1150
f 1143/1173/1152 1141/1171/1150 1142/1172/1151
f 1143/1173/1152 1142/1172/1151 1144/1174/1153
f 1145/1175/1154 1143/1173/1152 1144/1174/1153
f 1145/1175/1154 1144/1174/1153 1146/1176/1155
f 1147/1177/1156 1145/1175/1154 1146/1176/1155
f 1147/1177/1156 1146/1176/1155 1148/1178/1157
f 1149/1179/1158 1148/1178/1157 1146/1176/1155
f 1149/1179/1158 1150/1180/1159 1148/1178/1157
f 1077/1108/1088 1150/1180/1159 1149/1179/1158
f 1077/1108/1088 1149/1179/1158 1078/1109/1089
f 1151/1181/1160 1149/1179/1158 1146/1176/1155
f 1144/1174/1153 1151/1181/1160 1146/1176/1155
f 1152/1182/1161 1151/1181/1160 1144/1174/1153
f 1152/1182/1161 1144/1174/1153 1142/1172/1151
f 1152/1182/1161 1142/1172/1151 1138/1168/1147
f 1152/1182/1161 1138/1168/1147 1088/1118/1098
f 1153/1183/1162 1152/1182/1161 1088/1118/1098
f 1087/1117/1097 1153/1183/1162 1088/1118/1098
f 1153/1183/1162 1087/1117/1097 1154/1184/1163
f 1087/1117/1097 1091/1121/1101 1154/1184/1163
f 1155/1185/1164 1154/1184/1163 1091/1121/1101
f 1155/1185/1164 1091/1121/1101 1103/1133/1113
f 1155/1185/1164 1103/1133/1113 1156/1186/1165
f 1078/1109/1089 1156/1186/1165 1103/1133/1113
f 1078/1109/1089 1149/1179/1158 1156/1186/1165
f 1151/1181/1160 1156/1186/1165 1149/1179/1158
f 1155/1185/1164 1156/1186/1165 1151/1181/1160
f 1155/1185/1164 1151/1181/1160 1157/1187/1166
f 1157/1187/1166 1151/1181/1160 1152/1182/1161
f 1157/1187/1166 1154/1184/1163 1155/1185/1164
f 1157/1187/1166 1158/1188/1167 1154/1184/1163
f 1153/1183/1162 1154/1184/1163 1158/1188/1167
f 1158/1188/1167 1152/1182/1161 1153/1183/1162
f 1158/1188/1167 1159/1189/1168 1152/1182/1161
f 1157/1187/1166 1152/1182/1161 1159/1189/1168
f 1157/1187/1166 1159/1189/1168 1158/1188/1167
f 882/1190/890 471/1191/479 883/1192/891
f 883/1192/891 471/1191/479 1160/1193/1169
f 883/1192/891 1160/1193/1169 887/1194/895
f 1160/1193/1169 888/1195/896 887/1194/895
f 1160/1193/1169 1161/1196/1170 888/1195/896
f 1161/1196/1170 914/1197/923 888/1195/896
f 1161/1196/1170 1162/1198/1171 914/1197/923
f 1162/1198/1171 913/1199/922 914/1197/923
f 1162/1198/1171 1163/1200/1172 913/1199/922
f 913/1199/922 1163/1200/1172 1164/1201/1173
f 913/1199/922 1164/1201/1173 912/1202/921
f 912/1202/921 1164/1201/1173 1165/1203/1174
f 912/1202/921 1165/1203/1174 911/1204/920
f 911/1204/920 1165/1203/1174 1166/1205/1175
f 911/1204/920 1166/1205/1175 910/1206/919
f 1166/1205/1175 909/1207/918 910/1206/919
f 1166/1205/1175 367/1208/372 909/1207/918
f 367/1208/372 915/1209/924 909/1207/918
f 367/1208/372 368/1210/373 915/1209/924
f 368/1210/373 377/1211/382 915/1209/924
f 377/1211/382 905/1212/914 915/1209/924
f 377/1211/382 378/1213/383 905/1212/914
f 378/1213/383 899/1214/907 905/1212/914
f 378/1213/383 375/1215/380 899/1214/907
f 375/1215/380 897/1216/905 899/1214/907
f 375/1215/380 376/1217/381 897/1216/905
f 376/1217/381 896/1218/904 897/1216/905
f 376/1217/381 385/1219/390 896/1218/904
f 896/1218/904 385/1219/390 394/1220/399
f 896/1218/904 394/1220/399 894/1221/902
f 894/1221/902 394/1220/399 393/1222/398
f 894/1221/902 393/1222/398 892/1223/900
f 892/1223/900 393/1222/398 468/1224/476
f 892/1223/900 468/1224/476 885/1225/893
f 468/1224/476 467/1226/475 885/1225/893
f 885/1225/893 467/1226/475 469/1227/477
f 885/1225/893 469/1227/477 882/1190/890
f 882/1190/890 469/1227/477 471/1191/479
f 1028/1056/1037 1021/1228/1030 1017/1045/1026
f 1028/1056/1037 1037/1065/1046 1021/1228/1030
f 1037/1065/1046 1022/1050/1031 1021/1228/1030
f 1167/1229/1176 1168/1230/1177 1169/1231/1178
f 1167/1229/1176 1170/1232/1179 1168/1230/1177
f 1042/1070/1051 1171/1233/1180 1018/1046/1027
f 1044/1072/1053 1171/1233/1180 1042/1070/1051
f 1044/1072/1053 1172/1234/1181 1171/1233/1180
f 1172/1234/1181 1044/1072/1053 1173/1235/1182
f 1174/1236/1183 1173/1235/1182 1044/1072/1053
f 1174/1236/1183 1175/1237/1184 1173/1235/1182
f 1174/1236/1183 1176/1238/1185 1175/1237/1184
f 1174/1236/1183 1170/1232/1179 1176/1238/1185
f 1170/1232/1179 1174/1236/1183 1177/1239/1186
f 1170/1232/1179 1177/1239/1186 1168/1230/1177
f 1177/1239/1186 1178/1240/1187 1168/1230/1177
f 1168/1230/1177 1178/1240/1187 1179/1241/1188
f 1168/1230/1177 1179/1241/1188 1169/1231/1178
f 1180/1242/1189 1169/1231/1178 1179/1241/1188
f 1181/1243/1190 1180/1242/1189 1179/1241/1188
f 1174/1236/1183 1182/1244/1191 1177/1239/1186
f 1177/1239/1186 1182/1244/1191 1178/1240/1187
f 1167/1229/1176 1057/1085/1066 1183/1245/1192
f 1167/1229/1176 1183/1245/1192 1170/1232/1179
f 1170/1232/1179 1183/1245/1192 1184/1246/1193
f 1170/1232/1179 1184/1246/1193 1176/1238/1185
f 1176/1238/1185 1184/1246/1193 1185/1247/1194
f 1176/1238/1185 1185/1247/1194 1186/1248/1195
f 1187/1249/1196 1176/1238/1185 1186/1248/1195
f 1187/1249/1196 1175/1237/1184 1176/1238/1185
f 1188/1250/1197 1175/1237/1184 1187/1249/1196
f 1188/1250/1197 1173/1235/1182 1175/1237/1184
f 1189/1251/1198 1173/1235/1182 1188/1250/1197
f 1189/1251/1198 1172/1234/1181 1173/1235/1182
f 1190/1252/1199 1172/1234/1181 1189/1251/1198
f 1190/1252/1199 1191/1253/1200 1172/1234/1181
f 1191/1253/1200 1171/1233/1180 1172/1234/1181
f 1191/1253/1200 1192/1254/1201 1171/1233/1180
f 1071/1101/1082 1171/1233/1180 1192/1254/1201
f 1071/1101/1082 1018/1046/1027 1171/1233/1180
f 1044/1072/1053 1043/1071/1052 1193/1255/1202
f 1174/1236/1183 1044/1072/1053 1193/1255/1202
f 1174/1236/1183 1193/1255/1202 1194/1256/1203
f 1174/1236/1183 1194/1256/1203 1182/1244/1191
f 1193/1255/1202 1182/1244/1191 1194/1256/1203
f 1193/1255/1202 1178/1240/1187 1182/1244/1191
f 1193/1255/1202 1043/1071/1052 1178/1240/1187
f 1179/1241/1188 1178/1240/1187 1043/1071/1052
f 1179/1241/1188 1043/1071/1052 1041/1069/1050
f 1181/1243/1190 1179/1241/1188 1041/1069/1050
f 1181/1243/1190 1041/1069/1050 1040/1068/1049
f 1039/1067/1048 1181/1243/1190 1040/1068/1049
f 1180/1242/1189 1181/1243/1190 1039/1067/1048
f 1180/1242/1189 1039/1067/1048 1053/1081/1062
f 1180/1242/1189 1053/1081/1062 1169/1231/1178
f 1051/1079/1060 1169/1231/1178 1053/1081/1062
f 1051/1079/1060 1167/1229/1176 1169/1231/1178
f 1051/1079/1060 1057/1085/1066 1167/1229/1176
f 960/1257/969 1195/1258/1204 952/1259/961
f 945/1260/954 944/1261/953 1196/1262/1205
f 944/1261/953 946/1263/955 1196/1262/1205
f 946/1263/955 947/1264/956 1196/1262/1205
f 1197/1265/1206 1196/1262/1205 947/1264/956
f 1197/1265/1206 947/1264/956 949/1266/958
f 950/1267/959 1197/1265/1206 949/1266/958
f 950/1267/959 1198/1268/1207 1197/1265/1206
f 952/1259/961 1198/1268/1207 950/1267/959
f 952/1259/961 1195/1258/1204 1198/1268/1207
f 1198/1268/1207 1195/1258/1204 954/1269/963
f 954/1269/963 1195/1258/1204 1199/1270/1208
f 954/1269/963 1199/1270/1208 956/1271/965
f 1199/1270/1208 957/1272/966 956/1271/965
f 1199/1270/1208 1200/1273/1209 957/1272/966
f 945/1260/954 1196/1262/1205 1197/1265/1206
f 945/1260/954 1197/1265/1206 1198/1268/1207
f 945/1260/954 1198/1268/1207 959/1274/968
f 1198/1268/1207 954/1269/963 959/1274/968
f 77/1275/77 957/1272/966 73/1276/73
f 957/1272/966 1200/1273/1209 73/1276/73
f 52/1277/52 73/1276/73 1200/1273/1209
f 1200/1273/1209 12/1278/12 52/1277/52
f 1200/1273/1209 1199/1270/1208 12/1278/12
f 1/1279/1 12/1278/12 1199/1270/1208
f 1/1279/1 1199/1270/1208 1195/1258/1204
f 1201/1280/1210 1/1279/1 1195/1258/1204
f 960/1257/969 1201/1280/1210 1195/1258/1204
f 1201/1280/1210 960/1257/969 962/1281/971
f 1201/1280/1210 962/1281/971 1202/1282/1211
f 1203/1283/1212 1201/1280/1210 1202/1282/1211
f 1201/1280/1210 1203/1283/1212 2/1284/2
f 1201/1280/1210 2/1284/2 1/1279/1
f 364/369/369 1204/1285/1213 1205/1286/1214
f 364/369/369 365/370/370 1204/1285/1213
f 365/370/370 366/371/371 1204/1285/1213
f 1205/1286/1214 1164/1287/1173 1163/1288/1172
f 1165/1289/1174 1164/1287/1173 1205/1286/1214
f 1165/1289/1174 1205/1286/1214 1204/1285/1213
f 1204/1285/1213 1166/1290/1175 1165/1289/1174
f 1204/1285/1213 366/371/371 1166/1290/1175
f 367/372/372 1166/1290/1175 366/371/371
f 1206/1291/1215 1207/1292/1216 338/342/342
f 1206/1291/1215 338/342/342 364/369/369
f 1206/1291/1215 364/369/369 1208/1293/1217
f 1208/1293/1217 364/369/369 1205/1286/1214
f 1208/1293/1217 1205/1286/1214 1209/1294/1218
f 1205/1286/1214 1163/1288/1172 1209/1294/1218
f 1210/1295/1219 1209/1294/1218 1163/1288/1172
f 1210/1295/1219 1163/1288/1172 1162/1296/1171
f 1161/1297/1170 1210/1295/1219 1162/1296/1171
f 1161/1297/1170 1211/1298/1220 1210/1295/1219
f 1160/1299/1169 1211/1298/1220 1161/1297/1170
f 1160/1299/1169 1212/1300/1221 1211/1298/1220
f 471/479/479 1212/1300/1221 1160/1299/1169
f 471/479/479 1213/1301/1222 1212/1300/1221
f 470/478/478 1213/1301/1222 471/479/479
f 1214/1302/1223 1213/1301/1222 470/478/478
f 1214/1302/1223 470/478/478 465/473/473
f 472/480/480 1214/1302/1223 465/473/473
f 1208/1293/1217 1209/1294/1218 1210/1295/1219
f 1206/1291/1215 1208/1293/1217 1215/1303/1224
f 1216/1304/1225 1213/1301/1222 1214/1302/1223
f 1216/1304/1225 1212/1300/1221 1213/1301/1222
f 1217/1305/1226 1212/1300/1221 1216/1304/1225
f 1217/1305/1226 1211/1298/1220 1212/1300/1221
f 1218/1306/1227 1211/1298/1220 1217/1305/1226
f 1218/1306/1227 1210/1295/1219 1211/1298/1220
f 1208/1293/1217 1210/1295/1219 1218/1306/1227
f 1219/1307/1228 1208/1293/1217 1218/1306/1227
f 1219/1307/1228 1215/1303/1224 1208/1293/1217
f 1219/1307/1228 1220/1308/1229 1215/1303/1224
f 1220/1308/1229 1206/1291/1215 1215/1303/1224
f 1220/1308/1229 1207/1292/1216 1206/1291/1215
f 186/186/186 168/168/168 472/480/480
f 1214/1302/1223 472/480/480 168/168/168
f 1214/1302/1223 168/168/168 1221/1309/1230
f 1216/1304/1225 1214/1302/1223 1221/1309/1230
f 1222/1310/1231 1216/1304/1225 1221/1309/1230
f 1222/1310/1231 1217/1305/1226 1216/1304/1225
f 1223/1311/1232 1217/1305/1226 1222/1310/1231
f 1223/1311/1232 1218/1306/1227 1217/1305/1226
f 1223/1311/1232 1224/1312/1233 1218/1306/1227
f 1219/1307/1228 1218/1306/1227 1224/1312/1233
f 1219/1307/1228 1224/1312/1233 1225/1313/1234
f 1219/1307/1228 1225/1313/1234 1220/1308/1229
f 1220/1308/1229 1225/1313/1234 1226/1314/1235
f 1224/1312/1233 1226/1314/1235 1225/1313/1234
f 1224/1312/1233 1227/1315/1236 1226/1314/1235
f 1224/1312/1233 1228/1316/1237 1227/1315/1236
f 1227/1315/1236 1228/1316/1237 1229/1317/1238
f 1229/1317/1238 1228/1316/1237 1230/1318/1239
f 1229/1317/1238 1230/1318/1239 1231/1319/1240
f 275/275/275 290/290/290 1232/1320/1241
f 1232/1320/1241 290/290/290 1233/1321/1242
f 1232/1320/1241 1233/1321/1242 1234/1322/1243
f 1235/1323/1244 1234/1322/1243 1233/1321/1242
f 1230/1318/1239 1234/1322/1243 1235/1323/1244
f 1230/1318/1239 1235/1323/1244 1236/1324/1245
f 1230/1318/1239 1236/1324/1245 1231/1319/1240
f 1237/1325/1246 1231/1319/1240 1236/1324/1245
f 1231/1319/1240 1237/1325/1246 1229/1317/1238
f 1238/1326/1247 1229/1317/1238 1237/1325/1246
f 1227/1315/1236 1229/1317/1238 1238/1326/1247
f 1239/1327/1248 1227/1315/1236 1238/1326/1247
f 1239/1327/1248 1226/1314/1235 1227/1315/1236
f 1239/1327/1248 340/344/344 1226/1314/1235
f 1220/1308/1229 1226/1314/1235 340/344/344
f 1220/1308/1229 340/344/344 339/343/343
f 1220/1308/1229 339/343/343 1207/1292/1216
f 338/342/342 1207/1292/1216 339/343/343
f 1238/1326/1247 1237/1325/1246 1240/1328/1249
f 1240/1328/1249 1237/1325/1246 1236/1324/1245
f 1239/1327/1248 1240/1328/1249 1236/1324/1245
f 1239/1327/1248 1238/1326/1247 1240/1328/1249
f 1241/1329/1250 1232/1320/1241 1234/1322/1243
f 1241/1329/1250 1234/1322/1243 1242/1330/1251
f 1230/1318/1239 1242/1330/1251 1234/1322/1243
f 1228/1316/1237 1242/1330/1251 1230/1318/1239
f 290/290/290 292/292/292 1233/1321/1242
f 1233/1321/1242 292/292/292 1243/1331/1252
f 1243/1331/1252 292/292/292 320/322/322
f 1243/1331/1252 320/322/322 1244/1332/1253
f 324/326/326 1244/1332/1253 320/322/322
f 1245/1333/1254 1244/1332/1253 324/326/326
f 1245/1333/1254 324/326/326 323/325/325
f 323/325/325 335/339/339 1245/1333/1254
f 1245/1333/1254 335/339/339 1246/1334/1255
f 1246/1334/1255 335/339/339 340/344/344
f 1246/1334/1255 340/344/344 1239/1327/1248
f 1246/1334/1255 1239/1327/1248 1247/1335/1256
f 1239/1327/1248 1236/1324/1245 1247/1335/1256
f 1235/1323/1244 1247/1335/1256 1236/1324/1245
f 1235/1323/1244 1248/1336/1257 1247/1335/1256
f 1235/1323/1244 1233/1321/1242 1248/1336/1257
f 1233/1321/1242 1243/1331/1252 1248/1336/1257
f 1247/1335/1256 1248/1336/1257 1243/1331/1252
f 1247/1335/1256 1243/1331/1252 1249/1337/1258
f 1246/1334/1255 1247/1335/1256 1249/1337/1258
f 1245/1333/1254 1246/1334/1255 1249/1337/1258
f 1245/1333/1254 1249/1337/1258 1243/1331/1252
f 1245/1333/1254 1243/1331/1252 1244/1332/1253
f 1250/1338/1259 1251/1339/1260 1252/1340/1261
f 494/502/502 1250/1338/1259 1252/1340/1261
f 1251/1339/1260 1253/1341/1262 1254/1342/1263
f 1253/1341/1262 1251/1339/1260 1250/1338/1259
f 1255/1343/1264 1253/1341/1262 1250/1338/1259
f 1255/1343/1264 1250/1338/1259 591/599/599
f 589/597/597 591/599/599 1250/1338/1259
f 494/502/502 589/597/597 1250/1338/1259
f 482/490/490 589/597/597 494/502/502
f 482/490/490 494/502/502 492/500/500
f 482/490/490 492/500/500 480/488/488
f 495/503/503 493/501/501 494/502/502
f 495/503/503 494/502/502 1252/1340/1261
f 496/504/504 495/503/503 1252/1340/1261
f 496/504/504 1252/1340/1261 1251/1339/1260
f 515/523/523 496/504/504 1251/1339/1260
f 1251/1339/1260 1254/1342/1263 515/523/523
f 1254/1342/1263 513/521/521 515/523/523
f 532/540/540 513/521/521 1254/1342/1263
f 1253/1341/1262 532/540/540 1254/1342/1263
f 1253/1341/1262 1256/1344/1265 532/540/540
f 1255/1343/1264 1256/1344/1265 1253/1341/1262
f 1256/1344/1265 1255/1343/1264 1257/1345/1266
f 1255/1343/1264 591/599/599 1257/1345/1266
f 1257/1345/1266 591/599/599 1258/1346/1267
f 1258/1346/1267 591/599/599 1259/1347/1268
f 1258/1346/1267 1259/1347/1268 1260/1348/1269
f 585/593/593 1260/1348/1269 1259/1347/1268
f 585/593/593 1261/1349/1270 1260/1348/1269
f 591/599/599 585/593/593 1259/1347/1268
f 587/595/595 1261/1349/1270 585/593/593
f 587/595/595 1262/1350/1271 1261/1349/1270
f 587/595/595 580/588/588 1262/1350/1271
f 580/588/588 579/587/587 1262/1350/1271
f 1262/1350/1271 579/587/587 578/586/586
f 1261/1349/1270 1262/1350/1271 578/586/586
f 1261/1349/1270 578/586/586 1260/1348/1269
f 577/585/585 1260/1348/1269 578/586/586
f 577/585/585 1258/1346/1267 1260/1348/1269
f 1263/1351/1272 1258/1346/1267 577/585/585
f 1257/1345/1266 1258/1346/1267 1263/1351/1272
f 1256/1344/1265 1257/1345/1266 1263/1351/1272
f 1264/1352/1273 1256/1344/1265 1263/1351/1272
f 1264/1352/1273 532/540/540 1256/1344/1265
f 1264/1352/1273 534/542/542 532/540/540
f 534/542/542 1264/1352/1273 577/585/585
f 1263/1351/1272 577/585/585 1264/1352/1273
f 878/1353/886 841/851/849 874/1354/882
f 874/1354/882 841/851/849 842/852/850
f 874/1354/882 842/852/850 873/1355/881
f 842/852/850 845/855/853 873/1355/881
f 1265/1356/1274 1266/1357/1275 1267/1358/1276
f 1268/1359/1277 1267/1358/1276 1266/1357/1275
f 1268/1359/1277 1269/1360/1278 1267/1358/1276
f 1268/1359/1277 1270/1361/1279 1269/1360/1278
f 1271/1362/1280 1272/1363/1281 1265/1356/1274
f 1271/1362/1280 1265/1356/1274 1267/1358/1276
f 1273/1364/1282 1271/1362/1280 1267/1358/1276
f 1273/1364/1282 1267/1358/1276 1269/1360/1278
f 1274/1365/1283 1273/1364/1282 1269/1360/1278
f 1274/1365/1283 1269/1360/1278 1270/1361/1279
f 1275/1366/1284 1274/1365/1283 1270/1361/1279
f 1275/1366/1284 1270/1361/1279 1276/1367/1285
f 1277/1368/1286 1275/1366/1284 1276/1367/1285
f 1278/1369/1287 302/302/302 1279/1370/1288
f 1272/1363/1281 1279/1370/1288 302/302/302
f 1272/1363/1281 302/302/302 1265/1356/1274
f 302/302/302 300/300/300 1265/1356/1274
f 1265/1356/1274 300/300/300 1266/1357/1275
f 298/298/298 1266/1357/1275 300/300/300
f 1268/1359/1277 1266/1357/1275 298/298/298
f 1268/1359/1277 298/298/298 282/282/282
f 1268/1359/1277 282/282/282 1270/1361/1279
f 280/280/280 1270/1361/1279 282/282/282
f 280/280/280 1276/1367/1285 1270/1361/1279
f 280/280/280 1280/1371/1289 1276/1367/1285
f 1277/1368/1286 1276/1367/1285 1280/1371/1289
f 1277/1368/1286 1280/1371/1289 1281/1372/1290
f 1277/1368/1286 1281/1372/1290 1282/1373/1291
f 1283/1374/1292 1282/1373/1291 1281/1372/1290
f 1283/1374/1292 1281/1372/1290 1284/1375/1293
f 1285/1376/1294 1283/1374/1292 1284/1375/1293
f 280/280/280 278/278/278 1280/1371/1289
f 278/278/278 1281/1372/1290 1280/1371/1289
f 1281/1372/1290 278/278/278 1286/1377/1295
f 1286/1377/1295 1284/1375/1293 1281/1372/1290
f 1287/1378/1296 301/301/301 302/302/302
f 1278/1369/1287 1287/1378/1296 302/302/302
f 1288/1379/1297 1287/1378/1296 1278/1369/1287
f 1288/1379/1297 1289/1380/1298 1287/1378/1296
f 1290/1381/1299 1289/1380/1298 1288/1379/1297
f 306/306/306 1395/1382/1300 1396/317/317
f 306/306/306 1394/1383/1301 1395/1382/1300
f 307/307/307 1394/1383/1301 306/306/306
f 1394/1383/1301 307/307/307 1291/1384/1302
f 301/301/301 1291/1384/1302 307/307/307
f 301/301/301 1292/1385/1303 1291/1384/1302
f 301/301/301 1287/1378/1296 1292/1385/1303
f 1287/1378/1296 1293/1386/1304 1292/1385/1303
f 1287/1378/1296 1289/1380/1298 1293/1386/1304
f 1293/1386/1304 1289/1380/1298 1294/1387/1305
f 1290/1381/1299 1294/1387/1305 1289/1380/1298
f 1290/1381/1299 1295/1388/1306 1294/1387/1305
f 1290/1381/1299 1285/1376/1294 1295/1388/1306
f 1285/1376/1294 1284/1375/1293 1295/1388/1306
f 1296/1389/1307 1295/1388/1306 1284/1375/1293
f 1286/1377/1295 1296/1389/1307 1284/1375/1293
f 1296/1389/1307 1286/1377/1295 277/277/277
f 277/277/277 1286/1377/1295 278/278/278
f 1291/1384/1302 1292/1385/1303 1293/1386/1304
f 1293/1386/1304 1294/1387/1305 1297/1390/1308
f 1298/1391/1309 1297/1390/1308 1294/1387/1305
f 1298/1391/1309 1294/1387/1305 1295/1388/1306
f 1296/1389/1307 1298/1391/1309 1295/1388/1306
f 1299/1392/1310 1300/1393/1311 1301/1394/1312
f 1302/1395/1313 1300/1393/1311 1299/1392/1310
f 1302/1395/1313 1299/1392/1310 1303/1396/1314
f 1302/1395/1313 1303/1396/1314 1304/1397/1315
f 1303/1396/1314 1305/1398/1316 1304/1397/1315
f 1306/1399/1317 1304/1397/1315 1305/1398/1316
f 1306/1399/1317 1305/1398/1316 1307/1400/1318
f 1308/1401/1319 1306/1399/1317 1307/1400/1318
f 1308/1401/1319 1307/1400/1318 1309/1402/1320
f 1308/1401/1319 1309/1402/1320 277/277/277
f 1296/1389/1307 277/277/277 1309/1402/1320
f 1296/1389/1307 1309/1402/1320 1307/1400/1318
f 1296/1389/1307 1307/1400/1318 1298/1391/1309
f 1298/1391/1309 1307/1400/1318 1305/1398/1316
f 1298/1391/1309 1305/1398/1316 1297/1390/1308
f 1303/1396/1314 1297/1390/1308 1305/1398/1316
f 1303/1396/1314 1293/1386/1304 1297/1390/1308
f 1303/1396/1314 1310/1403/1321 1293/1386/1304
f 1299/1392/1310 1310/1403/1321 1303/1396/1314
f 1299/1392/1310 1311/1404/1322 1310/1403/1321
f 1299/1392/1310 1301/1394/1312 1311/1404/1322
f 1300/1393/1311 1312/1405/1323 1301/1394/1312
f 1313/1406/1324 1310/1403/1321 1311/1404/1322
f 1308/1401/1319 1314/1407/1325 1306/1399/1317
f 1306/1399/1317 1314/1407/1325 1304/1397/1315
f 1315/1408/1326 1304/1397/1315 1314/1407/1325
f 1316/1409/1327 1304/1397/1315 1315/1408/1326
f 1316/1409/1327 1302/1395/1313 1304/1397/1315
f 1291/1384/1302 1293/1386/1304 1310/1403/1321
f 1313/1406/1324 1291/1384/1302 1310/1403/1321
f 1394/1383/1301 1291/1384/1302 1313/1406/1324
f 1313/1406/1324 1395/1382/1300 1394/1383/1301
f 1313/1406/1324 1317/1410/1328 1395/1382/1300
f 1311/1404/1322 1317/1410/1328 1313/1406/1324
f 1311/1404/1322 1318/1411/1329 1317/1410/1328
f 1301/1394/1312 1318/1411/1329 1311/1404/1322
f 1319/1412/1330 1318/1411/1329 1301/1394/1312
f 1301/1394/1312 1320/1413/1331 1319/1412/1330
f 1301/1394/1312 1312/1405/1323 1320/1413/1331
f 1320/1413/1331 1312/1405/1323 1321/1414/1332
f 1391/432/432 425/431/431 1390/430/430
f 1391/432/432 434/442/442 425/431/431
f 434/442/442 1391/432/432 1392/436/436
f 434/442/442 1392/436/436 436/444/444
f 436/444/444 1392/436/436 1322/1415/1333
f 436/444/444 1322/1415/1333 438/446/446
f 1323/1416/1334 438/446/446 1322/1415/1333
f 1323/1416/1334 1321/1414/1332 438/446/446
f 1320/1413/1331 1321/1414/1332 1323/1416/1334
f 1323/1416/1334 1324/1417/1335 1320/1413/1331
f 1320/1413/1331 1324/1417/1335 313/313/313
f 1320/1413/1331 313/313/313 1319/1412/1330
f 312/312/312 1319/1412/1330 313/313/313
f 1319/1412/1330 312/312/312 1318/1411/1329
f 1318/1411/1329 312/312/312 315/315/315
f 1318/1411/1329 315/315/315 1317/1410/1328
f 1317/1410/1328 315/315/315 1396/317/317
f 1317/1410/1328 1396/317/317 1395/1382/1300
f 380/385/385 400/405/405 381/386/386
f 428/435/435 400/405/405 380/385/385
f 380/385/385 379/384/384 428/435/435
f 1392/436/436 428/435/435 379/384/384
f 1392/436/436 379/384/384 358/363/363
f 1322/1415/1333 1392/436/436 358/363/363
f 1322/1415/1333 358/363/363 357/362/362
f 1323/1416/1334 1322/1415/1333 357/362/362
f 1323/1416/1334 357/362/362 363/368/368
f 1323/1416/1334 363/368/368 1324/1417/1335
f 363/368/368 345/350/350 1324/1417/1335
f 313/313/313 1324/1417/1335 345/350/350
f 313/313/313 345/350/350 343/348/348
f 314/314/314 313/313/313 343/348/348
f 314/314/314 343/348/348 342/347/347
f 342/347/347 316/316/316 314/314/314
f 342/347/347 329/331/331 316/316/316
f 329/331/331 1399/318/318 316/316/316
f 1308/1401/1319 277/277/277 260/260/260
f 260/260/260 277/277/277 279/279/279
f 260/260/260 279/279/279 261/261/261
f 281/281/281 261/261/261 279/279/279
f 281/281/281 263/263/263 261/261/261
f 283/283/283 263/263/263 281/281/281
f 283/283/283 265/265/265 263/263/263
f 265/265/265 283/283/283 267/267/267
f 1321/1414/1332 439/447/447 438/446/446
f 1321/1414/1332 1000/1028/1009 439/447/447
f 1312/1405/1323 1000/1028/1009 1321/1414/1332
f 1312/1405/1323 998/1026/1007 1000/1028/1009
f 1300/1393/1311 998/1026/1007 1312/1405/1323
f 996/1024/1005 998/1026/1007 1300/1393/1311
f 1302/1395/1313 996/1024/1005 1300/1393/1311
f 1302/1395/1313 1004/1032/1013 996/1024/1005
f 1302/1395/1313 1316/1409/1327 1004/1032/1013
f 1316/1409/1327 701/711/709 1004/1032/1013
f 1316/1409/1327 1315/1408/1326 701/711/709
f 701/711/709 1315/1408/1326 700/710/708
f 1315/1408/1326 1314/1407/1325 700/710/708
f 700/710/708 1314/1407/1325 680/690/688
f 1308/1401/1319 680/690/688 1314/1407/1325
f 678/688/686 680/690/688 1308/1401/1319
f 678/688/686 1308/1401/1319 260/260/260
f 259/259/259 678/688/686 260/260/260
f 755/765/763 754/764/762 765/775/773
f 763/773/771 755/765/763 765/775/773
f 763/773/771 760/770/768 755/765/763
f 762/772/770 760/770/768 763/773/771
f 762/772/770 761/771/769 760/770/768
f 1325/1418/1336 761/771/769 762/772/770
f 759/769/767 761/771/769 1325/1418/1336
f 1325/1418/1336 800/810/808 759/769/767
f 1325/1418/1336 1326/1419/1337 800/810/808
f 791/801/799 800/810/808 1326/1419/1337
f 791/801/799 1326/1419/1337 1327/1420/1338
f 788/798/796 791/801/799 1327/1420/1338
f 788/798/796 1327/1420/1338 1328/1421/1339
f 779/789/787 788/798/796 1328/1421/1339
f 779/789/787 1328/1421/1339 1329/1422/1340
f 779/789/787 1329/1422/1340 778/788/786
f 762/772/770 778/788/786 1329/1422/1340
f 762/772/770 764/774/772 778/788/786
f 762/772/770 1329/1422/1340 1330/1423/1341
f 1329/1422/1340 1328/1421/1339 1330/1423/1341
f 1330/1423/1341 1328/1421/1339 1327/1420/1338
f 1330/1423/1341 1327/1420/1338 1326/1419/1337
f 1325/1418/1336 1330/1423/1341 1326/1419/1337
f 1325/1418/1336 762/772/770 1330/1423/1341
f 1331/1424/1342 1332/1425/1343 1333/1426/1344
f 1331/1424/1342 1334/1427/1345 1332/1425/1343
f 1334/1427/1345 1331/1424/1342 1335/1428/1346
f 1334/1427/1345 1335/1428/1346 1336/1429/1347
f 1337/1430/1348 1338/1431/1349 1339/1432/1350
f 1333/1426/1344 1338/1431/1349 1337/1430/1348
f 1340/1433/1351 1333/1426/1344 1337/1430/1348
f 1340/1433/1351 1341/1434/1352 1333/1426/1344
f 1341/1434/1352 1331/1424/1342 1333/1426/1344
f 1341/1434/1352 1342/1435/1353 1331/1424/1342
f 1343/1436/1354 1331/1424/1342 1342/1435/1353
f 1343/1436/1354 1335/1428/1346 1331/1424/1342
f 1343/1436/1354 1344/1437/1355 1335/1428/1346
f 1335/1428/1346 1344/1437/1355 1345/1438/1356
f 1335/1428/1346 1345/1438/1356 1336/1429/1347
f 1346/1439/1357 1336/1429/1347 1345/1438/1356
f 1347/1440/1358 1336/1429/1347 1346/1439/1357
f 1347/1440/1358 1334/1427/1345 1336/1429/1347
f 1334/1427/1345 1347/1440/1358 1348/1441/1359
f 1334/1427/1345 1348/1441/1359 1332/1425/1343
f 1348/1441/1359 1338/1431/1349 1332/1425/1343
f 1332/1425/1343 1338/1431/1349 1333/1426/1344
f 1339/1432/1350 276/276/276 275/275/275
f 1338/1431/1349 276/276/276 1339/1432/1350
f 1338/1431/1349 176/176/176 276/276/276
f 1348/1441/1359 176/176/176 1338/1431/1349
f 178/178/178 176/176/176 1348/1441/1359
f 1347/1440/1358 178/178/178 1348/1441/1359
f 1347/1440/1358 180/180/180 178/178/178
f 180/180/180 1347/1440/1358 1346/1439/1357
f 180/180/180 1346/1439/1357 182/182/182
f 182/182/182 1346/1439/1357 167/167/167
f 1346/1439/1357 1345/1438/1356 167/167/167
f 167/167/167 1345/1438/1356 168/168/168
f 1344/1437/1355 168/168/168 1345/1438/1356
f 1344/1437/1355 1221/1309/1230 168/168/168
f 1222/1310/1231 1221/1309/1230 1344/1437/1355
f 1343/1436/1354 1222/1310/1231 1344/1437/1355
f 1223/1311/1232 1222/1310/1231 1343/1436/1354
f 1342/1435/1353 1223/1311/1232 1343/1436/1354
f 1341/1434/1352 1224/1312/1233 1223/1311/1232 1342/1435/1353
f 1228/1316/1237 1224/1312/1233 1341/1434/1352
f 1228/1316/1237 1341/1434/1352 1340/1433/1351
f 1228/1316/1237 1340/1433/1351 1242/1330/1251
f 1337/1430/1348 1242/1330/1251 1340/1433/1351
f 1337/1430/1348 1241/1329/1250 1242/1330/1251
f 1241/1329/1250 1337/1430/1348 1339/1432/1350
f 1339/1432/1350 1232/1320/1241 1241/1329/1250
f 1339/1432/1350 275/275/275 1232/1320/1241
f 826/836/834 1349/1442/1360 831/841/839
f 833/843/841 1349/1442/1360 826/836/834
f 833/843/841 1350/1443/1361 1349/1442/1360
f 834/844/842 1350/1443/1361 833/843/841
f 834/844/842 841/851/849 1350/1443/1361
f 878/1353/886 1350/1443/1361 841/851/849
f 1351/1444/1362 1350/1443/1361 878/1353/886
f 1351/1444/1362 1349/1442/1360 1350/1443/1361
f 1349/1442/1360 1351/1444/1362 1352/1445/1363
f 1349/1442/1360 1352/1445/1363 831/841/839
f 832/842/840 831/841/839 1352/1445/1363
f 1353/1446/1364 877/890/885 869/880/877
f 1353/1446/1364 1354/1447/1365 877/890/885
f 1354/1447/1365 876/889/884 877/890/885
f 1354/1447/1365 875/888/883 876/889/884
f 878/891/886 875/888/883 1354/1447/1365
f 1351/1448/1362 878/891/886 1354/1447/1365
f 1351/1448/1362 1354/1447/1365 1353/1446/1364
f 1352/1449/1363 1351/1448/1362 1353/1446/1364
f 1352/1449/1363 1353/1446/1364 1355/1450/1366
f 832/1451/840 1352/1449/1363 1355/1450/1366
f 1355/1450/1366 867/878/875 832/1451/840
f 1355/1450/1366 868/879/876 867/878/875
f 1355/1450/1366 869/880/877 868/879/876
f 1355/1450/1366 1353/1446/1364 869/880/877
f 1370/1452/1367 1369/1453/1368 1371/1454/1369
f 1370/1452/1367 1371/1454/1369 1382/1455/1370
f 1372/1456/1371 1382/1455/1370 1371/1454/1369
f 1372/1456/1371 1373/1457/1372 1382/1455/1370
f 1373/1457/1372 1383/1458/1373 1382/1455/1370
f 1373/1457/1372 1374/1459/1374 1383/1458/1373
f 1377/1460/1375 1383/1458/1373 1374/1459/1374
f 1377/1460/1375 1384/1461/1376 1383/1458/1373
f 1384/1461/1376 1377/1460/1375 1378/1462/1377
f 1384/1461/1376 1378/1462/1377 1385/1463/1378
f 1379/1464/1379 1385/1463/1378 1378/1462/1377
f 1379/1464/1379 1381/1465/1380 1385/1463/1378
f 1381/1465/1380 1380/1466/1381 1385/1463/1378
f 1380/1466/1381 1384/1461/1376 1385/1463/1378
f 1380/1466/1381 1375/1467/1382 1384/1461/1376
f 1375/1467/1382 1383/1458/1373 1384/1461/1376
f 1375/1467/1382 1376/1468/1383 1383/1458/1373
f 1383/1458/1373 1376/1468/1383 1370/1452/1367
f 1383/1458/1373 1370/1452/1367 1382/1455/1370
f 1368/1469/1384 1367/1470/1385 1363/1471/1386
f 1368/1469/1384 1363/1471/1386 1386/1472/1387
f 1386/1472/1387 1366/1473/1388 1368/1469/1384
f 1386/1472/1387 1365/1474/1389 1366/1473/1388
f 1365/1474/1389 1386/1472/1387 1387/1475/1390
f 1365/1474/1389 1387/1475/1390 1362/1476/1391
f 1361/1477/1392 1362/1476/1391 1387/1475/1390
f 1361/1477/1392 1387/1475/1390 1388/1478/1393
f 1360/1479/1394 1361/1477/1392 1388/1478/1393
f 1360/1479/1394 1388/1478/1393 1389/1480/1395
f 1389/1480/1395 1359/1481/1396 1360/1479/1394
f 1389/1480/1395 1358/1482/1397 1359/1481/1396
f 1389/1480/1395 1357/1483/1398 1358/1482/1397
f 1357/1483/1398 1389/1480/1395 1388/1478/1393
f 1357/1483/1398 1388/1478/1393 1356/1484/1399
f 1387/1475/1390 1356/1484/1399 1388/1478/1393
f 1387/1475/1390 1364/1485/1400 1356/1484/1399
f 1363/1471/1386 1364/1485/1400 1387/1475/1390
f 1363/1471/1386 1387/1475/1390 1386/1472/1387
f 1402/1486/1401 1403/1487/1402 1404/1488/1401
f 1402/1486/1401 1405/1489/1403 1403/1487/1402
f 1406/1490/1404 1407/1491/1405 1408/1492/1405
f 1406/1490/1404 1409/1493/1404 1407/1491/1405
f 1406/1490/1404 1403/1494/1402 1409/1493/1404
f 1406/1490/1404 1404/1488/1401 1403/1494/1402
f 1410/1495/1406 1408/1492/1405 1407/1496/1405
f 1410/1495/1406 1407/1496/1405 1411/1497/1407
f 1412/1498/1408 1410/1495/1406 1411/1497/1407
f 1412/1498/1408 1411/1497/1407 1413/1499/1409
f 1414/1500/1410 1413/1499/1409 1411/1497/1407
f 1414/1500/1410 1411/1497/1407 1415/1501/1408
f 1416/1502/1408 1405/1503/1403 1402/1504/1401
f 1416/1502/1408 1413/1499/1409 1405/1503/1403
f 1414/1500/1410 1405/1503/1403 1413/1499/1409
f 1414/1500/1410 1417/1505/1408 1405/1503/1403
f 1418/1506/1411 1419/1507/1412 1420/1508/1413
f 1420/1508/1413 1419/1507/1412 1421/1509/1414
f 1420/1508/1413 1421/1509/1414 1422/1510/1415
f 1423/1511/1416 1422/1510/1415 1421/1509/1414
f 1423/1511/1416 1424/1512/1417 1422/1510/1415
f 1423/1511/1416 1425/1513/1418 1424/1512/1417
f 1426/1514/1419 1427/1515/1420 1428/1516/1421
f 1426/1514/1419 1429/1517/1422 1427/1515/1420
f 1430/1518/1423 1429/1517/1422 1426/1514/1419
f 1430/1518/1423 1431/1519/1424 1429/1517/1422
f 1428/1516/1421 1427/1515/1420 1432/1520/1425
f 1432/1520/1425 1433/1521/1426 1428/1516/1421
f 1433/1521/1426 1426/1514/1419 1428/1516/1421
f 1433/1521/1426 1434/1522/1427 1426/1514/1419
f 1434/1522/1427 1430/1518/1423 1426/1514/1419
f 1434/1522/1427 1435/1523/1428 1430/1518/1423
f 1436/1524/1429 1419/1525/1412 1437/1526/1430
f 1436/1524/1429 1421/1527/1414 1419/1525/1412
f 1425/1528/1431 1421/1527/1414 1436/1524/1429
f 1425/1528/1431 1423/1529/1416 1421/1527/1414
f 1437/1526/1430 1419/1525/1412 1418/1530/1411
f 1418/1530/1411 1420/1531/1413 1437/1526/1430
f 1420/1531/1413 1436/1524/1429 1437/1526/1430
f 1420/1531/1413 1422/1532/1415 1436/1524/1429
f 1422/1532/1415 1425/1528/1431 1436/1524/1429
f 1422/1532/1415 1424/1533/1417 1425/1528/1431
f 1438/1534/1432 1439/1535/1433 1440/1536/1434
f 1438/1534/1432 1441/1537/1435 1439/1535/1433
f 1442/1538/1436 1441/1537/1435 1438/1534/1432
f 1442/1538/1436 1443/1539/1437 1441/1537/1435
f 1440/1536/1434 1439/1535/1433 1444/1540/1438
f 1444/1540/1438 1445/1541/1439 1440/1536/1434
f 1445/1541/1439 1438/1534/1432 1440/1536/1434
f 1445/1541/1439 1446/1542/1440 1438/1534/1432
f 1446/1542/1440 1442/1538/1436 1438/1534/1432
f 1446/1542/1440 1447/1529/1441 1442/1538/1436
f 1448/1543/1442 1449/1544/1443 1450/1545/1444
f 1448/1543/1442 1451/1546/1445 1449/1544/1443
f 1452/1547/1446 1451/1546/1445 1448/1543/1442
f 1452/1547/1446 1453/1548/1447 1451/1546/1445
f 1450/1545/1444 1449/1544/1443 1454/1549/1448
f 1454/1549/1448 1455/1550/1449 1450/1545/1444
f 1455/1550/1449 1448/1543/1442 1450/1545/1444
f 1455/1550/1449 1456/1551/1450 1448/1543/1442
f 1456/1551/1450 1452/1547/1446 1448/1543/1442
f 1456/1551/1450 1457/1552/1451 1452/1547/1446
f 1458/1553/1452 1459/1554/1453 1460/1555/1454
f 1458/1553/1452 1461/1556/1455 1459/1554/1453
f 1462/1557/1456 1461/1556/1455 1458/1553/1452
f 1462/1557/1456 1463/1558/1457 1461/1556/1455
f 1460/1555/1454 1459/1554/1453 1464/1559/1458
f 1464/1559/1458 1465/1560/1459 1460/1555/1454
f 1465/1560/1459 1458/1553/1452 1460/1555/1454
f 1465/1560/1459 1466/1561/1460 1458/1553/1452
f 1466/1561/1460 1462/1557/1456 1458/1553/1452
f 1466/1561/1460 1467/1562/1461 1462/1557/1456
f 1468/1563/1462 1469/1564/1463 1470/1565/1464
f 1468/1563/1462 1471/1566/1465 1469/1564/1463
f 1472/1567/1466 1471/1566/1465 1468/1563/1462
f 1472/1567/1466 1473/1568/1467 1471/1566/1465
f 1470/1565/1464 1469/1564/1463 1474/1569/1468
f 1474/1569/1468 1475/1570/1469 1470/1565/1464
f 1475/1570/1469 1468/1563/1462 1470/1565/1464
f 1475/1570/1469 1476/1571/1470 1468/1563/1462
f 1476/1571/1470 1472/1567/1466 1468/1563/1462
f 1476/1571/1470 1477/1572/1471 1472/1567/1466
f 1478/1573/1472 1479/1574/1473 1480/1575/1474
f 1478/1573/1472 1481/1576/1475 1479/1574/1473
f 1482/1577/1476 1481/1576/1475 1478/1573/1472
f 1482/1577/1476 1483/1578/1477 1481/1576/1475
f 1480/1575/1474 1479/1574/1473 1484/1579/1478
f 1484/1579/1478 1485/1580/1479 1480/1575/1474
f 1485/1580/1479 1478/1573/1472 1480/1575/1474
f 1485/1580/1479 1486/1581/1480 1478/1573/1472
f 1486/1581/1480 1482/1577/1476 1478/1573/1472
f 1486/1581/1480 1487/1582/1481 1482/1577/1476
f 1488/1583/1482 1489/1584/1483 1490/1585/1484
f 1488/1583/1482 1491/1586/1465 1489/1584/1483
f 1492/1587/1485 1491/1586/1465 1488/1583/1482
f 1492/1587/1485 1493/1588/1486 1491/1586/1465
f 1490/1585/1484 1489/1584/1483 1494/1589/1487
f 1494/1589/1487 1495/1590/1488 1490/1585/1484
f 1495/1590/1488 1488/1583/1482 1490/1585/1484
f 1495/1590/1488 1496/1591/1489 1488/1583/1482
f 1496/1591/1489 1492/1587/1485 1488/1583/1482
f 1496/1591/1489 1497/1592/1490 1492/1587/1485
f 1498/1593/1491 1499/1594/1492 1500/1595/1493
f 1498/1593/1491 1501/1596/1494 1499/1594/1492
f 1502/1597/1495 1501/1596/1494 1498/1593/1491
f 1502/1597/1495 1503/1598/1496 1501/1596/1494
f 1500/1595/1493 1499/1594/1492 1504/1599/1497
f 1504/1599/1497 1505/1600/1498 1500/1595/1493
f 1505/1600/1498 1498/1593/1491 1500/1595/1493
f 1505/1600/1498 1506/1601/1499 1498/1593/1491
f 1506/1601/1499 1502/1597/1495 1498/1593/1491
f 1506/1601/1499 1507/1602/1500 1502/1597/1495
f 1508/1603/1501 1509/1604/1502 1510/1605/1503
f 1508/1603/1501 1511/1606/1504 1509/1604/1502
f 1512/1607/1505 1511/1606/1504 1508/1603/1501
f 1512/1607/1505 1513/1602/1506 1511/1606/1504
f 1510/1605/1503 1509/1604/1502 1514/1608/1507
f 1514/1608/1507 1515/1609/1508 1510/1605/1503
f 1515/1609/1508 1508/1603/1501 1510/1605/1503
f 1515/1609/1508 1516/1610/1509 1508/1603/1501
f 1516/1610/1509 1512/1607/1505 1508/1603/1501
f 1516/1610/1509 1517/1611/1500 1512/1607/1505
f 1518/1612/1510 1519/1548/1511 1520/1613/1512
f 1518/1612/1510 1520/1613/1512 1521/1614/1513
f 1522/1615/1514 1518/1612/1510 1521/1614/1513
f 1522/1615/1514 1521/1614/1513 1523/1616/1515
f 1524/1617/1516 1522/1615/1514 1523/1616/1515
f 1523/1616/1515 1525/1618/1517 1524/1617/1516
f 1521/1614/1513 1525/1618/1517 1523/1616/1515
f 1521/1614/1513 1526/1619/1518 1525/1618/1517
f 1520/1613/1512 1526/1619/1518 1521/1614/1513
f 1520/1613/1512 1527/1620/1519 1526/1619/1518
f 1444/1506/1438 1439/1507/1433 1445/1508/1439
f 1445/1508/1439 1439/1507/1433 1441/1509/1435
f 1445/1508/1439 1441/1509/1435 1446/1510/1440
f 1441/1509/1435 1447/1512/1441 1446/1510/1440
f 1441/1509/1435 1443/1511/1437 1447/1512/1441
f 1443/1511/1437 1442/1513/1520 1447/1512/1441
f 1454/1506/1448 1449/1507/1443 1455/1508/1449
f 1455/1508/1449 1449/1507/1443 1451/1509/1445
f 1455/1508/1449 1451/1509/1445 1456/1510/1450
f 1451/1509/1445 1457/1512/1451 1456/1510/1450
f 1451/1509/1445 1453/1511/1447 1457/1512/1451
f 1453/1511/1447 1452/1513/1521 1457/1512/1451
f 1464/1506/1458 1459/1507/1453 1465/1508/1459
f 1465/1508/1459 1459/1507/1453 1461/1509/1455
f 1465/1508/1459 1461/1509/1455 1466/1510/1460
f 1461/1509/1455 1467/1512/1461 1466/1510/1460
f 1461/1509/1455 1463/1511/1457 1467/1512/1461
f 1463/1511/1457 1462/1513/1522 1467/1512/1461
f 1474/1506/1468 1469/1507/1463 1475/1508/1469
f 1469/1507/1463 1476/1510/1470 1475/1508/1469
f 1469/1507/1463 1471/1509/1465 1476/1510/1470
f 1471/1509/1465 1477/1512/1471 1476/1510/1470
f 1471/1509/1465 1473/1511/1467 1477/1512/1471
f 1473/1511/1467 1472/1513/1523 1477/1512/1471
f 1484/1506/1478 1479/1507/1473 1485/1508/1479
f 1479/1507/1473 1486/1510/1480 1485/1508/1479
f 1479/1507/1473 1481/1509/1475 1486/1510/1480
f 1481/1509/1475 1487/1512/1481 1486/1510/1480
f 1481/1509/1475 1483/1511/1477 1487/1512/1481
f 1483/1511/1477 1482/1513/1523 1487/1512/1481
f 1494/1506/1487 1489/1507/1483 1495/1508/1488
f 1495/1508/1488 1489/1507/1483 1491/1509/1465
f 1495/1508/1488 1491/1509/1465 1496/1510/1489
f 1493/1511/1486 1496/1510/1489 1491/1509/1465
f 1493/1511/1486 1497/1512/1490 1496/1510/1489
f 1493/1511/1486 1492/1513/1521 1497/1512/1490
f 1528/1621/1524 1529/1622/1525 1530/1623/1526
f 1528/1621/1524 1530/1623/1526 1531/1624/1527
f 1530/1623/1526 1532/1625/1528 1533/1626/1529
f 1530/1623/1526 1533/1626/1529 1531/1624/1527
f 1534/1627/1530 1531/1624/1527 1533/1626/1529
f 1532/1625/1528 1535/1628/1531 1536/1629/1532
f 1533/1626/1529 1532/1625/1528 1536/1629/1532
f 1533/1626/1529 1536/1629/1532 1537/1630/1533
f 1534/1627/1530 1533/1626/1529 1537/1630/1533
f 1534/1627/1530 1537/1630/1533 1538/1631/1534
f 1539/1632/1535 1538/1631/1534 1537/1630/1533
f 1540/1633/1536 1538/1631/1534 1539/1632/1535
f 1540/1633/1536 1541/1634/1537 1538/1631/1534
f 1542/1635/1538 1538/1631/1534 1541/1634/1537
f 1542/1635/1538 1534/1627/1530 1538/1631/1534
f 1542/1635/1538 1543/1636/1539 1534/1627/1530
f 1534/1627/1530 1543/1636/1539 1531/1624/1527
f 1544/1637/1540 1531/1624/1527 1543/1636/1539
f 1544/1637/1540 1528/1621/1524 1531/1624/1527
f 1545/1638/1541 1528/1621/1524 1544/1637/1540
f 1545/1638/1541 1546/1639/1542 1528/1621/1524
f 1547/1640/1543 1546/1639/1542 1545/1638/1541
f 1548/1641/1544 1546/1639/1542 1547/1640/1543
f 1548/1641/1544 1547/1640/1543 1549/1642/1545
f 1549/1642/1545 1547/1640/1543 1550/1643/1546
f 1549/1642/1545 1550/1643/1546 1551/1644/1547
f 1551/1644/1547 1550/1643/1546 1552/1645/1548
f 1551/1644/1547 1552/1645/1548 1553/1646/1549
f 1554/1647/1550 1540/1633/1536 1539/1632/1535
f 1555/1648/1551 1545/1638/1541 1544/1637/1540
f 1556/1649/1552 1555/1648/1551 1544/1637/1540
f 1556/1649/1552 1544/1637/1540 1543/1636/1539
f 1542/1635/1538 1556/1649/1552 1543/1636/1539
f 1557/1650/1553 1558/1651/1554 1559/1652/1555
f 1560/1653/1556 1557/1650/1553 1559/1652/1555
f 1560/1653/1556 1559/1652/1555 1561/1654/1557
f 1562/1655/1558 1560/1653/1556 1561/1654/1557
f 1562/1655/1558 1561/1654/1557 1563/1656/1559
f 1562/1655/1558 1563/1656/1559 1564/1657/1560
f 1563/1656/1559 1565/1658/1561 1564/1657/1560
f 1566/1659/1562 1564/1657/1560 1565/1658/1561
f 1566/1659/1562 1565/1658/1561 1567/1660/1563
f 1568/1661/1564 1566/1659/1562 1567/1660/1563
f 1568/1661/1564 1567/1660/1563 1552/1645/1548
f 1550/1643/1546 1568/1661/1564 1552/1645/1548
f 1550/1643/1546 1569/1662/1565 1568/1661/1564
f 1547/1640/1543 1569/1662/1565 1550/1643/1546
f 1547/1640/1543 1570/1663/1566 1569/1662/1565
f 1547/1640/1543 1545/1638/1541 1570/1663/1566
f 1545/1638/1541 1571/1664/1567 1570/1663/1566
f 1545/1638/1541 1555/1648/1551 1571/1664/1567
f 1561/1654/1557 1572/1665/1568 1563/1656/1559
f 1563/1656/1559 1572/1665/1568 1565/1658/1561
f 1562/1655/1558 1564/1657/1560 1573/1666/1569
f 1573/1666/1569 1564/1657/1560 1566/1659/1562
f 1573/1666/1569 1566/1659/1562 1574/1667/1570
f 1575/1668/1571 1574/1667/1570 1566/1659/1562
f 1575/1668/1571 1566/1659/1562 1568/1661/1564
f 1569/1662/1565 1575/1668/1571 1568/1661/1564
f 1569/1662/1565 1576/1669/1572 1575/1668/1571
f 1570/1663/1566 1576/1669/1572 1569/1662/1565
f 1570/1663/1566 1571/1664/1567 1576/1669/1572
f 1577/1670/1573 1578/1671/1574 1579/1672/1575
f 1577/1670/1573 1579/1672/1575 1580/1673/1576
f 1558/1651/1554 1577/1670/1573 1580/1673/1576
f 1558/1651/1554 1580/1673/1576 1559/1652/1555
f 1559/1652/1555 1580/1673/1576 1581/1674/1577
f 1559/1652/1555 1581/1674/1577 1561/1654/1557
f 1561/1654/1557 1581/1674/1577 1572/1665/1568
f 1581/1674/1577 1582/1675/1578 1572/1665/1568
f 1582/1675/1578 1565/1658/1561 1572/1665/1568
f 1582/1675/1578 1583/1676/1579 1565/1658/1561
f 1583/1676/1579 1567/1660/1563 1565/1658/1561
f 1583/1676/1579 1584/1677/1580 1567/1660/1563
f 1584/1677/1580 1552/1645/1548 1567/1660/1563
f 1581/1674/1577 1585/1678/1581 1582/1675/1578
f 1580/1673/1576 1585/1678/1581 1581/1674/1577
f 1580/1673/1576 1579/1672/1575 1585/1678/1581
f 1584/1677/1580 1553/1646/1549 1552/1645/1548
f 1586/1679/1582 1553/1646/1549 1584/1677/1580
f 1583/1676/1579 1586/1679/1582 1584/1677/1580
f 1583/1676/1579 1587/1680/1583 1586/1679/1582
f 1582/1675/1578 1587/1680/1583 1583/1676/1579
f 1582/1675/1578 1588/1681/1584 1587/1680/1583
f 1585/1678/1581 1588/1681/1584 1582/1675/1578
f 1585/1678/1581 1589/1682/1585 1588/1681/1584
f 1579/1672/1575 1589/1682/1585 1585/1678/1581
f 1579/1672/1575 1590/1683/1586 1589/1682/1585
f 1579/1672/1575 1578/1671/1574 1590/1683/1586
f 1578/1671/1574 1591/1684/1587 1590/1683/1586
f 1592/1685/1588 1591/1684/1587 1578/1671/1574
f 1592/1685/1588 1578/1671/1574 1577/1670/1573
f 1539/1632/1535 1592/1685/1588 1577/1670/1573
f 1539/1632/1535 1577/1670/1573 1558/1651/1554
f 1554/1647/1550 1539/1632/1535 1558/1651/1554
f 1557/1650/1553 1554/1647/1550 1558/1651/1554
f 1586/1679/1582 1587/1680/1583 1593/1686/1589
f 1587/1680/1583 1594/1687/1590 1593/1686/1589
f 1587/1680/1583 1588/1681/1584 1594/1687/1590
f 1588/1681/1584 1595/1688/1591 1594/1687/1590
f 1588/1681/1584 1589/1682/1585 1595/1688/1591
f 1590/1683/1586 1595/1688/1591 1589/1682/1585
f 1596/1689/1592 1594/1687/1590 1595/1688/1591
f 1596/1689/1592 1597/1690/1593 1594/1687/1590
f 1597/1690/1593 1593/1686/1589 1594/1687/1590
f 1597/1690/1593 1598/1691/1594 1593/1686/1589
f 1598/1691/1594 1599/1692/1595 1593/1686/1589
f 1586/1679/1582 1593/1686/1589 1599/1692/1595
f 1600/1693/1596 1586/1679/1582 1599/1692/1595
f 1586/1679/1582 1600/1693/1596 1553/1646/1549
f 1551/1644/1547 1553/1646/1549 1600/1693/1596
f 1601/1694/1597 1600/1693/1596 1602/1695/1598
f 1600/1693/1596 1599/1692/1595 1602/1695/1598
f 1603/1696/1599 1602/1695/1598 1599/1692/1595
f 1598/1691/1594 1603/1696/1599 1599/1692/1595
f 1604/1697/1600 1603/1696/1599 1598/1691/1594
f 1604/1697/1600 1598/1691/1594 1597/1690/1593
f 1605/1698/1601 1604/1697/1600 1597/1690/1593
f 1605/1698/1601 1597/1690/1593 1596/1689/1592
f 1606/1699/1602 1605/1698/1601 1596/1689/1592
f 1606/1699/1602 1596/1689/1592 1595/1688/1591
f 1606/1699/1602 1595/1688/1591 1607/1700/1603
f 1590/1683/1586 1607/1700/1603 1595/1688/1591
f 1535/1628/1531 1607/1700/1603 1590/1683/1586
f 1591/1684/1587 1535/1628/1531 1590/1683/1586
f 1591/1684/1587 1536/1629/1532 1535/1628/1531
f 1536/1629/1532 1591/1684/1587 1592/1685/1588
f 1536/1629/1532 1592/1685/1588 1537/1630/1533
f 1539/1632/1535 1537/1630/1533 1592/1685/1588
f 1601/1694/1597 1602/1695/1598 1608/1701/1604
f 1609/1702/1605 1608/1701/1604 1602/1695/1598
f 1603/1696/1599 1609/1702/1605 1602/1695/1598
f 1603/1696/1599 1610/1703/1606 1609/1702/1605
f 1603/1696/1599 1604/1697/1600 1610/1703/1606
f 1604/1697/1600 1611/1704/1607 1610/1703/1606
f 1612/1705/1608 1613/1706/1609 1614/1707/1610
f 1615/1708/1611 1614/1707/1610 1613/1706/1609
f 1615/1708/1611 1613/1706/1609 1616/1709/1612
f 1606/1699/1602 1615/1708/1611 1616/1709/1612
f 1606/1699/1602 1616/1709/1612 1605/1698/1601
f 1612/1705/1608 1617/1710/1613 1618/1711/1614
f 1612/1705/1608 1618/1711/1614 1619/1712/1615
f 1612/1705/1608 1619/1712/1615 1613/1706/1609
f 1619/1712/1615 1620/1713/1616 1613/1706/1609
f 1620/1713/1616 1616/1709/1612 1613/1706/1609
f 1620/1713/1616 1621/1714/1617 1616/1709/1612
f 1621/1714/1617 1605/1698/1601 1616/1709/1612
f 1621/1714/1617 1622/1715/1618 1605/1698/1601
f 1622/1715/1618 1604/1697/1600 1605/1698/1601
f 1622/1715/1618 1623/1716/1619 1604/1697/1600
f 1604/1697/1600 1623/1716/1619 1611/1704/1607
f 1624/1717/1620 1611/1704/1607 1623/1716/1619
f 1624/1717/1620 1625/1718/1621 1611/1704/1607
f 1626/1719/1622 1625/1718/1621 1624/1717/1620
f 1626/1719/1622 1624/1717/1620 1627/1720/1623
f 1628/1721/1624 1626/1719/1622 1627/1720/1623
f 1629/1722/1625 1628/1721/1624 1627/1720/1623
f 1630/1723/1626 1628/1721/1624 1629/1722/1625
f 1622/1715/1618 1624/1717/1620 1623/1716/1619
f 1619/1712/1615 1631/1724/1627 1620/1713/1616
f 1630/1723/1626 1632/1725/1628 1628/1721/1624
f 1633/1726/1629 1628/1721/1624 1632/1725/1628
f 1633/1726/1630 1634/1727/1631 1628/1721/1624
f 1628/1721/1624 1634/1727/1631 1626/1719/1622
f 1631/1724/1627 1635/1728/1632 1636/1729/1633
f 1631/1724/1627 1619/1712/1615 1635/1728/1632
f 1635/1728/1632 1619/1712/1615 1618/1711/1614
f 1622/1715/1618 1637/1730/1634 1624/1717/1620
f 1622/1715/1618 1638/1731/1635 1637/1730/1634
f 1622/1715/1618 1621/1714/1617 1638/1731/1635
f 1638/1731/1635 1621/1714/1617 1620/1713/1616
f 1638/1731/1635 1620/1713/1616 1639/1732/1636
f 1631/1724/1627 1639/1732/1636 1620/1713/1616
f 1631/1724/1627 1640/1733/1637 1639/1732/1636
f 1640/1733/1637 1631/1724/1627 1636/1729/1633
f 1640/1733/1637 1636/1729/1633 1641/1734/1638
f 1642/1735/1639 1641/1734/1638 1636/1729/1633
f 1642/1735/1639 1643/1736/1640 1641/1734/1638
f 1642/1735/1639 1644/1737/1641 1643/1736/1640
f 1645/1738/1642 1643/1736/1640 1644/1737/1641
f 1645/1738/1642 1641/1734/1638 1643/1736/1640
f 1645/1738/1642 1646/1739/1643 1641/1734/1638
f 1647/1740/1644 1641/1734/1638 1646/1739/1643
f 1647/1740/1644 1640/1733/1637 1641/1734/1638
f 1640/1733/1637 1647/1740/1644 1648/1741/1645
f 1640/1733/1637 1648/1741/1645 1639/1732/1636
f 1649/1742/1646 1639/1732/1636 1648/1741/1645
f 1649/1742/1646 1638/1731/1635 1639/1732/1636
f 1650/1743/1647 1638/1731/1635 1649/1742/1646
f 1650/1743/1647 1637/1730/1634 1638/1731/1635
f 1651/1744/1648 1652/1745/1649 1653/1746/1650
f 1651/1744/1648 1644/1737/1641 1652/1745/1649
f 1651/1744/1648 1654/1747/1651 1644/1737/1641
f 1645/1738/1642 1644/1737/1641 1654/1747/1651
f 1655/1748/1652 1645/1738/1642 1654/1747/1651
f 1655/1748/1652 1646/1739/1643 1645/1738/1642
f 1655/1748/1652 1656/1749/1653 1646/1739/1643
f 1656/1749/1653 1647/1740/1644 1646/1739/1643
f 1656/1749/1653 1657/1750/1654 1647/1740/1644
f 1648/1741/1645 1647/1740/1644 1657/1750/1654
f 1648/1741/1645 1657/1750/1654 1658/1751/1655
f 1649/1742/1646 1648/1741/1645 1658/1751/1655
f 1649/1742/1646 1658/1751/1655 1659/1752/1656
f 1650/1743/1647 1649/1742/1646 1659/1752/1656
f 1650/1743/1647 1659/1752/1656 1629/1722/1625
f 1629/1722/1625 1627/1720/1623 1650/1743/1647
f 1650/1743/1647 1627/1720/1623 1624/1717/1620
f 1650/1743/1647 1624/1717/1620 1637/1730/1634
f 1651/1744/1648 1660/1753/1657 1654/1747/1651
f 1655/1748/1652 1654/1747/1651 1660/1753/1657
f 1630/1723/1626 1629/1722/1625 1659/1752/1656
f 1630/1723/1626 1659/1752/1656 1661/1754/1658
f 1661/1754/1658 1659/1752/1656 1658/1751/1655
f 1661/1754/1658 1658/1751/1655 1662/1755/1659
f 1657/1750/1654 1662/1755/1659 1658/1751/1655
f 1657/1750/1654 1663/1756/1660 1662/1755/1659
f 1663/1756/1660 1657/1750/1654 1656/1749/1653
f 1663/1756/1661 1656/1749/1653 1664/1757/1662
f 1655/1748/1652 1664/1757/1662 1656/1749/1653
f 1655/1748/1652 1665/1758/1663 1664/1757/1662
f 1655/1748/1652 1666/1759/1664 1665/1758/1663
f 1655/1748/1652 1660/1753/1657 1666/1759/1664
f 1667/1760/1665 1666/1759/1664 1660/1753/1657
f 1667/1760/1665 1660/1753/1657 1668/1761/1666
f 1651/1744/1648 1668/1761/1666 1660/1753/1657
f 1668/1761/1666 1651/1744/1648 1669/1762/1667
f 1651/1744/1648 1653/1746/1650 1669/1762/1667
f 1669/1762/1667 1653/1746/1650 1670/1763/1668
f 1668/1761/1666 1671/1764/1669 1667/1760/1665
f 1668/1761/1666 1672/1765/1670 1671/1764/1669
f 1668/1761/1666 1669/1762/1667 1672/1765/1670
f 1672/1765/1670 1669/1762/1667 1673/1766/1671
f 1669/1762/1667 1670/1763/1668 1673/1766/1671
f 1674/1767/1672 1673/1766/1671 1670/1763/1668
f 1674/1767/1672 1670/1763/1668 1675/1768/1673
f 1626/1769/1622 1674/1767/1672 1675/1768/1673
f 1626/1769/1622 1675/1768/1673 1625/1770/1621
f 1634/1771/1631 1674/1767/1672 1626/1769/1622
f 1676/1772/1674 1671/1764/1669 1672/1765/1670
f 1676/1772/1674 1672/1765/1670 1677/1773/1675
f 1672/1765/1670 1673/1766/1671 1677/1773/1675
f 1677/1773/1675 1673/1766/1671 1674/1767/1672
f 1677/1773/1675 1674/1767/1672 1678/1774/1676
f 1634/1771/1631 1678/1774/1676 1674/1767/1672
f 1679/1775/1677 1678/1774/1676 1634/1771/1631
f 1679/1775/1677 1634/1771/1631 1633/1776/1630
f 1679/1775/1677 1676/1772/1674 1677/1773/1675
f 1679/1775/1677 1677/1773/1675 1678/1774/1676
f 1653/1746/1650 1680/1777/1678 1670/1763/1668
f 1675/1768/1673 1670/1763/1668 1680/1777/1678
f 1675/1768/1673 1680/1777/1678 1681/1778/1679
f 1681/1778/1679 1625/1770/1621 1675/1768/1673
f 1681/1778/1679 1611/1779/1607 1625/1770/1621
f 1610/1780/1606 1611/1779/1607 1681/1778/1679
f 1610/1780/1606 1681/1778/1679 1682/1781/1680
f 1682/1781/1680 1683/1782/1681 1610/1780/1606
f 1682/1781/1680 1684/1783/1682 1683/1782/1681
f 1684/1783/1682 1685/1784/1683 1683/1782/1681
f 1684/1783/1682 1686/1785/1684 1685/1784/1683
f 1687/1786/1685 1685/1784/1683 1686/1785/1684
f 1687/1786/1685 1686/1785/1684 1688/1787/1686
f 1687/1786/1685 1688/1787/1686 1689/1788/1687
f 1689/1788/1687 1688/1787/1686 1690/1789/1688
f 1689/1788/1687 1690/1789/1688 1691/1790/1689
f 1692/1791/1690 1691/1790/1689 1690/1789/1688
f 1692/1791/1690 1693/1792/1691 1691/1790/1689
f 1687/1786/1685 1694/1793/1692 1685/1784/1683
f 1680/1777/1678 1695/1794/1693 1696/1795/1694
f 1696/1795/1694 1681/1778/1679 1680/1777/1678
f 1696/1795/1694 1682/1781/1680 1681/1778/1679
f 1697/1796/1695 1698/1797/1696 1699/1798/1697
f 1699/1798/1697 1642/1735/1639 1697/1796/1695
f 1699/1798/1697 1700/1799/1698 1642/1735/1639
f 1642/1735/1639 1700/1799/1698 1644/1737/1641
f 1701/1800/1699 1644/1737/1641 1700/1799/1698
f 1701/1800/1699 1652/1745/1649 1644/1737/1641
f 1652/1745/1649 1701/1800/1699 1702/1801/1700
f 1652/1745/1649 1702/1801/1700 1653/1746/1650
f 1653/1746/1650 1702/1801/1700 1680/1777/1678
f 1702/1801/1700 1703/1802/1701 1680/1777/1678
f 1695/1794/1693 1680/1777/1678 1703/1802/1701
f 1695/1794/1693 1703/1802/1701 1704/1803/1702
f 1695/1794/1693 1704/1803/1702 1705/1804/1702
f 1706/1805/1703 1695/1794/1693 1705/1804/1702
f 1706/1805/1703 1696/1795/1694 1695/1794/1693
f 1707/1806/1704 1696/1795/1694 1706/1805/1703
f 1707/1806/1704 1682/1781/1680 1696/1795/1694
f 1684/1783/1682 1682/1781/1680 1707/1806/1704
f 1703/1802/1701 1708/1807/1705 1704/1803/1702
f 1702/1801/1700 1701/1800/1699 1709/1808/1706
f 1709/1808/1706 1701/1800/1699 1700/1799/1698
f 1709/1808/1706 1700/1799/1698 1699/1798/1697
f 1699/1798/1697 1710/1809/1707 1709/1808/1706
f 1699/1798/1697 1698/1797/1696 1710/1809/1707
f 1698/1797/1696 1711/1810/1708 1710/1809/1707
f 1698/1797/1696 1712/1811/1709 1711/1810/1708
f 1711/1810/1708 1712/1811/1709 1713/1812/1710
f 1712/1811/1709 1714/1813/1711 1713/1812/1710
f 1715/1814/1712 1713/1812/1710 1714/1813/1711
f 1715/1814/1712 1714/1813/1711 1716/1815/1713
f 1716/1815/1713 1717/1816/1714 1715/1814/1712
f 1716/1815/1713 1718/1817/1715 1717/1816/1714
f 1717/1816/1714 1718/1817/1715 1719/1818/1716
f 1719/1818/1716 1718/1817/1715 1720/1819/1717
f 1719/1818/1716 1720/1819/1717 1721/1820/1718
f 1721/1820/1718 1720/1819/1717 1722/1821/1719
f 1721/1820/1718 1722/1821/1719 1723/1822/1720
f 1711/1810/1708 1713/1812/1710 1724/1823/1708
f 1716/1815/1713 1714/1813/1711 1725/1824/1721
f 1716/1815/1713 1725/1824/1721 1726/1825/1722
f 1726/1825/1722 1718/1817/1715 1716/1815/1713
f 1726/1825/1722 1720/1819/1717 1718/1817/1715
f 1726/1825/1722 1722/1821/1719 1720/1819/1717
f 1727/1826/1723 1728/1827/1724 1729/1828/1725
f 1728/1827/1724 1721/1820/1718 1729/1828/1725
f 1721/1820/1718 1730/1829/1726 1729/1828/1725
f 1721/1820/1718 1723/1822/1720 1730/1829/1726
f 1731/1830/1727 1730/1829/1726 1723/1822/1720
f 1732/1831/1728 1731/1830/1727 1723/1822/1720
f 1732/1831/1728 1723/1822/1720 1722/1821/1719
f 1733/1832/1729 1732/1831/1728 1722/1821/1719
f 1726/1825/1722 1733/1832/1729 1722/1821/1719
f 1734/1833/1730 1733/1832/1729 1726/1825/1722
f 1734/1833/1730 1726/1825/1722 1725/1824/1721
f 1735/1834/1731 1734/1833/1730 1725/1824/1721
f 1714/1813/1711 1735/1834/1731 1725/1824/1721
f 1714/1813/1711 1736/1835/1732 1735/1834/1731
f 1712/1811/1709 1736/1835/1732 1714/1813/1711
f 1737/1836/1733 1736/1835/1732 1712/1811/1709
f 1737/1836/1733 1712/1811/1709 1698/1797/1696
f 1697/1796/1695 1737/1836/1733 1698/1797/1696
f 1697/1796/1695 1738/1837/1734 1737/1836/1733
f 1735/1834/1731 1737/1836/1733 1738/1837/1734
f 1735/1834/1731 1736/1835/1732 1737/1836/1733
f 1727/1826/1723 1729/1828/1725 1739/1838/1735
f 1729/1828/1725 1740/1839/1736 1739/1838/1735
f 1729/1828/1725 1730/1829/1726 1740/1839/1736
f 1741/1840/1737 1740/1839/1736 1730/1829/1726
f 1731/1830/1727 1741/1840/1737 1730/1829/1726
f 1741/1840/1737 1742/1841/1738 1740/1839/1736
f 1743/1842/1739 1744/1843/1740 1745/1844/1741
f 1743/1842/1739 1745/1844/1741 1746/1845/1742
f 1747/1846/1743 1743/1842/1739 1746/1845/1742
f 1747/1846/1743 1746/1845/1742 1748/1847/1744
f 1749/1848/1745 1747/1846/1743 1748/1847/1744
f 1749/1848/1745 1748/1847/1744 1750/1849/1746
f 1751/1850/1747 1749/1848/1745 1750/1849/1746
f 1752/1851/1748 1751/1850/1747 1750/1849/1746
f 1753/1852/1749 1751/1850/1747 1752/1851/1748
f 1752/1851/1748 1734/1833/1730 1753/1852/1749
f 1617/1710/1613 1753/1852/1749 1734/1833/1730
f 1735/1834/1731 1617/1710/1613 1734/1833/1730
f 1618/1711/1614 1617/1710/1613 1735/1834/1731
f 1618/1711/1614 1735/1834/1731 1738/1837/1734
f 1635/1728/1632 1618/1711/1614 1738/1837/1734
f 1697/1796/1695 1635/1728/1632 1738/1837/1734
f 1697/1796/1695 1636/1729/1633 1635/1728/1632
f 1697/1796/1695 1642/1735/1639 1636/1729/1633
f 1734/1833/1730 1754/1853/1750 1733/1832/1729
f 1752/1851/1748 1754/1853/1750 1734/1833/1730
f 1754/1853/1750 1752/1851/1748 1755/1854/1751
f 1752/1851/1748 1750/1849/1746 1755/1854/1751
f 1756/1855/1752 1755/1854/1751 1750/1849/1746
f 1756/1855/1752 1750/1849/1746 1748/1847/1744
f 1756/1855/1752 1748/1847/1744 1746/1845/1742
f 1756/1855/1752 1746/1845/1742 1757/1856/1753
f 1757/1856/1753 1746/1845/1742 1745/1844/1741
f 1757/1856/1753 1745/1844/1741 1758/1857/1754
f 1759/1858/1755 1757/1856/1753 1758/1857/1754
f 1759/1858/1755 1758/1857/1754 1760/1859/1756
f 1761/1860/1757 1759/1858/1755 1760/1859/1756
f 1761/1860/1757 1760/1859/1756 1762/1861/1758
f 1754/1853/1750 1755/1854/1751 1763/1862/1759
f 1759/1858/1755 1756/1855/1752 1757/1856/1753
f 1759/1858/1755 1764/1863/1760 1756/1855/1752
f 1764/1863/1760 1755/1854/1751 1756/1855/1752
f 1764/1863/1760 1763/1862/1759 1755/1854/1751
f 1765/1864/1761 1763/1862/1759 1764/1863/1760
f 1754/1853/1750 1763/1862/1759 1765/1864/1761
f 1754/1853/1750 1765/1864/1761 1766/1865/1762
f 1766/1865/1762 1733/1832/1729 1754/1853/1750
f 1766/1865/1762 1767/1866/1743 1733/1832/1729
f 1733/1832/1729 1767/1866/1743 1732/1831/1728
f 1765/1864/1761 1764/1863/1760 1768/1867/1763
f 1768/1867/1763 1764/1863/1760 1759/1858/1755
f 1768/1867/1763 1759/1858/1755 1761/1860/1757
f 1769/1868/1764 1770/1869/1765 1771/1870/1766
f 1770/1869/1765 1769/1868/1764 1772/1871/1767
f 1770/1869/1765 1772/1871/1767 1773/1872/1768
f 1774/1873/1769 1773/1872/1768 1772/1871/1767
f 1774/1873/1769 1775/1874/1770 1773/1872/1768
f 1617/1710/1613 1775/1874/1770 1753/1852/1749
f 1775/1874/1770 1617/1710/1613 1612/1705/1608
f 1775/1874/1770 1612/1705/1608 1773/1872/1768
f 1773/1872/1768 1612/1705/1608 1614/1707/1610
f 1773/1872/1768 1614/1707/1610 1770/1869/1765
f 1770/1869/1765 1614/1707/1610 1615/1708/1611
f 1770/1869/1765 1615/1708/1611 1771/1870/1766
f 1771/1870/1766 1615/1708/1611 1606/1699/1602
f 1771/1870/1766 1606/1699/1602 1607/1700/1603
f 1535/1628/1531 1771/1870/1766 1607/1700/1603
f 1769/1868/1764 1771/1870/1766 1535/1628/1531
f 1532/1625/1528 1769/1868/1764 1535/1628/1531
f 1532/1625/1528 1772/1871/1767 1769/1868/1764
f 1532/1625/1528 1530/1623/1526 1772/1871/1767
f 1530/1623/1526 1774/1873/1769 1772/1871/1767
f 1530/1623/1526 1529/1622/1525 1774/1873/1769
f 1774/1873/1769 1529/1622/1525 1548/1641/1544
f 1548/1641/1544 1529/1622/1525 1528/1621/1524
f 1548/1641/1544 1528/1621/1524 1546/1639/1542
f 1776/1875/1771 1777/1876/1772 1778/1877/1773
f 1779/1878/1774 1778/1877/1773 1777/1876/1772
f 1780/1879/1775 1779/1878/1774 1777/1876/1772
f 1780/1879/1775 1777/1876/1772 1781/1880/1776
f 1782/1881/1777 1780/1879/1775 1781/1880/1776
f 1782/1881/1777 1781/1880/1776 1783/1882/1778
f 1784/1883/1779 1782/1881/1777 1783/1882/1778
f 1784/1883/1779 1783/1882/1778 1785/1884/1780
f 1784/1883/1779 1785/1884/1780 1786/1885/1781
f 1774/1873/1769 1786/1885/1781 1785/1884/1780
f 1774/1873/1769 1787/1886/1782 1786/1885/1781
f 1774/1873/1769 1548/1641/1544 1787/1886/1782
f 1788/1887/1783 1787/1886/1782 1548/1641/1544
f 1788/1887/1783 1548/1641/1544 1549/1642/1545
f 1788/1887/1783 1549/1642/1545 1789/1888/1784
f 1789/1888/1784 1549/1642/1545 1551/1644/1547
f 1789/1888/1784 1551/1644/1547 1601/1694/1597
f 1551/1644/1547 1600/1693/1596 1601/1694/1597
f 1790/1889/1785 1787/1886/1782 1788/1887/1783
f 1791/1890/1786 1792/1891/1787 1790/1889/1785
f 1790/1889/1785 1792/1891/1787 1787/1886/1782
f 1792/1891/1787 1786/1885/1781 1787/1886/1782
f 1777/1876/1772 1793/1892/1788 1781/1880/1776
f 1777/1876/1772 1794/1893/1789 1793/1892/1788
f 1776/1875/1771 1794/1893/1789 1777/1876/1772
f 1795/1894/1790 1794/1893/1789 1776/1875/1771
f 1795/1894/1790 1796/1895/1791 1794/1893/1789
f 1795/1894/1790 1797/1896/1792 1796/1895/1791
f 1796/1895/1791 1797/1896/1792 1798/1897/1793
f 1796/1895/1791 1798/1897/1793 1799/1898/1794
f 1800/1899/1795 1799/1898/1794 1798/1897/1793
f 1793/1892/1788 1799/1898/1794 1800/1899/1795
f 1793/1892/1788 1800/1899/1795 1801/1900/1796
f 1781/1880/1776 1793/1892/1788 1801/1900/1796
f 1781/1880/1776 1801/1900/1796 1783/1882/1778
f 1783/1882/1778 1801/1900/1796 1802/1901/1797
f 1783/1882/1778 1802/1901/1797 1785/1884/1780
f 1774/1873/1769 1785/1884/1780 1802/1901/1797
f 1774/1873/1769 1802/1901/1797 1753/1852/1749
f 1775/1874/1770 1774/1873/1769 1753/1852/1749
f 1796/1895/1791 1799/1898/1794 1793/1892/1788
f 1796/1895/1791 1793/1892/1788 1794/1893/1789
f 1795/1894/1790 1803/1902/1798 1797/1896/1792
f 1751/1850/1747 1804/1903/1799 1749/1848/1745
f 1804/1903/1799 1751/1850/1747 1805/1904/1800
f 1753/1852/1749 1805/1904/1800 1751/1850/1747
f 1805/1904/1800 1753/1852/1749 1802/1901/1797
f 1801/1900/1796 1805/1904/1800 1802/1901/1797
f 1801/1900/1796 1800/1899/1795 1805/1904/1800
f 1805/1904/1800 1800/1899/1795 1806/1905/1801
f 1800/1899/1795 1798/1897/1793 1806/1905/1801
f 1804/1903/1799 1805/1904/1800 1807/1906/1802
f 1805/1904/1800 1806/1905/1801 1807/1906/1802
f 1808/1907/1803 1809/1908/1804 1810/1909/1805
f 1808/1907/1803 1811/1910/1806 1809/1908/1804
f 1811/1910/1806 1812/1911/1807 1809/1908/1804
f 1811/1910/1806 1813/1912/1798 1812/1911/1807
f 1803/1913/1798 1813/1912/1798 1811/1910/1806
f 1803/1913/1798 1811/1910/1806 1797/1914/1792
f 1798/1915/1793 1797/1914/1792 1811/1910/1806
f 1798/1915/1793 1811/1910/1806 1808/1907/1803
f 1806/1916/1801 1798/1915/1793 1808/1907/1803
f 1806/1916/1801 1808/1907/1803 1814/1917/1808
f 1807/1918/1802 1806/1916/1801 1814/1917/1808
f 1814/1917/1808 1808/1907/1803 1810/1909/1805
f 1815/1919/1809 1816/1920/1810 1817/1921/1528
f 1817/1921/1528 1816/1920/1810 1818/1922/1811
f 1817/1921/1528 1818/1922/1811 1819/1923/1716
f 1820/1924/1812 1819/1923/1716 1818/1922/1811
f 1821/1925/1813 1819/1923/1716 1820/1924/1812
f 1747/1926/1743 1821/1925/1813 1820/1924/1812
f 1749/1927/1745 1821/1925/1813 1747/1926/1743
f 1749/1927/1745 1822/1928/1814 1821/1925/1813
f 1804/1929/1799 1822/1928/1814 1749/1927/1745
f 1804/1929/1799 1823/1930/1815 1822/1928/1814
f 1823/1930/1815 1804/1929/1799 1807/1918/1802
f 1823/1930/1815 1807/1918/1802 1824/1931/1803
f 1807/1918/1802 1814/1917/1808 1824/1931/1803
f 1824/1931/1803 1814/1917/1808 1825/1932/1816
f 1814/1917/1808 1810/1909/1805 1825/1932/1816
f 1825/1932/1816 1810/1909/1805 1826/1933/1817
f 1809/1908/1804 1826/1933/1817 1810/1909/1805
f 1809/1908/1804 1827/1934/1565 1826/1933/1817
f 1828/1935/1818 1823/1930/1815 1824/1931/1803
f 1747/1926/1743 1820/1924/1812 1743/1936/1739
f 1820/1924/1812 1744/1937/1740 1743/1936/1739
f 1820/1924/1812 1829/1938/1807 1744/1937/1740
f 1820/1924/1812 1818/1922/1811 1829/1938/1807
f 1830/1939/1819 1831/1940/1820 1832/1941/1821
f 1830/1939/1819 1833/1942/1822 1831/1940/1820
f 1830/1939/1819 1834/1943/1823 1833/1942/1822
f 1830/1939/1819 1693/1792/1691 1834/1943/1823
f 1830/1939/1819 1835/1944/1824 1693/1792/1691
f 1835/1944/1824 1836/1945/1825 1693/1792/1691
f 1836/1945/1825 1691/1790/1689 1693/1792/1691
f 1836/1945/1825 1837/1946/1826 1691/1790/1689
f 1837/1946/1826 1828/1935/1818 1691/1790/1689
f 1828/1935/1818 1838/1947/1827 1691/1790/1689
f 1828/1935/1818 1824/1931/1803 1838/1947/1827
f 1824/1931/1803 1825/1932/1816 1838/1947/1827
f 1838/1947/1827 1825/1932/1816 1839/1948/1828
f 1825/1932/1816 1826/1933/1817 1839/1948/1828
f 1839/1948/1828 1826/1933/1817 1840/1949/1829
f 1827/1934/1565 1840/1949/1829 1826/1933/1817
f 1827/1934/1565 1841/1950/1830 1840/1949/1829
f 1840/1949/1829 1841/1950/1830 1842/1951/1831
f 1835/1944/1824 1832/1941/1821 1843/1952/1832
f 1835/1944/1824 1830/1939/1819 1832/1941/1821
f 1840/1949/1829 1842/1951/1831 1844/1953/1833
f 1845/1954/1834 1840/1949/1829 1844/1953/1833
f 1845/1954/1834 1844/1953/1833 1846/1955/1835
f 1847/1956/1836 1845/1954/1834 1846/1955/1835
f 1847/1956/1836 1846/1955/1835 1848/1957/1837
f 1847/1956/1836 1848/1957/1837 1689/1788/1687
f 1847/1956/1836 1689/1788/1687 1691/1790/1689
f 1847/1956/1836 1691/1790/1689 1849/1958/1838
f 1838/1947/1827 1849/1958/1838 1691/1790/1689
f 1838/1947/1827 1839/1948/1828 1849/1958/1838
f 1849/1958/1838 1839/1948/1828 1845/1954/1834
f 1839/1948/1828 1840/1949/1829 1845/1954/1834
f 1849/1958/1838 1845/1954/1834 1847/1956/1836
f 1812/1911/1807 1827/1934/1565 1809/1908/1804
f 1812/1911/1807 1850/1959/1740 1827/1934/1565
f 1850/1959/1740 1841/1950/1830 1827/1934/1565
f 1850/1959/1740 1851/1960/1839 1841/1950/1830
f 1841/1950/1830 1851/1960/1839 1852/1961/1840
f 1841/1950/1830 1852/1961/1840 1842/1951/1831
f 1852/1961/1840 1853/1962/1841 1842/1951/1831
f 1844/1953/1833 1842/1951/1831 1853/1962/1841
f 1844/1953/1833 1853/1962/1841 1854/1963/1755
f 1846/1955/1835 1844/1953/1833 1854/1963/1755
f 1846/1955/1835 1854/1963/1755 1855/1964/1842
f 1848/1957/1837 1846/1955/1835 1855/1964/1842
f 1848/1957/1837 1855/1964/1842 1856/1965/1843
f 1848/1957/1837 1856/1965/1843 1689/1788/1687
f 1856/1965/1843 1687/1786/1685 1689/1788/1687
f 1856/1965/1843 1857/1966/1844 1687/1786/1685
f 1857/1966/1844 1858/1967/1845 1687/1786/1685
f 1857/1966/1844 1859/1968/1846 1858/1967/1845
f 1860/1969/1847 1861/1970/1848 1862/1971/1849
f 1860/1969/1847 1862/1971/1849 1863/1972/1850
f 1863/1972/1850 1862/1971/1849 1864/1973/1851
f 1863/1972/1850 1864/1973/1851 1865/1974/1852
f 1864/1973/1851 1859/1968/1846 1865/1974/1852
f 1865/1974/1852 1859/1968/1846 1866/1975/1853
f 1857/1966/1844 1866/1975/1853 1859/1968/1846
f 1856/1965/1843 1866/1975/1853 1857/1966/1844
f 1856/1965/1843 1855/1964/1842 1866/1975/1853
f 1855/1964/1842 1867/1976/1854 1866/1975/1853
f 1855/1964/1842 1854/1963/1755 1867/1976/1854
f 1854/1963/1755 1868/1977/1855 1867/1976/1854
f 1854/1963/1755 1853/1962/1841 1868/1977/1855
f 1869/1978/1856 1868/1977/1855 1853/1962/1841
f 1852/1961/1840 1869/1978/1856 1853/1962/1841
f 1869/1978/1856 1870/1979/1857 1868/1977/1855
f 1860/1969/1847 1868/1977/1855 1870/1979/1857
f 1860/1969/1847 1863/1972/1850 1868/1977/1855
f 1863/1972/1850 1867/1976/1854 1868/1977/1855
f 1863/1972/1850 1865/1974/1852 1867/1976/1854
f 1865/1974/1852 1866/1975/1853 1867/1976/1854
f 1864/1973/1851 1871/1980/1858 1859/1968/1846
f 1859/1968/1846 1872/1981/1859 1858/1967/1845
f 1859/1968/1846 1871/1980/1858 1872/1981/1859
f 1871/1980/1858 1784/1982/1779 1872/1981/1859
f 1871/1980/1858 1782/1983/1777 1784/1982/1779
f 1864/1973/1851 1782/1983/1777 1871/1980/1858
f 1864/1973/1851 1780/1984/1775 1782/1983/1777
f 1862/1971/1849 1780/1984/1775 1864/1973/1851
f 1862/1971/1849 1779/1985/1774 1780/1984/1775
f 1861/1970/1848 1779/1985/1774 1862/1971/1849
f 1861/1970/1848 1873/1986/1848 1779/1985/1774
f 1872/1981/1859 1784/1982/1779 1874/1987/1860
f 1875/1988/1861 1876/1989/1862 1877/1990/1863
f 1878/1991/1726 1875/1988/1861 1877/1990/1863
f 1879/1992/1864 1878/1991/1726 1877/1990/1863
f 1880/1993/1865 1878/1991/1726 1879/1992/1864
f 1874/1987/1860 1880/1993/1865 1879/1992/1864
f 1874/1987/1860 1879/1992/1864 1881/1994/1866
f 1872/1981/1859 1874/1987/1860 1881/1994/1866
f 1858/1967/1845 1872/1981/1859 1881/1994/1866
f 1858/1967/1845 1881/1994/1866 1882/1995/1867
f 1858/1967/1845 1882/1995/1867 1687/1786/1685
f 1883/1996/1868 1687/1786/1685 1882/1995/1867
f 1883/1996/1868 1694/1793/1692 1687/1786/1685
f 1883/1996/1868 1884/1997/1869 1694/1793/1692
f 1883/1996/1868 1885/1998/1870 1884/1997/1869
f 1884/1997/1869 1885/1998/1870 1886/1999/1871
f 1885/1998/1870 1887/2000/1872 1886/1999/1871
f 1886/1999/1871 1887/2000/1872 1888/2001/1873
f 1887/2000/1872 1889/2002/1874 1888/2001/1873
f 1890/2003/1875 1876/1989/1862 1891/2004/1876
f 1892/2005/1877 1876/1989/1862 1890/2003/1875
f 1892/2005/1877 1877/1990/1863 1876/1989/1862
f 1879/1992/1864 1877/1990/1863 1892/2005/1877
f 1881/1994/1866 1879/1992/1864 1892/2005/1877
f 1881/1994/1866 1892/2005/1877 1882/1995/1867
f 1882/1995/1867 1892/2005/1877 1890/2003/1875
f 1887/2000/1872 1893/2006/1878 1889/2002/1874
f 1894/2007/1702 1893/2006/1878 1887/2000/1872
f 1894/2007/1702 1895/2008/1879 1893/2006/1878
f 1891/2004/1876 1895/2008/1879 1894/2007/1702
f 1896/2009/1880 1891/2004/1876 1894/2007/1702
f 1890/2003/1875 1891/2004/1876 1896/2009/1880
f 1897/2010/1881 1890/2003/1875 1896/2009/1880
f 1882/1995/1867 1890/2003/1875 1897/2010/1881
f 1883/1996/1868 1882/1995/1867 1897/2010/1881
f 1897/2010/1881 1896/2009/1880 1883/1996/1868
f 1883/1996/1868 1896/2009/1880 1885/1998/1870
f 1896/2009/1880 1894/2007/1702 1885/1998/1870
f 1885/1998/1870 1894/2007/1702 1887/2000/1872
f 1884/1997/1869 1898/2011/1882 1694/1793/1692
f 1884/1997/1869 1886/1999/1871 1898/2011/1882
f 1898/2011/1882 1886/1999/1871 1899/2012/1883
f 1886/1999/1871 1888/2001/1873 1899/2012/1883
f 1900/2013/1884 1899/2012/1883 1888/2001/1873
f 1901/2014/1885 1900/2013/1884 1888/2001/1873
f 1901/2014/1885 1888/2001/1873 1889/2002/1874
f 1902/2015/1886 1901/2014/1885 1889/2002/1874
f 1902/2015/1886 1889/2002/1874 1903/2016/1886
f 1904/2017/1887 1903/2016/1886 1889/2002/1874
f 1904/2017/1887 1889/2002/1874 1893/2006/1878
f 1905/2018/1886 1904/2017/1887 1893/2006/1878
f 1905/2018/1886 1893/2006/1878 1895/2008/1879
f 1906/2019/1888 1905/2018/1886 1895/2008/1879
f 1891/2004/1876 1906/2019/1888 1895/2008/1879
f 1907/2020/1889 1906/2019/1888 1891/2004/1876
f 1907/2020/1889 1891/2004/1876 1876/1989/1862
f 1875/1988/1861 1907/2020/1889 1876/1989/1862
f 1906/2019/1888 1908/2021/1829 1905/2018/1886
f 1909/2022/1890 1908/2021/1829 1906/2019/1888
f 1909/2022/1890 1906/2019/1888 1907/2020/1889
f 1910/2023/1891 1909/2022/1890 1907/2020/1889
f 1910/2023/1891 1907/2020/1889 1875/1988/1861
f 1911/2024/1892 1910/2023/1891 1875/1988/1861
f 1878/1991/1726 1911/2024/1892 1875/1988/1861
f 1912/2025/1893 1911/2024/1892 1878/1991/1726
f 1880/1993/1865 1912/2025/1893 1878/1991/1726
f 1911/2024/1892 1913/2026/1890 1910/2023/1891
f 1914/2027/1894 1913/2026/1890 1911/2024/1892
f 1912/2025/1893 1914/2027/1894 1911/2024/1892
f 1914/2027/1894 1915/2028/1895 1913/2026/1890
f 1916/2029/1896 1917/2030/1897 1918/2031/1898
f 1919/2032/1899 1917/2030/1897 1916/2029/1896
f 1919/2032/1899 1916/2029/1896 1920/2033/1900
f 1792/1891/1787 1918/2031/1898 1786/1885/1781
f 1916/2029/1896 1918/2031/1898 1792/1891/1787
f 1791/1890/1786 1916/2029/1896 1792/1891/1787
f 1921/2034/1901 1916/2029/1896 1791/1890/1786
f 1921/2034/1901 1920/2033/1900 1916/2029/1896
f 1922/2035/1902 1920/2033/1900 1921/2034/1901
f 1922/2035/1902 1923/2036/1903 1920/2033/1900
f 1924/2037/1904 1920/2033/1900 1923/2036/1903
f 1924/2037/1904 1919/2032/1899 1920/2033/1900
f 1924/2037/1904 1914/2038/1894 1919/2032/1899
f 1919/2032/1899 1914/2038/1894 1912/2039/1893
f 1919/2032/1899 1912/2039/1893 1917/2030/1897
f 1917/2030/1897 1912/2039/1893 1880/2040/1865
f 1917/2030/1897 1880/2040/1865 1918/2031/1898
f 1786/1885/1781 1918/2031/1898 1880/2040/1865
f 1786/1885/1781 1880/2040/1865 1874/2041/1860
f 1784/1883/1779 1786/1885/1781 1874/2041/1860
f 1924/2037/1904 1915/2042/1895 1914/2038/1894
f 1504/1506/1497 1499/1507/1492 1505/1508/1498
f 1505/1508/1498 1499/1507/1492 1501/1509/1494
f 1505/1508/1498 1501/1509/1494 1506/1510/1499
f 1503/1511/1496 1506/1510/1499 1501/1509/1494
f 1503/1511/1496 1507/1512/1500 1506/1510/1499
f 1503/1511/1496 1502/1513/1521 1507/1512/1500
f 1925/2043/1905 1926/2044/1906 1927/2045/1907
f 1925/2043/1905 1928/2046/1908 1926/2044/1906
f 1928/2046/1908 1929/2047/1909 1926/2044/1906
f 1928/2046/1908 1930/2048/1908 1929/2047/1909
f 1931/2049/1910 1929/2047/1909 1930/2048/1908
f 1925/2043/1905 1930/2048/1908 1928/2046/1908
f 1931/2049/1910 1932/2050/1911 1929/2047/1909
f 1931/2049/1910 1933/2051/1912 1932/2050/1911
f 1934/2052/1913 1933/2051/1912 1931/2049/1910
f 1934/2052/1913 1935/2053/1914 1933/2051/1912
f 1610/1780/1606 1683/1782/1681 1609/2054/1605
f 1609/2054/1605 1683/1782/1681 1685/1784/1683
f 1609/2054/1605 1685/1784/1683 1608/2055/1604
f 1694/1793/1692 1608/2055/1604 1685/1784/1683
f 1694/1793/1692 1927/2045/1907 1608/2055/1604
f 1898/2011/1882 1927/2045/1907 1694/1793/1692
f 1898/2011/1882 1925/2043/1905 1927/2045/1907
f 1898/2011/1882 1899/2012/1883 1925/2043/1905
f 1925/2043/1905 1899/2012/1883 1930/2048/1908
f 1900/2013/1884 1930/2048/1908 1899/2012/1883
f 1931/2049/1910 1930/2048/1908 1900/2013/1884
f 1901/2014/1885 1931/2049/1910 1900/2013/1884
f 1901/2014/1885 1934/2052/1913 1931/2049/1910
f 1902/2015/1886 1934/2052/1913 1901/2014/1885
f 1902/2015/1886 1936/2056/1915 1934/2052/1913
f 1936/2056/1915 1935/2053/1914 1934/2052/1913
f 1936/2056/1915 1937/2057/1916 1935/2053/1914
f 1935/2053/1914 1937/2057/1916 1922/2058/1902
f 1935/2053/1914 1922/2058/1902 1921/2059/1901
f 1933/2051/1912 1935/2053/1914 1921/2059/1901
f 1933/2051/1912 1921/2059/1901 1791/2060/1786
f 1932/2050/1911 1933/2051/1912 1791/2060/1786
f 1932/2050/1911 1791/2060/1786 1790/2061/1785
f 1938/2062/1917 1932/2050/1911 1790/2061/1785
f 1938/2062/1917 1790/2061/1785 1788/2063/1783
f 1789/2064/1784 1938/2062/1917 1788/2063/1783
f 1789/2064/1784 1939/2065/1918 1938/2062/1917
f 1601/2066/1597 1939/2065/1918 1789/2064/1784
f 1601/2066/1597 1940/2067/1919 1939/2065/1918
f 1608/2055/1604 1940/2067/1919 1601/2066/1597
f 1608/2055/1604 1927/2045/1907 1940/2067/1919
f 1940/2067/1919 1927/2045/1907 1939/2065/1918
f 1926/2044/1906 1939/2065/1918 1927/2045/1907
f 1926/2044/1906 1938/2062/1917 1939/2065/1918
f 1929/2047/1909 1938/2062/1917 1926/2044/1906
f 1929/2047/1909 1932/2050/1911 1938/2062/1917
f 1514/1506/1507 1509/1507/1502 1515/1508/1508
f 1509/1507/1502 1516/1510/1509 1515/1508/1508
f 1509/1507/1502 1511/1509/1504 1516/1510/1509
f 1513/1511/1506 1516/1510/1509 1511/1509/1504
f 1513/1511/1506 1517/1512/1500 1516/1510/1509
f 1513/1511/1506 1512/1513/1521 1517/1512/1500
f 1815/1919/1809 1941/2068/1920 1816/1920/1810
f 1815/1919/1809 1942/2069/1921 1941/2068/1920
f 1815/1919/1809 1943/2070/1922 1942/2069/1921
f 1944/2071/1923 1942/2069/1921 1943/2070/1922
f 1944/2071/1923 1945/2072/1924 1942/2069/1921
f 1944/2071/1923 1946/2073/1924 1945/2072/1924
f 1944/2071/1923 1947/2074/1925 1946/2073/1924
f 1947/2074/1925 1948/2075/1926 1946/2073/1924
f 1947/2074/1925 1949/2076/1927 1948/2075/1926
f 1948/2075/1926 1949/2076/1927 1950/2077/1928
f 1949/2076/1927 1951/2078/1929 1950/2077/1928
f 1768/2079/1763 1950/2077/1928 1951/2078/1929
f 1765/2080/1761 1768/2079/1763 1951/2078/1929
f 1765/2080/1761 1951/2078/1929 1952/2081/1930
f 1766/2082/1762 1765/2080/1761 1952/2081/1930
f 1766/2082/1762 1952/2081/1930 1953/2083/1931
f 1953/2083/1931 1767/2084/1743 1766/2082/1762
f 1948/2075/1926 1950/2077/1928 1954/2085/1932
f 1950/2077/1928 1762/2086/1758 1954/2085/1932
f 1950/2077/1928 1761/2087/1757 1762/2086/1758
f 1768/2079/1763 1761/2087/1757 1950/2077/1928
f 1767/2084/1743 1955/2088/1933 1732/2089/1728
f 1767/2084/1743 1956/2090/1910 1955/2088/1933
f 1953/2083/1931 1956/2090/1910 1767/2084/1743
f 1957/2091/1934 1956/2090/1910 1953/2083/1931
f 1957/2091/1934 1953/2083/1931 1952/2081/1930
f 1957/2091/1934 1952/2081/1930 1958/2092/1935
f 1958/2092/1935 1952/2081/1930 1951/2078/1929
f 1958/2092/1935 1951/2078/1929 1959/2093/1936
f 1949/2076/1927 1959/2093/1936 1951/2078/1929
f 1960/2094/1937 1959/2093/1936 1949/2076/1927
f 1960/2094/1937 1949/2076/1927 1947/2074/1925
f 1961/2095/1938 1960/2094/1937 1947/2074/1925
f 1961/2095/1938 1947/2074/1925 1944/2071/1923
f 1962/2096/1939 1961/2095/1938 1944/2071/1923
f 1962/2096/1939 1944/2071/1923 1943/2070/1922
f 1963/2097/1829 1962/2096/1939 1943/2070/1922
f 1963/2097/1829 1943/2070/1922 1815/1919/1809
f 1963/2097/1829 1815/1919/1809 1817/1921/1528
f 1843/1952/1832 1961/2095/1938 1962/2096/1939
f 1843/1952/1832 1832/1941/1821 1961/2095/1938
f 1832/1941/1821 1960/2094/1937 1961/2095/1938
f 1832/1941/1821 1831/1940/1820 1960/2094/1937
f 1831/1940/1820 1959/2093/1936 1960/2094/1937
f 1831/1940/1820 1958/2092/1935 1959/2093/1936
f 1833/1942/1822 1958/2092/1935 1831/1940/1820
f 1833/1942/1822 1957/2091/1934 1958/2092/1935
f 1957/2091/1934 1833/1942/1822 1834/1943/1823
f 1964/2098/1940 1957/2091/1934 1834/1943/1823
f 1957/2091/1934 1964/2098/1940 1956/2090/1910
f 1836/1945/1825 1835/1944/1824 1843/1952/1832
f 1836/1945/1825 1843/1952/1832 1965/2099/1941
f 1837/1946/1826 1836/1945/1825 1965/2099/1941
f 1837/1946/1826 1965/2099/1941 1966/2100/1942
f 1828/1935/1818 1837/1946/1826 1966/2100/1942
f 1828/1935/1818 1966/2100/1942 1967/2101/1943
f 1823/1930/1815 1828/1935/1818 1967/2101/1943
f 1823/1930/1815 1967/2101/1943 1822/1928/1814
f 1822/1928/1814 1967/2101/1943 1968/2102/1944
f 1822/1928/1814 1968/2102/1944 1821/1925/1813
f 1821/1925/1813 1968/2102/1944 1819/1923/1716
f 1969/2103/1945 1819/1923/1716 1968/2102/1944
f 1969/2103/1945 1817/1921/1528 1819/1923/1716
f 1963/2097/1829 1817/1921/1528 1969/2103/1945
f 1966/2100/1942 1963/2097/1829 1969/2103/1945
f 1966/2100/1942 1965/2099/1941 1963/2097/1829
f 1965/2099/1941 1962/2096/1939 1963/2097/1829
f 1965/2099/1941 1843/1952/1832 1962/2096/1939
f 1967/2101/1943 1969/2103/1945 1968/2102/1944
f 1967/2101/1943 1966/2100/1942 1969/2103/1945
f 1970/2104/1946 1971/2105/1947 1972/2106/1948
f 1971/2105/1947 1973/2107/1949 1972/2106/1948
f 1971/2105/1947 1974/2108/1950 1973/2107/1949
f 1975/2109/1951 1974/2108/1950 1971/2105/1947
f 1976/2110/1952 1975/2109/1951 1971/2105/1947
f 1977/2111/1953 1975/2109/1951 1976/2110/1952
f 1964/2098/1940 1977/2111/1953 1976/2110/1952
f 1964/2098/1940 1976/2110/1952 1978/2112/1954
f 1956/2090/1910 1964/2098/1940 1978/2112/1954
f 1956/2090/1910 1978/2112/1954 1955/2088/1933
f 1955/2088/1933 1978/2112/1954 1979/2113/1955
f 1978/2112/1954 1970/2104/1946 1979/2113/1955
f 1978/2112/1954 1976/2110/1952 1970/2104/1946
f 1976/2110/1952 1971/2105/1947 1970/2104/1946
f 1977/2111/1953 1964/2098/1940 1834/1943/1823
f 1980/2114/1867 1977/2111/1953 1834/1943/1823
f 1977/2111/1953 1980/2114/1867 1975/2109/1951
f 1980/2114/1867 1981/2115/1956 1975/2109/1951
f 1975/2109/1951 1981/2115/1956 1974/2108/1950
f 1981/2115/1956 1982/2116/1957 1974/2108/1950
f 1974/2108/1950 1982/2116/1957 1983/2117/1958
f 1974/2108/1950 1983/2117/1958 1973/2107/1949
f 1983/2117/1958 1984/2118/1959 1973/2107/1949
f 1972/2106/1948 1973/2107/1949 1984/2118/1959
f 1972/2106/1948 1984/2118/1959 1985/2119/1960
f 1986/2120/1961 1972/2106/1948 1985/2119/1960
f 1970/2104/1946 1972/2106/1948 1986/2120/1961
f 1970/2104/1946 1986/2120/1961 1987/2121/1962
f 1970/2104/1946 1987/2121/1962 1979/2113/1955
f 1988/2122/1963 1979/2113/1955 1987/2121/1962
f 1955/2088/1933 1979/2113/1955 1988/2122/1963
f 1732/2089/1728 1955/2088/1933 1988/2122/1963
f 1983/2117/1958 1989/2123/1964 1984/2118/1959
f 1732/2089/1728 1988/2122/1963 1731/2124/1727
f 1731/2124/1727 1988/2122/1963 1990/2125/1965
f 1988/2122/1963 1987/2121/1962 1990/2125/1965
f 1990/2125/1965 1987/2121/1962 1991/2126/1758
f 1986/2120/1961 1991/2126/1758 1987/2121/1962
f 1986/2120/1961 1992/2127/1966 1991/2126/1758
f 1986/2120/1961 1985/2119/1960 1992/2127/1966
f 1731/2124/1727 1990/2125/1965 1741/2128/1737
f 1741/2128/1737 1990/2125/1965 1993/2129/1967
f 1990/2125/1965 1991/2126/1758 1993/2129/1967
f 1741/2128/1737 1993/2129/1967 1742/2130/1738
f 1982/2116/1957 1994/2131/1968 1983/2117/1958
f 1994/2131/1968 1989/2123/1964 1983/2117/1958
f 1994/2131/1968 1995/2132/1969 1989/2123/1964
f 1994/2131/1968 1996/2133/1970 1995/2132/1969
f 1997/2134/1971 1693/1792/1691 1692/1791/1690
f 1997/2134/1971 1834/1943/1823 1693/1792/1691
f 1998/2135/1972 1834/1943/1823 1997/2134/1971
f 1980/2114/1867 1834/1943/1823 1998/2135/1972
f 1999/2136/1819 1980/2114/1867 1998/2135/1972
f 1980/2114/1867 1999/2136/1819 1981/2115/1956
f 1999/2136/1819 2000/2137/1973 1981/2115/1956
f 1981/2115/1956 2000/2137/1973 1982/2116/1957
f 2000/2137/1973 2001/2138/1974 1982/2116/1957
f 1982/2116/1957 2001/2138/1974 1994/2131/1968
f 2001/2138/1974 2002/2139/1975 1994/2131/1968
f 1994/2131/1968 2002/2139/1975 1996/2133/1970
f 1996/2133/1970 2002/2139/1975 2003/2140/1976
f 1996/2133/1970 2003/2140/1976 2004/2141/1977
f 2005/2142/1978 2004/2141/1977 2003/2140/1976
f 2005/2142/1978 2006/2143/1964 2004/2141/1977
f 2005/2142/1978 1727/1826/1723 2006/2143/1964
f 2005/2142/1978 1728/1827/1724 1727/1826/1723
f 2007/2144/1979 1999/2136/1819 1998/2135/1972
f 1999/2136/1819 2007/2144/1979 2000/2137/1973
f 2007/2144/1979 2008/2145/1980 2000/2137/1973
f 2000/2137/1973 2008/2145/1980 2001/2138/1974
f 2008/2145/1980 2009/2146/1981 2001/2138/1974
f 2001/2138/1974 2009/2146/1981 2002/2139/1975
f 2009/2146/1981 2003/2140/1976 2002/2139/1975
f 1709/1808/1706 2010/2147/1982 2011/2148/1983
f 1709/1808/1706 1710/1809/1707 2010/2147/1982
f 1710/1809/1707 1997/2134/1971 2010/2147/1982
f 1710/1809/1707 1711/1810/1708 1997/2134/1971
f 1998/2135/1972 1997/2134/1971 1711/1810/1708
f 1998/2135/1972 1711/1810/1708 1724/1823/1708
f 2007/2144/1979 1998/2135/1972 1724/1823/1708
f 2007/2144/1979 1724/1823/1708 2012/2149/1984
f 2007/2144/1979 2012/2149/1984 2008/2145/1980
f 2012/2149/1984 2013/2150/1985 2008/2145/1980
f 2008/2145/1980 2013/2150/1985 2009/2146/1981
f 2013/2150/1985 2014/2151/1986 2009/2146/1981
f 2009/2146/1981 2014/2151/1986 2003/2140/1976
f 2015/2152/1987 2003/2140/1976 2014/2151/1986
f 2015/2152/1987 2005/2142/1978 2003/2140/1976
f 2015/2152/1987 1728/1827/1724 2005/2142/1978
f 2015/2152/1987 1719/1818/1716 1728/1827/1724
f 1728/1827/1724 1719/1818/1716 1721/1820/1718
f 1717/1816/1714 1719/1818/1716 2015/2152/1987
f 1717/1816/1714 2015/2152/1987 2014/2151/1986
f 1717/1816/1714 2014/2151/1986 2016/2153/1988
f 2013/2150/1985 2016/2153/1988 2014/2151/1986
f 2017/2154/1989 2016/2153/1988 2013/2150/1985
f 2012/2149/1984 2017/2154/1989 2013/2150/1985
f 2017/2154/1989 2012/2149/1984 1724/1823/1708
f 2018/2155/1808 2017/2154/1989 1724/1823/1708
f 2018/2155/1808 1724/1823/1708 1713/1812/1710
f 2018/2155/1808 1713/1812/1710 1715/1814/1712
f 1715/1814/1712 2016/2153/1988 2018/2155/1808
f 1715/1814/1712 1717/1816/1714 2016/2153/1988
f 2017/2154/1989 2018/2155/1808 2016/2153/1988
f 2019/1506/1990 2020/1507/1991 2021/1508/1508
f 2020/1507/1991 2022/1510/1992 2021/1508/1508
f 2020/1507/1991 2023/1509/1504 2022/1510/1992
f 2023/1509/1504 2024/1512/1481 2022/1510/1992
f 2023/1509/1504 2025/1511/1993 2024/1512/1481
f 2025/1511/1993 2026/1513/1418 2024/1512/1481
f 2026/2156/1994 2025/2157/1993 2023/2158/1504
f 2026/2156/1994 2023/2158/1504 2027/2159/1995
f 2027/2159/1995 2023/2158/1504 2020/2160/1991
f 2027/2159/1995 2020/2160/1991 2028/2161/1996
f 2028/2161/1996 2020/2160/1991 2019/2162/1990
f 2019/2162/1990 2021/2163/1508 2028/2161/1996
f 2021/2163/1508 2027/2159/1995 2028/2161/1996
f 2021/2163/1508 2022/2164/1992 2027/2159/1995
f 2022/2164/1992 2026/2156/1994 2027/2159/1995
f 2022/2164/1992 2024/1620/1481 2026/2156/1994
f 2029/1659/1997 2030/1660/1998 2031/1658/1999
f 2032/1661/2000 2030/1660/1998 2029/1659/1997
f 2032/1661/2000 2033/1645/2001 2030/1660/1998
f 2034/1643/2002 2033/1645/2001 2032/1661/2000
f 2035/1644/2003 2033/1645/2001 2034/1643/2002
f 2036/1642/2004 2035/1644/2003 2034/1643/2002
f 2037/1888/2005 2035/1644/2003 2036/1642/2004
f 2038/2165/2006 2037/1888/2005 2036/1642/2004
f 2037/1888/2005 2039/1694/2007 2035/1644/2003
f 2031/1658/1999 2040/1665/2008 2041/1656/2009
f 2031/1658/1999 2041/1656/2009 2042/1657/2010
f 2029/1659/1997 2031/1658/1999 2042/1657/2010
f 2029/1659/1997 2042/1657/2010 2043/1666/2011
f 2029/1659/1997 2043/1666/2011 2044/1667/2012
f 2045/1668/2013 2029/1659/1997 2044/1667/2012
f 2045/1668/2013 2032/1661/2000 2029/1659/1997
f 2046/1662/2014 2032/1661/2000 2045/1668/2013
f 2034/1643/2002 2032/1661/2000 2046/1662/2014
f 2047/2166/2015 2034/1643/2002 2046/1662/2014
f 2036/1642/2004 2034/1643/2002 2047/2166/2015
f 2047/2166/2015 2048/1641/2016 2036/1642/2004
f 2038/2165/2006 2036/1642/2004 2048/1641/2016
f 2038/2165/2006 2048/1641/2016 2049/1886/2017
f 2049/1886/2017 2050/1889/2018 2038/2165/2006
f 2049/1886/2017 2051/1891/2019 2050/1889/2018
f 2052/1890/2020 2050/1889/2018 2051/1891/2019
f 2052/1890/2020 2051/1891/2019 2053/2167/2021
f 2047/2166/2015 2054/1638/2022 2055/1639/2023
f 2047/2166/2015 2056/1663/2024 2054/1638/2022
f 2047/2166/2015 2046/1662/2014 2056/1663/2024
f 2056/1663/2024 2046/1662/2014 2057/1669/2025
f 2046/1662/2014 2045/1668/2013 2057/1669/2025
f 2054/1638/2022 2058/2168/2026 2059/2169/2027
f 2054/1638/2022 2056/1663/2024 2058/2168/2026
f 2056/1663/2024 2057/1669/2025 2058/2168/2026
f 2053/2167/2021 2060/2170/2028 2061/2171/2029
f 2053/2167/2021 2062/2030/2030 2060/2170/2028
f 2053/2167/2021 2063/2031/2031 2062/2030/2030
f 2053/2167/2021 2051/1891/2019 2063/2031/2031
f 2064/2034/2032 2052/1890/2020 2053/2167/2021
f 2064/2034/2032 2053/2167/2021 2061/2171/2029
f 2065/2035/2033 2064/2034/2032 2061/2171/2029
f 2065/2035/2033 2061/2171/2029 2066/2036/2034
f 2061/2171/2029 2067/2037/2035 2066/2036/2034
f 2061/2171/2029 2060/2170/2028 2067/2037/2035
f 2068/2172/2036 2067/2037/2035 2060/2170/2028
f 2069/2039/2037 2068/2172/2036 2060/2170/2028
f 2069/2039/2037 2060/2170/2028 2062/2030/2030
f 2070/2040/2038 2069/2039/2037 2062/2030/2030
f 2070/2040/2038 2062/2030/2030 2063/2031/2031
f 2071/1885/2039 2070/2040/2038 2063/2031/2031
f 2071/1885/2039 2063/2031/2031 2051/1891/2019
f 2071/1885/2039 2051/1891/2019 2049/1886/2017
f 2072/1873/2040 2071/1885/2039 2049/1886/2017
f 2072/1873/2040 2049/1886/2017 2048/1641/2016
f 2072/1873/2040 2048/1641/2016 2073/2173/2041
f 2074/2174/2042 2073/2173/2041 2048/1641/2016
f 2068/2172/2036 2075/2042/2043 2067/2037/2035
f 2076/1623/2044 2072/1873/2040 2073/2173/2041
f 2071/1885/2039 2077/2175/2045 2070/2040/2038
f 2078/1883/2046 2077/2175/2045 2071/1885/2039
f 2078/1883/2046 2071/1885/2039 2079/2176/2047
f 2072/1873/2040 2079/2176/2047 2071/1885/2039
f 2080/1878/2048 2081/1877/2049 2082/2177/2050
f 2080/1878/2048 2083/2178/2051 2081/1877/2049
f 2084/1879/2052 2083/2178/2051 2080/1878/2048
f 2084/1879/2052 2085/2179/2053 2083/2178/2051
f 2086/1881/2054 2085/2179/2053 2084/1879/2052
f 2086/1881/2054 2087/2180/2055 2085/2179/2053
f 2078/1883/2046 2087/2180/2055 2086/1881/2054
f 2078/1883/2046 2079/2176/2047 2087/2180/2055
f 2088/1901/2056 2087/2180/2055 2079/2176/2047
f 2072/1873/2040 2088/1901/2056 2079/2176/2047
f 2072/1873/2040 2089/1852/2057 2088/1901/2056
f 2090/1874/2058 2089/1852/2057 2072/1873/2040
f 2091/1710/2059 2089/1852/2057 2090/1874/2058
f 2091/1710/2059 2092/2181/2060 2089/1852/2057
f 2092/2181/2060 2093/2182/2061 2089/1852/2057
f 2092/2181/2060 2094/1853/2062 2093/2182/2061
f 2094/1853/2062 2095/1854/2063 2093/2182/2061
f 2094/1853/2062 2096/1862/2064 2095/1854/2063
f 2083/2178/2051 2097/2183/2065 2081/1877/2049
f 2093/2182/2061 2095/1854/2063 2098/2184/2066
f 2093/2182/2061 2098/2184/2066 2099/2185/2067
f 2089/1852/2057 2093/2182/2061 2099/2185/2067
f 2089/1852/2057 2099/2185/2067 2100/2186/2068
f 2100/2186/2068 2088/1901/2056 2089/1852/2057
f 2100/2186/2068 2101/1900/2069 2088/1901/2056
f 2088/1901/2056 2101/1900/2069 2087/2180/2055
f 2085/2179/2053 2087/2180/2055 2101/1900/2069
f 2085/2179/2053 2101/1900/2069 2102/1892/2070
f 2083/2178/2051 2085/2179/2053 2102/1892/2070
f 2083/2178/2051 2102/1892/2070 2103/1893/2071
f 2083/2178/2051 2103/1893/2071 2097/2183/2065
f 2103/1893/2071 2104/1894/2072 2097/2183/2065
f 2103/1893/2071 2105/1895/2073 2104/1894/2072
f 2106/2187/2074 2104/1894/2072 2105/1895/2073
f 2107/1897/2075 2106/2187/2074 2105/1895/2073
f 2107/1897/2075 2105/1895/2073 2108/2188/2076
f 2109/1899/2077 2107/1897/2075 2108/2188/2076
f 2102/1892/2070 2105/1895/2073 2103/1893/2071
f 2102/1892/2070 2108/2188/2076 2105/1895/2073
f 2102/1892/2070 2109/1899/2077 2108/2188/2076
f 2102/1892/2070 2101/1900/2069 2109/1899/2077
f 2100/2186/2068 2109/1899/2077 2101/1900/2069
f 2100/2186/2068 2110/1905/2078 2109/1899/2077
f 2100/2186/2068 2111/1906/2079 2110/1905/2078
f 2100/2186/2068 2112/2189/2080 2111/1906/2079
f 2100/2186/2068 2099/2185/2067 2112/2189/2080
f 2099/2185/2067 2113/1848/2081 2112/2189/2080
f 2099/2185/2067 2098/2184/2066 2113/1848/2081
f 2109/1899/2077 2110/1905/2078 2107/1897/2075
f 2106/2187/2074 2114/2190/2082 2104/1894/2072
f 2115/1844/2083 2116/1843/2084 2117/1842/2085
f 2115/1844/2083 2117/1842/2085 2118/2191/2086
f 2118/2191/2086 2117/1842/2085 2119/1846/2087
f 2118/2191/2086 2119/1846/2087 2120/1847/2088
f 2120/1847/2088 2119/1846/2087 2113/1848/2081
f 2120/1847/2088 2113/1848/2081 2098/2184/2066
f 2121/2192/2089 2120/1847/2088 2098/2184/2066
f 2121/2192/2089 2098/2184/2066 2095/1854/2063
f 2122/1863/2090 2121/2192/2089 2095/1854/2063
f 2122/1863/2090 2095/1854/2063 2096/1862/2064
f 2123/1864/2091 2122/1863/2090 2096/1862/2064
f 2123/1864/2091 2096/1862/2064 2094/1853/2062
f 2123/1864/2091 2094/1853/2062 2124/1865/2092
f 2124/1865/2092 2094/1853/2062 2125/1832/2093
f 2124/1865/2092 2125/1832/2093 2126/2193/2094
f 2125/1832/2093 2127/1831/2095 2126/2193/2094
f 2125/1832/2093 2128/1821/2096 2127/1831/2095
f 2129/1822/2097 2127/1831/2095 2128/1821/2096
f 2118/2191/2086 2120/1847/2088 2121/2192/2089
f 2092/2181/2060 2125/1832/2093 2094/1853/2062
f 2092/2181/2060 2130/1825/2098 2125/1832/2093
f 2130/1825/2098 2128/1821/2096 2125/1832/2093
f 2123/1864/2091 2131/1867/2099 2122/1863/2090
f 2131/1867/2099 2132/2194/2100 2122/1863/2090
f 2132/2194/2100 2121/2192/2089 2122/1863/2090
f 2132/2194/2100 2133/2195/2101 2121/2192/2089
f 2118/2191/2086 2121/2192/2089 2133/2195/2101
f 2115/1844/2083 2118/2191/2086 2133/2195/2101
f 2115/1844/2083 2133/2195/2101 2134/2196/2102
f 2134/2196/2102 2133/2195/2101 2132/2194/2100
f 2134/2196/2102 2132/2194/2100 2135/2197/2103
f 2136/1860/2104 2135/2197/2103 2132/2194/2100
f 2136/1860/2104 2137/2198/2105 2135/2197/2103
f 2131/1867/2099 2136/1860/2104 2132/2194/2100
f 2129/1822/2097 2138/1830/2106 2127/1831/2095
f 2139/1829/2107 2138/1830/2106 2129/1822/2097
f 2139/1829/2107 2140/1840/2108 2138/1830/2106
f 2141/1839/2109 2140/1840/2108 2139/1829/2107
f 2141/1839/2109 2142/2199/2110 2140/1840/2108
f 2143/1812/2111 2144/1823/2112 2145/2155/2113
f 2143/1812/2111 2145/2155/2113 2146/1814/2114
f 2147/1813/2115 2143/1812/2111 2146/1814/2114
f 2147/1813/2115 2146/1814/2114 2148/1815/2116
f 2149/1824/2117 2147/1813/2115 2148/1815/2116
f 2149/1824/2117 2148/1815/2116 2130/1825/2098
f 2092/2181/2060 2149/1824/2117 2130/1825/2098
f 2092/2181/2060 2150/1834/2118 2149/1824/2117
f 2092/2181/2060 2091/1710/2059 2150/1834/2118
f 2147/1813/2115 2149/1824/2117 2150/1834/2118
f 2145/2155/2113 2144/1823/2112 2151/2154/2119
f 2151/2154/2119 2152/2200/2120 2145/2155/2113
f 2152/2200/2120 2146/1814/2114 2145/2155/2113
f 2152/2200/2120 2153/1816/2121 2146/1814/2114
f 2153/1816/2121 2148/1815/2116 2146/1814/2114
f 2153/1816/2121 2154/1817/2122 2148/1815/2116
f 2154/1817/2122 2130/1825/2098 2148/1815/2116
f 2154/1817/2122 2155/2201/2123 2130/1825/2098
f 2130/1825/2098 2155/2201/2123 2128/1821/2096
f 2156/1820/2124 2128/1821/2096 2155/2201/2123
f 2157/2202/2125 2156/1820/2124 2155/2201/2123
f 2158/1827/2126 2156/1820/2124 2157/2202/2125
f 2159/2152/2127 2158/1827/2126 2157/2202/2125
f 2153/1816/2121 2159/2152/2127 2157/2202/2125
f 2160/2151/2128 2159/2152/2127 2153/1816/2121
f 2160/2151/2128 2153/1816/2121 2152/2200/2120
f 2160/2151/2128 2152/2200/2120 2161/2203/2129
f 2151/2154/2119 2161/2203/2129 2152/2200/2120
f 2162/2149/2130 2161/2203/2129 2151/2154/2119
f 2153/1816/2121 2157/2202/2125 2154/1817/2122
f 2157/2202/2125 2155/2201/2123 2154/1817/2122
f 2158/1827/2126 2163/1828/2131 2156/1820/2124
f 2156/1820/2124 2129/1822/2097 2128/1821/2096
f 2139/1829/2107 2129/1822/2097 2156/1820/2124
f 2139/1829/2107 2156/1820/2124 2163/1828/2131
f 2141/1839/2109 2139/1829/2107 2163/1828/2131
f 2141/1839/2109 2163/1828/2131 2164/1838/2132
f 2165/1826/2133 2164/1838/2132 2163/1828/2131
f 2165/1826/2133 2163/1828/2131 2158/1827/2126
f 2166/2142/2134 2165/1826/2133 2158/1827/2126
f 2159/2152/2127 2166/2142/2134 2158/1827/2126
f 2167/2140/2135 2166/2142/2134 2159/2152/2127
f 2167/2140/2135 2159/2152/2127 2160/2151/2128
f 2167/2140/2135 2160/2151/2128 2168/2146/2136
f 2160/2151/2128 2161/2203/2129 2168/2146/2136
f 2168/2146/2136 2161/2203/2129 2169/2145/2137
f 2162/2149/2130 2169/2145/2137 2161/2203/2129
f 2170/2144/2138 2169/2145/2137 2162/2149/2130
f 2144/1823/2112 2170/2144/2138 2162/2149/2130
f 2151/2154/2119 2144/1823/2112 2162/2149/2130
f 2166/2142/2134 2171/2143/2139 2165/1826/2133
f 2172/2204/2140 2171/2143/2139 2166/2142/2134
f 2172/2204/2140 2166/2142/2134 2167/2140/2135
f 2173/2205/2141 2172/2204/2140 2167/2140/2135
f 2173/2205/2141 2167/2140/2135 2174/2139/2142
f 2167/2140/2135 2168/2146/2136 2174/2139/2142
f 2174/2139/2142 2168/2146/2136 2175/2138/2143
f 2168/2146/2136 2169/2145/2137 2175/2138/2143
f 2176/2137/2144 2175/2138/2143 2169/2145/2137
f 2170/2144/2138 2176/2137/2144 2169/2145/2137
f 2177/2118/2145 2178/2123/2139 2179/2117/2146
f 2178/2123/2139 2180/2131/2147 2179/2117/2146
f 2178/2123/2139 2181/2132/2148 2180/2131/2147
f 2173/2205/2141 2180/2131/2147 2181/2132/2148
f 2173/2205/2141 2174/2139/2142 2180/2131/2147
f 2174/2139/2142 2175/2138/2143 2180/2131/2147
f 2182/2206/2149 2180/2131/2147 2175/2138/2143
f 2176/2137/2144 2182/2206/2149 2175/2138/2143
f 2182/2206/2149 2179/2117/2146 2180/2131/2147
f 2183/2207/2150 2182/2206/2149 2176/2137/2144
f 2184/2136/2151 2183/2207/2150 2176/2137/2144
f 2184/2136/2151 2176/2137/2144 2170/2144/2138
f 2170/2144/2138 2185/2135/2152 2184/2136/2151
f 2144/1823/2112 2185/2135/2152 2170/2144/2138
f 2185/2135/2152 2144/1823/2112 2186/2208/2153
f 2186/2208/2153 2144/1823/2112 2143/1812/2111
f 2186/2208/2153 2143/1812/2111 2187/2209/2154
f 2187/2209/2154 2143/1812/2111 2147/1813/2115
f 2187/2209/2154 2147/1813/2115 2188/1835/2155
f 2147/1813/2115 2150/1834/2118 2188/1835/2155
f 2189/2210/2156 2188/1835/2155 2150/1834/2118
f 2187/2209/2154 2188/1835/2155 2189/2210/2156
f 2187/2209/2154 2189/2210/2156 2190/1797/2157
f 2186/2208/2153 2187/2209/2154 2190/1797/2157
f 2186/2208/2153 2190/1797/2157 2191/1809/2158
f 2192/2134/2159 2186/2208/2153 2191/1809/2158
f 2192/2134/2159 2191/1809/2158 2193/2147/2160
f 2194/2211/2161 2192/2134/2159 2193/2147/2160
f 2195/1807/2162 2194/2211/2161 2193/2147/2160
f 2194/2211/2161 2196/2212/2163 2192/2134/2159
f 2197/2213/2164 2198/1795/2165 2199/1794/2166
f 2199/1794/2166 2200/2214/2167 2197/2213/2164
f 2201/1803/2168 2200/2214/2167 2199/1794/2166
f 2195/1807/2162 2200/2214/2167 2201/1803/2168
f 2195/1807/2162 2202/2148/2169 2200/2214/2167
f 2195/1807/2162 2193/2147/2160 2202/2148/2169
f 2193/2147/2160 2203/1808/2170 2202/2148/2169
f 2193/2147/2160 2191/1809/2158 2203/1808/2170
f 2191/1809/2158 2204/1798/2171 2203/1808/2170
f 2191/1809/2158 2190/1797/2157 2204/1798/2171
f 2190/1797/2157 2205/2215/2172 2204/1798/2171
f 2190/1797/2157 2189/2210/2156 2205/2215/2172
f 2205/2215/2172 2189/2210/2156 2206/1837/2173
f 2189/2210/2156 2150/1834/2118 2206/1837/2173
f 2207/1711/2174 2206/1837/2173 2150/1834/2118
f 2207/1711/2174 2150/1834/2118 2091/1710/2059
f 2208/1705/2175 2207/1711/2174 2091/1710/2059
f 2208/1705/2175 2091/1710/2059 2090/1874/2058
f 2203/1808/2170 2204/1798/2171 2209/1799/2176
f 2203/1808/2170 2209/1799/2176 2210/1800/2177
f 2203/1808/2170 2210/1800/2177 2211/1801/2178
f 2203/1808/2170 2211/1801/2178 2202/2148/2169
f 2211/1801/2178 2200/2214/2167 2202/2148/2169
f 2211/1801/2178 2197/2213/2164 2200/2214/2167
f 2212/1768/2179 2213/2216/2180 2197/2213/2164
f 2204/1798/2171 2205/2215/2172 2214/1735/2181
f 2204/1798/2171 2214/1735/2181 2209/1799/2176
f 2215/1737/2182 2209/1799/2176 2214/1735/2181
f 2210/1800/2177 2209/1799/2176 2215/1737/2182
f 2210/1800/2177 2215/1737/2182 2216/1745/2183
f 2216/1745/2183 2211/1801/2178 2210/1800/2177
f 2216/1745/2183 2217/1746/2184 2211/1801/2178
f 2197/2213/2164 2211/1801/2178 2217/1746/2184
f 2197/2213/2164 2217/1746/2184 2218/1763/2185
f 2212/1768/2179 2197/2213/2164 2218/1763/2185
f 2219/1767/2186 2212/1768/2179 2218/1763/2185
f 2219/1767/2186 2218/1763/2185 2220/2217/2187
f 2218/1763/2185 2221/1762/2188 2220/2217/2187
f 2218/1763/2185 2217/1746/2184 2221/1762/2188
f 2222/2218/2189 2221/1762/2188 2217/1746/2184
f 2222/2218/2189 2217/1746/2184 2216/1745/2183
f 2215/1737/2182 2222/2218/2189 2216/1745/2183
f 2215/1737/2182 2214/1735/2181 2223/2219/2190
f 2219/1767/2186 2224/1773/2191 2225/1774/2192
f 2219/1767/2186 2220/2217/2187 2224/1773/2191
f 2220/2217/2187 2226/1765/2193 2224/1773/2191
f 2220/2217/2187 2221/1762/2188 2226/1765/2193
f 2227/1761/2194 2226/1765/2193 2221/1762/2188
f 2227/1761/2194 2221/1762/2188 2222/2218/2189
f 2222/2218/2189 2228/1753/2195 2227/1761/2194
f 2222/2218/2189 2229/1747/2196 2228/1753/2195
f 2215/1737/2182 2229/1747/2196 2222/2218/2189
f 2230/1738/2197 2229/1747/2196 2215/1737/2182
f 2230/1738/2197 2215/1737/2182 2223/2219/2190
f 2231/1734/2198 2230/1738/2197 2223/2219/2190
f 2214/1735/2181 2231/1734/2198 2223/2219/2190
f 2214/1735/2181 2232/1729/2199 2231/1734/2198
f 2205/2215/2172 2232/1729/2199 2214/1735/2181
f 2205/2215/2172 2233/1728/2200 2232/1729/2199
f 2205/2215/2172 2206/1837/2173 2233/1728/2200
f 2233/1728/2200 2206/1837/2173 2207/1711/2174
f 2231/1734/2198 2234/1739/2201 2230/1738/2197
f 2234/1739/2201 2235/2220/2202 2230/1738/2197
f 2235/2220/2202 2229/1747/2196 2230/1738/2197
f 2235/2220/2202 2228/1753/2195 2229/1747/2196
f 2236/2221/2203 2213/2216/2180 2237/2222/2204
f 2238/1770/2205 2237/2222/2204 2213/2216/2180
f 2238/1770/2205 2213/2216/2180 2212/1768/2179
f 2239/1769/2206 2238/1770/2205 2212/1768/2179
f 2239/1769/2206 2212/1768/2179 2219/1767/2186
f 2240/1771/2207 2239/1769/2206 2219/1767/2186
f 2240/1771/2207 2219/1767/2186 2225/1774/2192
f 2240/1771/2207 2225/1774/2192 2241/1775/2208
f 2241/1775/2208 2225/1774/2192 2224/1773/2191
f 2241/1775/2208 2224/1773/2191 2242/1772/2209
f 2242/1772/2209 2224/1773/2191 2226/1765/2193
f 2242/1772/2209 2226/1765/2193 2243/2223/2210
f 2243/2223/2210 2226/1765/2193 2227/1761/2194
f 2243/2223/2210 2227/1761/2194 2244/1760/2211
f 2228/1753/2195 2244/1760/2211 2227/1761/2194
f 2228/1753/2195 2245/1759/2212 2244/1760/2213
f 2246/1758/2214 2245/1759/2212 2228/1753/2195
f 2246/1758/2214 2228/1753/2195 2235/2220/2202
f 2240/1771/2207 2241/1775/2208 2247/1776/2215
f 2248/1749/2216 2246/1758/2214 2235/2220/2202
f 2234/1739/2201 2248/1749/2216 2235/2220/2202
f 2248/1749/2216 2234/1739/2201 2249/1740/2217
f 2231/1734/2198 2249/1740/2217 2234/1739/2201
f 2231/1734/2198 2250/1733/2218 2249/1740/2217
f 2232/1729/2199 2250/1733/2218 2231/1734/2198
f 2232/1729/2199 2251/1724/2219 2250/1733/2218
f 2233/1728/2200 2251/1724/2219 2232/1729/2199
f 2233/1728/2200 2252/2224/2220 2251/1724/2219
f 2233/1728/2200 2207/1711/2174 2252/2224/2220
f 2208/1705/2175 2252/2224/2220 2207/1711/2174
f 2253/1706/2221 2252/2224/2220 2208/1705/2175
f 2253/1706/2221 2208/1705/2175 2254/1707/2222
f 2255/2225/2223 2253/1706/2221 2254/1707/2222
f 2255/2225/2223 2254/1707/2222 2256/2226/2224
f 2255/2225/2223 2256/2226/2224 2257/1870/2225
f 2257/1870/2225 2256/2226/2224 2258/1868/2226
f 2257/1870/2225 2258/1868/2226 2259/2227/2227
f 2260/2228/2228 2258/1868/2226 2261/1871/2229
f 2256/2226/2224 2261/1871/2229 2258/1868/2226
f 2256/2226/2224 2262/2229/2230 2261/1871/2229
f 2254/1707/2222 2262/2229/2230 2256/2226/2224
f 2254/1707/2222 2208/1705/2175 2262/2229/2230
f 2263/1681/2231 2264/2230/2232 2265/1678/2233
f 2264/2230/2232 2266/2231/2234 2265/1678/2233
f 2264/2230/2232 2267/1683/2235 2266/2231/2234
f 2266/2231/2234 2267/1683/2235 2268/1671/2236
f 2268/1671/2236 2267/1683/2235 2269/1684/2237
f 2269/1684/2237 2267/1683/2235 2259/2227/2227
f 2270/1700/2238 2259/2227/2227 2267/1683/2235
f 2270/1700/2238 2257/1870/2225 2259/2227/2227
f 2271/1699/2239 2257/1870/2225 2270/1700/2238
f 2271/1699/2239 2255/2225/2223 2257/1870/2225
f 2272/1709/2240 2255/2225/2223 2271/1699/2239
f 2255/2225/2223 2272/1709/2240 2253/1706/2221
f 2272/1709/2240 2273/1713/2241 2253/1706/2221
f 2252/2224/2220 2253/1706/2221 2273/1713/2241
f 2252/2224/2220 2273/1713/2241 2251/1724/2219
f 2274/1732/2242 2251/1724/2219 2273/1713/2241
f 2274/1732/2242 2250/1733/2218 2251/1724/2219
f 2275/1741/2243 2250/1733/2218 2274/1732/2242
f 2275/1741/2243 2249/1740/2217 2250/1733/2218
f 2275/1741/2243 2276/1750/2244 2249/1740/2217
f 2248/1749/2216 2249/1740/2217 2276/1750/2244
f 2277/1731/2245 2274/1732/2242 2273/1713/2241
f 2278/1742/2246 2274/1732/2242 2277/1731/2245
f 2278/1742/2246 2275/1741/2243 2274/1732/2242
f 2279/1751/2247 2275/1741/2243 2278/1742/2246
f 2275/1741/2243 2279/1751/2247 2276/1750/2244
f 2279/1751/2247 2278/1742/2246 2280/1752/2248
f 2279/1751/2247 2280/1752/2248 2281/2232/2249
f 2279/1751/2247 2281/2232/2249 2282/1755/2250
f 2282/1755/2251 2276/1750/2244 2279/1751/2247
f 2282/1755/2251 2283/1756/2252 2276/1750/2244
f 2284/1757/2253 2276/1750/2244 2283/1756/2252
f 2284/1757/2253 2248/1749/2216 2276/1750/2244
f 2248/1749/2216 2284/1757/2253 2246/1758/2214
f 2280/1752/2248 2285/2233/2254 2281/2232/2249
f 2280/1752/2248 2286/1722/2255 2285/2233/2254
f 2280/1752/2248 2287/1743/2256 2286/1722/2255
f 2288/1720/2257 2286/1722/2255 2287/1743/2256
f 2289/1717/2258 2288/1720/2257 2287/1743/2256
f 2289/1717/2258 2239/2234/2206 2288/1720/2257
f 2289/1717/2258 2238/1718/2205 2239/2234/2206
f 2289/1717/2258 2237/2235/2204 2238/1718/2205
f 2289/1717/2258 2287/1743/2256 2290/2236/2259
f 2291/1721/2260 2240/2237/2207 2247/1726/2215
f 2291/1721/2260 2239/2234/2206 2240/2237/2207
f 2291/1721/2260 2288/1720/2257 2239/2234/2206
f 2288/1720/2257 2291/1721/2260 2286/1722/2255
f 2291/1721/2260 2285/2233/2254 2286/1722/2255
f 2291/1721/2260 2292/1725/2261 2285/2233/2254
f 2291/1721/2260 2247/1726/2215 2292/1725/2261
f 2035/1644/2003 2293/2238/2262 2033/1645/2001
f 2294/1693/2263 2293/2238/2262 2035/1644/2003
f 2294/1693/2263 2035/1644/2003 2039/1694/2007
f 2295/1695/2264 2294/1693/2263 2039/1694/2007
f 2295/1695/2264 2039/1694/2007 2296/1701/2265
f 2297/1702/2266 2295/1695/2264 2296/1701/2265
f 2295/1695/2264 2297/1702/2266 2298/1696/2267
f 2298/1696/2267 2297/1702/2266 2236/1703/2203
f 2298/1696/2267 2236/1703/2203 2299/1697/2268
f 2299/1697/2268 2236/1703/2203 2237/2235/2204
f 2299/1697/2268 2237/2235/2204 2300/2239/2269
f 2289/1717/2258 2300/2239/2269 2237/2235/2204
f 2301/1715/2270 2300/2239/2269 2289/1717/2258
f 2301/1715/2270 2289/1717/2258 2290/2236/2259
f 2277/1731/2245 2301/1715/2270 2290/2236/2259
f 2287/1743/2256 2277/1731/2245 2290/2236/2259
f 2287/1743/2256 2278/1742/2246 2277/1731/2245
f 2280/1752/2248 2278/1742/2246 2287/1743/2256
f 2299/1697/2268 2300/2239/2269 2301/1715/2270
f 2299/1697/2268 2302/1691/2267 2298/1696/2267
f 2303/1692/2271 2294/1693/2263 2295/1695/2264
f 2295/1695/2264 2298/1696/2267 2303/1692/2271
f 2302/1691/2267 2303/1692/2271 2298/1696/2267
f 2272/1709/2240 2304/1714/2272 2273/1713/2241
f 2277/1731/2245 2273/1713/2241 2304/1714/2272
f 2277/1731/2245 2304/1714/2272 2301/1715/2270
f 2305/2240/2273 2301/1715/2270 2304/1714/2272
f 2299/1697/2268 2301/1715/2270 2305/2240/2273
f 2305/2240/2273 2306/1690/2274 2299/1697/2268
f 2299/1697/2268 2306/1690/2274 2302/1691/2267
f 2307/1686/2275 2302/1691/2267 2306/1690/2274
f 2302/1691/2267 2307/1686/2275 2303/1692/2271
f 2308/2241/2276 2303/1692/2271 2307/1686/2275
f 2303/1692/2271 2308/2241/2276 2294/1693/2263
f 2293/2238/2262 2294/1693/2263 2308/2241/2276
f 2293/2238/2262 2308/2241/2276 2309/2242/2277
f 2308/2241/2276 2310/1676/2278 2309/2242/2277
f 2308/2241/2276 2311/1680/2279 2310/1676/2278
f 2311/1680/2279 2312/2243/2280 2310/1676/2278
f 2311/1680/2279 2263/1681/2231 2312/2243/2280
f 2263/1681/2231 2265/1678/2233 2312/2243/2280
f 2305/2240/2273 2313/2244/2281 2306/1690/2274
f 2314/1687/2282 2306/1690/2274 2313/2244/2281
f 2307/1686/2275 2306/1690/2274 2314/1687/2282
f 2308/2241/2276 2307/1686/2275 2311/1680/2279
f 2311/1680/2279 2307/1686/2275 2314/1687/2282
f 2311/1680/2279 2314/1687/2282 2263/1681/2231
f 2263/1681/2231 2314/1687/2282 2315/2245/2283
f 2314/1687/2282 2313/2244/2281 2315/2245/2283
f 2315/2245/2283 2313/2244/2281 2271/1699/2239
f 2271/1699/2239 2313/2244/2281 2305/2240/2273
f 2272/1709/2240 2271/1699/2239 2305/2240/2273
f 2305/2240/2273 2304/1714/2272 2272/1709/2240
f 2263/1681/2231 2315/2245/2283 2264/2230/2232
f 2315/2245/2283 2267/1683/2235 2264/2230/2232
f 2315/2245/2283 2270/1700/2238 2267/1683/2235
f 2315/2245/2283 2271/1699/2239 2270/1700/2238
f 2259/2227/2227 2258/1868/2226 2260/2228/2228
f 2259/2227/2227 2260/2228/2228 2316/1629/2284
f 2269/1684/2237 2259/2227/2227 2316/1629/2284
f 2317/2246/2285 2269/1684/2237 2316/1629/2284
f 2317/2246/2285 2268/1671/2236 2269/1684/2237
f 2317/2246/2285 2318/1670/2286 2268/1671/2236
f 2318/1670/2286 2266/2231/2234 2268/1671/2236
f 2318/1670/2286 2319/2247/2287 2266/2231/2234
f 2319/2247/2287 2265/1678/2233 2266/2231/2234
f 2319/2247/2287 2320/1674/2288 2265/1678/2233
f 2320/1674/2288 2312/2243/2280 2265/1678/2233
f 2320/1674/2288 2040/1665/2008 2312/2243/2280
f 2031/1658/1999 2312/2243/2280 2040/1665/2008
f 2031/1658/1999 2310/1676/2278 2312/2243/2280
f 2030/1660/1998 2310/1676/2278 2031/1658/1999
f 2030/1660/1998 2309/2242/2277 2310/1676/2278
f 2033/1645/2001 2309/2242/2277 2030/1660/1998
f 2033/1645/2001 2293/2238/2262 2309/2242/2277
f 2208/1705/2175 2090/1874/2058 2262/2229/2230
f 2262/2229/2230 2090/1874/2058 2072/1873/2040
f 2262/2229/2230 2072/1873/2040 2261/1871/2229
f 2076/1623/2044 2261/1871/2229 2072/1873/2040
f 2260/2228/2228 2261/1871/2229 2076/1623/2044
f 2321/2248/2289 2260/2228/2228 2076/1623/2044
f 2321/2248/2289 2316/1629/2284 2260/2228/2228
f 2321/2248/2289 2322/1630/2290 2316/1629/2284
f 2317/2246/2285 2316/1629/2284 2322/1630/2290
f 2323/1632/2291 2317/2246/2285 2322/1630/2290
f 2318/1670/2286 2317/2246/2285 2323/1632/2291
f 2318/1670/2286 2323/1632/2291 2324/1651/2292
f 2319/2247/2287 2318/1670/2286 2324/1651/2292
f 2319/2247/2287 2324/1651/2292 2325/2249/2293
f 2320/1674/2288 2319/2247/2287 2325/2249/2293
f 2320/1674/2288 2325/2249/2293 2326/2250/2294
f 2040/1665/2008 2320/1674/2288 2326/2250/2294
f 2040/1665/2008 2326/2250/2294 2041/1656/2009
f 2074/2174/2042 2076/1623/2044 2073/2173/2041
f 2074/2174/2042 2327/1624/2295 2076/1623/2044
f 2321/2248/2289 2076/1623/2044 2327/1624/2295
f 2328/2251/2296 2321/2248/2289 2327/1624/2295
f 2322/1630/2290 2321/2248/2289 2328/2251/2296
f 2322/1630/2290 2328/2251/2296 2329/1631/2297
f 2323/1632/2291 2322/1630/2290 2329/1631/2297
f 2330/1633/2298 2323/1632/2291 2329/1631/2297
f 2331/1647/2299 2323/1632/2291 2330/1633/2298
f 2331/1647/2299 2324/1651/2292 2323/1632/2291
f 2332/1650/2300 2324/1651/2292 2331/1647/2299
f 2332/1650/2300 2325/2249/2293 2324/1651/2292
f 2333/2252/2301 2325/2249/2293 2332/1650/2300
f 2333/2252/2301 2326/2250/2294 2325/2249/2293
f 2334/1655/2302 2326/2250/2294 2333/2252/2301
f 2334/1655/2302 2041/1656/2009 2326/2250/2294
f 2042/1657/2010 2041/1656/2009 2334/1655/2302
f 2042/1657/2010 2334/1655/2302 2043/1666/2011
f 2328/2251/2296 2327/1624/2295 2335/2253/2303
f 2327/1624/2295 2336/1637/2304 2335/2253/2303
f 2327/1624/2295 2074/2174/2042 2336/1637/2304
f 2047/2166/2015 2055/1639/2023 2048/1641/2016
f 2074/2174/2042 2048/1641/2016 2055/1639/2023
f 2054/1638/2022 2074/2174/2042 2055/1639/2023
f 2054/1638/2022 2336/1637/2304 2074/2174/2042
f 2059/2169/2027 2336/1637/2304 2054/1638/2022
f 2337/1649/2305 2336/1637/2304 2059/2169/2027
f 2337/1649/2305 2335/2253/2303 2336/1637/2304
f 2338/1635/2306 2335/2253/2303 2337/1649/2305
f 2338/1635/2306 2328/2251/2296 2335/2253/2303
f 2329/1631/2297 2328/2251/2296 2338/1635/2306
f 2329/1631/2297 2338/1635/2306 2339/2254/2307
f 2330/1633/2298 2329/1631/2297 2339/2254/2307
f 1524/1506/1516 1525/1507/1517 1522/1508/1514
f 1525/1507/1517 1518/1510/1510 1522/1508/1514
f 1525/1507/1517 1526/1509/1518 1518/1510/1510
f 1526/1509/1518 1519/1512/1511 1518/1510/1510
f 1526/1509/1518 1527/1511/1519 1519/1512/1511
f 1527/1511/1519 1520/1513/2308 1519/1512/1511
f 1779/1878/1774 1873/2177/1848 1778/1877/1773
f 2340/1995/2309 2341/2003/2310 2342/2005/2311
f 2342/2005/2311 2341/2003/2310 2343/2255/2312
f 2342/2005/2311 2343/2255/2312 2344/1990/2313
f 2343/2255/2312 2345/2256/2314 2344/1990/2313
f 2343/2255/2312 2346/2020/2315 2345/2256/2314
f 2346/2020/2315 2347/2023/2316 2345/2256/2314
f 2346/2020/2315 2348/2022/2317 2347/2023/2316
f 2349/2019/2318 2348/2022/2317 2346/2020/2315
f 2349/2019/2318 2350/2021/2319 2348/2022/2317
f 2349/2019/2318 2351/2018/2320 2350/2021/2319
f 2349/2019/2318 2352/2008/2321 2351/2018/2320
f 2353/2004/2322 2352/2008/2321 2349/2019/2318
f 2353/2004/2322 2349/2019/2318 2346/2020/2315
f 2353/2004/2322 2346/2020/2315 2343/2255/2312
f 2341/2003/2310 2353/2004/2322 2343/2255/2312
f 2354/2257/2323 2355/1955/2324 2356/1953/2325
f 2355/1955/2324 2357/1963/2100 2356/1953/2325
f 2355/1955/2324 2358/1964/2326 2357/1963/2100
f 2358/1964/2326 2359/2258/2327 2357/1963/2100
f 2358/1964/2326 2360/1975/2328 2359/2258/2327
f 2361/2259/2329 2360/1975/2328 2358/1964/2326
f 2361/2259/2329 2362/1966/2330 2360/1975/2328
f 2361/2259/2329 2363/1786/2331 2362/1966/2330
f 2362/1966/2330 2363/1786/2331 2364/1967/2332
f 2364/1967/2332 2363/1786/2331 2340/1995/2309
f 2365/1994/2333 2364/1967/2332 2340/1995/2309
f 2365/1994/2333 2340/1995/2309 2342/2005/2311
f 2365/1994/2333 2342/2005/2311 2366/1992/2334
f 2366/1992/2334 2342/2005/2311 2344/1990/2313
f 2366/1992/2334 2344/1990/2313 2367/2260/2335
f 2367/2260/2335 2344/1990/2313 2345/2256/2314
f 2367/2260/2335 2345/2256/2314 2368/2024/2336
f 2368/2024/2336 2345/2256/2314 2347/2023/2316
f 2368/2024/2336 2347/2023/2316 2369/2026/2337
f 2068/2027/2036 2368/2024/2336 2369/2026/2337
f 2068/2027/2036 2369/2026/2337 2075/2028/2043
f 2365/1994/2333 2370/1981/2338 2364/1967/2332
f 2370/1981/2338 2371/1968/2339 2364/1967/2332
f 2069/2025/2037 2368/2024/2336 2068/2027/2036
f 2069/2025/2037 2367/2260/2335 2368/2024/2336
f 2070/2261/2038 2367/2260/2335 2069/2025/2037
f 2070/2261/2038 2366/1992/2334 2367/2260/2335
f 2077/1987/2045 2366/1992/2334 2070/2261/2038
f 2077/1987/2045 2365/1994/2333 2366/1992/2334
f 2370/1981/2338 2365/1994/2333 2077/1987/2045
f 2370/1981/2338 2077/1987/2045 2078/1982/2046
f 2078/1982/2046 2372/2262/2340 2370/1981/2338
f 2370/1981/2338 2372/2262/2340 2371/1968/2339
f 2371/1968/2339 2372/2262/2340 2373/1973/2341
f 2371/1968/2339 2373/1973/2341 2374/1974/2342
f 2375/2263/2343 2374/1974/2342 2373/1973/2341
f 2080/2264/2048 2082/2265/2050 2376/1970/2050
f 2080/2264/2048 2376/1970/2050 2377/1971/2344
f 2378/1969/2345 2377/1971/2344 2376/1970/2050
f 2378/1969/2345 2375/2263/2343 2377/1971/2344
f 2375/2263/2343 2373/1973/2341 2377/1971/2344
f 2084/1984/2052 2377/1971/2344 2373/1973/2341
f 2086/1983/2054 2084/1984/2052 2373/1973/2341
f 2086/1983/2054 2373/1973/2341 2372/2262/2340
f 2078/1982/2046 2086/1983/2054 2372/2262/2340
f 2084/1984/2052 2080/2264/2048 2377/1971/2344
f 2362/1966/2330 2364/1967/2332 2371/1968/2339
f 2362/1966/2330 2371/1968/2339 2360/1975/2328
f 2360/1975/2328 2371/1968/2339 2374/1974/2342
f 2360/1975/2328 2374/1974/2342 2359/2258/2327
f 2359/2258/2327 2374/1974/2342 2375/2263/2343
f 2359/2258/2327 2375/2263/2343 2379/1977/2346
f 2379/1977/2346 2375/2263/2343 2378/1969/2345
f 2379/1977/2346 2378/1969/2345 2380/1979/2347
f 2379/1977/2346 2380/1979/2347 2381/1978/2348
f 2379/1977/2346 2381/1978/2348 2382/1962/2349
f 2382/1962/2349 2381/1978/2348 2383/2266/2084
f 2382/1962/2349 2383/2266/2084 2384/1951/2350
f 2385/2267/2351 2384/1951/2350 2383/2266/2084
f 2386/1949/2352 2384/1951/2350 2385/2267/2351
f 2386/1949/2352 2385/2267/2351 2387/2268/2353
f 2386/1949/2352 2387/2268/2353 2388/1933/2354
f 2388/1933/2354 2387/2268/2353 2389/2269/2355
f 2388/1933/2354 2389/2269/2355 2390/1909/2356
f 2386/1949/2352 2356/1953/2325 2384/1951/2350
f 2356/1953/2325 2382/1962/2349 2384/1951/2350
f 2356/1953/2325 2357/1963/2100 2382/1962/2349
f 2357/1963/2100 2379/1977/2346 2382/1962/2349
f 2357/1963/2100 2359/2258/2327 2379/1977/2346
f 2110/1916/2078 2391/2270/2357 2107/1915/2075
f 2107/1915/2075 2391/2270/2357 2392/2271/2358
f 2391/2270/2357 2389/2269/2355 2392/2271/2358
f 2392/2271/2358 2389/2269/2355 2393/2272/2359
f 2387/2268/2353 2393/2272/2359 2389/2269/2355
f 2387/2268/2353 2394/1959/2084 2393/2272/2359
f 2385/2267/2351 2394/1959/2084 2387/2268/2353
f 2385/2267/2351 2395/1960/2360 2394/1959/2084
f 2385/2267/2351 2383/2266/2084 2395/1960/2360
f 2107/1915/2075 2392/2271/2358 2106/2273/2074
f 2392/2271/2358 2114/1913/2082 2106/2273/2074
f 2392/2271/2358 2396/2274/2082 2114/1913/2082
f 2392/2271/2358 2393/2272/2359 2396/2274/2082
f 2397/2096/2361 2398/2070/2362 2399/2071/2363
f 2397/2096/2361 2399/2071/2363 2400/2095/2364
f 2401/1952/2365 2397/2096/2361 2400/2095/2364
f 2402/2099/2366 2397/2096/2361 2401/1952/2365
f 2403/1945/2367 2402/2099/2366 2401/1952/2365
f 2404/1946/2368 2402/2099/2366 2403/1945/2367
f 2403/1945/2367 2405/1790/2369 2404/1946/2368
f 2404/1946/2368 2405/1790/2369 2406/2275/2370
f 2406/2275/2370 2405/1790/2369 2407/1947/2371
f 2408/1931/2372 2406/2275/2370 2407/1947/2371
f 2408/1931/2372 2407/1947/2371 2409/2276/2373
f 2408/1931/2372 2409/2276/2373 2410/2277/2374
f 2410/2277/2374 2409/2276/2373 2390/1909/2356
f 2409/2276/2373 2388/1933/2354 2390/1909/2356
f 2409/2276/2373 2411/1948/2375 2388/1933/2354
f 2411/1948/2375 2386/1949/2352 2388/1933/2354
f 2411/1948/2375 2354/2257/2323 2386/1949/2352
f 2354/2257/2323 2356/1953/2325 2386/1949/2352
f 2405/1790/2369 2412/1956/2376 2413/1958/2377
f 2407/1947/2371 2405/1790/2369 2413/1958/2377
f 2412/1956/2376 2414/1788/2378 2415/1957/2379
f 2405/1790/2369 2414/1788/2378 2412/1956/2376
f 2416/2278/2380 2414/1788/2378 2405/1790/2369
f 2416/2278/2380 2417/1787/2381 2414/1788/2378
f 2407/1947/2371 2411/1948/2375 2409/2276/2373
f 2407/1947/2371 2413/1958/2377 2411/1948/2375
f 2413/1958/2377 2354/2257/2323 2411/1948/2375
f 2413/1958/2377 2412/1956/2376 2354/2257/2323
f 2412/1956/2376 2355/1955/2324 2354/2257/2323
f 2412/1956/2376 2415/1957/2379 2355/1955/2324
f 2415/1957/2379 2358/1964/2326 2355/1955/2324
f 2415/1957/2379 2361/2259/2329 2358/1964/2326
f 2415/1957/2379 2414/1788/2378 2361/2259/2329
f 2361/2259/2329 2414/1788/2378 2363/1786/2331
f 2417/1787/2381 2363/1786/2331 2414/1788/2378
f 2417/1787/2381 2418/1785/2382 2363/1786/2331
f 2363/1786/2331 2418/1785/2382 2419/2279/2383
f 2419/2279/2383 2418/1785/2382 2420/1783/2384
f 2419/2279/2383 2420/1783/2384 2421/2280/2385
f 2421/2280/2385 2420/1783/2384 2422/1781/2386
f 2201/1803/2168 2199/1794/2166 2423/1804/2168
f 2424/1805/2387 2423/1804/2168 2199/1794/2166
f 2424/1805/2387 2199/1794/2166 2198/1795/2165
f 2425/1806/2388 2424/1805/2387 2198/1795/2165
f 2425/1806/2388 2198/1795/2165 2422/1781/2386
f 2425/1806/2388 2422/1781/2386 2420/1783/2384
f 2425/1806/2388 2420/1783/2384 2426/2281/2389
f 2418/1785/2382 2426/2281/2389 2420/1783/2384
f 2418/1785/2382 2427/2282/2390 2426/2281/2389
f 2427/2282/2390 2418/1785/2382 2417/1787/2381
f 2427/2282/2390 2417/1787/2381 2428/2283/2391
f 2428/2283/2391 2417/1787/2381 2416/2278/2380
f 2428/2283/2391 2416/2278/2380 2429/2284/2392
f 2430/2285/2393 2429/2284/2392 2416/2278/2380
f 2430/2285/2393 2416/2278/2380 2431/2286/2394
f 2431/2286/2394 2416/2278/2380 2405/1790/2369
f 2431/2286/2394 2405/1790/2369 2432/2287/2395
f 2403/1945/2367 2432/2287/2395 2405/1790/2369
f 2433/2076/2396 2434/2077/2397 2435/2078/2398
f 2433/2076/2396 2435/2078/2398 2436/2093/2399
f 2435/2078/2398 2437/2092/2400 2436/2093/2399
f 2436/2093/2399 2437/2092/2400 2438/1940/2401
f 2439/1942/2402 2438/1940/2401 2437/2092/2400
f 2440/2288/2403 2438/1940/2401 2439/1942/2402
f 2441/1943/2404 2440/2288/2403 2439/1942/2402
f 2441/1943/2404 2432/2287/2395 2440/2288/2403
f 2192/2134/2159 2432/2287/2395 2441/1943/2404
f 2192/2134/2159 2431/2286/2394 2432/2287/2395
f 2196/2212/2163 2431/2286/2394 2192/2134/2159
f 2196/2212/2163 2430/2285/2393 2431/2286/2394
f 2433/2076/2396 2436/2093/2399 2442/2289/2405
f 2436/2093/2399 2438/1940/2401 2442/2289/2405
f 2443/1941/2406 2442/2289/2405 2438/1940/2401
f 2440/2288/2403 2443/1941/2406 2438/1940/2401
f 2444/2290/2407 2443/1941/2406 2440/2288/2403
f 2440/2288/2403 2432/2287/2395 2444/2290/2407
f 2444/2290/2407 2432/2287/2395 2403/1945/2367
f 2403/1945/2367 2401/1952/2365 2444/2290/2407
f 2444/2290/2407 2401/1952/2365 2443/1941/2406
f 2401/1952/2365 2400/2095/2364 2443/1941/2406
f 2443/1941/2406 2400/2095/2364 2442/2289/2405
f 2400/2095/2364 2445/2074/2408 2442/2289/2405
f 2433/2076/2396 2442/2289/2405 2445/2074/2408
f 2446/2075/2409 2433/2076/2396 2445/2074/2408
f 2446/2075/2409 2434/2077/2397 2433/2076/2396
f 2446/2075/2409 2447/2085/2410 2434/2077/2397
f 2434/2077/2397 2447/2085/2410 2137/2086/2105
f 2434/2077/2397 2137/2086/2105 2136/2087/2104
f 2434/2077/2397 2136/2087/2104 2131/2291/2099
f 2434/2077/2397 2131/2291/2099 2435/2078/2398
f 2435/2078/2398 2131/2291/2099 2123/2080/2091
f 2435/2078/2398 2123/2080/2091 2448/2081/2411
f 2448/2081/2411 2123/2080/2091 2124/2082/2092
f 2448/2081/2411 2124/2082/2092 2449/2292/2412
f 2446/2075/2409 2445/2074/2408 2450/2073/2413
f 2399/2071/2363 2450/2073/2413 2445/2074/2408
f 2400/2095/2364 2399/2071/2363 2445/2074/2408
f 2451/2069/2414 2452/2293/2415 2399/2071/2363
f 2399/2071/2363 2452/2293/2415 2450/2073/2413
f 2453/2294/2416 2454/2112/2417 2455/2098/2418
f 2456/2295/2419 2453/2294/2416 2455/2098/2418
f 2456/2295/2419 2449/2292/2412 2453/2294/2416
f 2456/2295/2419 2448/2081/2411 2449/2292/2412
f 2456/2295/2419 2437/2092/2400 2448/2081/2411
f 2435/2078/2398 2448/2081/2411 2437/2092/2400
f 2454/2112/2417 2457/2104/2420 2458/2296/2421
f 2455/2098/2418 2454/2112/2417 2458/2296/2421
f 2455/2098/2418 2458/2296/2421 2459/2111/2422
f 2459/2111/2422 2441/1943/2404 2455/2098/2418
f 2455/2098/2418 2441/1943/2404 2456/2295/2419
f 2456/2295/2419 2441/1943/2404 2439/1942/2402
f 2439/1942/2402 2437/2092/2400 2456/2295/2419
f 2457/2104/2420 2460/2120/2423 2461/2106/2424
f 2457/2104/2420 2461/2106/2424 2462/2105/2425
f 2458/2296/2421 2457/2104/2420 2462/2105/2425
f 2458/2296/2421 2462/2105/2425 2463/2109/2426
f 2459/2111/2422 2458/2296/2421 2463/2109/2426
f 2459/2111/2422 2463/2109/2426 2464/2114/2427
f 2464/2114/2427 2441/1943/2404 2459/2111/2422
f 2464/2114/2427 2185/2135/2152 2441/1943/2404
f 2185/2135/2152 2192/2134/2159 2441/1943/2404
f 2185/2135/2152 2186/2208/2153 2192/2134/2159
f 2184/2136/2151 2185/2135/2152 2464/2114/2427
f 2464/2114/2427 2183/2207/2150 2184/2136/2151
f 2464/2114/2427 2463/2109/2426 2183/2207/2150
f 2463/2109/2426 2465/2108/2428 2183/2207/2150
f 2463/2109/2426 2462/2105/2425 2465/2108/2428
f 2462/2105/2425 2466/2107/2429 2465/2108/2428
f 2462/2105/2425 2461/2106/2424 2466/2107/2429
f 2449/2292/2412 2124/2082/2092 2126/2297/2094
f 2449/2292/2412 2126/2297/2094 2453/2294/2416
f 2126/2297/2094 2467/2088/2430 2453/2294/2416
f 2453/2294/2416 2467/2088/2430 2454/2112/2417
f 2467/2088/2430 2468/2298/2431 2454/2112/2417
f 2454/2112/2417 2468/2298/2431 2457/2104/2420
f 2469/2299/2432 2457/2104/2420 2468/2298/2431
f 2469/2299/2432 2460/2120/2423 2457/2104/2420
f 2470/2300/2433 2460/2120/2423 2469/2299/2432
f 2470/2300/2433 2471/2127/2434 2460/2120/2423
f 2460/2120/2423 2471/2127/2434 2472/2119/2435
f 2460/2120/2423 2472/2119/2435 2461/2106/2424
f 2461/2106/2424 2472/2119/2435 2177/2118/2145
f 2461/2106/2424 2177/2118/2145 2466/2107/2429
f 2177/2118/2145 2179/2117/2146 2466/2107/2429
f 2465/2108/2428 2466/2107/2429 2179/2117/2146
f 2465/2108/2428 2179/2117/2146 2182/2206/2149
f 2183/2207/2150 2465/2108/2428 2182/2206/2149
f 2126/2297/2094 2127/2301/2095 2467/2088/2430
f 2127/2301/2095 2473/2122/2436 2467/2088/2430
f 2467/2088/2430 2473/2122/2436 2468/2298/2431
f 2473/2122/2436 2469/2299/2432 2468/2298/2431
f 2473/2122/2436 2474/2302/2437 2469/2299/2432
f 2474/2302/2437 2470/2300/2433 2469/2299/2432
f 2474/2302/2437 2475/2303/2438 2470/2300/2433
f 2140/2128/2108 2475/2303/2438 2474/2302/2437
f 2140/2128/2108 2142/2130/2110 2475/2303/2438
f 2127/2301/2095 2138/2304/2106 2473/2122/2436
f 2138/2304/2106 2474/2302/2437 2473/2122/2436
f 2138/2304/2106 2140/2128/2108 2474/2302/2437
f 2296/2305/2265 2039/2066/2007 2476/2067/2439
f 2477/2306/2440 2478/2307/2441 2479/2009/2442
f 2478/2307/2441 2480/1998/2443 2479/2009/2442
f 2479/2009/2442 2480/1998/2443 2481/2007/2444
f 2480/1998/2443 2482/2000/2445 2481/2007/2444
f 2480/1998/2443 2483/1999/2446 2482/2000/2445
f 2483/1999/2446 2484/2001/2447 2482/2000/2445
f 2483/1999/2446 2485/2012/2448 2484/2001/2447
f 2485/2012/2448 2486/2308/2449 2484/2001/2447
f 2485/2012/2448 2487/2309/2450 2486/2308/2449
f 2487/2309/2450 2488/2049/2451 2486/2308/2449
f 2487/2309/2450 2489/2047/2452 2488/2049/2451
f 2490/2310/2453 2488/2049/2451 2489/2047/2452
f 2491/2062/2454 2490/2310/2453 2489/2047/2452
f 2491/2062/2454 2489/2047/2452 2492/2044/2455
f 2493/2311/2456 2491/2062/2454 2492/2044/2455
f 2493/2311/2456 2492/2044/2455 2494/2045/2457
f 2476/2067/2439 2493/2311/2456 2494/2045/2457
f 2296/2305/2265 2476/2067/2439 2494/2045/2457
f 2495/1793/2458 2296/2305/2265 2494/2045/2457
f 2481/2007/2444 2482/2000/2445 2496/2006/2459
f 2482/2000/2445 2497/2312/2460 2496/2006/2459
f 2482/2000/2445 2484/2001/2447 2497/2312/2460
f 2484/2001/2447 2498/2014/2461 2497/2312/2460
f 2484/2001/2447 2486/2308/2449 2498/2014/2461
f 2498/2014/2461 2486/2308/2449 2488/2049/2451
f 2493/2311/2456 2476/2067/2439 2039/2066/2007
f 2493/2311/2456 2039/2066/2007 2037/2064/2005
f 2491/2062/2454 2493/2311/2456 2037/2064/2005
f 2491/2062/2454 2037/2064/2005 2038/2063/2006
f 2491/2062/2454 2038/2063/2006 2050/2061/2018
f 2491/2062/2454 2050/2061/2018 2490/2310/2453
f 2490/2310/2453 2050/2061/2018 2052/2060/2020
f 2490/2310/2453 2052/2060/2020 2499/2051/2462
f 2490/2310/2453 2499/2051/2462 2488/2049/2451
f 2499/2051/2462 2500/2052/2463 2488/2049/2451
f 2498/2014/2461 2488/2049/2451 2500/2052/2463
f 2501/2015/2464 2498/2014/2461 2500/2052/2463
f 2497/2312/2460 2498/2014/2461 2501/2015/2464
f 2497/2312/2460 2501/2015/2464 2502/2016/2465
f 2497/2312/2460 2502/2016/2465 2503/2017/2466
f 2497/2312/2460 2503/2017/2466 2496/2006/2459
f 2496/2006/2459 2503/2017/2466 2351/2018/2320
f 2496/2006/2459 2351/2018/2320 2352/2008/2321
f 2501/2015/2464 2500/2052/2463 2504/2313/2467
f 2505/2314/2468 2504/2313/2467 2500/2052/2463
f 2499/2051/2462 2505/2314/2468 2500/2052/2463
f 2499/2051/2462 2064/2059/2032 2505/2314/2468
f 2499/2051/2462 2052/2060/2020 2064/2059/2032
f 2505/2314/2468 2506/2057/2467 2504/2313/2467
f 2505/2314/2468 2065/2058/2033 2506/2057/2467
f 2505/2314/2468 2064/2059/2032 2065/2058/2033
f 2481/2007/2444 2496/2006/2459 2352/2008/2321
f 2353/2004/2322 2481/2007/2444 2352/2008/2321
f 2479/2009/2442 2481/2007/2444 2353/2004/2322
f 2341/2003/2310 2479/2009/2442 2353/2004/2322
f 2477/2306/2440 2479/2009/2442 2341/2003/2310
f 2340/1995/2309 2477/2306/2440 2341/2003/2310
f 2478/2307/2441 2477/2306/2440 2340/1995/2309
f 2478/2307/2441 2340/1995/2309 2363/1786/2331
f 2478/2307/2441 2363/1786/2331 2495/1793/2458
f 2363/1786/2331 2419/2279/2383 2495/1793/2458
f 2495/1793/2458 2419/2279/2383 2296/2305/2265
f 2297/2054/2266 2296/2305/2265 2419/2279/2383
f 2297/2054/2266 2419/2279/2383 2421/2280/2385
f 2236/2221/2203 2297/2054/2266 2421/2280/2385
f 2421/2280/2385 2422/1781/2386 2236/2221/2203
f 2236/2221/2203 2422/1781/2386 2213/2216/2180
f 2213/2216/2180 2422/1781/2386 2198/1795/2165
f 2213/2216/2180 2198/1795/2165 2197/2213/2164
f 2507/2011/2469 2495/1793/2458 2494/2045/2457
f 2508/1997/2470 2495/1793/2458 2507/2011/2469
f 2478/2307/2441 2495/1793/2458 2508/1997/2470
f 2478/2307/2441 2508/1997/2470 2480/1998/2443
f 2508/1997/2470 2483/1999/2446 2480/1998/2443
f 2508/1997/2470 2507/2011/2469 2483/1999/2446
f 2507/2011/2469 2485/2012/2448 2483/1999/2446
f 2507/2011/2469 2509/2315/2471 2485/2012/2448
f 2509/2315/2471 2487/2309/2450 2485/2012/2448
f 2509/2315/2471 2510/2316/2472 2487/2309/2450
f 2510/2316/2472 2489/2047/2452 2487/2309/2450
f 2510/2316/2472 2492/2044/2455 2489/2047/2452
f 2492/2044/2455 2510/2316/2472 2509/2315/2471
f 2492/2044/2455 2509/2315/2471 2494/2045/2457
f 2507/2011/2469 2494/2045/2457 2509/2315/2471
f 2511/2317/2360 2512/1920/2473 2513/2318/2474
f 2391/2270/2357 2390/1909/2356 2389/2269/2355
f 2410/2277/2374 2390/1909/2356 2391/2270/2357
f 2110/1916/2078 2410/2277/2374 2391/2270/2357
f 2111/1918/2079 2410/2277/2374 2110/1916/2078
f 2111/1918/2079 2408/1931/2372 2410/2277/2374
f 2111/1918/2079 2514/1930/2475 2408/1931/2372
f 2408/1931/2372 2514/1930/2475 2406/2275/2370
f 2514/1930/2475 2515/2101/2476 2406/2275/2370
f 2406/2275/2370 2515/2101/2476 2516/2100/2477
f 2515/2101/2476 2517/2103/2325 2516/2100/2477
f 2516/2100/2477 2517/2103/2325 2518/2097/2478
f 2513/2318/2474 2518/2097/2478 2517/2103/2325
f 2513/2318/2474 2519/1919/2479 2518/2097/2478
f 2512/1920/2473 2519/1919/2479 2513/2318/2474
f 2512/1920/2473 2520/2068/2480 2519/1919/2479
f 2519/1919/2479 2520/2068/2480 2451/2069/2414
f 2519/1919/2479 2451/2069/2414 2398/2070/2362
f 2451/2069/2414 2399/2071/2363 2398/2070/2362
f 2406/2275/2370 2516/2100/2477 2404/1946/2368
f 2404/1946/2368 2516/2100/2477 2402/2099/2366
f 2516/2100/2477 2518/2097/2478 2402/2099/2366
f 2402/2099/2366 2518/2097/2478 2397/2096/2361
f 2518/2097/2478 2398/2070/2362 2397/2096/2361
f 2518/2097/2478 2519/1919/2479 2398/2070/2362
f 2111/1918/2079 2112/2319/2080 2514/1930/2475
f 2112/2319/2080 2521/1928/2481 2514/1930/2475
f 2112/2319/2080 2113/1927/2081 2521/1928/2481
f 2113/1927/2081 2522/1925/2482 2521/1928/2481
f 2113/1927/2081 2119/1926/2087 2522/1925/2482
f 2119/1926/2087 2523/1924/2483 2522/1925/2482
f 2119/1926/2087 2117/1936/2085 2523/1924/2483
f 2116/1937/2084 2523/1924/2483 2117/1936/2085
f 2116/1937/2084 2524/1938/2359 2523/1924/2483
f 2523/1924/2483 2524/1938/2359 2511/2317/2360
f 2523/1924/2483 2511/2317/2360 2525/2320/2484
f 2511/2317/2360 2513/2318/2474 2525/2320/2484
f 2525/2320/2484 2513/2318/2474 2517/2103/2325
f 2525/2320/2484 2517/2103/2325 2526/2102/2485
f 2515/2101/2476 2526/2102/2485 2517/2103/2325
f 2521/1928/2481 2526/2102/2485 2515/2101/2476
f 2514/1930/2475 2521/1928/2481 2515/2101/2476
f 2521/1928/2481 2522/1925/2482 2526/2102/2485
f 2522/1925/2482 2525/2320/2484 2526/2102/2485
f 2522/1925/2482 2523/1924/2483 2525/2320/2484
f 2527/2321/2486 2528/2322/2487 2529/2323/2488
f 2527/2321/2486 2530/2324/2489 2528/2322/2487
f 2528/2322/2487 2530/2324/2489 2531/2325/2490
f 2528/2322/2487 2531/2325/2490 2532/2326/2491
f 2533/2327/2492 2532/2326/2491 2531/2325/2490
f 2534/2328/2486 2535/2329/2493 2536/2330/2494
f 2534/2328/2486 2536/2330/2494 2537/2331/2495
f 2538/2332/2496 2537/2331/2495 2536/2330/2494
f 2539/2333/2497 2537/2331/2495 2538/2332/2496
f 2539/2333/2497 2540/2334/2498 2537/2331/2495
f 2534/2328/2486 2537/2331/2495 2540/2334/2498
f 2534/2328/2486 2540/2334/2498 2541/2335/2499
f 2541/2335/2499 2542/2336/2500 2534/2328/2486
f 2541/2335/2499 2543/2337/2501 2542/2336/2500
f 2533/2327/2492 2542/2336/2500 2543/2337/2501
f 2533/2327/2492 2544/2338/2502 2542/2336/2500
f 2533/2327/2492 2531/2325/2490 2544/2338/2502
f 2544/2338/2502 2531/2325/2490 2545/2339/2503
f 2546/2340/2504 2545/2339/2503 2531/2325/2490
f 2531/2325/2490 2547/2341/2505 2546/2340/2504
f 2531/2325/2490 2530/2324/2489 2547/2341/2505
f 2530/2324/2489 2548/2342/2506 2547/2341/2505
f 2530/2324/2489 2527/2321/2486 2548/2342/2506
f 2548/2342/2506 2527/2321/2486 2549/2343/2507
f 2529/2323/2488 2549/2343/2507 2527/2321/2486
f 2529/2323/2488 2550/2344/2508 2549/2343/2507
f 2542/2336/2500 2535/2329/2493 2534/2328/2486
f 2542/2336/2500 2551/2345/2509 2535/2329/2493
f 2544/2338/2502 2551/2345/2509 2542/2336/2500
f 2544/2338/2502 2545/2339/2503 2551/2345/2509
f 2548/2342/2506 2549/2343/2507 2552/2346/2510
f 2553/2347/2511 2548/2342/2506 2552/2346/2510
f 2553/2347/2511 2552/2346/2510 2554/2348/2512
f 2553/2347/2511 2554/2348/2512 2555/2349/2513
f 2553/2347/2511 2555/2349/2513 2556/2350/2514
f 2557/2351/2515 2556/2350/2514 2555/2349/2513
f 2557/2351/2515 2558/2352/2516 2556/2350/2514
f 2559/2353/2517 2558/2352/2516 2557/2351/2515
f 2559/2353/2517 2560/2354/2518 2558/2352/2516
f 2561/2355/2519 2560/2354/2518 2559/2353/2517
f 2561/2355/2519 2562/2356/2520 2560/2354/2518
f 2562/2356/2520 2561/2355/2519 2563/2357/2521
f 2562/2356/2520 2563/2357/2521 2564/2358/2522
f 2562/2356/2520 2564/2358/2522 2565/2359/2523
f 2562/2356/2520 2565/2359/2523 2566/2360/2524
f 2566/2360/2524 2565/2359/2523 2567/2361/2525
f 2566/2360/2524 2567/2361/2525 2568/2362/2526
f 2568/2362/2526 2567/2361/2525 2569/2363/2527
f 2560/2354/2518 2562/2356/2520 2566/2360/2524
f 2553/2347/2511 2547/2364/2505 2548/2342/2506
f 2553/2347/2511 2546/2365/2504 2547/2364/2505
f 2553/2347/2511 2545/2366/2503 2546/2365/2504
f 2553/2347/2511 2556/2350/2514 2545/2366/2503
f 2545/2366/2503 2556/2350/2514 2558/2352/2516
f 2545/2366/2503 2558/2352/2516 2551/2367/2509
f 2558/2352/2516 2570/2368/2528 2551/2367/2509
f 2558/2352/2516 2560/2354/2518 2570/2368/2528
f 2560/2354/2518 2566/2360/2524 2570/2368/2528
f 2566/2360/2524 2571/2369/2529 2570/2368/2528
f 2566/2360/2524 2568/2362/2526 2571/2369/2529
f 2568/2362/2526 2572/2370/2530 2571/2369/2529
f 2568/2362/2526 2573/2371/2531 2572/2370/2530
f 2571/2369/2529 2572/2370/2530 2536/2372/2494
f 2571/2369/2529 2536/2372/2494 2535/2373/2493
f 2570/2368/2528 2571/2369/2529 2535/2373/2493
f 2570/2368/2528 2535/2373/2493 2551/2367/2509
f 2568/2362/2526 2569/2363/2527 2573/2371/2531
f 2574/2374/2532 2573/2371/2531 2569/2363/2527
f 2574/2374/2532 2575/2375/2533 2573/2371/2531
f 2576/2376/2534 2573/2371/2531 2575/2375/2533
f 2576/2376/2534 2572/2370/2530 2573/2371/2531
f 2577/2377/2535 2572/2370/2530 2576/2376/2534
f 2577/2377/2535 2536/2372/2494 2572/2370/2530
f 2578/2378/2536 2579/2379/2537 2580/2380/2538
f 2578/2378/2536 2580/2380/2538 2581/2381/2539
f 2580/2380/2538 2582/2382/2540 2581/2381/2539
f 2580/2380/2538 2583/2383/2540 2582/2382/2540
f 2584/2384/2541 2582/2382/2540 2583/2383/2540
f 2584/2384/2541 2583/2383/2540 2585/2385/2541
f 2586/2386/2542 2584/2384/2541 2585/2385/2541
f 2586/2386/2542 2550/2387/2543 2584/2384/2541
f 2587/2388/2544 2588/2389/2545 2580/2380/2538
f 2587/2388/2544 2580/2380/2538 2579/2379/2537
f 2587/2388/2544 2579/2379/2537 2589/2390/2546
f 2587/2388/2544 2589/2390/2546 2590/2391/2547
f 2591/2392/2548 2590/2391/2547 2589/2390/2546
f 2591/2392/2548 2592/2393/2549 2590/2391/2547
f 2593/2394/2550 2592/2393/2549 2591/2392/2548
f 2593/2394/2550 2594/2395/2551 2592/2393/2549
f 2594/2395/2551 2593/2394/2550 2595/2396/2552
f 2594/2395/2551 2595/2396/2552 2596/2397/2553
f 2597/2398/2554 2550/2344/2543 2586/2399/2542
f 2597/2398/2554 2549/2343/2554 2550/2344/2543
f 2597/2398/2554 2552/2346/2555 2549/2343/2554
f 2597/2398/2554 2598/2400/2556 2552/2346/2555
f 2599/2401/2557 2552/2346/2555 2598/2400/2556
f 2599/2401/2557 2554/2348/2557 2552/2346/2555
f 2554/2348/2557 2599/2401/2557 2600/2402/2558
f 2554/2348/2557 2600/2402/2558 2555/2349/2559
f 2595/2396/2552 2555/2349/2559 2600/2402/2558
f 2595/2396/2552 2557/2351/2560 2555/2349/2559
f 2557/2351/2560 2595/2396/2552 2593/2394/2550
f 2557/2351/2560 2593/2394/2550 2559/2353/2561
f 2591/2392/2548 2559/2353/2561 2593/2394/2550
f 2591/2392/2548 2561/2355/2562 2559/2353/2561
f 2589/2390/2546 2561/2355/2562 2591/2392/2548
f 2589/2390/2546 2563/2357/2563 2561/2355/2562
f 2563/2357/2563 2589/2390/2546 2579/2379/2537
f 2563/2357/2563 2579/2379/2537 2578/2378/2536
f 2588/2403/2564 2595/2404/2564 2580/2405/2564
f 2588/2403/2564 2596/2406/2565 2595/2404/2564
f 2595/2404/2566 2583/2407/2567 2580/2405/2568
f 2595/2404/2566 2600/2408/2569 2583/2407/2567
f 2585/2409/2570 2583/2407/2567 2600/2408/2569
f 2585/2409/2570 2600/2408/2569 2599/2410/2570
f 2585/2409/2570 2599/2410/2570 2598/2411/2571
f 2585/2409/2570 2598/2411/2571 2586/2412/2571
f 2598/2411/2571 2597/2413/2572 2586/2412/2571
f 2588/2403/2570 2594/2414/2570 2596/2406/2570
f 2588/2403/2570 2587/2415/2570 2594/2414/2570
f 2587/2415/2570 2592/2416/2570 2594/2414/2570
f 2587/2415/2570 2590/2417/2570 2592/2416/2570
f 2578/2378/2573 2564/2418/2522 2563/2357/2521
f 2578/2378/2573 2601/2419/2574 2564/2418/2522
f 2601/2419/2574 2565/2420/2523 2564/2418/2522
f 2602/2421/2575 2540/2422/2498 2539/2423/2497
f 2602/2421/2575 2603/2424/2576 2540/2422/2498
f 2574/2425/2532 2603/2424/2576 2602/2421/2575
f 2574/2425/2532 2569/2426/2527 2603/2424/2576
f 2567/2427/2525 2603/2424/2576 2569/2426/2527
f 2567/2427/2525 2604/2428/2574 2603/2424/2576
f 2604/2428/2574 2567/2427/2525 2565/2420/2523
f 2604/2428/2574 2565/2420/2523 2605/2429/2574
f 2601/2419/2574 2605/2429/2574 2565/2420/2523
f 2605/2429/2574 2601/2419/2574 2606/2430/2577
f 2578/2378/2573 2606/2430/2577 2601/2419/2574
f 2578/2378/2573 2581/2381/2578 2606/2430/2577
f 2581/2381/2578 2607/2431/2574 2606/2430/2577
f 2581/2381/2578 2582/2382/2544 2607/2431/2574
f 2607/2431/2574 2582/2382/2544 2584/2384/2579
f 2607/2431/2574 2584/2384/2579 2608/2432/2580
f 2550/2387/2508 2608/2432/2580 2584/2384/2579
f 2550/2387/2508 2529/2433/2488 2608/2432/2580
f 2532/2434/2491 2608/2432/2580 2529/2433/2488
f 2532/2434/2491 2529/2433/2488 2528/2435/2487
f 2607/2431/2574 2608/2432/2580 2532/2434/2491
f 2607/2431/2574 2532/2434/2491 2533/2436/2492
f 2606/2430/2577 2607/2431/2574 2533/2436/2492
f 2606/2430/2577 2533/2436/2492 2543/2437/2501
f 2605/2429/2574 2606/2430/2577 2543/2437/2501
f 2604/2428/2574 2605/2429/2574 2543/2437/2501
f 2604/2428/2574 2543/2437/2501 2541/2438/2499
f 2541/2438/2499 2603/2424/2576 2604/2428/2574
f 2541/2438/2499 2540/2422/2498 2603/2424/2576
f 2246/2439/2581 2609/2440/2582 2244/2441/2583
f 2246/2439/2581 2610/2442/2584 2609/2440/2582
f 2611/2443/2585 2612/2444/2586 2613/2445/2587
f 2613/2445/2587 2612/2444/2586 2614/2446/2588
f 2285/2447/2589 2614/2446/2588 2612/2444/2586
f 2247/2448/2590 2614/2446/2588 2285/2447/2589
f 2247/2448/2591 2615/2449/2592 2614/2446/2588
f 2615/2449/2592 2247/2448/2591 2241/2450/2593
f 2615/2449/2592 2241/2450/2593 2616/2451/2594
f 2616/2451/2594 2241/2450/2593 2242/2452/2595
f 2616/2451/2594 2242/2452/2595 2617/2453/2596
f 2243/2454/2597 2617/2453/2596 2242/2452/2595
f 2244/2441/2583 2617/2453/2596 2243/2454/2597
f 2244/2441/2583 2618/2455/2598 2617/2453/2596
f 2244/2441/2583 2609/2440/2582 2618/2455/2598
f 2619/2456/2599 2618/2455/2598 2609/2440/2582
f 2619/2456/2599 2609/2440/2582 2610/2442/2584
f 2619/2456/2599 2610/2442/2584 2620/2457/2600
f 2620/2457/2600 2621/2458/2601 2619/2456/2599
f 2620/2457/2600 2622/2459/2602 2621/2458/2601
f 2285/2447/2589 2612/2444/2586 2282/2460/2603
f 2282/2460/2603 2612/2444/2586 2611/2443/2585
f 2282/2460/2603 2611/2443/2585 2283/2461/2604
f 2283/2461/2604 2611/2443/2585 2610/2462/2584
f 2611/2443/2585 2620/2463/2600 2610/2462/2584
f 2283/2461/2605 2610/2462/2584 2246/2464/2581
f 2623/2465/2606 2624/2466/2607 2625/2467/2608
f 2626/2468/2609 2625/2467/2608 2624/2466/2607
f 2624/2466/2607 2627/2469/2610 2626/2468/2609
f 2624/2466/2607 2628/2470/2611 2627/2469/2610
f 2621/2458/2601 2627/2469/2610 2628/2470/2611
f 2621/2458/2601 2628/2470/2611 2629/2471/2612
f 2629/2471/2612 2619/2456/2599 2621/2458/2601
f 2629/2471/2612 2630/2472/2613 2619/2456/2599
f 2619/2456/2599 2630/2472/2613 2618/2455/2598
f 2630/2472/2613 2617/2453/2596 2618/2455/2598
f 2630/2472/2613 2631/2473/2614 2617/2453/2596
f 2616/2451/2594 2617/2453/2596 2631/2473/2614
f 2616/2451/2594 2631/2473/2614 2632/2474/2615
f 2632/2474/2615 2615/2449/2592 2616/2451/2594
f 2629/2471/2612 2628/2470/2611 2633/2475/2616
f 2633/2475/2616 2630/2472/2613 2629/2471/2612
f 2633/2475/2616 2631/2473/2614 2630/2472/2613
f 2634/2476/2617 2632/2474/2615 2631/2473/2614
f 2634/2476/2617 2631/2473/2614 2633/2475/2616
f 2633/2475/2616 2635/2477/2618 2634/2476/2617
f 2633/2475/2616 2628/2470/2611 2635/2477/2618
f 2628/2470/2611 2623/2465/2606 2635/2477/2618
f 2628/2470/2611 2624/2466/2607 2623/2465/2606
f 2622/2459/2602 2627/2469/2610 2621/2458/2601
f 2622/2459/2602 2636/2478/2619 2627/2469/2610
f 2637/2479/2620 2627/2469/2610 2636/2478/2619
f 2637/2479/2620 2626/2468/2609 2627/2469/2610
f 2626/2468/2609 2637/2479/2620 2638/2480/2621
f 2626/2468/2609 2638/2480/2621 2639/2481/2622
f 2626/2468/2609 2639/2481/2622 2625/2467/2608
f 2640/2482/2623 2625/2467/2608 2639/2481/2622
f 2640/2482/2623 2641/2483/2624 2625/2467/2608
f 2623/2465/2606 2625/2467/2608 2641/2483/2624
f 2642/2484/2625 2623/2465/2606 2641/2483/2624
f 2642/2484/2625 2635/2477/2618 2623/2465/2606
f 2642/2484/2625 2643/2485/2626 2635/2477/2618
f 2643/2485/2626 2634/2476/2617 2635/2477/2618
f 2643/2485/2626 2644/2486/2627 2634/2476/2617
f 2632/2474/2615 2634/2476/2617 2644/2486/2627
f 2632/2474/2615 2644/2486/2627 2645/2487/2628
f 2645/2487/2628 2615/2449/2592 2632/2474/2615
f 2646/2488/2629 2643/2485/2626 2642/2484/2625
f 2646/2488/2629 2647/2489/2630 2643/2485/2626
f 2647/2489/2630 2644/2486/2627 2643/2485/2626
f 2648/2490/2631 2646/2488/2629 2649/2491/2632
f 2648/2490/2631 2647/2489/2630 2646/2488/2629
f 2648/2490/2631 2650/2492/2633 2647/2489/2630
f 2647/2489/2630 2650/2492/2633 2644/2486/2627
f 2650/2492/2633 2645/2487/2628 2644/2486/2627
f 2645/2487/2628 2614/2446/2588 2615/2449/2592
f 2613/2445/2587 2614/2446/2588 2645/2487/2628
f 2650/2492/2633 2613/2445/2587 2645/2487/2628
f 2650/2492/2633 2651/2493/2634 2613/2445/2587
f 2648/2490/2631 2651/2493/2634 2650/2492/2633
f 2652/2494/2635 2651/2493/2634 2648/2490/2631
f 2652/2494/2635 2648/2490/2631 2649/2491/2632
f 2652/2494/2635 2649/2491/2632 2653/2495/2636
f 2652/2494/2635 2654/2496/2637 2651/2493/2634
f 2655/2497/2638 2651/2493/2634 2654/2496/2637
f 2655/2497/2638 2613/2445/2587 2651/2493/2634
f 2640/2482/2623 2656/2498/2639 2641/2483/2624
f 2656/2498/2639 2657/2499/2640 2641/2483/2624
f 2642/2484/2625 2641/2483/2624 2657/2499/2640
f 2642/2484/2625 2657/2499/2640 2658/2500/2641
f 2642/2484/2625 2658/2500/2641 2646/2488/2629
f 2646/2488/2629 2658/2500/2641 2659/2501/2642
f 2646/2488/2629 2659/2501/2642 2649/2491/2632
f 2649/2491/2632 2659/2501/2642 2660/2502/2643
f 2649/2491/2632 2660/2502/2643 2653/2495/2636
f 2637/2503/2620 2653/2495/2636 2660/2502/2643
f 2653/2495/2636 2637/2503/2620 2636/2504/2619
f 2653/2495/2636 2636/2504/2619 2652/2494/2635
f 2622/2505/2602 2652/2494/2635 2636/2504/2619
f 2622/2505/2602 2654/2496/2637 2652/2494/2635
f 2654/2496/2637 2622/2505/2602 2620/2463/2600
f 2654/2496/2637 2620/2463/2600 2655/2497/2638
f 2611/2443/2585 2655/2497/2638 2620/2463/2600
f 2611/2443/2585 2613/2445/2587 2655/2497/2638
f 2637/2503/2620 2660/2502/2643 2638/2506/2621
f 2661/2507/2644 2662/2508/2645 2663/2509/2646
f 2661/2507/2644 2664/2510/2645 2662/2508/2645
f 2665/2511/2647 2661/2507/2644 2663/2512/2646
f 2665/2511/2647 2663/2512/2646 2666/2513/2647
f 2667/2514/2648 2665/2511/2647 2666/2513/2647
f 2667/2514/2648 2668/2515/2649 2665/2511/2647
f 2669/2516/2650 2670/2517/2651 2671/2518/2651
f 2669/2516/2650 2671/2518/2651 2672/2519/2650
f 2673/2520/2652 2669/2516/2650 2672/2519/2650
f 2673/2520/2652 2672/2519/2650 2674/2521/2652
f 2675/2522/2653 2673/2520/2652 2674/2521/2652
f 2675/2522/2653 2674/2521/2652 2676/2523/2653
f 2677/2524/2654 2675/2522/2653 2676/2523/2653
f 2677/2524/2654 2678/2525/2654 2675/2522/2653
f 2679/2526/2655 2678/2525/2654 2677/2524/2654
f 2679/2526/2655 2680/2527/2655 2678/2525/2654
f 2668/2515/2649 2680/2527/2655 2679/2526/2655
f 2668/2515/2649 2667/2528/2648 2680/2527/2655
f 2681/2529/2647 2671/2518/2651 2670/2530/2651
f 2681/2529/2647 2670/2530/2651 2682/2531/2647
f 2683/2532/2656 2681/2529/2647 2682/2531/2647
f 2683/2532/2656 2684/2533/2657 2681/2529/2647
f 2685/2534/2658 2684/2533/2657 2683/2535/2656
f 2685/2534/2658 2686/2536/2658 2684/2533/2657
f 2687/2537/2659 2688/2538/2660 2689/2539/2661
f 2687/2537/2659 2690/2540/2662 2688/2538/2660
f 2690/2540/2662 2691/2541/2663 2688/2538/2660
f 2692/2542/2664 2693/2543/2665 2694/2544/2666
f 2692/2542/2664 2695/2545/2667 2693/2543/2665
f 2692/2542/2664 2691/2541/2663 2695/2545/2667
f 2695/2545/2667 2691/2541/2663 2696/2546/2668
f 2690/2540/2662 2696/2546/2668 2691/2541/2663
f 2697/2547/2669 2696/2546/2668 2690/2540/2662
f 2698/2548/2670 2697/2547/2669 2690/2540/2662
f 2698/2548/2670 2690/2540/2662 2687/2537/2659
f 2698/2548/2670 2687/2537/2659 2699/2549/2671
f 2689/2539/2661 2699/2549/2671 2687/2537/2659
f 2689/2539/2661 2700/2550/2672 2699/2549/2671
f 2701/2551/2673 2699/2549/2671 2700/2550/2672
f 2701/2551/2673 2702/2552/2674 2699/2549/2671
f 2703/2553/2675 2702/2552/2674 2701/2551/2673
f 2703/2553/2675 2704/2554/2676 2702/2552/2674
f 2704/2554/2676 2703/2553/2675 2705/2555/2677
f 2704/2554/2676 2705/2555/2677 2706/2556/2678
f 2705/2555/2677 2707/2557/2679 2706/2556/2678
f 2695/2545/2667 2696/2546/2668 2708/2558/2680
f 2709/2559/2681 2708/2558/2680 2696/2546/2668
f 2697/2547/2669 2709/2559/2681 2696/2546/2668
f 2709/2559/2681 2710/2560/2682 2708/2558/2680
f 2698/2548/2670 2699/2549/2671 2711/2561/2683
f 2711/2561/2683 2699/2549/2671 2702/2552/2674
f 2711/2561/2683 2702/2552/2674 2712/2562/2684
f 2704/2554/2676 2712/2562/2684 2702/2552/2674
f 2704/2554/2676 2713/2563/2685 2712/2562/2684
f 2713/2563/2685 2704/2554/2676 2706/2556/2678
f 2714/2564/2686 2713/2563/2685 2706/2556/2678
f 2714/2564/2686 2715/2565/2687 2713/2563/2685
f 2706/2556/2678 2707/2557/2679 2714/2564/2686
f 2714/2564/2686 2707/2557/2679 2695/2566/2667
f 2714/2564/2686 2695/2566/2667 2708/2567/2680
f 2708/2567/2680 2715/2565/2687 2714/2564/2686
f 2708/2567/2680 2710/2568/2682 2715/2565/2687
f 2693/2569/2665 2707/2557/2679 2694/2570/2666
f 2695/2566/2667 2707/2557/2679 2693/2569/2665
f 2716/2571/2688 2717/2572/2689 2718/2573/2690
f 2689/2574/2691 2716/2571/2688 2718/2573/2690
f 2689/2574/2691 2719/2575/2692 2716/2571/2688
f 2689/2574/2691 2688/2576/2693 2719/2575/2692
f 2688/2576/2693 2720/2577/2694 2719/2575/2692
f 2688/2576/2693 2691/2578/2695 2720/2577/2694
f 2689/2574/2691 2718/2573/2690 2700/2579/2696
f 2721/2580/2697 2722/2581/2698 2723/2582/2699
f 2724/2583/2700 2722/2581/2698 2721/2580/2697
f 2725/2584/2701 2724/2583/2700 2721/2580/2697
f 2726/2585/2702 2724/2583/2700 2725/2584/2701
f 2725/2584/2701 2694/2586/2703 2726/2585/2702
f 2725/2584/2701 2692/2587/2704 2694/2586/2703
f 2691/2588/2695 2692/2587/2704 2725/2584/2701
f 2691/2588/2695 2725/2584/2701 2720/2577/2694
f 2725/2584/2701 2727/2589/2705 2720/2577/2694
f 2719/2575/2692 2720/2577/2694 2727/2589/2705
f 2719/2575/2692 2727/2589/2705 2728/2590/2706
f 2728/2590/2706 2716/2571/2688 2719/2575/2692
f 2728/2590/2706 2729/2591/2707 2716/2571/2688
f 2716/2571/2688 2729/2591/2707 2717/2572/2689
f 2729/2591/2707 2730/2592/2708 2717/2572/2689
f 2729/2591/2707 2731/2593/2709 2730/2592/2708
f 2732/2594/2710 2731/2593/2709 2729/2591/2707
f 2732/2594/2710 2733/2595/2711 2731/2593/2709
f 2724/2583/2700 2734/2596/2712 2722/2581/2698
f 2735/2597/2713 2734/2596/2712 2724/2583/2700
f 2726/2585/2702 2735/2597/2713 2724/2583/2700
f 2735/2597/2713 2736/2598/2713 2734/2596/2712
f 2737/2599/2714 2738/2600/2715 2739/2601/2716
f 2740/2602/2717 2737/2599/2714 2739/2601/2716
f 2740/2602/2717 2721/2580/2697 2737/2599/2714
f 2725/2584/2701 2721/2580/2697 2740/2602/2717
f 2725/2584/2701 2740/2602/2717 2727/2589/2705
f 2741/2603/2533 2727/2589/2705 2740/2602/2717
f 2728/2590/2706 2727/2589/2705 2741/2603/2533
f 2728/2590/2706 2741/2603/2533 2742/2604/2718
f 2742/2604/2718 2729/2591/2707 2728/2590/2706
f 2742/2604/2718 2732/2594/2710 2729/2591/2707
f 2743/2605/2719 2732/2594/2710 2742/2604/2718
f 2743/2605/2719 2744/2606/2720 2732/2594/2710
f 2745/2607/2721 2744/2606/2720 2743/2605/2719
f 2745/2607/2721 2743/2605/2719 2746/2608/2722
f 2747/2609/2723 2745/2607/2721 2746/2608/2722
f 2747/2609/2723 2746/2608/2722 2748/2610/2724
f 2749/2611/2725 2747/2609/2723 2748/2610/2724
f 2749/2611/2725 2748/2610/2724 2750/2612/2726
f 2750/2612/2726 2751/2613/2727 2749/2611/2725
f 2750/2612/2726 2752/2614/2728 2751/2613/2727
f 2744/2606/2720 2733/2595/2711 2732/2594/2710
f 2744/2606/2720 2753/2615/2729 2733/2595/2711
f 2754/2616/2730 2753/2615/2729 2744/2606/2720
f 2754/2616/2730 2744/2606/2720 2745/2607/2721
f 2755/2617/2731 2754/2616/2730 2745/2607/2721
f 2747/2609/2723 2755/2617/2731 2745/2607/2721
f 2756/2618/2732 2755/2617/2731 2747/2609/2723
f 2756/2618/2732 2747/2609/2723 2757/2619/2733
f 2757/2619/2733 2747/2609/2723 2749/2611/2725
f 2757/2619/2733 2749/2611/2725 2758/2620/2734
f 2758/2620/2734 2749/2611/2725 2751/2613/2727
f 2758/2620/2734 2751/2613/2727 2759/2621/2735
f 2739/2601/2736 2738/2600/2715 2760/2622/2737
f 2760/2622/2737 2740/2602/2717 2739/2601/2736
f 2760/2622/2737 2741/2603/2533 2740/2602/2717
f 2760/2622/2737 2761/2623/2738 2741/2603/2533
f 2742/2604/2718 2741/2603/2533 2761/2623/2738
f 2742/2604/2718 2761/2623/2738 2743/2605/2719
f 2761/2623/2738 2746/2608/2722 2743/2605/2719
f 2761/2623/2738 2762/2624/2739 2746/2608/2722
f 2762/2624/2739 2748/2610/2724 2746/2608/2722
f 2762/2624/2739 2763/2625/2740 2748/2610/2724
f 2763/2625/2740 2750/2612/2726 2748/2610/2724
f 2738/2600/2715 2763/2625/2740 2762/2624/2739
f 2762/2624/2739 2760/2622/2737 2738/2600/2715
f 2762/2624/2739 2761/2623/2738 2760/2622/2737
f 2721/2580/2697 2723/2582/2699 2737/2599/2714
f 2723/2582/2699 2764/2626/2741 2737/2599/2714
f 2737/2599/2714 2764/2626/2741 2738/2600/2715
f 2764/2626/2741 2765/2627/2742 2738/2600/2715
f 2763/2625/2740 2738/2600/2715 2765/2627/2742
f 2763/2625/2740 2765/2627/2742 2766/2628/2743
f 2763/2625/2740 2766/2628/2743 2750/2612/2726
f 2766/2628/2743 2752/2629/2728 2750/2612/2726
f 2766/2628/2743 2767/2630/2744 2752/2629/2728
f 2765/2627/2742 2767/2630/2744 2766/2628/2743
f 2765/2627/2742 2768/2631/2745 2767/2630/2744
f 2769/2632/2746 2768/2631/2745 2765/2627/2742
f 2769/2632/2746 2765/2627/2742 2770/2633/2747
f 2771/2634/2748 2770/2633/2747 2765/2627/2742
f 2771/2634/2748 2772/2635/2749 2770/2633/2747
f 2773/2636/2750 2772/2635/2749 2771/2634/2748
f 2773/2636/2750 2774/2637/2749 2772/2635/2749
f 2764/2626/2741 2771/2634/2748 2765/2627/2742
f 2775/2638/2751 2771/2634/2748 2764/2626/2741
f 2723/2582/2699 2775/2638/2751 2764/2626/2741
f 2775/2638/2751 2773/2636/2750 2771/2634/2748
f 2776/2639/2752 2777/2640/2753 2778/2641/2754
f 2779/2642/2755 2778/2641/2754 2777/2640/2753
f 2779/2642/2755 2777/2640/2753 2780/2643/2756
f 2780/2643/2756 2781/2644/2757 2779/2642/2755
f 2780/2643/2756 2782/2645/2758 2781/2644/2757
f 2782/2645/2758 2783/2646/2759 2781/2644/2757
f 2782/2645/2758 2784/2647/2760 2783/2646/2759
f 2785/2648/2761 2783/2646/2759 2784/2647/2760
f 2785/2648/2761 2786/2649/2762 2783/2646/2759
f 2787/2650/2763 2786/2649/2762 2785/2648/2761
f 2787/2650/2763 2788/2651/2764 2786/2649/2762
f 2789/2652/2765 2790/2653/2766 2788/2651/2764
f 2789/2652/2765 2788/2651/2764 2787/2650/2763
f 2791/2654/2767 2789/2652/2765 2787/2650/2763
f 2791/2654/2767 2787/2650/2763 2767/2655/2768
f 2767/2655/2768 2787/2650/2763 2785/2648/2761
f 2767/2655/2768 2785/2648/2761 2752/2656/2769
f 2752/2656/2769 2785/2648/2761 2784/2647/2760
f 2752/2656/2769 2784/2647/2760 2751/2657/2770
f 2782/2645/2758 2751/2657/2770 2784/2647/2760
f 2782/2645/2758 2759/2658/2771 2751/2657/2770
f 2782/2645/2758 2792/2659/2772 2759/2658/2771
f 2782/2645/2758 2780/2643/2756 2792/2659/2772
f 2780/2643/2756 2793/2660/2773 2792/2659/2772
f 2780/2643/2756 2777/2640/2753 2793/2660/2773
f 2794/2661/2774 2793/2660/2773 2777/2640/2753
f 2794/2661/2774 2777/2640/2753 2776/2639/2752
f 2776/2639/2752 2795/2662/2775 2794/2661/2774
f 2796/2663/2776 2795/2662/2775 2776/2639/2752
f 2778/2641/2754 2796/2663/2776 2776/2639/2752
f 2778/2641/2754 2797/2664/2777 2796/2663/2776
f 2797/2664/2777 2790/2665/2766 2789/2666/2765
f 2797/2664/2777 2789/2666/2765 2796/2663/2776
f 2791/2667/2767 2796/2663/2776 2789/2666/2765
f 2791/2667/2767 2795/2662/2775 2796/2663/2776
f 2798/2668/2778 2795/2662/2775 2791/2667/2767
f 2769/2669/2779 2795/2662/2775 2798/2668/2778
f 2769/2670/2779 2798/2671/2778 2768/2672/2780
f 2791/2654/2767 2768/2672/2780 2798/2671/2778
f 2791/2654/2767 2767/2655/2768 2768/2672/2780
f 2799/2673/2781 2800/2674/2782 2801/2675/2783
f 2802/2676/2784 2703/2677/2785 2701/2678/2786
f 2802/2676/2784 2701/2678/2786 2803/2679/2787
f 2700/2680/2696 2803/2679/2787 2701/2678/2786
f 2700/2680/2696 2718/2681/2690 2803/2679/2787
f 2718/2681/2690 2799/2673/2781 2803/2679/2787
f 2718/2681/2690 2717/2682/2689 2799/2673/2781
f 2717/2682/2689 2800/2674/2782 2799/2673/2781
f 2717/2682/2689 2730/2683/2708 2800/2674/2782
f 2804/2684/2788 2805/2685/2789 2806/2686/2486
f 2804/2684/2788 2806/2686/2486 2807/2687/2790
f 2807/2687/2790 2808/2688/2791 2804/2684/2788
f 2807/2687/2790 2809/2689/2792 2808/2688/2791
f 2686/2690/2793 2808/2688/2791 2809/2689/2792
f 2686/2690/2793 2809/2689/2792 2810/2691/2794
f 2810/2691/2794 2801/2675/2783 2686/2690/2793
f 2810/2691/2794 2811/2692/2795 2801/2675/2783
f 2799/2673/2781 2801/2675/2783 2811/2692/2795
f 2811/2692/2795 2803/2679/2787 2799/2673/2781
f 2811/2692/2795 2802/2676/2784 2803/2679/2787
f 2802/2676/2784 2811/2692/2795 2810/2691/2794
f 2810/2691/2794 2812/2693/2796 2802/2676/2784
f 2810/2691/2794 2809/2689/2792 2812/2693/2796
f 2809/2689/2792 2813/2694/2797 2812/2693/2796
f 2809/2689/2792 2807/2687/2790 2813/2694/2797
f 2807/2687/2790 2814/2695/2798 2813/2694/2797
f 2807/2687/2790 2806/2686/2486 2814/2695/2798
f 2806/2686/2486 2815/2696/2799 2814/2695/2798
f 2806/2686/2486 2816/2697/2800 2815/2696/2799
f 2817/2698/2578 2818/2699/2801 2819/2700/2802
f 2817/2698/2578 2820/2701/2803 2818/2699/2801
f 2820/2701/2803 2821/2702/2804 2818/2699/2801
f 2820/2701/2803 2822/2703/2805 2821/2702/2804
f 2821/2702/2804 2822/2703/2805 2823/2704/2806
f 2821/2702/2804 2823/2704/2806 2816/2697/2800
f 2816/2697/2800 2823/2704/2806 2824/2705/2807
f 2816/2697/2800 2824/2705/2807 2815/2696/2799
f 2815/2696/2799 2824/2705/2807 2736/2706/2713
f 2815/2696/2799 2736/2706/2713 2735/2707/2713
f 2814/2695/2798 2815/2696/2799 2735/2707/2713
f 2814/2695/2798 2735/2707/2713 2726/2708/2702
f 2813/2694/2797 2814/2695/2798 2726/2708/2702
f 2707/2709/2808 2813/2694/2797 2726/2708/2702
f 2812/2693/2796 2813/2694/2797 2707/2709/2808
f 2812/2693/2796 2707/2709/2808 2705/2710/2809
f 2703/2677/2785 2812/2693/2796 2705/2710/2809
f 2703/2677/2785 2802/2676/2784 2812/2693/2796
f 2707/2709/2808 2726/2708/2702 2694/2711/2703
f 2825/2712/2810 2818/2699/2801 2821/2702/2804
f 2818/2699/2801 2825/2712/2810 2826/2713/2811
f 2819/2700/2802 2818/2699/2801 2826/2713/2811
f 2819/2700/2802 2826/2713/2811 2827/2714/2812
f 2828/2715/2813 2829/2716/2814 2830/2717/2815
f 2828/2715/2813 2830/2717/2815 2831/2718/2816
f 2832/2719/2817 2831/2718/2816 2830/2717/2815
f 2832/2719/2817 2833/2720/2818 2831/2718/2816
f 2834/2721/2819 2831/2718/2816 2833/2720/2818
f 2835/2722/2820 2834/2721/2819 2833/2720/2818
f 2835/2722/2820 2836/2723/2821 2834/2721/2819
f 2837/2724/2822 2836/2723/2821 2835/2722/2820
f 2837/2724/2822 2838/2725/2823 2836/2723/2821
f 2827/2714/2812 2838/2725/2823 2837/2724/2822
f 2827/2714/2812 2826/2713/2811 2838/2725/2823
f 2826/2713/2811 2839/2726/2824 2838/2725/2823
f 2826/2713/2811 2825/2712/2810 2839/2726/2824
f 2839/2726/2824 2825/2712/2810 2840/2727/2825
f 2825/2712/2810 2821/2702/2804 2840/2727/2825
f 2821/2702/2804 2805/2685/2789 2840/2727/2825
f 2821/2702/2804 2816/2697/2800 2805/2685/2789
f 2806/2686/2486 2805/2685/2789 2816/2697/2800
f 2828/2715/2813 2831/2718/2816 2834/2721/2819
f 2828/2715/2813 2834/2721/2819 2664/2728/2826
f 2836/2723/2821 2664/2728/2826 2834/2721/2819
f 2836/2723/2821 2841/2729/2827 2664/2728/2826
f 2841/2729/2827 2836/2723/2821 2838/2725/2823
f 2841/2729/2827 2838/2725/2823 2839/2726/2824
f 2841/2729/2827 2839/2726/2824 2842/2730/2828
f 2839/2726/2824 2840/2727/2825 2842/2730/2828
f 2840/2727/2825 2804/2684/2788 2842/2730/2828
f 2840/2727/2825 2805/2685/2789 2804/2684/2788
f 2842/2730/2828 2804/2684/2788 2808/2688/2791
f 2842/2730/2828 2808/2688/2791 2843/2731/2829
f 2841/2729/2827 2842/2730/2828 2843/2731/2829
f 2844/2732/2830 2841/2729/2827 2843/2731/2829
f 2841/2729/2827 2844/2732/2830 2664/2728/2826
f 2686/2690/2793 2845/2733/2831 2808/2688/2791
f 2843/2731/2829 2808/2688/2791 2845/2733/2831
f 2843/2731/2829 2845/2733/2831 2846/2734/2832
f 2844/2732/2830 2843/2731/2829 2846/2734/2832
f 2829/2716/2814 2756/2735/2732 2757/2736/2733
f 2829/2716/2814 2757/2736/2733 2830/2717/2815
f 2830/2717/2815 2757/2736/2733 2758/2737/2734
f 2830/2717/2815 2758/2737/2734 2832/2719/2817
f 2832/2719/2817 2758/2737/2734 2759/2738/2735
f 2832/2719/2817 2759/2738/2735 2792/2739/2833
f 2792/2739/2833 2833/2720/2818 2832/2719/2817
f 2792/2739/2833 2793/2740/2834 2833/2720/2818
f 2835/2722/2820 2833/2720/2818 2793/2740/2834
f 2835/2722/2820 2793/2740/2834 2794/2741/2835
f 2795/2742/2836 2835/2722/2820 2794/2741/2835
f 2795/2742/2836 2837/2724/2822 2835/2722/2820
f 2770/2743/2747 2837/2724/2822 2795/2742/2836
f 2770/2743/2747 2827/2714/2812 2837/2724/2822
f 2772/2744/2749 2827/2714/2812 2770/2743/2747
f 2772/2744/2749 2819/2700/2802 2827/2714/2812
f 2774/2745/2749 2819/2700/2802 2772/2744/2749
f 2774/2745/2749 2817/2698/2578 2819/2700/2802
f 2770/2743/2747 2795/2742/2836 2769/2746/2746
f 2847/2747/2837 2685/2748/2838 2848/2749/2648
f 2849/2750/2839 2685/2748/2838 2847/2747/2837
f 2849/2750/2839 2850/2751/2840 2685/2748/2838
f 2850/2751/2840 2851/2752/2841 2685/2748/2838
f 2850/2751/2840 2852/2753/2842 2851/2752/2841
f 2853/2754/2843 2852/2753/2842 2850/2751/2840
f 2853/2754/2843 2850/2751/2840 2662/2755/2844
f 2662/2755/2844 2850/2751/2840 2849/2750/2839
f 2662/2755/2844 2849/2750/2839 2854/2756/2839
f 2855/2757/2651 2662/2755/2844 2854/2756/2839
f 2800/2758/2782 2671/2518/2845 2681/2529/2846
f 2800/2758/2782 2681/2529/2846 2801/2759/2783
f 2801/2759/2783 2681/2529/2846 2684/2533/2847
f 2801/2759/2783 2684/2533/2847 2686/2536/2793
f 2661/2507/2848 2828/2760/2813 2664/2510/2826
f 2661/2507/2848 2665/2511/2849 2828/2760/2813
f 2665/2511/2849 2829/2761/2814 2828/2760/2813
f 2665/2511/2849 2668/2515/2850 2829/2761/2814
f 2668/2515/2850 2756/2762/2732 2829/2761/2814
f 2668/2515/2850 2679/2526/2851 2756/2762/2732
f 2679/2526/2851 2755/2763/2731 2756/2762/2732
f 2679/2526/2851 2677/2524/2852 2755/2763/2731
f 2677/2524/2852 2754/2764/2730 2755/2763/2731
f 2676/2523/2853 2754/2764/2730 2677/2524/2852
f 2676/2523/2853 2753/2765/2729 2754/2764/2730
f 2733/2766/2711 2753/2765/2729 2676/2523/2853
f 2733/2766/2711 2676/2523/2853 2674/2521/2854
f 2731/2767/2709 2733/2766/2711 2674/2521/2854
f 2731/2767/2709 2674/2521/2854 2672/2519/2855
f 2731/2767/2709 2672/2519/2855 2730/2768/2708
f 2730/2768/2708 2672/2519/2855 2671/2518/2845
f 2730/2768/2708 2671/2518/2845 2800/2758/2782
f 2675/2769/2856 2856/2770/2857 2857/2771/2856
f 2675/2769/2856 2678/2772/2857 2856/2770/2857
f 2680/2773/2858 2856/2770/2857 2678/2772/2857
f 2680/2773/2858 2858/2774/2858 2856/2770/2857
f 2667/2775/2859 2858/2774/2858 2680/2773/2858
f 2667/2775/2859 2859/2776/2859 2858/2774/2858
f 2666/2777/2860 2859/2776/2859 2667/2775/2859
f 2666/2777/2860 2855/2778/2860 2859/2776/2859
f 2663/2779/2861 2855/2778/2860 2666/2777/2860
f 2663/2779/2861 2662/2780/2861 2855/2778/2860
f 2860/2781/2862 2675/2769/2856 2857/2782/2856
f 2860/2781/2862 2673/2783/2863 2675/2769/2856
f 2860/2781/2862 2669/2784/2864 2673/2783/2863
f 2860/2781/2862 2861/2785/2864 2669/2784/2864
f 2861/2785/2864 2670/2786/2865 2669/2784/2864
f 2861/2785/2864 2862/2787/2865 2670/2786/2865
f 2862/2787/2865 2682/2788/2866 2670/2786/2865
f 2862/2787/2865 2848/2789/2866 2682/2788/2866
f 2848/2789/2866 2683/2790/2527 2682/2788/2866
f 2848/2789/2866 2685/2791/2527 2683/2790/2527
f 2863/2792/2867 2864/2793/2868 2865/2794/2570
f 2863/2792/2867 2866/2795/2869 2864/2793/2868
f 2866/2795/2869 2867/2796/2870 2864/2793/2868
f 2868/2797/2871 2869/2798/2872 2870/2799/2873
f 2869/2798/2872 2868/2797/2871 2867/2796/2870
f 2869/2798/2872 2867/2796/2870 2871/2800/2874
f 2867/2796/2870 2866/2795/2869 2871/2800/2874
f 2871/2800/2874 2866/2795/2869 2872/2801/2875
f 2872/2801/2875 2866/2795/2869 2863/2792/2867
f 2872/2801/2875 2863/2792/2867 2873/2802/2876
f 2872/2801/2875 2873/2802/2876 2874/2803/2877
f 2872/2801/2875 2874/2803/2877 2875/2804/2878
f 2875/2804/2878 2874/2803/2877 2876/2805/2879
f 2871/2800/2874 2872/2801/2875 2875/2804/2878
f 2877/2806/2880 2869/2798/2872 2871/2800/2874
f 2878/2807/2881 2877/2806/2880 2879/2808/2882
f 2878/2807/2881 2880/2809/2883 2877/2806/2880
f 2869/2798/2872 2877/2806/2880 2880/2809/2883
f 2869/2798/2872 2880/2809/2883 2870/2799/2873
f 2881/2810/2884 2870/2799/2873 2880/2809/2883
f 2878/2807/2881 2881/2810/2884 2880/2809/2883
f 2878/2807/2881 2882/2811/2885 2881/2810/2884
f 2871/2800/2874 2875/2804/2878 2883/2812/2886
f 2877/2806/2880 2871/2800/2874 2883/2812/2886
f 2877/2806/2880 2883/2812/2886 2884/2813/2887
f 2885/2814/2888 2877/2806/2880 2884/2813/2887
f 2885/2814/2888 2879/2808/2882 2877/2806/2880
f 2885/2814/2888 2886/2815/2889 2879/2808/2882
f 2887/2816/2890 2879/2808/2882 2886/2815/2889
f 2887/2816/2890 2878/2807/2881 2879/2808/2882
f 2878/2807/2881 2887/2816/2890 2888/2817/2891
f 2878/2807/2881 2888/2817/2891 2882/2811/2885
f 2882/2811/2885 2888/2817/2891 2889/2818/2892
f 2882/2811/2885 2889/2818/2892 2890/2819/2893
f 2891/2820/2894 2882/2811/2885 2890/2819/2893
f 2891/2820/2894 2881/2810/2884 2882/2811/2885
f 2892/2821/2895 2881/2810/2884 2891/2820/2894
f 2881/2810/2884 2892/2821/2895 2870/2799/2873
f 2893/2822/2714 2870/2799/2873 2892/2821/2895
f 2868/2797/2871 2870/2799/2873 2893/2822/2714
f 2888/2817/2891 2894/2823/2896 2889/2818/2892
f 2893/2822/2714 2892/2821/2895 2895/2824/2897
f 2896/2825/2898 2895/2824/2897 2892/2821/2895
f 2892/2821/2895 2891/2820/2894 2896/2825/2898
f 2896/2825/2898 2897/2826/2899 2895/2824/2897
f 2887/2816/2890 2898/2827/2900 2888/2817/2891
f 2888/2817/2891 2898/2827/2900 2894/2823/2896
f 2899/2828/2901 2894/2823/2896 2898/2827/2900
f 2900/2829/2902 2883/2812/2886 2875/2804/2878
f 2901/2830/2903 2883/2812/2886 2900/2829/2902
f 2901/2830/2903 2884/2813/2887 2883/2812/2886
f 2884/2813/2887 2901/2830/2903 2902/2831/2904
f 2884/2813/2887 2902/2831/2904 2885/2814/2888
f 2902/2831/2904 2903/2832/2905 2885/2814/2888
f 2885/2814/2888 2903/2832/2905 2886/2815/2889
f 2904/2833/2906 2886/2815/2889 2903/2832/2905
f 2887/2816/2890 2886/2815/2889 2904/2833/2906
f 2887/2816/2890 2904/2833/2906 2905/2834/2907
f 2887/2816/2890 2905/2834/2907 2898/2827/2900
f 2905/2834/2907 2906/2835/2908 2898/2827/2900
f 2899/2828/2901 2898/2827/2900 2906/2835/2908
f 2907/2836/2909 2899/2828/2901 2906/2835/2908
f 2907/2836/2909 2908/2837/2910 2899/2828/2901
f 2908/2837/2910 2907/2836/2909 2909/2838/2911
f 2907/2836/2909 2910/2839/2912 2909/2838/2911
f 2909/2838/2911 2910/2839/2912 2911/2840/2913
f 2904/2833/2906 2903/2832/2905 2912/2841/2914
f 2904/2833/2906 2913/2842/2915 2905/2834/2907
f 2914/2843/2916 2905/2834/2907 2913/2842/2915
f 2905/2834/2907 2914/2843/2916 2906/2835/2908
f 2906/2835/2908 2914/2843/2916 2915/2844/2917
f 2906/2835/2908 2915/2844/2917 2907/2836/2909
f 2907/2836/2909 2915/2844/2917 2910/2839/2912
f 2916/2845/2912 2917/2846/2918 2918/2847/2919
f 2916/2845/2912 2918/2847/2919 2919/2848/2920
f 2919/2848/2920 2910/2839/2912 2916/2845/2912
f 2920/2849/2921 2916/2845/2912 2910/2839/2912
f 2920/2849/2921 2910/2839/2912 2915/2844/2917
f 2915/2844/2917 2921/2850/2922 2920/2849/2921
f 2921/2850/2922 2915/2844/2917 2914/2843/2916
f 2921/2850/2922 2914/2843/2916 2922/2851/2923
f 2914/2843/2916 2913/2842/2915 2922/2851/2923
f 2863/2852/2867 2922/2851/2923 2913/2842/2915
f 2873/2853/2876 2863/2852/2867 2913/2842/2915
f 2873/2853/2876 2913/2842/2915 2904/2833/2906
f 2904/2833/2906 2874/2854/2877 2873/2853/2876
f 2904/2833/2906 2912/2841/2914 2874/2854/2877
f 2923/2855/2924 2874/2854/2877 2912/2841/2914
f 2923/2855/2924 2912/2841/2914 2903/2832/2905
f 2923/2855/2924 2903/2832/2905 2924/2856/2925
f 2902/2831/2904 2924/2856/2925 2903/2832/2905
f 2925/2857/2926 2920/2849/2921 2926/2858/2927
f 2921/2850/2922 2926/2858/2927 2920/2849/2921
f 2921/2850/2922 2927/2859/2928 2926/2858/2927
f 2922/2851/2923 2927/2859/2928 2921/2850/2922
f 2922/2851/2923 2865/2860/2570 2927/2859/2928
f 2863/2852/2867 2865/2860/2570 2922/2851/2923
f 2917/2846/2918 2928/2861/2929 2929/2862/2930
f 2930/2863/2931 2577/2864/2932 2576/2865/2933
f 2930/2863/2931 2931/2866/2934 2577/2864/2932
f 2930/2863/2931 2932/2867/2935 2931/2866/2934
f 2931/2866/2934 2932/2867/2935 2933/2868/2912
f 2934/2869/2936 2933/2868/2912 2932/2867/2935
f 2934/2869/2936 2935/2870/2937 2933/2868/2912
f 2936/2871/2938 2935/2870/2937 2934/2869/2936
f 2936/2871/2938 2937/2872/2939 2935/2870/2937
f 2936/2871/2938 2938/2873/2940 2937/2872/2939
f 2939/2874/2941 2938/2873/2940 2936/2871/2938
f 2939/2874/2941 2936/2871/2938 2940/2875/2942
f 2940/2875/2942 2941/2876/2943 2939/2874/2941
f 2940/2875/2942 2929/2862/2930 2941/2876/2943
f 2925/2857/2926 2941/2876/2943 2929/2862/2930
f 2925/2857/2926 2929/2862/2930 2928/2861/2929
f 2925/2857/2926 2928/2861/2929 2920/2849/2921
f 2917/2846/2918 2920/2849/2921 2928/2861/2929
f 2917/2846/2918 2916/2845/2912 2920/2849/2921
f 2937/2872/2939 2539/2877/2944 2935/2870/2937
f 2937/2872/2939 2602/2878/2945 2539/2877/2944
f 2935/2870/2937 2539/2879/2944 2538/2880/2946
f 2935/2870/2937 2538/2880/2946 2942/2881/2906
f 2942/2881/2906 2933/2868/2912 2935/2870/2937
f 2931/2866/2934 2933/2868/2912 2942/2881/2906
f 2931/2866/2934 2942/2881/2906 2538/2882/2946
f 2931/2866/2934 2538/2882/2946 2577/2883/2932
f 2917/2846/2918 2943/2884/2947 2918/2847/2919
f 2917/2846/2918 2944/2885/2948 2943/2884/2947
f 2917/2846/2918 2929/2862/2930 2944/2885/2948
f 2945/2886/2949 2944/2885/2948 2929/2862/2930
f 2945/2886/2949 2929/2862/2930 2940/2875/2942
f 2945/2886/2949 2940/2875/2942 2936/2871/2938
f 2945/2886/2949 2936/2871/2938 2946/2887/2950
f 2936/2871/2938 2934/2869/2936 2946/2887/2950
f 2934/2869/2936 2947/2888/2951 2946/2887/2950
f 2934/2869/2936 2932/2867/2935 2947/2888/2951
f 2946/2887/2950 2947/2888/2951 2948/2889/2947
f 2946/2887/2950 2948/2889/2947 2945/2886/2949
f 2948/2889/2947 2944/2885/2948 2945/2886/2949
f 2948/2889/2947 2943/2884/2947 2944/2885/2948
f 2919/2848/2920 2911/2840/2913 2910/2839/2912
f 2949/2890/2952 2911/2840/2913 2919/2848/2920
f 2949/2890/2952 2919/2848/2920 2918/2847/2919
f 2949/2890/2952 2918/2847/2919 2950/2891/2518
f 2943/2884/2947 2950/2891/2518 2918/2847/2919
f 2943/2884/2947 2951/2892/2953 2950/2891/2518
f 2951/2892/2953 2943/2884/2947 2948/2889/2947
f 2951/2892/2953 2948/2889/2947 2952/2893/2954
f 2952/2893/2954 2948/2889/2947 2947/2888/2951
f 2952/2893/2954 2947/2888/2951 2953/2894/2955
f 2947/2888/2951 2932/2867/2935 2953/2894/2955
f 2953/2894/2955 2932/2867/2935 2954/2895/2956
f 2930/2863/2931 2954/2895/2956 2932/2867/2935
f 2954/2895/2956 2930/2863/2931 2955/2896/2736
f 2955/2896/2736 2930/2863/2931 2956/2897/2957
f 2955/2896/2736 2956/2897/2957 2574/2898/2958
f 2575/2899/2959 2574/2898/2958 2956/2897/2957
f 2576/2900/2933 2575/2899/2959 2956/2897/2957
f 2576/2900/2933 2956/2897/2957 2930/2863/2931
f 2955/2896/2736 2574/2898/2958 2957/2901/2960
f 2958/2902/2961 2955/2896/2736 2957/2901/2960
f 2954/2895/2956 2955/2896/2736 2958/2902/2961
f 2959/2903/2962 2954/2895/2956 2958/2902/2961
f 2959/2903/2962 2953/2894/2955 2954/2895/2956
f 2960/2904/2963 2953/2894/2955 2959/2903/2962
f 2960/2904/2963 2952/2893/2954 2953/2894/2955
f 2961/2905/2964 2952/2893/2954 2960/2904/2963
f 2961/2905/2964 2951/2892/2953 2952/2893/2954
f 2962/2906/2965 2951/2892/2953 2961/2905/2964
f 2962/2906/2965 2950/2891/2518 2951/2892/2953
f 2962/2906/2965 2949/2890/2952 2950/2891/2518
f 2962/2906/2965 2963/2907/2874 2949/2890/2952
f 2963/2907/2874 2964/2908/2966 2949/2890/2952
f 2867/2909/2870 2964/2908/2966 2963/2907/2874
f 2867/2909/2870 2868/2910/2871 2964/2908/2966
f 2965/2911/2967 2964/2908/2966 2868/2910/2871
f 2965/2911/2967 2868/2910/2871 2893/2912/2714
f 2966/2913/2968 2962/2906/2965 2961/2905/2964
f 2966/2913/2968 2963/2907/2874 2962/2906/2965
f 2966/2913/2968 2967/2914/2969 2963/2907/2874
f 2963/2907/2874 2967/2914/2969 2968/2915/2970
f 2963/2907/2874 2968/2915/2970 2867/2909/2870
f 2864/2916/2868 2867/2909/2870 2968/2915/2970
f 2864/2916/2868 2968/2915/2970 2927/2917/2928
f 2927/2917/2928 2968/2915/2970 2967/2914/2969
f 2927/2917/2928 2967/2914/2969 2926/2918/2927
f 2925/2919/2926 2926/2918/2927 2967/2914/2969
f 2925/2919/2926 2967/2914/2969 2966/2913/2968
f 2941/2920/2943 2925/2919/2926 2966/2913/2968
f 2941/2920/2943 2966/2913/2968 2969/2921/2971
f 2966/2913/2968 2961/2905/2964 2969/2921/2971
f 2961/2905/2964 2970/2922/2972 2969/2921/2971
f 2961/2905/2964 2960/2904/2963 2970/2922/2972
f 2960/2904/2963 2971/2923/2973 2970/2922/2972
f 2960/2904/2963 2959/2903/2962 2971/2923/2973
f 2958/2902/2961 2971/2923/2973 2959/2903/2962
f 2958/2902/2961 2957/2901/2960 2971/2923/2973
f 2938/2924/2940 2971/2923/2973 2957/2901/2960
f 2938/2924/2940 2957/2901/2960 2937/2925/2939
f 2937/2925/2939 2957/2901/2960 2574/2926/2958
f 2937/2925/2939 2574/2926/2958 2602/2927/2945
f 2969/2921/2971 2939/2928/2941 2941/2920/2943
f 2969/2921/2971 2970/2922/2972 2939/2928/2941
f 2970/2922/2972 2938/2924/2940 2939/2928/2941
f 2970/2922/2972 2971/2923/2973 2938/2924/2940
f 2864/2916/2868 2927/2917/2928 2865/2929/2570
f 2686/2690/2658 2685/2930/2658 2851/2931/2974
f 2686/2690/2658 2851/2931/2974 2845/2733/2975
f 2852/2932/2840 2845/2733/2975 2851/2931/2974
f 2852/2932/2840 2846/2734/2840 2845/2733/2975
f 2844/2732/2976 2846/2734/2840 2852/2932/2840
f 2844/2732/2976 2852/2932/2840 2853/2933/2977
f 2853/2933/2977 2664/2728/2645 2844/2732/2976
f 2853/2933/2977 2662/2934/2645 2664/2728/2645
f 2908/2837/2910 2909/2838/2911 2972/2935/2978
f 2972/2935/2978 2909/2838/2911 2973/2936/2979
f 2972/2935/2978 2973/2936/2979 2974/2937/2980
f 2973/2936/2979 2975/2938/2517 2974/2937/2980
f 2973/2936/2979 2976/2939/2981 2975/2938/2517
f 2975/2938/2517 2976/2939/2981 2977/2940/2982
f 2965/2911/2967 2977/2940/2982 2976/2939/2981
f 2965/2911/2967 2976/2939/2981 2978/2941/2983
f 2978/2941/2983 2964/2908/2966 2965/2911/2967
f 2978/2941/2983 2949/2890/2952 2964/2908/2966
f 2949/2890/2952 2978/2941/2983 2911/2840/2913
f 2976/2939/2981 2911/2840/2913 2978/2941/2983
f 2976/2939/2981 2973/2936/2979 2911/2840/2913
f 2909/2838/2911 2911/2840/2913 2973/2936/2979
f 2975/2938/2517 2977/2940/2982 2979/2942/2984
f 2977/2940/2982 2965/2911/2967 2893/2912/2714
f 2977/2940/2982 2893/2912/2714 2895/2943/2897
f 2895/2943/2897 2979/2942/2984 2977/2940/2982
f 2895/2943/2897 2897/2944/2899 2979/2942/2984
f 2980/2945/2985 2817/2698/2986 2774/2745/2985
f 2980/2945/2985 2981/2946/2987 2817/2698/2986
f 2823/2704/2988 2982/2947/2989 2824/2705/2989
f 2823/2704/2988 2983/2948/2988 2982/2947/2989
f 2823/2704/2988 2984/2949/2990 2983/2948/2988
f 2823/2704/2988 2822/2703/2990 2984/2949/2990
f 2984/2949/2990 2822/2703/2990 2820/2701/2991
f 2984/2949/2990 2820/2701/2991 2985/2950/2991
f 2981/2951/2987 2985/2950/2991 2820/2701/2991
f 2981/2951/2987 2820/2701/2991 2817/2698/2986
f 2824/2705/2989 2986/2952/2992 2736/2706/2992
f 2824/2705/2989 2982/2953/2989 2986/2952/2992
f 2987/2954/2993 2988/2955/2994 2989/2956/2995
f 2988/2955/2994 2990/2957/2996 2989/2956/2995
f 2988/2955/2994 2991/2958/2997 2990/2957/2996
f 2990/2957/2996 2991/2958/2997 2992/2959/2998
f 2981/2960/2999 2980/2961/3000 2992/2959/2998
f 2981/2960/2999 2992/2959/2998 2991/2958/2997
f 2985/2962/2803 2981/2960/2999 2991/2958/2997
f 2985/2962/2803 2991/2958/2997 2988/2955/2994
f 2988/2955/2994 2984/2963/3001 2985/2962/2803
f 2988/2955/2994 2993/2964/2856 2984/2963/3001
f 2987/2954/2993 2993/2964/2856 2988/2955/2994
f 2994/2965/3002 2993/2964/2856 2987/2954/2993
f 2994/2965/3002 2987/2954/2993 2995/2966/3003
f 2996/2967/3004 2994/2965/3002 2995/2966/3003
f 2996/2967/3004 2997/2968/3005 2994/2965/3002
f 2998/2969/3006 2997/2968/3005 2996/2967/3004
f 2998/2969/3006 2982/2970/3007 2997/2968/3005
f 2998/2969/3006 2986/2971/3008 2982/2970/3007
f 2994/2965/3002 2984/2963/3001 2993/2964/2856
f 2994/2965/3002 2983/2972/3009 2984/2963/3001
f 2997/2968/3005 2983/2972/3009 2994/2965/3002
f 2997/2968/3005 2982/2970/3007 2983/2972/3009
f 2999/2973/3010 2980/2974/2985 2774/2637/2985
f 2999/2973/3010 2774/2637/2985 2773/2636/3010
f 2999/2973/3010 2773/2636/3010 2775/2638/3011
f 2999/2973/3010 2775/2638/3011 3000/2975/3011
f 3001/2976/3012 3000/2975/3011 2775/2638/3011
f 3001/2976/3012 2775/2638/3011 2723/2582/3012
f 2722/2581/3013 3001/2976/3012 2723/2582/3012
f 2722/2581/3013 3002/2977/3013 3001/2976/3012
f 2722/2581/3013 3003/2978/3014 3002/2977/3013
f 2722/2581/3013 2734/2596/3015 3003/2978/3014
f 2736/2598/2992 3003/2978/3014 2734/2596/3015
f 2736/2598/2992 2986/2979/2992 3003/2978/3014
f 3004/2980/3016 3005/2981/3017 3006/2982/3018
f 3005/2981/3017 3007/2983/3019 3006/2982/3018
f 2980/2984/3000 3004/2980/3016 2992/2985/2998
f 2980/2984/3000 2999/2986/3020 3004/2980/3016
f 2999/2986/3020 3005/2981/3017 3004/2980/3016
f 2999/2986/3020 3000/2987/3021 3005/2981/3017
f 3000/2987/3021 3008/2988/2874 3005/2981/3017
f 3005/2981/3017 3008/2988/2874 3007/2983/3019
f 3007/2983/3019 3008/2988/2874 3009/2989/3022
f 3007/2983/3019 3009/2989/3022 3010/2990/3023
f 3010/2990/3023 3009/2989/3022 3011/2991/3024
f 3009/2989/3022 3003/2992/3025 3011/2991/3024
f 3009/2989/3022 3002/2993/3026 3003/2992/3025
f 3008/2988/2874 3002/2993/3026 3009/2989/3022
f 3008/2988/2874 3001/2994/2714 3002/2993/3026
f 3000/2987/3021 3001/2994/2714 3008/2988/2874
f 3011/2991/3024 2986/2995/3008 2998/2996/3006
f 3011/2991/3024 3003/2992/3025 2986/2995/3008
f 3012/2997/3027 2897/2998/3028 2896/2999/3029
f 3012/2997/3027 2896/2999/3029 3013/3000/3029
f 3013/3000/3029 2896/2999/3029 2891/3001/3030
f 3013/3000/3029 2891/3001/3030 3014/3002/3031
f 3014/3002/3031 2891/3001/3030 2890/3003/3032
f 3014/3002/3031 2890/3003/3032 3015/3004/3033
f 3016/3005/3034 3015/3004/3033 2890/3003/3032
f 3016/3005/3034 2890/3003/3032 2889/3006/3034
f 3017/3007/3035 3016/3005/3034 2889/3006/3034
f 3017/3007/3035 2889/3006/3034 2894/3008/3036
f 3018/3009/2923 3017/3007/3035 2894/3008/3036
f 3018/3009/2923 2894/3008/3036 2899/3010/2923
f 2908/3011/3037 3018/3009/2923 2899/3010/2923
f 2908/3011/3037 3019/3012/3037 3018/3009/2923
f 2972/3013/3038 3019/3012/3037 2908/3011/3037
f 2972/3013/3038 3020/3014/3038 3019/3012/3037
f 2974/3015/3039 3020/3014/3038 2972/3013/3038
f 2974/3015/3039 3021/3016/3039 3020/3014/3038
f 2974/3015/3039 3022/3017/3040 3021/3016/3039
f 2974/3015/3039 2975/3018/3041 3022/3017/3040
f 2975/3018/3041 3023/3019/3042 3022/3017/3040
f 2975/3018/3041 2979/3020/3042 3023/3019/3042
f 2979/3020/3042 3012/3021/3027 3023/3019/3042
f 2979/3020/3042 2897/3022/3028 3012/3021/3027
f 3024/3023/3043 2900/2829/2902 3025/3024/3044
f 3026/3025/3045 3027/3026/3046 3028/3027/3047
f 3026/3025/3045 3028/3027/3047 3029/3028/2921
f 3028/3027/3047 3030/3029/3048 3029/3028/2921
f 3030/3029/3048 3031/3030/3049 3029/3028/2921
f 3030/3029/3048 3032/3031/3050 3031/3030/3049
f 3032/3031/3050 3033/3032/3051 3031/3030/3049
f 3032/3031/3050 3034/3033/3052 3033/3032/3051
f 3035/3034/2736 3033/3032/3051 3034/3033/3052
f 3035/3034/2736 3034/3033/3052 3036/3035/2526
f 3037/3036/3053 3035/3034/2736 3036/3035/2526
f 3038/3037/3054 3037/3036/3053 3036/3035/2526
f 3037/3036/3053 3038/3037/3054 3039/3038/3055
f 3039/3038/3055 3038/3037/3054 3024/3023/3043
f 3039/3038/3055 3024/3023/3043 3040/3039/3056
f 3040/3039/3056 3024/3023/3043 3025/3024/3044
f 3040/3039/3056 3025/3024/3044 2876/2805/2879
f 2875/2804/2878 2876/2805/2879 3025/3024/3044
f 2900/2829/2902 2875/2804/2878 3025/3024/3044
f 3026/3040/3045 3031/3030/3049 3041/3041/3057
f 3026/3040/3045 3029/3028/2921 3031/3030/3049
f 3041/3042/3057 3033/3032/3051 3042/3043/3058
f 3041/3042/3057 3031/3030/3049 3033/3032/3051
f 3043/3044/3059 3035/3034/2736 3037/3036/3053
f 3043/3044/3059 3044/3045/3060 3035/3034/2736
f 3044/3045/3060 3033/3032/3051 3035/3034/2736
f 3044/3045/3060 3042/3046/3058 3033/3032/3051
f 3044/3045/3060 3045/3047/2959 3042/3046/3058
f 3044/3045/3060 3043/3044/3059 3045/3048/2959
f 3043/3049/3059 3046/3050/3061 3047/3051/3062
f 3043/3049/3059 3037/3036/3053 3046/3050/3061
f 3037/3036/3053 3039/3038/3055 3046/3050/3061
f 2924/2856/2925 2902/2831/2904 3048/3052/3063
f 3048/3052/3063 2902/2831/2904 2901/2830/2903
f 3048/3052/3063 2901/2830/2903 3049/3053/3064
f 3049/3053/3064 2901/2830/2903 2900/2829/2902
f 3049/3053/3064 2900/2829/2902 3050/3054/2719
f 3024/3023/3043 3050/3054/2719 2900/2829/2902
f 3038/3037/3054 3050/3054/2719 3024/3023/3043
f 3038/3037/3054 3051/3055/2962 3050/3054/2719
f 3038/3037/3054 3036/3035/2526 3051/3055/2962
f 3034/3033/3052 3051/3055/2962 3036/3035/2526
f 3034/3033/3052 3052/3056/3065 3051/3055/2962
f 3034/3033/3052 3032/3031/3050 3052/3056/3065
f 3052/3056/3065 3032/3031/3050 3053/3057/3066
f 3032/3031/3050 3054/3058/3067 3053/3057/3066
f 3055/3059/3068 3053/3057/3066 3054/3058/3067
f 3054/3058/3067 3056/3060/3069 3055/3059/3068
f 3056/3060/3069 3057/3061/3070 3055/3059/3068
f 3056/3060/3069 3058/3062/2565 3057/3061/3070
f 2923/2855/2924 3057/3061/3070 3058/3062/2565
f 2876/3063/2879 2923/2855/2924 3058/3062/2565
f 2923/2855/2924 2876/3063/2879 2874/2854/2877
f 3052/3056/3065 3050/3054/2719 3051/3055/2962
f 3052/3056/3065 3049/3053/3064 3050/3054/2719
f 3053/3057/3066 3049/3053/3064 3052/3056/3065
f 3053/3057/3066 3048/3052/3063 3049/3053/3064
f 3048/3052/3063 3053/3057/3066 3055/3059/3068
f 3048/3052/3063 3055/3059/3068 3057/3061/3070
f 2924/2856/2925 3048/3052/3063 3057/3061/3070
f 2923/2855/2924 2924/2856/2925 3057/3061/3070
f 3032/3031/3050 3030/3029/3048 3054/3058/3067
f 3030/3029/3048 3028/3027/3047 3054/3058/3067
f 3054/3058/3067 3028/3027/3047 3056/3060/3069
f 3046/3064/3061 3056/3060/3069 3028/3027/3047
f 3046/3064/3061 3039/3065/3055 3056/3060/3069
f 3056/3060/3069 3039/3065/3055 3040/3066/3056
f 3056/3060/3069 3040/3066/3056 3058/3062/2565
f 2876/3063/2879 3058/3062/2565 3040/3066/3056
f 3027/3067/3046 3046/3064/3061 3028/3027/3047
f 3027/3067/3046 3047/3068/3062 3046/3064/3061
f 2992/3069/3071 3014/3002/3072 3015/3004/2882
f 2992/3069/3071 3004/3070/3072 3014/3002/3072
f 3006/3071/3073 3014/3002/3072 3004/3070/3072
f 3006/3071/3073 3013/3000/3074 3014/3002/3072
f 3007/3072/3075 3013/3000/3074 3006/3071/3073
f 3007/3072/3075 3012/2997/3075 3013/3000/3074
f 3023/3019/3076 3012/3021/3075 3007/3073/3075
f 3023/3019/3076 3007/3073/3075 3010/3074/3077
f 3022/3017/3078 3023/3019/3076 3010/3074/3077
f 3022/3017/3078 3010/3074/3077 3011/3075/3078
f 3022/3017/3078 3011/3075/3078 2998/3076/3079
f 3022/3017/3078 2998/3076/3079 3021/3016/2920
f 2996/3077/3080 3021/3016/2920 2998/3076/3079
f 2996/3077/3080 3020/3014/3080 3021/3016/2920
f 3020/3014/3080 2996/3077/3080 2995/3078/3081
f 3020/3014/3080 2995/3078/3081 3019/3012/3082
f 3019/3012/3082 2995/3078/3081 2987/3079/3083
f 3019/3012/3082 2987/3079/3083 3018/3009/3084
f 2987/3079/3083 3017/3007/3085 3018/3009/3084
f 2987/3079/3083 2989/3080/3086 3017/3007/3085
f 2989/3080/3086 3016/3005/3087 3017/3007/3085
f 2989/3080/3086 2990/3081/3087 3016/3005/3087
f 3015/3004/2882 3016/3005/3087 2990/3081/3087
f 3015/3004/2882 2990/3081/3087 2992/3069/3071
f 2538/2332/2496 2536/2330/2494 2577/3082/2535
f 2698/2548/3088 2656/3083/3089 2640/3084/3088
f 2698/2548/3088 2711/2561/3089 2656/3083/3089
f 2712/2562/3089 2656/3083/3089 2711/2561/3089
f 2712/2562/3089 2657/3085/3089 2656/3083/3089
f 2713/2563/3090 2657/3085/3089 2712/2562/3089
f 2713/2563/3090 2658/3086/3091 2657/3085/3089
f 2715/2565/3092 2658/3086/3091 2713/2563/3090
f 2715/2565/3092 2659/3087/3092 2658/3086/3091
f 2710/2568/3093 2659/3087/3092 2715/2565/3092
f 2710/2568/3093 2660/3088/3093 2659/3087/3092
f 2638/3089/3094 2660/3090/3093 2710/2560/3093
f 2638/3089/3094 2710/2560/3093 2709/2559/3094
f 2709/2559/3094 2639/3091/3094 2638/3089/3094
f 2709/2559/3094 2697/2547/3095 2639/3091/3094
f 2697/2547/3095 2640/3092/3088 2639/3091/3094
f 2697/2547/3095 2698/2548/3088 2640/3092/3088
f 3059/3093/3096 3060/3094/3097 3061/3095/2887
f 3062/3096/3098 3061/3095/2887 3063/3097/3099
f 3059/3093/3096 3061/3095/2887 3062/3096/3098
f 3064/3098/3052 3059/3093/3096 3062/3096/3098
f 3064/3098/3052 3065/3099/2961 3059/3093/3096
f 3066/3100/3100 3065/3099/2961 3064/3098/3052
f 3066/3100/3100 3067/3101/3101 3065/3099/2961
f 3068/3102/3102 3069/3103/3103 3060/3094/3097
f 3068/3102/3102 3060/3094/3097 3059/3093/3096
f 3070/3104/3104 3068/3102/3102 3059/3093/3096
f 3070/3104/3104 3059/3093/3096 3065/3099/2961
f 3071/3105/3104 3070/3104/3104 3065/3099/2961
f 3071/3105/3104 3065/3099/2961 3067/3101/3101
f 3067/3101/3101 3043/3106/3105 3071/3105/3104
f 3067/3101/3101 3045/3107/2739 3043/3106/3105
f 3067/3101/3101 3042/3108/3106 3045/3107/2739
f 3067/3101/3101 3066/3100/3100 3042/3108/3106
f 3066/3100/3100 3041/3109/3107 3042/3108/3106
f 3066/3100/3100 3072/3110/3108 3041/3109/3107
f 3072/3110/3108 3066/3100/3100 3064/3098/3052
f 3072/3110/3108 3064/3098/3052 3073/3111/3109
f 3073/3111/3109 3064/3098/3052 3062/3096/3098
f 3073/3111/3109 3062/3096/3098 3074/3112/3110
f 3062/3096/3098 3063/3097/3099 3074/3112/3110
f 3063/3097/3099 3075/3113/3111 3074/3112/3110
f 3063/3097/3099 3076/3114/3112 3075/3113/3111
f 3075/3113/3111 3076/3114/3112 3077/3115/2851
f 3075/3113/3111 3077/3115/2851 3078/3116/3113
f 3079/3117/3114 3078/3116/3113 3077/3115/2851
f 3079/3117/3114 3077/3115/2851 3080/3118/3115
f 3080/3118/3115 3081/3119/3116 3079/3120/3114
f 3080/3118/3115 3082/3121/3117 3081/3119/3116
f 3083/3122/3118 3080/3118/3115 3084/3123/3119
f 3084/3123/3119 3080/3118/3115 3077/3115/2851
f 3084/3123/3119 3077/3115/2851 3085/3124/3120
f 3086/3125/3121 3085/3124/3120 3077/3115/2851
f 3086/3125/3121 3077/3115/2851 3076/3114/3112
f 3076/3114/3112 3087/3126/3122 3086/3125/3121
f 3076/3114/3112 3063/3097/3099 3087/3126/3122
f 3063/3097/3099 3088/3127/3123 3087/3126/3122
f 3063/3097/3099 3061/3095/2887 3088/3127/3123
f 3061/3095/2887 3089/3128/3124 3088/3127/3123
f 3061/3095/2887 3060/3094/3097 3089/3128/3124
f 3090/3129/3125 3089/3128/3124 3060/3094/3097
f 3090/3129/3125 3060/3094/3097 3069/3103/3103
f 3083/3122/3118 3091/3130/3126 3092/3131/3127
f 3069/3132/3103 3093/3133/3128 3090/3129/3125
f 3094/3134/3129 3095/3135/2564 3027/3136/3130
f 3094/3134/3129 3027/3136/3130 3026/3137/3131
f 3072/3138/3108 3094/3134/3129 3026/3137/3131
f 3072/3138/3108 3096/3139/3132 3094/3134/3129
f 3072/3138/3108 3073/3140/3109 3096/3139/3132
f 3073/3140/3109 3097/3141/3133 3096/3139/3132
f 3073/3140/3109 3074/3142/3110 3097/3141/3133
f 3074/3142/3110 3098/3143/3134 3097/3141/3133
f 3074/3142/3110 3075/3144/3111 3098/3143/3134
f 3075/3144/3111 3099/3145/3135 3098/3143/3134
f 3099/3145/3135 3075/3144/3111 3078/3146/3113
f 3079/3120/3114 3099/3145/3135 3078/3146/3113
f 3079/3120/3114 3081/3119/3116 3099/3145/3135
f 3099/3145/3135 3081/3119/3116 3100/3147/3136
f 3100/3147/3136 3081/3119/3116 3082/3121/3117
f 3100/3147/3136 3082/3121/3117 3092/3131/3127
f 3083/3122/3118 3092/3131/3127 3082/3121/3117
f 3083/3122/3118 3082/3121/3117 3080/3118/3115
f 3072/3138/3108 3026/3137/3131 3041/3148/3107
f 3095/3135/2564 3094/3134/3129 3096/3139/3132
f 3095/3135/2564 3096/3139/3132 3101/3149/3137
f 3097/3141/3133 3101/3149/3137 3096/3139/3132
f 3097/3141/3133 3102/3150/3138 3101/3149/3137
f 3097/3141/3133 3103/3151/3139 3102/3150/3138
f 3097/3141/3133 3098/3143/3134 3103/3151/3139
f 3099/3145/3135 3103/3151/3139 3098/3143/3134
f 3099/3145/3135 3104/3152/3140 3103/3151/3139
f 3099/3145/3135 3100/3147/3136 3104/3152/3140
f 3105/2404/2498 3106/2403/2498 3107/2405/2498
f 3105/2404/2498 3108/2406/2498 3106/2403/2498
f 3105/3153/3141 3109/3154/3142 3108/3155/3143
f 3105/3153/3141 3110/3156/3144 3109/3154/3142
f 3111/3157/3145 3109/3154/3142 3110/3156/3144
f 3111/3157/3145 3110/3156/3144 3112/3158/3146
f 3113/3159/3147 3111/3157/3145 3112/3158/3146
f 3113/3159/3147 3112/3158/3146 3114/3160/3148
f 3114/3160/3148 3115/3161/3149 3113/3159/3147
f 3114/3160/3148 3116/3162/3150 3115/3161/3149
f 3107/3163/3151 3115/3161/3149 3116/3162/3150
f 3107/3163/3151 3106/3164/3152 3115/3161/3149
f 3117/3165/3153 3091/3166/3154 3118/3167/3155
f 3117/3165/3153 3118/3167/3155 3119/3168/3153
f 3120/3169/3156 3117/3165/3153 3119/3168/3153
f 3120/3169/3156 3121/3170/3156 3117/3165/3153
f 3121/3170/3156 3120/3169/3156 3107/3163/3151
f 3121/3170/3156 3107/3163/3151 3122/3171/3157
f 3107/3163/3151 3093/3133/3158 3122/3171/3157
f 3107/3163/3151 3116/3162/3150 3093/3133/3158
f 3116/3162/3150 3090/3129/3159 3093/3133/3158
f 3116/3162/3150 3114/3160/3148 3090/3129/3159
f 3089/3128/3160 3090/3129/3159 3114/3160/3148
f 3089/3128/3160 3114/3160/3148 3112/3158/3146
f 3088/3127/3161 3089/3128/3160 3112/3158/3146
f 3088/3127/3161 3112/3158/3146 3110/3156/3144
f 3110/3156/3144 3087/3126/3162 3088/3127/3161
f 3110/3156/3144 3105/3153/3141 3087/3126/3162
f 3086/3125/3163 3087/3126/3162 3105/3153/3141
f 3086/3125/3163 3105/3153/3141 3123/3172/3163
f 3123/3172/3163 3085/3124/3164 3086/3125/3163
f 3123/3172/3163 3124/3173/3164 3085/3124/3164
f 3084/3123/3165 3085/3124/3164 3124/3173/3164
f 3084/3123/3165 3124/3173/3164 3125/3174/3166
f 3084/3123/3165 3125/3174/3166 3126/3175/3167
f 3084/3123/3165 3126/3175/3167 3083/3122/3167
f 3091/3130/3154 3083/3122/3167 3126/3175/3167
f 3091/3130/3154 3126/3175/3167 3118/3176/3155
f 3127/3177/3168 3043/3178/3105 3047/3179/3169
f 3127/3177/3168 3071/3180/3104 3043/3178/3105
f 3127/3177/3168 3070/3181/3104 3071/3180/3104
f 3127/3177/3168 3128/3182/3170 3070/3181/3104
f 3068/3183/3102 3070/3181/3104 3128/3182/3170
f 3095/3184/2564 3047/3179/3169 3027/3185/3130
f 3095/3184/2564 3127/3177/3168 3047/3179/3169
f 3127/3177/3168 3095/3184/2564 3101/3186/3137
f 3127/3177/3168 3101/3186/3137 3128/3182/3170
f 3102/3187/3138 3128/3182/3170 3101/3186/3137
f 3102/3187/3138 3129/3188/3171 3128/3182/3170
f 3068/3183/3102 3128/3182/3170 3129/3188/3171
f 3068/3183/3102 3129/3188/3171 3130/3189/3170
f 3068/3183/3102 3130/3189/3170 3069/3132/3103
f 3069/3132/3103 3130/3189/3170 3093/3133/3128
f 3131/3190/3172 3093/3133/3128 3130/3189/3170
f 3131/3190/3172 3122/3171/3173 3093/3133/3128
f 3132/3191/3170 3122/3171/3173 3131/3190/3172
f 3132/3191/3170 3121/3170/3149 3122/3171/3173
f 3117/3165/3174 3121/3170/3149 3132/3191/3170
f 3117/3165/3174 3132/3191/3170 3133/3192/3175
f 3133/3192/3175 3091/3166/3126 3117/3165/3174
f 3133/3192/3175 3092/3193/3127 3091/3166/3126
f 3092/3193/3127 3133/3192/3175 3104/3194/3140
f 3092/3193/3127 3104/3194/3140 3100/3195/3136
f 3131/3190/3172 3130/3189/3170 3129/3188/3171
f 3131/3190/3172 3129/3188/3171 3102/3187/3138
f 3103/3196/3139 3131/3190/3172 3102/3187/3138
f 3103/3196/3139 3132/3191/3170 3131/3190/3172
f 3104/3194/3140 3132/3191/3170 3103/3196/3139
f 3104/3194/3140 3133/3192/3175 3132/3191/3170
f 3134/3197/3176 3135/3198/3177 3136/3199/3178
f 3134/3197/3176 3137/3200/3179 3135/3198/3177
f 3135/3198/3177 3137/3200/3179 3138/3201/3180
f 3139/3202/3181 3138/3201/3180 3137/3200/3179
f 3138/3201/3180 3139/3202/3181 3140/3203/3182
f 3138/3201/3180 3140/3203/3182 3141/3204/3183
f 3142/3205/3184 3141/3204/3183 3140/3203/3182
f 3134/3197/3176 3143/3206/3185 3137/3200/3179
f 3139/3202/3181 3137/3200/3179 3143/3206/3185
f 3136/3199/3178 3135/3198/3177 3144/3207/3186
f 3145/3208/3187 3144/3207/3186 3135/3198/3177
f 3135/3198/3177 3138/3201/3180 3145/3208/3187
f 3145/3208/3187 3138/3201/3180 3146/3209/3188
f 3146/3209/3188 3138/3201/3180 3141/3204/3183
f 3147/3210/3189 3146/3209/3188 3141/3204/3183
f 3142/3205/3184 3147/3210/3189 3141/3204/3183
f 3148/3211/3190 3147/3210/3189 3142/3205/3184
f 3148/3211/3190 3142/3205/3184 3149/3212/3191
f 3148/3211/3190 3149/3212/3191 1667/3213/3192
f 3149/3212/3191 1665/3214/3193 1667/3213/3194
f 3149/3212/3191 3150/3215/3195 1665/3214/3193
f 3150/3215/3195 3149/3212/3191 3142/3205/3184
f 3150/3215/3195 3142/3205/3184 3151/3216/3196
f 3140/3203/3182 3151/3216/3196 3142/3205/3184
f 3140/3203/3182 3152/3217/3197 3151/3216/3196
f 3139/3202/3181 3152/3217/3197 3140/3203/3182
f 3139/3202/3181 3153/3218/3198 3152/3217/3197
f 3154/3219/3199 3148/3211/3190 1667/3213/3192
f 3154/3219/3199 3147/3210/3189 3148/3211/3190
f 3154/3219/3199 3155/3220/3200 3147/3210/3189
f 3147/3210/3189 3155/3220/3200 3146/3209/3188
f 3155/3220/3200 3156/3221/3201 3146/3209/3188
f 3145/3208/3187 3146/3209/3188 3156/3221/3201
f 3156/3221/3201 3157/3222/3202 3145/3208/3187
f 3145/3208/3187 3157/3222/3202 3144/3207/3186
f 3157/3222/3202 3158/3223/3203 3144/3207/3186
f 3157/3222/3202 3159/3224/3204 3158/3223/3203
f 3158/3223/3203 3159/3224/3204 3160/3225/3205
f 3161/3226/3206 3160/3225/3205 3159/3224/3204
f 3161/3226/3206 3162/3227/3207 3160/3225/3205
f 3163/3228/3208 3162/3227/3207 3161/3226/3206
f 3162/3227/3207 3163/3228/3208 3164/3229/3209
f 3162/3227/3207 3164/3229/3209 3165/3230/3210
f 3162/3227/3207 3165/3230/3210 3166/3231/3211
f 3162/3227/3207 3166/3231/3211 3160/3225/3205
f 3167/3232/3212 3160/3225/3205 3166/3231/3211
f 3158/3223/3203 3160/3225/3205 3167/3232/3212
f 3167/3232/3212 3166/3231/3211 3168/3233/3213
f 3156/3221/3201 3169/3234/3214 3157/3222/3202
f 3169/3234/3214 3159/3224/3204 3157/3222/3202
f 3169/3234/3214 3161/3226/3206 3159/3224/3204
f 3170/3235/3215 3161/3226/3206 3169/3234/3214
f 3170/3235/3215 3163/3228/3208 3161/3226/3206
f 3171/3236/3216 3163/3228/3208 3170/3235/3215
f 3172/3237/3217 3171/3236/3216 3170/3235/3215
f 3172/3237/3217 3170/3235/3215 3173/3238/3218
f 3173/3238/3218 3174/3239/3219 3172/3237/3217
f 3155/3220/3200 3174/3239/3219 3173/3238/3218
f 3155/3220/3200 3154/3219/3199 3174/3239/3219
f 3155/3220/3200 3173/3238/3218 3156/3221/3201
f 3169/3234/3214 3156/3221/3201 3173/3238/3218
f 3169/3234/3214 3173/3238/3218 3170/3235/3215
f 3153/3240/3198 3168/3233/3213 3166/3231/3211
f 3166/3231/3211 3152/3241/3197 3153/3240/3198
f 3166/3231/3211 3165/3230/3210 3152/3241/3197
f 3151/3242/3196 3152/3241/3197 3165/3230/3210
f 3151/3242/3196 3165/3230/3210 3164/3229/3209
f 3151/3242/3196 3164/3229/3209 3175/3243/3220
f 3163/3228/3208 3175/3243/3220 3164/3229/3209
f 3163/3228/3208 3176/3244/3221 3175/3243/3220
f 3171/3236/3216 3176/3244/3221 3163/3228/3208
f 3176/3244/3221 3171/3236/3216 1630/3245/3222
f 3171/3236/3216 1633/3246/3223 1630/3245/3222
f 3171/3236/3216 3172/3237/3217 1633/3246/3223
f 1679/3247/3224 1633/3246/3223 3172/3237/3217
f 1679/3247/3224 3172/3237/3217 3174/3239/3219
f 3174/3239/3219 1676/3248/3225 1679/3247/3224
f 3174/3239/3219 3154/3219/3199 1676/3248/3225
f 1676/3248/3225 3154/3219/3199 1671/3249/3226
f 3154/3219/3199 1667/3213/3192 1671/3249/3226
f 3151/3242/3196 3175/3243/3220 3150/3250/3195
f 3150/3250/3195 3175/3243/3220 1663/3251/3227
f 3175/3243/3220 1662/3252/3228 1663/3251/3227
f 3175/3243/3220 3176/3244/3221 1662/3252/3228
f 3176/3244/3221 1630/3245/3222 1662/3252/3229
f 3150/3250/3195 1663/3251/3227 1665/3253/3193
f 3139/3202/3181 3177/3254/3230 3153/3218/3198
f 3139/3202/3181 3143/3206/3185 3177/3254/3230
f 3178/3255/3231 3177/3254/3230 3143/3206/3185
f 3178/3255/3231 3143/3206/3185 3179/3256/3232
f 3134/3197/3176 3179/3256/3232 3143/3206/3185
f 3179/3256/3232 3134/3197/3176 3180/3257/3233
f 3136/3199/3178 3180/3257/3233 3134/3197/3176
f 3136/3199/3178 3181/3258/3234 3180/3257/3233
f 3136/3199/3178 3182/3259/3235 3181/3258/3234
f 3136/3199/3178 3144/3207/3186 3182/3259/3235
f 3183/3260/3236 3182/3259/3235 3144/3207/3186
f 3183/3260/3236 3144/3207/3186 3158/3223/3203
f 3184/3261/3237 3183/3260/3236 3158/3223/3203
f 3184/3261/3237 3158/3223/3203 3167/3232/3212
f 3185/3262/3213 3184/3261/3237 3167/3232/3212
f 3185/3262/3213 3167/3232/3212 3168/3233/3213
f 3185/3262/3213 3168/3233/3213 3177/3263/3230
f 3153/3240/3198 3177/3263/3230 3168/3233/3213
f 3185/3262/3213 3177/3263/3230 3178/3264/3231
f 1411/1497/3238 3186/3265/3238 1415/1501/3239
f 1411/1497/3238 1407/1496/3239 3186/3265/3238
f 1405/1489/3240 3187/3266/3240 1403/1487/3240
f 1405/1489/3240 1417/3267/3240 3187/3266/3240
f 1410/1495/3241 3188/3268/3242 1408/1492/3239
f 1410/1495/3241 1412/1498/3239 3188/3268/3242
f 1402/1486/3243 3189/3269/3244 1416/3270/3240
f 1402/1486/3243 1404/1488/3240 3189/3269/3244
f 3190/3271/3245 3191/3272/3246 3192/3273/3247
f 3190/3271/3245 3192/3273/3247 3193/3274/3248
f 3194/3275/3249 3190/3271/3245 3193/3274/3248
f 3194/3275/3249 3195/3276/3250 3190/3271/3245
f 3196/3277/3251 3195/3276/3250 3194/3275/3249
f 3196/3277/3251 3197/3278/3252 3195/3276/3250
f 3196/3277/3251 3198/3279/3253 3197/3278/3252
f 3196/3277/3251 3199/3280/3254 3198/3279/3253
f 3200/3281/3255 3198/3279/3253 3199/3280/3254
f 3200/3281/3255 3199/3280/3254 3201/3282/3256
f 3202/3283/3257 3200/3281/3255 3201/3282/3256
f 3202/3283/3257 3201/3282/3256 3203/3284/3258
f 3203/3284/3258 3204/3285/3259 3202/3283/3257
f 3203/3284/3258 3205/3286/3260 3204/3285/3259
f 3206/3287/3261 3204/3285/3259 3205/3286/3260
f 3206/3287/3261 3205/3286/3260 3207/3288/3262
f 3208/3289/3263 3206/3287/3261 3207/3288/3262
f 3208/3289/3263 3207/3288/3262 3209/3290/3264
f 3210/3291/3265 3211/3292/3266 3212/3293/3267
f 3210/3291/3265 3213/3294/3268 3211/3292/3266
f 3214/3295/3269 3213/3294/3268 3210/3291/3265
f 3214/3295/3269 3215/3296/3270 3213/3294/3268
f 3212/3293/3267 3211/3292/3266 3216/3297/3271
f 3216/3297/3271 3217/3298/1442 3212/3293/3267
f 3217/3298/1442 3210/3291/3265 3212/3293/3267
f 3217/3298/1442 3218/3299/3272 3210/3291/3265
f 3218/3299/3272 3214/3295/3269 3210/3291/3265
f 3218/3299/3272 3219/3300/3273 3214/3295/3269
f 3220/3301/3274 3221/3302/3275 3222/3303/3276
f 3220/3301/3274 3223/3304/3277 3221/3302/3275
f 3224/3305/3278 3223/3304/3277 3220/3301/3274
f 3224/3305/3278 3225/3306/3279 3223/3304/3277
f 3222/3303/3276 3221/3302/3275 3226/3307/3280
f 3226/3307/3280 3227/3308/3281 3222/3303/3276
f 3227/3308/3281 3220/3301/3274 3222/3303/3276
f 3227/3308/3281 3228/3309/3282 3220/3301/3274
f 3228/3309/3282 3224/3305/3278 3220/3301/3274
f 3228/3309/3282 3229/3296/3283 3224/3305/3278
f 3230/3310/3284 3231/3311/3285 3232/3312/3286
f 3230/3310/3284 3233/3313/3287 3231/3311/3285
f 3234/3314/3288 3233/3313/3287 3230/3310/3284
f 3234/3314/3288 3235/3315/3289 3233/3313/3287
f 3232/3312/3286 3231/3311/3285 3236/3316/3290
f 3236/3316/3290 3237/3317/3291 3232/3312/3286
f 3237/3317/3291 3230/3310/3284 3232/3312/3286
f 3237/3317/3291 3238/3318/3292 3230/3310/3284
f 3238/3318/3292 3234/3314/3288 3230/3310/3284
f 3238/3318/3292 3239/3306/3293 3234/3314/3288
f 3240/3319/3294 3241/3320/3295 3242/3321/3296
f 3240/3319/3294 3243/3322/3297 3241/3320/3295
f 3244/3323/3298 3243/3322/3297 3240/3319/3294
f 3244/3323/3298 3245/3324/3299 3243/3322/3297
f 3242/3321/3296 3241/3320/3295 3246/3325/3300
f 3246/3325/3300 3247/3326/3301 3242/3321/3296
f 3247/3326/3301 3240/3319/3294 3242/3321/3296
f 3247/3326/3301 3248/3327/3302 3240/3319/3294
f 3248/3327/3302 3244/3323/3298 3240/3319/3294
f 3248/3327/3302 3249/3315/3303 3244/3323/3298
f 3250/3328/3304 3251/3329/3305 3252/3330/3306
f 3250/3328/3304 3253/3331/3307 3251/3329/3305
f 3254/3332/3308 3253/3331/3307 3250/3328/3304
f 3254/3332/3308 3255/3333/3299 3253/3331/3307
f 3252/3330/3306 3251/3329/3305 3256/3334/3309
f 3256/3334/3309 3257/3335/1414 3252/3330/3306
f 3257/3335/1414 3250/3328/3304 3252/3330/3306
f 3257/3335/1414 3258/3336/3310 3250/3328/3304
f 3258/3336/3310 3254/3332/3308 3250/3328/3304
f 3258/3336/3310 3259/3324/3311 3254/3332/3308
f 3260/3337/3312 3261/3338/3313 3262/3339/3314
f 3260/3337/3312 3263/3340/3315 3261/3338/3313
f 3264/3341/3316 3263/3340/3315 3260/3337/3312
f 3264/3341/3316 3265/3342/3317 3263/3340/3315
f 3262/3339/3314 3261/3338/3313 3266/3343/3318
f 3266/3343/3318 3267/3344/3319 3262/3339/3314
f 3267/3344/3319 3260/3337/3312 3262/3339/3314
f 3267/3344/3319 3268/3345/3320 3260/3337/3312
f 3268/3345/3320 3264/3341/3316 3260/3337/3312
f 3268/3345/3320 3269/3333/3321 3264/3341/3316
f 3270/3346/3322 3271/3347/3323 3272/3348/3324
f 3270/3346/3322 3273/3349/3325 3271/3347/3323
f 3274/3350/3326 3273/3349/3325 3270/3346/3322
f 3274/3350/3326 3275/3351/3327 3273/3349/3325
f 3272/3348/3324 3271/3347/3323 3276/3352/3328
f 3276/3352/3328 3277/3353/3329 3272/3348/3324
f 3277/3353/3329 3270/3346/3322 3272/3348/3324
f 3277/3353/3329 3278/3354/3330 3270/3346/3322
f 3278/3354/3330 3274/3350/3326 3270/3346/3322
f 3278/3354/3330 3279/3342/3331 3274/3350/3326
f 3280/3355/3332 3281/3356/3333 3282/3357/3334
f 3280/3355/3332 3283/3358/3335 3281/3356/3333
f 3284/3359/3336 3283/3358/3335 3280/3355/3332
f 3284/3359/3336 3285/3360/3337 3283/3358/3335
f 3282/3357/3334 3281/3356/3333 3286/3361/3328
f 3286/3361/3328 3287/3362/3338 3282/3357/3334
f 3287/3362/3338 3280/3355/3332 3282/3357/3334
f 3287/3362/3338 3288/3363/3339 3280/3355/3332
f 3288/3363/3339 3284/3359/3336 3280/3355/3332
f 3288/3363/3339 3289/3351/3340 3284/3359/3336
f 3290/3364/3341 3291/3365/3342 3292/3366/3343
f 3290/3364/3341 3293/3367/3344 3291/3365/3342
f 3294/3368/3345 3293/3367/3344 3290/3364/3341
f 3294/3368/3345 3295/3300/3346 3293/3367/3344
f 3292/3366/3343 3291/3365/3342 3296/3369/3347
f 3296/3369/3347 3297/3370/3348 3292/3366/3343
f 3297/3370/3348 3290/3364/3341 3292/3366/3343
f 3297/3370/3348 3298/3371/3349 3290/3364/3341
f 3298/3371/3349 3294/3368/3345 3290/3364/3341
f 3298/3371/3349 3299/3372/3350 3294/3368/3345
f 3300/3373/3351 3301/3374/3352 3302/3375/3353
f 3300/3373/3351 3303/3376/3354 3301/3374/3352
f 3304/3377/3355 3303/3376/3354 3300/3373/3351
f 3304/3377/3355 3305/3378/3356 3303/3376/3354
f 3302/3375/3353 3301/3374/3352 3306/3379/3357
f 3306/3379/3357 3307/3380/3358 3302/3375/3353
f 3307/3380/3358 3300/3373/3351 3302/3375/3353
f 3307/3380/3358 3308/3381/3359 3300/3373/3351
f 3308/3381/3359 3304/3377/3355 3300/3373/3351
f 3308/3381/3359 3309/3360/3360 3304/3377/3355
f 3310/3382/1445 3311/3383/3361 3312/3384/3362
f 3310/3382/1445 3313/3385/3363 3311/3383/3361
f 3314/3386/3364 3313/3385/3363 3310/3382/1445
f 3314/3386/3364 3315/3372/3365 3313/3385/3363
f 3312/3384/3362 3311/3383/3361 3316/3387/3366
f 3316/3387/3366 3317/3388/3367 3312/3384/3362
f 3317/3388/3367 3310/3382/1445 3312/3384/3362
f 3317/3388/3367 3318/3389/3368 3310/3382/1445
f 3318/3389/3368 3314/3386/3364 3310/3382/1445
f 3318/3389/3368 3319/3390/3369 3314/3386/3364
f 3320/1583/3370 3321/1584/3371 3322/1585/3372
f 3320/1583/3370 3323/1586/3373 3321/1584/3371
f 3324/1587/3374 3323/1586/3373 3320/1583/3370
f 3324/1587/3374 3325/1588/3375 3323/1586/3373
f 3322/1585/3372 3321/1584/3371 3326/1589/3376
f 3326/1589/3376 3327/1590/3377 3322/1585/3372
f 3327/1590/3377 3320/1583/3370 3322/1585/3372
f 3327/1590/3377 3328/1591/3378 3320/1583/3370
f 3328/1591/3378 3324/1587/3374 3320/1583/3370
f 3328/1591/3378 3329/1592/3379 3324/1587/3374
f 3330/3346/3380 3331/3347/3381 3332/3348/3382
f 3330/3346/3380 3333/3349/3383 3331/3347/3381
f 3334/3350/3384 3333/3349/3383 3330/3346/3380
f 3334/3350/3384 3335/3351/3385 3333/3349/3383
f 3332/3348/3382 3331/3347/3381 3336/3352/3386
f 3336/3352/3386 3337/3353/3387 3332/3348/3382
f 3337/3353/3387 3330/3346/3380 3332/3348/3382
f 3337/3353/3387 3338/3354/3388 3330/3346/3380
f 3338/3354/3388 3334/3350/3384 3330/3346/3380
f 3338/3354/3388 3339/3342/3389 3334/3350/3384
f 3340/3337/3305 3341/3338/3390 3342/3339/3391
f 3340/3337/3305 3343/3340/3392 3341/3338/3390
f 3344/3341/3393 3343/3340/3392 3340/3337/3305
f 3344/3341/3393 3345/3342/3394 3343/3340/3392
f 3342/3339/3391 3341/3338/3390 3346/3343/3395
f 3346/3343/3395 3347/3344/3396 3342/3339/3391
f 3347/3344/3396 3340/3337/3305 3342/3339/3391
f 3347/3344/3396 3348/3331/3397 3340/3337/3305
f 3348/3331/3397 3344/3341/3393 3340/3337/3305
f 3348/3331/3397 3349/3333/3398 3344/3341/3393
f 3350/3310/3399 3351/3311/3400 3352/3312/3401
f 3350/3310/3399 3353/3313/3402 3351/3311/3400
f 3354/3314/3403 3353/3313/3402 3350/3310/3399
f 3354/3314/3403 3355/3315/3404 3353/3313/3402
f 3352/3312/3401 3351/3311/3400 3356/3316/3405
f 3356/3316/3405 3357/3317/3406 3352/3312/3401
f 3357/3317/3406 3350/3310/3399 3352/3312/3401
f 3357/3317/3406 3358/3318/3407 3350/3310/3399
f 3358/3318/3407 3354/3314/3403 3350/3310/3399
f 3358/3318/3407 3359/3306/3408 3354/3314/3403
f 3360/3355/3409 3361/3356/3410 3362/3357/3411
f 3360/3355/3409 3363/3358/3412 3361/3356/3410
f 3364/3359/3413 3363/3358/3412 3360/3355/3409
f 3364/3359/3413 3365/3360/3414 3363/3358/3412
f 3362/3357/3411 3361/3356/3410 3366/3361/3415
f 3366/3361/3415 3367/3362/3416 3362/3357/3411
f 3367/3362/3416 3360/3355/3409 3362/3357/3411
f 3367/3362/3416 3368/3363/3417 3360/3355/3409
f 3368/3363/3417 3364/3359/3413 3360/3355/3409
f 3368/3363/3417 3369/3351/3418 3364/3359/3413
f 3370/3301/3419 3371/3302/3420 3372/3303/3421
f 3370/3301/3419 3373/3304/3422 3371/3302/3420
f 3374/3305/3423 3373/3304/3422 3370/3301/3419
f 3374/3305/3423 3375/3306/3424 3373/3304/3422
f 3372/3303/3421 3371/3302/3420 3376/3307/3425
f 3376/3307/3425 3377/3308/3426 3372/3303/3421
f 3377/3308/3426 3370/3301/3419 3372/3303/3421
f 3377/3308/3426 3378/3309/3427 3370/3301/3419
f 3378/3309/3427 3374/3305/3423 3370/3301/3419
f 3378/3309/3427 3379/3296/3428 3374/3305/3423
f 3380/3328/3429 3381/3329/3430 3382/3330/3431
f 3380/3328/3429 3383/3331/3432 3381/3329/3430
f 3384/3332/3433 3383/3331/3432 3380/3328/3429
f 3384/3332/3433 3385/3333/3434 3383/3331/3432
f 3382/3330/3431 3381/3329/3430 3386/3334/3435
f 3386/3334/3435 3387/3335/3436 3382/3330/3431
f 3387/3335/3436 3380/3328/3429 3382/3330/3431
f 3387/3335/3436 3388/3336/3437 3380/3328/3429
f 3388/3336/3437 3384/3332/3433 3380/3328/3429
f 3388/3336/3437 3389/3324/3438 3384/3332/3433
f 3390/3319/3439 3391/3320/3440 3392/3321/3441
f 3390/3319/3439 3393/3322/3442 3391/3320/3440
f 3394/3323/3443 3393/3322/3442 3390/3319/3439
f 3394/3323/3443 3395/3324/3444 3393/3322/3442
f 3392/3321/3441 3391/3320/3440 3396/3325/3445
f 3396/3325/3445 3397/3326/3446 3392/3321/3441
f 3397/3326/3446 3390/3319/3439 3392/3321/3441
f 3397/3326/3446 3398/3327/3447 3390/3319/3439
f 3398/3327/3447 3394/3323/3443 3390/3319/3439
f 3398/3327/3447 3399/3315/3448 3394/3323/3443
f 3400/3391/1419 3401/3392/3449 3402/3393/3450
f 3400/3391/1419 3403/3394/1470 3401/3392/3449
f 3404/3395/3451 3403/3394/1470 3400/3391/1419
f 3404/3395/3451 3405/3396/3452 3403/3394/1470
f 3402/3393/3450 3401/3392/3449 3406/3397/3453
f 3406/3397/3453 3407/3398/1426 3402/3393/3450
f 3407/3398/1426 3400/3391/1419 3402/3393/3450
f 3407/3398/1426 3408/3399/3454 3400/3391/1419
f 3408/3399/3454 3404/3395/3451 3400/3391/1419
f 3408/3399/3454 3409/1519/3455 3404/3395/3451
f 3410/3400/3456 3411/3401/3457 3412/3402/3458
f 3410/3400/3456 3413/3403/3459 3411/3401/3457
f 3414/3404/3460 3413/3403/3459 3410/3400/3456
f 3414/3404/3460 3415/3405/3461 3413/3403/3459
f 3412/3402/3458 3411/3401/3457 3416/3406/3462
f 3416/3406/3462 3417/3407/3463 3412/3402/3458
f 3417/3407/3463 3410/3400/3456 3412/3402/3458
f 3417/3407/3463 3418/3408/3464 3410/3400/3456
f 3418/3408/3464 3414/3404/3460 3410/3400/3456
f 3418/3408/3464 3419/3396/3465 3414/3404/3460
f 3420/3382/3466 3421/3383/3467 3422/3384/3468
f 3420/3382/3466 3423/3385/3469 3421/3383/3467
f 3424/3386/3470 3423/3385/3469 3420/3382/3466
f 3424/3386/3470 3425/3372/3471 3423/3385/3469
f 3422/3384/3468 3421/3383/3467 3426/3387/3472
f 3426/3387/3472 3427/3388/3473 3422/3384/3468
f 3427/3388/3473 3420/3382/3466 3422/3384/3468
f 3427/3388/3473 3428/3389/3474 3420/3382/3466
f 3428/3389/3474 3424/3386/3470 3420/3382/3466
f 3428/3389/3474 3429/3390/3475 3424/3386/3470
f 3430/3409/3476 3431/3410/3477 3432/3411/3450
f 3430/3409/3476 3433/3412/3478 3431/3410/3477
f 3434/3413/3479 3433/3412/3478 3430/3409/3476
f 3434/3413/3479 3435/3414/3480 3433/3412/3478
f 3432/3411/3450 3431/3410/3477 3436/3415/3481
f 3436/3415/3481 3437/3416/3482 3432/3411/3450
f 3437/3416/3482 3430/3409/3476 3432/3411/3450
f 3437/3416/3482 3438/3417/3483 3430/3409/3476
f 3438/3417/3483 3434/3413/3479 3430/3409/3476
f 3438/3417/3483 3439/3418/3484 3434/3413/3479
f 3440/3419/3456 3441/3420/3485 3442/3421/3486
f 3440/3419/3456 3443/3422/3487 3441/3420/3485
f 3444/3423/3488 3443/3422/3487 3440/3419/3456
f 3444/3423/3488 3445/3418/3489 3443/3422/3487
f 3442/3421/3486 3441/3420/3485 3446/3424/3490
f 3446/3424/3490 3447/3425/3491 3442/3421/3486
f 3447/3425/3491 3440/3419/3456 3442/3421/3486
f 3447/3425/3491 3448/3426/3492 3440/3419/3456
f 3448/3426/3492 3444/3423/3488 3440/3419/3456
f 3448/3426/3492 3449/3405/3493 3444/3423/3488
f 3450/3291/3494 3451/3292/3495 3452/3293/3496
f 3450/3291/3494 3453/3294/3497 3451/3292/3495
f 3454/3295/3498 3453/3294/3497 3450/3291/3494
f 3454/3295/3498 3455/3296/3499 3453/3294/3497
f 3452/3293/3496 3451/3292/3495 3456/3297/3500
f 3456/3297/3500 3457/3298/3501 3452/3293/3496
f 3457/3298/3501 3450/3291/3494 3452/3293/3496
f 3457/3298/3501 3458/3299/3502 3450/3291/3494
f 3458/3299/3502 3454/3295/3498 3450/3291/3494
f 3458/3299/3502 3459/3300/3503 3454/3295/3498
f 3460/3364/3494 3461/3365/1992 3462/3366/3496
f 3460/3364/3494 3463/3367/3504 3461/3365/1992
f 3464/3368/3498 3463/3367/3504 3460/3364/3494
f 3464/3368/3498 3465/3300/3505 3463/3367/3504
f 3462/3366/3496 3461/3365/1992 3466/3369/3506
f 3466/3369/3506 3467/3370/3507 3462/3366/3496
f 3467/3370/3507 3460/3364/3494 3462/3366/3496
f 3467/3370/3507 3468/3371/3508 3460/3364/3494
f 3468/3371/3508 3464/3368/3498 3460/3364/3494
f 3468/3371/3508 3469/3372/3509 3464/3368/3498
f 3191/3427/3246 3470/3428/3510 3192/3429/3247
f 3191/3427/3246 3471/3430/3511 3470/3428/3510
f 3471/3430/3511 3472/3431/3512 3470/3428/3510
f 3471/3430/3511 3473/3432/3513 3472/3431/3512
f 3473/3432/3513 3474/3433/3514 3472/3431/3512
f 3473/3432/3513 3475/3434/3515 3474/3433/3514
f 3475/3434/3515 3476/3435/3516 3474/3433/3514
f 3475/3434/3515 3477/3436/3517 3476/3435/3516
f 3478/3437/3518 3479/3438/1515 3480/3439/3519
f 3478/3437/3518 3481/3440/3520 3479/3438/1515
f 3482/3441/3521 3481/3440/3520 3478/3437/3518
f 3482/3441/3521 3483/3442/3522 3481/3440/3520
f 3480/3439/3519 3479/3438/1515 3484/3443/1438
f 3484/3443/1438 3485/3444/3523 3480/3439/3519
f 3485/3444/3523 3478/3437/3518 3480/3439/3519
f 3485/3444/3523 3486/3445/3524 3478/3437/3518
f 3486/3445/3524 3482/3441/3521 3478/3437/3518
f 3486/3445/3524 3487/1539/3525 3482/3441/3521
f 3488/3446/3526 3489/3447/3527 3490/3448/3496
f 3488/3446/3526 3491/3449/1489 3489/3447/3527
f 3492/3450/3528 3491/3449/1489 3488/3446/3526
f 3492/3450/3528 3493/1523/3529 3491/3449/1489
f 3490/3448/3496 3489/3447/3527 3494/3451/3530
f 3494/3451/3530 3495/3452/3531 3490/3448/3496
f 3495/3452/3531 3488/3446/3526 3490/3448/3496
f 3495/3452/3531 3496/3453/3532 3488/3446/3526
f 3496/3453/3532 3492/3450/3528 3488/3446/3526
f 3496/3453/3532 3497/3442/3533 3492/3450/3528
f 3498/3454/3534 3499/3455/3535 3500/3456/3536
f 3498/3454/3534 3501/3457/3537 3499/3455/3535
f 3502/3458/3538 3501/3457/3537 3498/3454/3534
f 3502/3458/3538 3503/1533/3539 3501/3457/3537
f 3500/3456/3536 3499/3455/3535 3504/3459/3540
f 3504/3459/3540 3505/3460/3541 3500/3456/3536
f 3505/3460/3541 3498/3454/3534 3500/3456/3536
f 3505/3460/3541 3506/3461/3542 3498/3454/3534
f 3506/3461/3542 3502/3458/3538 3498/3454/3534
f 3506/3461/3542 3507/3462/3543 3502/3458/3538
f 1684/1783/1682 1707/1806/1704 3508/2281/3544
f 1686/1785/1684 1684/1783/1682 3508/2281/3544
f 1686/1785/1684 3508/2281/3544 3509/3463/3545
f 1688/1787/1686 1686/1785/1684 3509/3463/3545
f 1688/1787/1686 3509/3463/3545 3510/3464/3546
f 1690/1789/1688 1688/1787/1686 3510/3464/3546
f 1690/1789/1688 3510/3464/3546 3511/2284/3547
f 3512/2285/3548 1690/1789/1688 3511/2284/3547
f 3512/2285/3548 1692/1791/1690 1690/1789/1688
f 3513/2212/3549 1692/1791/1690 3512/2285/3548
f 3513/2212/3549 1997/2134/1971 1692/1791/1690
f 3514/3465/3550 1997/2134/1971 3513/2212/3549
f 3514/3465/3550 2010/2147/1982 1997/2134/1971
f 1708/1807/1705 2010/2147/1982 3514/3465/3550
f 1708/1807/1705 2011/2148/1983 2010/2147/1982
f 1703/1802/1701 2011/2148/1983 1708/1807/1705
f 1702/1801/1700 2011/2148/1983 1703/1802/1701
f 1702/1801/1700 1709/1808/1706 2011/2148/1983
f 1431/1511/1424 1430/1513/3551 1435/1512/1428
f 1429/1509/1422 1431/1511/1424 1435/1512/1428
f 1429/1509/1422 1435/1512/1428 1434/1510/1427
f 1433/1508/1426 1429/1509/1422 1434/1510/1427
f 1433/1508/1426 1427/1507/1420 1429/1509/1422
f 1432/1506/1425 1427/1507/1420 1433/1508/1426
f 3181/3466/3552 2783/2646/3552 3180/3467/3552
f 3181/3466/3552 2781/2644/3552 2783/2646/3552
f 3181/3466/3552 2779/2642/3553 2781/2644/3552
f 3181/3466/3552 3182/3468/3553 2779/2642/3553
f 3182/3468/3553 2778/2641/3554 2779/2642/3553
f 3182/3468/3553 3183/3469/3554 2778/2641/3554
f 3183/3469/3554 2797/2664/3555 2778/2641/3554
f 3183/3469/3554 3184/3470/3555 2797/2664/3555
f 3184/3470/3555 2790/2665/3556 2797/2664/3555
f 3184/3470/3555 3185/3471/3557 2790/2665/3556
f 3180/3472/3552 2783/2646/3552 2786/2649/3558
f 3180/3472/3552 2786/2649/3558 3179/3473/3559
f 3179/3473/3559 2786/2649/3558 2788/2651/3559
f 3179/3473/3559 2788/2651/3559 3178/3474/3558
f 2790/2653/3556 3178/3474/3558 2788/2651/3559
f 2790/2653/3556 3185/3475/3557 3178/3474/3558
f 3120/2407/3560 3105/2404/3561 3107/2405/3561
f 3120/2407/3560 3123/2408/3562 3105/2404/3561
f 3123/2408/3562 3120/2407/3560 3119/2409/2570
f 3123/2408/3562 3119/2409/2570 3124/2410/2570
f 3125/2411/3563 3124/2410/2570 3119/2409/2570
f 3125/2411/3563 3119/2409/2570 3118/2412/3563
f 3118/2412/3563 3126/2413/3564 3125/2411/3563
f 3109/2414/2570 3106/2403/2570 3108/2406/2570
f 3109/2414/2570 3115/2415/2570 3106/2403/2570
f 3111/2416/2570 3115/2415/2570 3109/2414/2570
f 3111/2416/2570 3113/2417/2570 3115/2415/2570
f 3276/1506/3328 3271/1507/3323 3277/1508/3329
f 3271/1507/3323 3278/1510/3330 3277/1508/3329
f 3271/1507/3323 3273/1509/3325 3278/1510/3330
f 3275/1511/3327 3278/1510/3330 3273/1509/3325
f 3275/1511/3327 3279/1512/3331 3278/1510/3330
f 3275/1511/3327 3274/1513/3565 3279/1512/3331
f 3504/1506/3540 3499/1507/3535 3505/1508/3541
f 3505/1508/3541 3499/1507/3535 3501/1509/3537
f 3505/1508/3541 3501/1509/3537 3506/1510/3542
f 3503/1511/3539 3506/1510/3542 3501/1509/3537
f 3503/1511/3539 3507/1512/3543 3506/1510/3542
f 3503/1511/3539 3502/1513/1521 3507/1512/3543
f 1414/3476/3566 3187/3477/3567 1417/3478/3568
f 1414/3476/3566 3515/3479/3566 3187/3477/3567
f 1414/3476/3566 3186/3480/3569 3515/3479/3566
f 1414/3476/3566 1415/3481/3570 3186/3480/3569
f 3494/1506/3530 3489/1507/3527 3495/1508/3531
f 3495/1508/3531 3489/1507/3527 3491/1509/1489
f 3495/1508/3531 3491/1509/1489 3496/1510/3532
f 3491/1509/1489 3497/1512/3533 3496/1510/3532
f 3491/1509/1489 3493/1511/3529 3497/1512/3533
f 3493/1511/3529 3492/1513/2308 3497/1512/3533
f 3484/1506/1438 3479/1507/1515 3485/1508/3523
f 3479/1507/1515 3486/1510/3524 3485/1508/3523
f 3479/1507/1515 3481/1509/3520 3486/1510/3524
f 3483/1511/3522 3486/1510/3524 3481/1509/3520
f 3483/1511/3522 3487/1512/3525 3486/1510/3524
f 3483/1511/3522 3482/1513/1520 3487/1512/3525
f 1409/1493/3571 3186/3480/3572 1407/1491/3573
f 1409/1493/3571 3515/3479/3574 3186/3480/3572
f 1409/1493/3571 3187/3477/3575 3515/3479/3574
f 1409/1493/3571 1403/1494/3576 3187/3477/3575
f 3466/1506/3506 3461/1507/1992 3467/1508/3507
f 3461/1507/1992 3468/1510/3508 3467/1508/3507
f 3461/1507/1992 3463/1509/3504 3468/1510/3508
f 3463/1509/3504 3469/1512/3509 3468/1510/3508
f 3463/1509/3504 3465/1511/3505 3469/1512/3509
f 3465/1511/3505 3464/1513/3577 3469/1512/3509
f 3456/1506/3500 3451/1507/3495 3457/1508/3501
f 3451/1507/3495 3458/1510/3502 3457/1508/3501
f 3451/1507/3495 3453/1509/3497 3458/1510/3502
f 3453/1509/3497 3459/1512/3503 3458/1510/3502
f 3453/1509/3497 3455/1511/3499 3459/1512/3503
f 3455/1511/3499 3454/1513/3578 3459/1512/3503
f 3446/1506/3490 3441/1507/3485 3447/1508/3491
f 3447/1508/3491 3441/1507/3485 3443/1509/3487
f 3447/1508/3491 3443/1509/3487 3448/1510/3492
f 3443/1509/3487 3449/1512/3493 3448/1510/3492
f 3443/1509/3487 3445/1511/3489 3449/1512/3493
f 3445/1511/3489 3444/1513/3579 3449/1512/3493
f 3436/1506/3481 3431/1507/3477 3437/1508/3482
f 3437/1508/3482 3431/1507/3477 3433/1509/3478
f 3437/1508/3482 3433/1509/3478 3438/1510/3483
f 3433/1509/3478 3439/1512/3484 3438/1510/3483
f 3433/1509/3478 3435/1511/3480 3439/1512/3484
f 3435/1511/3480 3434/1513/3580 3439/1512/3484
f 3426/1506/3472 3421/1507/3467 3427/1508/3473
f 3427/1508/3473 3421/1507/3467 3423/1509/3469
f 3427/1508/3473 3423/1509/3469 3428/1510/3474
f 3425/1511/3471 3428/1510/3474 3423/1509/3469
f 3425/1511/3471 3429/1512/3475 3428/1510/3474
f 3425/1511/3471 3424/1513/3581 3429/1512/3475
f 1413/3482/3582 3188/3483/3583 1412/3484/3584
f 1413/3482/3582 3516/3485/3585 3188/3483/3583
f 1413/3482/3582 3189/3486/3586 3516/3485/3585
f 1413/3482/3582 1416/3487/3587 3189/3486/3586
f 3416/1506/3462 3411/1507/3457 3417/1508/3463
f 3417/1508/3463 3411/1507/3457 3413/1509/3459
f 3417/1508/3463 3413/1509/3459 3418/1510/3464
f 3413/1509/3459 3419/1512/3465 3418/1510/3464
f 3413/1509/3459 3415/1511/3461 3419/1512/3465
f 3415/1511/3461 3414/1513/3588 3419/1512/3465
f 3406/1506/3453 3401/1507/3449 3407/1508/1426
f 3407/1508/1426 3401/1507/3449 3403/1509/1470
f 3407/1508/1426 3403/1509/1470 3408/1510/3454
f 3405/1511/3452 3408/1510/3454 3403/1509/1470
f 3405/1511/3452 3409/1512/3455 3408/1510/3454
f 3405/1511/3452 3404/1513/3551 3409/1512/3455
f 3516/3485/3589 1408/1492/3590 3188/3268/3591
f 3516/3485/3589 1406/1490/3592 1408/1492/3590
f 1404/1488/3593 1406/1490/3592 3516/3485/3589
f 1404/1488/3593 3516/3485/3589 3189/3269/3594
f 3208/3488/3263 3209/3489/3264 3517/3490/3595
f 3208/3488/3263 3517/3490/3595 3518/3491/3596
f 3519/3492/3597 3518/3491/3596 3517/3490/3595
f 3519/3492/3597 3520/3493/3598 3518/3491/3596
f 3521/3494/3599 3520/3493/3598 3519/3492/3597
f 3521/3494/3599 3522/3495/3600 3520/3493/3598
f 3523/3496/3601 3522/3495/3600 3521/3494/3599
f 3523/3496/3601 3524/3497/3602 3522/3495/3600
f 3476/3435/3603 3524/3497/3602 3523/3496/3601
f 3476/3435/3604 3477/3436/3605 3524/3497/3606
f 3396/1506/3445 3391/1507/3440 3397/1508/3446
f 3397/1508/3446 3391/1507/3440 3393/1509/3442
f 3397/1508/3446 3393/1509/3442 3398/1510/3447
f 3395/1511/3444 3398/1510/3447 3393/1509/3442
f 3395/1511/3444 3399/1512/3448 3398/1510/3447
f 3395/1511/3444 3394/1513/3607 3399/1512/3448
f 3216/1506/3271 3211/1507/3266 3217/1508/1442
f 3217/1508/1442 3211/1507/3266 3213/1509/3268
f 3217/1508/1442 3213/1509/3268 3218/1510/3272
f 3213/1509/3268 3219/1512/3273 3218/1510/3272
f 3213/1509/3268 3215/1511/3270 3219/1512/3273
f 3215/1511/3270 3214/1513/3608 3219/1512/3273
f 3226/1506/3280 3221/1507/3275 3227/1508/3281
f 3221/1507/3275 3228/1510/3282 3227/1508/3281
f 3221/1507/3275 3223/1509/3277 3228/1510/3282
f 3225/1511/3279 3228/1510/3282 3223/1509/3277
f 3225/1511/3279 3229/1512/3283 3228/1510/3282
f 3225/1511/3279 3224/1513/3609 3229/1512/3283
f 3386/1506/3435 3381/1507/3430 3387/1508/3436
f 3381/1507/3430 3388/1510/3437 3387/1508/3436
f 3381/1507/3430 3383/1509/3432 3388/1510/3437
f 3383/1509/3432 3389/1512/3438 3388/1510/3437
f 3383/1509/3432 3385/1511/3434 3389/1512/3438
f 3385/1511/3434 3384/1513/3610 3389/1512/3438
f 3376/1506/3425 3371/1507/3420 3377/1508/3426
f 3377/1508/3426 3371/1507/3420 3373/1509/3422
f 3377/1508/3426 3373/1509/3422 3378/1510/3427
f 3375/1511/3424 3378/1510/3427 3373/1509/3422
f 3375/1511/3424 3379/1512/3428 3378/1510/3427
f 3375/1511/3424 3374/1513/3611 3379/1512/3428
f 3236/1506/3290 3231/1507/3285 3237/1508/3291
f 3231/1507/3285 3238/1510/3292 3237/1508/3291
f 3231/1507/3285 3233/1509/3287 3238/1510/3292
f 3235/1511/3289 3238/1510/3292 3233/1509/3287
f 3235/1511/3289 3239/1512/3293 3238/1510/3292
f 3235/1511/3289 3234/1513/3612 3239/1512/3293
f 3366/1506/3415 3361/1507/3410 3367/1508/3416
f 3367/1508/3416 3361/1507/3410 3363/1509/3412
f 3367/1508/3416 3363/1509/3412 3368/1510/3417
f 3363/1509/3412 3369/1512/3418 3368/1510/3417
f 3363/1509/3412 3365/1511/3414 3369/1512/3418
f 3365/1511/3414 3364/1513/3613 3369/1512/3418
f 3356/1506/3405 3351/1507/3400 3357/1508/3406
f 3351/1507/3400 3358/1510/3407 3357/1508/3406
f 3351/1507/3400 3353/1509/3402 3358/1510/3407
f 3353/1509/3402 3359/1512/3408 3358/1510/3407
f 3353/1509/3402 3355/1511/3404 3359/1512/3408
f 3355/1511/3404 3354/1513/3614 3359/1512/3408
f 3346/1506/3395 3341/1507/3390 3347/1508/3396
f 3341/1507/3390 3348/1510/3397 3347/1508/3396
f 3341/1507/3390 3343/1509/3392 3348/1510/3397
f 3345/1511/3394 3348/1510/3397 3343/1509/3392
f 3345/1511/3394 3349/1512/3398 3348/1510/3397
f 3345/1511/3394 3344/1513/3615 3349/1512/3398
f 3246/1506/3300 3241/1507/3295 3247/1508/3301
f 3247/1508/3301 3241/1507/3295 3243/1509/3297
f 3247/1508/3301 3243/1509/3297 3248/1510/3302
f 3243/1509/3297 3249/1512/3303 3248/1510/3302
f 3243/1509/3297 3245/1511/3299 3249/1512/3303
f 3245/1511/3299 3244/1513/3616 3249/1512/3303
f 3256/1506/3309 3251/1507/3305 3257/1508/1414
f 3251/1507/3305 3258/1510/3310 3257/1508/1414
f 3251/1507/3305 3253/1509/3307 3258/1510/3310
f 3253/1509/3307 3259/1512/3311 3258/1510/3310
f 3253/1509/3307 3255/1511/3299 3259/1512/3311
f 3255/1511/3299 3254/1513/3617 3259/1512/3311
f 3266/1506/3318 3261/1507/3313 3267/1508/3319
f 3261/1507/3313 3268/1510/3320 3267/1508/3319
f 3261/1507/3313 3263/1509/3315 3268/1510/3320
f 3263/1509/3315 3269/1512/3321 3268/1510/3320
f 3263/1509/3315 3265/1511/3317 3269/1512/3321
f 3265/1511/3317 3264/1513/3618 3269/1512/3321
f 3286/1506/3328 3281/1507/3333 3287/1508/3338
f 3287/1508/3338 3281/1507/3333 3283/1509/3335
f 3287/1508/3338 3283/1509/3335 3288/1510/3339
f 3283/1509/3335 3289/1512/3340 3288/1510/3339
f 3283/1509/3335 3285/1511/3337 3289/1512/3340
f 3285/1511/3337 3284/1513/3619 3289/1512/3340
f 3296/1506/3347 3291/1507/3342 3297/1508/3348
f 3291/1507/3342 3298/1510/3349 3297/1508/3348
f 3291/1507/3342 3293/1509/3344 3298/1510/3349
f 3293/1509/3344 3299/1512/3350 3298/1510/3349
f 3293/1509/3344 3295/1511/3346 3299/1512/3350
f 3295/1511/3346 3294/1513/3620 3299/1512/3350
f 3306/1506/3357 3301/1507/3352 3307/1508/3358
f 3301/1507/3352 3308/1510/3359 3307/1508/3358
f 3301/1507/3352 3303/1509/3354 3308/1510/3359
f 3305/1511/3356 3308/1510/3359 3303/1509/3354
f 3305/1511/3356 3309/1512/3360 3308/1510/3359
f 3305/1511/3356 3304/1513/3613 3309/1512/3360
f 3336/1506/3386 3331/1507/3381 3337/1508/3387
f 3331/1507/3381 3338/1510/3388 3337/1508/3387
f 3331/1507/3381 3333/1509/3383 3338/1510/3388
f 3333/1509/3383 3339/1512/3389 3338/1510/3388
f 3333/1509/3383 3335/1511/3385 3339/1512/3389
f 3335/1511/3385 3334/1513/3621 3339/1512/3389
f 3326/1506/3376 3321/1507/3371 3327/1508/3377
f 3321/1507/3371 3328/1510/3378 3327/1508/3377
f 3321/1507/3371 3323/1509/3373 3328/1510/3378
f 3323/1509/3373 3329/1512/3379 3328/1510/3378
f 3323/1509/3373 3325/1511/3375 3329/1512/3379
f 3325/1511/3375 3324/1513/3622 3329/1512/3379
f 3316/1506/3366 3311/1507/3361 3317/1508/3367
f 3317/1508/3367 3311/1507/3361 3313/1509/3363
f 3317/1508/3367 3313/1509/3363 3318/1510/3368
f 3313/1509/3363 3319/1512/3369 3318/1510/3368
f 3313/1509/3363 3315/1511/3365 3319/1512/3369
f 3315/1511/3365 3314/1513/3623 3319/1512/3369
f 3525/3498/3624 3526/3499/3625 3527/3500/3626
f 3528/3501/3627 3529/3502/3628 3530/3503/3629
f 3531/3504/3630 3529/3502/3628 3528/3501/3627
f 3531/3504/3630 3532/3505/3631 3529/3502/3628
f 3533/3506/3632 3532/3505/3631 3531/3504/3630
f 3533/3506/3632 3534/3507/3633 3532/3505/3631
f 3533/3506/3632 3535/3508/3634 3534/3507/3633
f 3533/3506/3632 3536/3509/3635 3535/3508/3634
f 3536/3509/3635 3527/3500/3626 3535/3508/3634
f 3536/3509/3635 3525/3498/3624 3527/3500/3626
f 3537/3510/3636 3538/3511/3637 3539/3512/3638
f 3538/3511/3637 3540/3513/3639 3539/3512/3638
f 3538/3511/3637 3541/3514/3640 3540/3513/3639
f 3542/3515/3641 3541/3514/3640 3538/3511/3637
f 3542/3515/3641 3543/3516/3642 3541/3514/3640
f 3526/3499/3625 3543/3516/3642 3542/3515/3641
f 3526/3499/3625 3542/3515/3641 3544/3517/3643
f 3545/3518/3644 3546/3519/3645 3547/3520/3646
f 3545/3518/3644 3548/3521/3647 3546/3519/3645
f 3548/3521/3647 3545/3518/3644 3549/3522/3648
f 3548/3521/3647 3549/3522/3648 3550/3523/3649
f 3549/3522/3648 3537/3510/3636 3550/3523/3649
f 3549/3522/3648 3551/3524/3650 3537/3510/3636
f 3551/3524/3650 3538/3511/3637 3537/3510/3636
f 3551/3524/3650 3542/3515/3641 3538/3511/3637
f 3552/3525/3651 3542/3515/3641 3551/3524/3650
f 3552/3525/3651 3544/3517/3643 3542/3515/3641
f 3553/3526/3652 3552/3525/3651 3551/3524/3650
f 3553/3526/3652 3551/3524/3650 3549/3522/3648
f 3545/3518/3644 3553/3526/3652 3549/3522/3648
f 3545/3518/3644 3554/3527/3653 3553/3526/3652
f 3555/3528/3654 3554/3527/3653 3545/3518/3644
f 3555/3528/3654 3545/3518/3644 3547/3520/3646
f 3547/3520/3646 3530/3503/3629 3555/3528/3654
f 3547/3520/3646 3556/3529/3655 3530/3503/3629
f 3547/3520/3646 3557/3530/3656 3556/3529/3655
f 3547/3520/3646 3546/3519/3645 3557/3530/3656
f 3546/3519/3645 3558/3531/3657 3557/3530/3656
f 3546/3519/3645 3559/3532/3658 3558/3531/3657
f 3548/3521/3647 3559/3532/3658 3546/3519/3645
f 3548/3521/3647 3560/3533/3659 3559/3532/3658
f 3560/3533/3659 3548/3521/3647 3550/3523/3649
f 3560/3533/3659 3550/3523/3649 3561/3534/3660
f 3550/3523/3649 3562/3535/3661 3561/3534/3660
f 3550/3523/3649 3537/3510/3636 3562/3535/3661
f 3537/3510/3636 3539/3512/3638 3562/3535/3661
f 3563/3536/3662 3564/3537/3663 3565/3538/3664
f 3565/3538/3664 3564/3537/3663 3566/3539/3665
f 3567/3540/3666 3568/3541/3667 3569/3542/3668
f 3567/3540/3666 3569/3542/3668 3570/3543/3669
f 3567/3540/3666 3570/3543/3669 3571/3544/3670
f 3570/3543/3669 3572/3545/3671 3571/3544/3670
f 3571/3544/3670 3572/3545/3671 3573/3546/3672
f 3565/3538/3664 3573/3546/3672 3572/3545/3671
f 3565/3538/3664 3574/3547/3673 3573/3546/3672
f 3565/3538/3664 3566/3539/3665 3574/3547/3673
f 3574/3547/3673 3566/3539/3665 3575/3548/3674
f 3574/3547/3673 3575/3548/3674 3576/3549/3675
f 3575/3548/3674 3577/3550/3676 3576/3549/3675
f 3576/3549/3675 3577/3550/3676 3578/3551/3677
f 3577/3550/3676 3579/3552/3678 3578/3551/3677
f 3578/3551/3677 3579/3552/3678 3580/3553/3679
f 3579/3552/3678 3581/3554/3680 3580/3553/3679
f 3582/3555/3681 3580/3553/3679 3581/3554/3680
f 3583/3556/3682 3582/3555/3681 3581/3554/3680
f 3582/3555/3681 3583/3556/3682 3584/3557/3683
f 3571/3544/3670 3573/3546/3672 3585/3558/3684
f 3578/3551/3677 3580/3553/3679 3586/3559/3685
f 3586/3559/3685 3580/3553/3679 3587/3560/3686
f 3582/3555/3681 3587/3560/3686 3580/3553/3679
f 3586/3559/3685 3587/3560/3686 3588/3561/3687
f 3582/3555/3681 3584/3557/3683 3589/3562/3688
f 3587/3560/3686 3582/3555/3681 3589/3562/3688
f 3587/3560/3686 3589/3562/3688 3590/3563/3689
f 3591/3564/3690 3587/3560/3686 3590/3563/3689
f 3591/3564/3690 3588/3561/3687 3587/3560/3686
f 3592/3565/3691 3588/3561/3687 3591/3564/3690
f 3592/3565/3691 3586/3559/3685 3588/3561/3687
f 3592/3565/3691 3593/3566/3692 3586/3559/3685
f 3593/3566/3692 3578/3551/3677 3586/3559/3685
f 3593/3566/3692 3594/3567/3693 3578/3551/3677
f 3576/3549/3675 3578/3551/3677 3594/3567/3693
f 3573/3546/3672 3576/3549/3675 3594/3567/3693
f 3573/3546/3672 3574/3547/3673 3576/3549/3675
f 3593/3566/3692 3573/3546/3672 3594/3567/3693
f 3593/3566/3692 3585/3558/3684 3573/3546/3672
f 3592/3565/3691 3585/3558/3684 3593/3566/3692
f 3592/3565/3691 3595/3568/3694 3585/3558/3684
f 3595/3568/3694 3571/3544/3670 3585/3558/3684
f 3595/3568/3694 3596/3569/3695 3571/3544/3670
f 3567/3540/3666 3571/3544/3670 3596/3569/3695
f 3583/3556/3682 3581/3554/3680 3597/3570/3696
f 3598/3571/3697 3597/3570/3696 3581/3554/3680
f 3598/3571/3697 3599/3572/3698 3597/3570/3696
f 3598/3571/3697 3600/3573/3699 3599/3572/3698
f 3598/3571/3697 3601/3574/3700 3600/3573/3699
f 3601/3574/3700 3602/3575/3701 3600/3573/3699
f 3601/3574/3700 3603/3576/3702 3602/3575/3701
f 3604/3577/3703 3602/3575/3701 3603/3576/3702
f 3604/3577/3703 3603/3576/3702 3605/3578/3704
f 3606/3579/3705 3605/3578/3704 3603/3576/3702
f 3606/3579/3705 3607/3580/3706 3605/3578/3704
f 3608/3581/3707 3607/3580/3706 3606/3579/3705
f 3608/3581/3707 3609/3582/3708 3607/3580/3706
f 3575/3548/3674 3609/3582/3708 3608/3581/3707
f 3575/3548/3674 3608/3581/3707 3577/3550/3676
f 3608/3581/3707 3610/3583/3709 3577/3550/3676
f 3577/3550/3676 3610/3583/3709 3579/3552/3678
f 3579/3552/3678 3610/3583/3709 3601/3574/3700
f 3579/3552/3678 3601/3574/3700 3598/3571/3697
f 3579/3552/3678 3598/3571/3697 3581/3554/3680
f 3610/3583/3709 3603/3576/3702 3601/3574/3700
f 3610/3583/3709 3606/3579/3705 3603/3576/3702
f 3608/3581/3707 3606/3579/3705 3610/3583/3709
f 3611/3584/3710 3584/3585/3683 3612/3586/3711
f 3584/3585/3683 3611/3584/3710 3613/3587/3712
f 3613/3587/3712 3589/3588/3688 3584/3585/3683
f 3614/3589/3713 3615/3590/3714 3616/3591/3715
f 3615/3590/3714 3617/3592/3716 3616/3591/3715
f 3615/3590/3714 3618/3593/3717 3617/3592/3716
f 3617/3592/3716 3618/3593/3717 3619/3594/3718
f 3618/3593/3717 3620/3595/3719 3619/3594/3718
f 3621/3596/3720 3619/3594/3718 3620/3595/3719
f 3620/3595/3719 3596/3597/3695 3621/3596/3720
f 3622/3598/3721 3621/3596/3720 3596/3597/3695
f 3622/3598/3721 3596/3597/3695 3595/3599/3694
f 3622/3598/3721 3595/3599/3694 3592/3600/3691
f 3622/3598/3721 3592/3600/3691 3591/3601/3690
f 3623/3602/3722 3622/3598/3721 3591/3601/3690
f 3623/3602/3722 3591/3601/3690 3590/3603/3689
f 3623/3602/3722 3590/3603/3689 3589/3588/3688
f 3623/3602/3722 3589/3588/3688 3624/3604/3723
f 3613/3587/3712 3624/3604/3723 3589/3588/3688
f 3624/3604/3723 3613/3587/3712 3625/3605/3724
f 3625/3605/3724 3613/3587/3712 3611/3584/3710
f 3626/3606/3725 3616/3591/3715 3627/3607/3726
f 3616/3591/3715 3628/3608/3727 3627/3607/3726
f 3616/3591/3715 3617/3592/3716 3628/3608/3727
f 3628/3608/3727 3617/3592/3716 3629/3609/3728
f 3617/3592/3716 3619/3594/3718 3629/3609/3728
f 3630/3610/3729 3629/3609/3728 3619/3594/3718
f 3621/3596/3720 3630/3610/3729 3619/3594/3718
f 3623/3602/3722 3630/3610/3729 3621/3596/3720
f 3623/3602/3722 3621/3596/3720 3622/3598/3721
f 3627/3607/3726 3628/3608/3727 3631/3611/3730
f 3628/3608/3727 3632/3612/3731 3631/3611/3730
f 3628/3608/3727 3633/3613/3732 3632/3612/3731
f 3634/3614/3733 3632/3612/3731 3633/3613/3732
f 3634/3614/3733 3633/3613/3732 3635/3615/3734
f 3635/3615/3734 3636/3616/3735 3634/3614/3733
f 3635/3615/3734 3625/3605/3724 3636/3616/3735
f 3625/3605/3724 3635/3615/3734 3637/3617/3736
f 3624/3604/3723 3625/3605/3724 3637/3617/3736
f 3623/3602/3722 3624/3604/3723 3637/3617/3736
f 3623/3602/3722 3637/3617/3736 3630/3610/3729
f 3630/3610/3729 3637/3617/3736 3629/3609/3728
f 3637/3617/3736 3633/3613/3732 3629/3609/3728
f 3628/3608/3727 3629/3609/3728 3633/3613/3732
f 3637/3617/3736 3635/3615/3734 3633/3613/3732
f 3631/3611/3730 3632/3612/3731 3638/3618/3737
f 3632/3612/3731 3639/3619/3738 3638/3618/3737
f 3632/3612/3731 3640/3620/3739 3639/3619/3738
f 3634/3614/3733 3640/3620/3739 3632/3612/3731
f 3641/3621/3740 3638/3618/3737 3639/3619/3738
f 3625/3605/3724 3611/3584/3710 3636/3616/3735
f 3612/3586/3711 3636/3616/3735 3611/3584/3710
f 3612/3586/3711 3642/3622/3741 3636/3616/3735
f 3642/3622/3741 3634/3614/3733 3636/3616/3735
f 3642/3622/3741 3643/3623/3742 3634/3614/3733
f 3640/3620/3739 3634/3614/3733 3643/3623/3742
f 3640/3620/3739 3643/3623/3742 3644/3624/3743
f 3640/3620/3739 3644/3624/3743 3645/3625/3744
f 3640/3620/3739 3645/3625/3744 3639/3619/3738
f 3646/3626/3745 3639/3619/3738 3645/3625/3744
f 3646/3626/3745 3641/3621/3740 3639/3619/3738
f 3647/3627/3746 3641/3621/3740 3646/3626/3745
f 3648/3628/3747 3641/3621/3740 3647/3627/3746
f 3649/3629/3748 3648/3628/3747 3647/3627/3746
f 3650/3630/3749 3648/3628/3747 3649/3629/3748
f 3651/3631/3750 3650/3630/3749 3649/3629/3748
f 3652/3632/3751 3650/3630/3749 3651/3631/3750
f 3651/3631/3750 3653/3633/3752 3652/3632/3751
f 3654/3634/3753 3655/3635/3754 3656/3636/3755
f 3657/3637/3756 3656/3636/3755 3655/3635/3754
f 3655/3635/3754 3649/3629/3748 3657/3637/3756
f 3649/3629/3748 3647/3627/3746 3657/3637/3756
f 3647/3627/3746 3658/3638/3757 3657/3637/3756
f 3647/3627/3746 3659/3639/3758 3658/3638/3757
f 3647/3627/3746 3646/3626/3745 3659/3639/3758
f 3657/3637/3756 3658/3638/3757 3656/3636/3755
f 3660/3640/3759 3661/3641/3760 3654/3634/3753
f 3654/3634/3753 3661/3641/3760 3655/3635/3754
f 3661/3641/3760 3662/3642/3761 3655/3635/3754
f 3655/3635/3754 3662/3642/3761 3663/3643/3762
f 3655/3635/3754 3663/3643/3762 3649/3629/3748
f 3651/3631/3750 3649/3629/3748 3663/3643/3762
f 3664/3644/3763 3653/3633/3752 3665/3645/3764
f 3666/3646/3765 3665/3645/3764 3653/3633/3752
f 3651/3631/3750 3666/3646/3765 3653/3633/3752
f 3651/3631/3750 3667/3647/3766 3666/3646/3765
f 3651/3631/3750 3663/3643/3762 3667/3647/3766
f 3663/3643/3762 3668/3648/3767 3667/3647/3766
f 3663/3643/3762 3662/3642/3761 3668/3648/3767
f 3662/3642/3761 3669/3649/3768 3668/3648/3767
f 3661/3641/3760 3669/3649/3768 3662/3642/3761
f 3670/3650/3769 3669/3649/3768 3661/3641/3760
f 3660/3640/3759 3670/3650/3769 3661/3641/3760
f 3604/3651/3703 3670/3650/3769 3660/3640/3759
f 3671/3652/3770 3670/3650/3769 3604/3651/3703
f 3671/3652/3770 3604/3651/3703 3605/3653/3704
f 3671/3652/3770 3605/3653/3704 3672/3654/3771
f 3673/3655/3772 3672/3654/3771 3605/3653/3704
f 3668/3648/3767 3672/3654/3771 3673/3655/3772
f 3668/3648/3767 3673/3655/3772 3674/3656/3773
f 3669/3649/3768 3672/3654/3771 3668/3648/3767
f 3669/3649/3768 3671/3652/3770 3672/3654/3771
f 3670/3650/3769 3671/3652/3770 3669/3649/3768
f 3673/3655/3772 3607/3657/3706 3609/3658/3708
f 3673/3655/3772 3605/3653/3704 3607/3657/3706
f 3675/3659/3774 3664/3644/3763 3665/3645/3764
f 3664/3644/3763 3675/3659/3774 3676/3660/3775
f 3667/3647/3766 3668/3648/3767 3674/3656/3773
f 3667/3647/3766 3674/3656/3773 3677/3661/3776
f 3666/3646/3765 3667/3647/3766 3677/3661/3776
f 3666/3646/3765 3677/3661/3776 3678/3662/3777
f 3666/3646/3765 3678/3662/3777 3665/3645/3764
f 3678/3662/3777 3679/3663/3778 3665/3645/3764
f 3675/3659/3774 3665/3645/3764 3679/3663/3778
f 3680/3664/3779 3675/3659/3774 3679/3663/3778
f 3675/3659/3774 3680/3664/3779 3681/3665/3780
f 3675/3659/3774 3681/3665/3780 3676/3660/3775
f 3676/3660/3775 3681/3665/3780 3682/3666/3781
f 3680/3664/3779 3679/3663/3778 3683/3667/3782
f 3683/3667/3782 3679/3663/3778 3684/3668/3783
f 3678/3662/3777 3684/3668/3783 3679/3663/3778
f 3678/3662/3777 3677/3661/3776 3684/3668/3783
f 3677/3661/3776 3685/3669/3784 3684/3668/3783
f 3677/3661/3776 3674/3656/3773 3685/3669/3784
f 3685/3669/3784 3674/3656/3773 3673/3655/3772
f 3685/3669/3784 3673/3655/3772 3686/3670/3785
f 3673/3655/3772 3609/3658/3708 3686/3670/3785
f 3686/3670/3785 3609/3658/3708 3575/3671/3674
f 3686/3670/3785 3575/3671/3674 3566/3672/3665
f 3564/3673/3663 3686/3670/3785 3566/3672/3665
f 3564/3673/3663 3685/3669/3784 3686/3670/3785
f 3684/3668/3783 3685/3669/3784 3564/3673/3663
f 3684/3668/3783 3564/3673/3663 3563/3674/3662
f 3683/3667/3782 3684/3668/3783 3563/3674/3662
f 3687/3675/3786 3652/3632/3751 3653/3633/3752
f 3664/3644/3763 3687/3675/3786 3653/3633/3752
f 3687/3675/3786 3664/3644/3763 3688/3676/3787
f 3664/3644/3763 3676/3660/3775 3688/3676/3787
f 3688/3676/3787 3676/3660/3775 3689/3677/3788
f 3676/3660/3775 3682/3666/3781 3689/3677/3788
f 3682/3666/3781 3690/3678/3789 3689/3677/3788
f 3691/3679/3790 3689/3677/3788 3690/3678/3789
f 3691/3679/3790 3690/3678/3789 3692/3680/3791
f 3693/3681/3792 3691/3679/3790 3692/3680/3791
f 3693/3681/3792 3692/3680/3791 3694/3682/3793
f 3694/3682/3793 3695/3683/3794 3693/3681/3792
f 3694/3682/3793 3696/3684/3795 3695/3683/3794
f 2135/3685/2103 3695/3683/3794 3696/3684/3795
f 2135/3685/2103 2137/3686/2105 3695/3683/3794
f 2137/3686/2105 3697/3687/3796 3695/3683/3794
f 2137/3686/2105 2447/3688/2410 3697/3687/3796
f 3697/3687/3796 2447/3688/2410 2446/3689/2409
f 3689/3677/3788 3691/3679/3790 3698/3690/3797
f 3693/3681/3792 3698/3690/3797 3691/3679/3790
f 3693/3681/3792 3699/3691/3798 3698/3690/3797
f 3695/3683/3794 3699/3691/3798 3693/3681/3792
f 3695/3683/3794 3697/3687/3796 3699/3691/3798
f 3697/3687/3796 3700/3692/3799 3699/3691/3798
f 3697/3687/3796 3701/3693/3800 3700/3692/3799
f 3701/3693/3800 3702/3694/3801 3700/3692/3799
f 3700/3692/3799 3702/3694/3801 3703/3695/3802
f 3702/3694/3801 3704/3696/3803 3703/3695/3802
f 3705/3697/3804 3703/3695/3802 3704/3696/3803
f 3706/3698/3805 3705/3697/3804 3704/3696/3803
f 3705/3697/3804 3706/3698/3805 3707/3699/3806
f 3708/3700/3807 3707/3699/3806 3706/3698/3805
f 3708/3700/3807 3709/3701/3808 3707/3699/3806
f 3710/3702/3809 3709/3701/3808 3708/3700/3807
f 3710/3702/3809 3711/3703/3810 3709/3701/3808
f 3712/3704/3811 3709/3701/3808 3711/3703/3810
f 3710/3702/3809 3708/3700/3807 3713/3705/3812
f 3708/3700/3807 3714/3706/3813 3713/3705/3812
f 3708/3700/3807 3706/3698/3805 3714/3706/3813
f 3706/3698/3805 3704/3696/3803 3714/3706/3813
f 3715/3707/3814 3714/3706/3813 3704/3696/3803
f 3702/3694/3801 3715/3707/3814 3704/3696/3803
f 3716/3708/3815 3713/3705/3812 3714/3706/3813
f 3715/3707/3814 3716/3708/3815 3714/3706/3813
f 3697/3687/3796 2446/3689/2409 3701/3693/3800
f 2446/3689/2409 3717/3709/3816 3701/3693/3800
f 3701/3693/3800 3717/3709/3816 3702/3694/3801
f 3702/3694/3801 3717/3709/3816 3718/3710/3817
f 3702/3694/3801 3718/3710/3817 3715/3707/3814
f 3715/3707/3814 3718/3710/3817 3719/3711/3818
f 3715/3707/3814 3719/3711/3818 3716/3708/3815
f 3719/3711/3818 3720/3712/3819 3716/3708/3815
f 3716/3708/3815 3720/3712/3819 3713/3705/3812
f 3720/3712/3819 3721/3713/3820 3713/3705/3812
f 3710/3702/3809 3713/3705/3812 3721/3713/3820
f 3710/3702/3809 3721/3713/3820 3722/3714/3821
f 3710/3702/3809 3722/3714/3821 3723/3715/3822
f 3723/3715/3822 3711/3703/3810 3710/3702/3809
f 3723/3715/3822 3724/3716/3823 3711/3703/3810
f 3626/3606/3725 3711/3703/3810 3724/3716/3823
f 3626/3606/3725 3712/3704/3811 3711/3703/3810
f 3626/3606/3725 3627/3607/3726 3712/3704/3811
f 3725/3717/3824 3722/3714/3821 3721/3713/3820
f 3720/3712/3819 3726/3718/3825 3721/3713/3820
f 3725/3717/3824 3721/3713/3820 3726/3718/3825
f 3726/3718/3825 3727/3719/3826 3725/3717/3824
f 3719/3711/3818 3728/3720/3827 3720/3712/3819
f 3728/3720/3827 3726/3718/3825 3720/3712/3819
f 3728/3720/3827 3729/3721/3828 3726/3718/3825
f 3726/3718/3825 3729/3721/3828 3727/3719/3826
f 3729/3721/3828 2511/3722/2360 3727/3719/3826
f 3727/3719/3826 2511/3722/2360 2524/3723/2359
f 3727/3719/3826 2524/3723/2359 3730/3724/3829
f 3725/3717/3824 3727/3719/3826 3730/3724/3829
f 3725/3717/3824 3730/3724/3829 3731/3725/3830
f 3731/3725/3830 3722/3714/3821 3725/3717/3824
f 3731/3725/3830 3732/3726/3831 3722/3714/3821
f 3732/3726/3831 3723/3715/3822 3722/3714/3821
f 3732/3726/3831 3733/3727/3832 3723/3715/3822
f 3733/3727/3832 3724/3716/3823 3723/3715/3822
f 3733/3727/3832 3734/3728/3833 3724/3716/3823
f 3734/3728/3833 3626/3606/3725 3724/3716/3823
f 3734/3728/3833 3614/3589/3713 3626/3606/3725
f 3614/3589/3713 3616/3591/3715 3626/3606/3725
f 3731/3725/3830 3735/3729/3834 3736/3730/3835
f 3736/3730/3835 3732/3726/3831 3731/3725/3830
f 3736/3730/3835 3737/3731/3836 3732/3726/3831
f 3738/3732/3837 3732/3726/3831 3737/3731/3836
f 3738/3732/3837 3733/3727/3832 3732/3726/3831
f 3738/3732/3837 3734/3728/3833 3733/3727/3832
f 3738/3732/3837 3739/3733/3838 3734/3728/3833
f 3739/3733/3838 3614/3589/3713 3734/3728/3833
f 3739/3733/3838 3740/3734/3839 3614/3589/3713
f 3740/3734/3839 3615/3590/3714 3614/3589/3713
f 3740/3734/3839 3741/3735/3840 3615/3590/3714
f 3741/3735/3840 3618/3593/3717 3615/3590/3714
f 3618/3593/3717 3741/3735/3840 3620/3595/3719
f 3620/3595/3719 3567/3736/3666 3596/3597/3695
f 3568/3737/3667 3567/3736/3666 3620/3595/3719
f 3568/3737/3667 3620/3595/3719 3741/3735/3840
f 3741/3735/3840 3742/3738/3841 3568/3737/3667
f 3741/3735/3840 3740/3734/3839 3742/3738/3841
f 3743/3739/3842 3742/3738/3841 3740/3734/3839
f 3743/3739/3842 3740/3734/3839 3739/3733/3838
f 3744/3740/3843 3743/3739/3842 3739/3733/3838
f 3744/3740/3843 3739/3733/3838 3738/3732/3837
f 3738/3732/3837 3745/3741/3844 3744/3740/3843
f 3737/3731/3836 3745/3741/3844 3738/3732/3837
f 3737/3731/3836 3746/3742/3845 3745/3741/3844
f 3746/3742/3845 3737/3731/3836 3736/3730/3835
f 3746/3742/3845 3736/3730/3835 3747/3743/3846
f 3735/3729/3834 3747/3743/3846 3736/3730/3835
f 3735/3729/3834 3748/3744/3847 3747/3743/3846
f 3735/3729/3834 2115/3745/2083 3748/3744/3847
f 3735/3729/3834 2116/3746/2084 2115/3745/2083
f 3730/3724/3829 2116/3746/2084 3735/3729/3834
f 3731/3725/3830 3730/3724/3829 3735/3729/3834
f 3730/3724/3829 2524/3747/2359 2116/3746/2084
f 3749/3748/1709 3750/3749/1801 3751/3750/3848
f 3752/3751/1801 3751/3750/3848 3750/3749/1801
f 3753/3752/1753 3754/3753/3849 3755/3754/3850
f 3756/3755/3851 3754/3753/3849 3753/3752/1753
f 3757/3756/3852 3756/3755/3851 3753/3752/1753
f 3758/3757/1704 3756/3755/3851 3757/3756/3852
f 3758/3757/1704 3757/3756/3852 3759/3758/3853
f 3758/3757/1704 3759/3758/3853 3760/3759/3854
f 3761/3760/3855 3760/3759/3854 3759/3758/3853
f 3762/3761/3856 3760/3759/3854 3761/3760/3855
f 3761/3760/3855 3763/3762/3857 3762/3761/3856
f 3751/3750/3848 3762/3761/3856 3763/3762/3857
f 3764/3763/3858 3751/3750/3848 3763/3762/3857
f 3749/3748/1709 3751/3750/3848 3764/3763/3858
f 3764/3763/3858 3765/3764/3859 3749/3748/1709
f 3764/3763/3858 3766/3765/1808 3765/3764/3859
f 3766/3765/1808 1803/3766/1798 3765/3764/3859
f 3766/3765/1808 1813/3767/1798 1803/3766/1798
f 3767/3768/3860 1813/3767/1798 3766/3765/1808
f 3767/3768/3860 1812/3769/1807 1813/3767/1798
f 3765/3764/3859 1795/3770/1790 3768/3771/3861
f 3765/3764/3859 1803/3766/1798 1795/3770/1790
f 3761/3760/3855 3769/3772/3862 3763/3762/3857
f 3761/3760/3855 3770/3773/3863 3769/3772/3862
f 3771/3774/3864 3769/3772/3862 3770/3773/3863
f 3772/3775/1825 3771/3774/3864 3770/3773/3863
f 3761/3760/3855 3759/3758/3853 3773/3776/3865
f 3761/3760/3855 3773/3776/3865 3770/3773/3863
f 3773/3776/3865 3774/3777/3866 3770/3773/3863
f 3772/3775/1825 3770/3773/3863 3774/3777/3866
f 3775/3778/3867 3772/3775/1825 3774/3777/3866
f 3776/3779/3868 3777/3780/1982 3778/3781/3869
f 3779/3782/3870 3777/3780/1982 3776/3779/3868
f 3779/3782/3870 3780/3783/3871 3777/3780/1982
f 3777/3780/1982 3780/3783/3871 3781/3784/3872
f 3777/3780/1982 3781/3784/3872 3775/3778/3867
f 3775/3778/3867 3781/3784/3872 3782/3785/3873
f 3775/3778/3867 3782/3785/3873 3772/3775/1825
f 3772/3775/1825 3782/3785/3873 3783/3786/3874
f 3772/3775/1825 3783/3786/3874 3771/3774/3864
f 3783/3786/3874 3784/3787/3875 3771/3774/3864
f 3771/3774/3864 3784/3787/3875 3769/3772/3862
f 3785/3788/3860 3769/3772/3862 3784/3787/3875
f 3785/3788/3860 3763/3762/3857 3769/3772/3862
f 3764/3763/3858 3763/3762/3857 3785/3788/3860
f 3785/3788/3860 3766/3765/1808 3764/3763/3858
f 3785/3788/3860 3767/3768/3860 3766/3765/1808
f 3784/3787/3875 3767/3768/3860 3785/3788/3860
f 3784/3787/3875 3786/3789/1979 3767/3768/3860
f 3783/3786/3874 3786/3789/1979 3784/3787/3875
f 3786/3789/1979 1812/3769/1807 3767/3768/3860
f 3786/3789/1979 1850/3790/1740 1812/3769/1807
f 3783/3786/3874 1850/3790/1740 3786/3789/1979
f 3783/3786/3874 1851/3791/1839 1850/3790/1740
f 3782/3785/3873 1851/3791/1839 3783/3786/3874
f 3782/3785/3873 1852/3792/1840 1851/3791/1839
f 3781/3784/3872 1852/3792/1840 3782/3785/3873
f 3781/3784/3872 1869/3793/1856 1852/3792/1840
f 3780/3783/3871 1869/3793/1856 3781/3784/3872
f 3780/3783/3871 1870/3794/1857 1869/3793/1856
f 1860/3795/1847 1870/3794/1857 3780/3783/3871
f 1860/3795/1847 3780/3783/3871 3779/3782/3870
f 3787/3796/3876 1860/3795/1847 3779/3782/3870
f 3787/3796/3876 3779/3782/3870 3776/3779/3868
f 3787/3796/3876 3776/3779/3868 3788/3797/3877
f 3788/3797/3877 3776/3779/3868 3789/3798/3878
f 3788/3797/3877 3789/3798/3878 3790/3799/3879
f 3790/3799/3879 3789/3798/3878 3791/3800/3880
f 3787/3796/3876 1861/3801/1848 1860/3795/1847
f 1778/3802/1773 3792/3803/3881 3793/3804/3882
f 1778/3802/1773 1873/3805/1848 3792/3803/3881
f 1873/3805/1848 3787/3796/3876 3792/3803/3881
f 1873/3805/1848 1861/3806/1848 3787/3796/3876
f 3794/3807/3883 3795/3808/3881 3796/3809/3884
f 3794/3807/3883 3797/3810/1745 3795/3808/3881
f 3798/3811/3885 3795/3808/3881 3797/3810/1745
f 3798/3811/3885 3797/3810/1745 3799/3812/3886
f 3800/3813/1745 3799/3812/3886 3797/3810/1745
f 3800/3813/1745 3801/3814/3887 3799/3812/3886
f 3801/3814/3887 3800/3813/1745 3802/3815/1745
f 3801/3814/3887 3802/3815/1745 3803/3816/3888
f 3803/3816/3888 3802/3815/1745 3804/3817/3881
f 3803/3816/3888 3804/3817/3881 3805/3818/3889
f 3806/3819/1745 3805/3818/3889 3804/3817/3881
f 3806/3819/1745 3790/3799/3879 3805/3818/3889
f 3807/3820/3881 3790/3799/3879 3806/3819/1745
f 3807/3820/3881 3788/3797/3877 3790/3799/3879
f 3792/3803/3881 3788/3797/3877 3807/3820/3881
f 3792/3803/3881 3787/3796/3876 3788/3797/3877
f 3808/3821/3884 3809/3822/3890 3802/3815/1745
f 3808/3821/3884 3802/3815/1745 3800/3813/1745
f 3800/3813/1745 3794/3807/3883 3808/3821/3884
f 3800/3813/1745 3797/3810/1745 3794/3807/3883
f 3790/3799/3879 3791/3800/3880 3805/3818/3889
f 3810/3823/3891 3805/3818/3889 3791/3800/3880
f 3810/3823/3891 3803/3816/3888 3805/3818/3889
f 3811/3824/3892 3803/3816/3888 3810/3823/3891
f 3811/3824/3892 3801/3814/3887 3803/3816/3888
f 3801/3814/3887 3811/3824/3892 3812/3825/3893
f 3801/3814/3887 3812/3825/3893 3799/3812/3886
f 3813/3826/3894 3799/3812/3886 3812/3825/3893
f 3813/3826/3894 3798/3811/3885 3799/3812/3886
f 3813/3826/3894 3814/3827/3895 3798/3811/3885
f 3798/3811/3885 3814/3827/3895 3795/3808/3881
f 3814/3827/3895 3815/3828/3896 3795/3808/3881
f 3796/3809/3884 3795/3808/3881 3815/3828/3896
f 3796/3809/3884 3815/3828/3896 3816/3829/3897
f 3816/3829/3897 3815/3828/3896 3817/3830/3898
f 3816/3829/3897 3817/3830/3898 3818/3831/3899
f 3817/3830/3898 3819/3832/3900 3818/3831/3899
f 3817/3830/3898 3820/3833/3901 3819/3832/3900
f 3815/3828/3896 3821/3834/3902 3817/3830/3898
f 3822/3835/3903 3823/3836/3904 3821/3834/3902
f 3822/3835/3903 3821/3834/3902 3824/3837/3905
f 3815/3828/3896 3824/3837/3905 3821/3834/3902
f 3814/3827/3895 3824/3837/3905 3815/3828/3896
f 3825/3838/3906 3824/3837/3905 3814/3827/3895
f 3813/3826/3894 3825/3838/3906 3814/3827/3895
f 3826/3839/3907 3825/3838/3906 3813/3826/3894
f 3826/3839/3907 3813/3826/3894 3812/3825/3893
f 3826/3839/3907 3812/3825/3893 3827/3840/3908
f 3811/3824/3892 3827/3840/3908 3812/3825/3893
f 3811/3824/3892 3828/3841/3909 3827/3840/3908
f 3828/3841/3909 3811/3824/3892 3810/3823/3891
f 3828/3841/3909 3810/3823/3891 3829/3842/3910
f 3829/3842/3910 3810/3823/3891 3791/3800/3880
f 3829/3842/3910 3791/3800/3880 3830/3843/3911
f 3789/3798/3878 3830/3843/3911 3791/3800/3880
f 3789/3798/3878 3778/3781/3869 3830/3843/3911
f 3776/3779/3868 3778/3781/3869 3789/3798/3878
f 3831/3844/3912 3829/3842/3910 3832/3845/3913
f 3831/3844/3912 3828/3841/3909 3829/3842/3910
f 3828/3841/3909 3831/3844/3912 3833/3846/3914
f 3828/3841/3909 3833/3846/3914 3827/3840/3908
f 3827/3840/3908 3833/3846/3914 3834/3847/3915
f 3827/3840/3908 3834/3847/3915 3826/3839/3907
f 3826/3839/3907 3834/3847/3915 3835/3848/1872
f 3826/3839/3907 3835/3848/1872 3836/3849/3916
f 3826/3839/3907 3836/3849/3916 3825/3838/3906
f 3836/3849/3916 3822/3835/3903 3825/3838/3906
f 3825/3838/3906 3822/3835/3903 3824/3837/3905
f 3837/3850/3917 3838/3851/3918 3839/3852/3919
f 3837/3850/3917 3839/3852/3919 3840/3853/3920
f 3840/3853/3920 3839/3852/3919 3841/3854/3921
f 3841/3854/3921 3832/3845/3913 3840/3853/3920
f 3841/3854/3921 3831/3844/3912 3832/3845/3913
f 3831/3844/3912 3841/3854/3921 3842/3855/3922
f 3831/3844/3912 3842/3855/3922 3833/3846/3914
f 3833/3846/3914 3842/3855/3922 3843/3856/3923
f 3833/3846/3914 3843/3856/3923 3834/3847/3915
f 3834/3847/3915 3843/3856/3923 3844/3857/3924
f 3834/3847/3915 3844/3857/3924 3835/3848/1872
f 3841/3854/3921 3838/3851/3918 3842/3855/3922
f 3841/3854/3921 3839/3852/3919 3838/3851/3918
f 3845/3858/3925 3840/3853/3920 3832/3845/3913
f 3845/3858/3925 3846/3859/3926 3840/3853/3920
f 3846/3859/3926 3845/3858/3925 3847/3860/3927
f 3842/3855/3922 3755/3754/3850 3843/3856/3923
f 3842/3855/3922 3838/3851/3918 3755/3754/3850
f 3753/3752/1753 3755/3754/3850 3838/3851/3918
f 3837/3850/3917 3753/3752/1753 3838/3851/3918
f 3757/3756/3852 3753/3752/1753 3837/3850/3917
f 3759/3758/3853 3757/3756/3852 3837/3850/3917
f 3759/3758/3853 3837/3850/3917 3840/3853/3920
f 3773/3776/3865 3759/3758/3853 3840/3853/3920
f 3773/3776/3865 3840/3853/3920 3846/3859/3926
f 3773/3776/3865 3846/3859/3926 3774/3777/3866
f 3846/3859/3926 3847/3860/3927 3774/3777/3866
f 3775/3778/3867 3774/3777/3866 3847/3860/3927
f 3777/3780/1982 3775/3778/3867 3847/3860/3927
f 3777/3780/1982 3847/3860/3927 3778/3781/3869
f 3845/3858/3925 3778/3781/3869 3847/3860/3927
f 3845/3858/3925 3830/3843/3911 3778/3781/3869
f 3830/3843/3911 3845/3858/3925 3832/3845/3913
f 3830/3843/3911 3832/3845/3913 3829/3842/3910
f 3843/3856/3923 3848/3861/3850 3844/3857/3924
f 3843/3856/3923 3755/3754/3850 3848/3861/3850
f 3848/3861/3850 3755/3754/3850 3754/3753/3849
f 3849/3862/3928 3758/3757/1704 3760/3759/3854
f 3849/3862/3928 3850/3863/3929 3758/3757/1704
f 3758/3757/1704 3850/3863/3929 3756/3755/3851
f 3850/3863/3929 3851/3864/3930 3756/3755/3851
f 3756/3755/3851 3851/3864/3930 3754/3753/3849
f 3851/3864/3930 3852/3865/3931 3754/3753/3849
f 3848/3861/3850 3754/3753/3849 3852/3865/3931
f 3853/3866/3932 3848/3861/3850 3852/3865/3931
f 3844/3857/3924 3848/3861/3850 3853/3866/3932
f 3844/3857/3924 3853/3866/3932 3854/3867/1756
f 3835/3848/1872 3844/3857/3924 3854/3867/1756
f 3835/3848/1872 3854/3867/1756 3855/3868/1754
f 3856/3869/3933 3835/3848/1872 3855/3868/1754
f 3856/3869/3933 3836/3849/3916 3835/3848/1872
f 3856/3869/3933 3857/3870/3934 3836/3849/3916
f 3836/3849/3916 3857/3870/3934 3822/3835/3903
f 3857/3870/3934 3858/3871/3935 3822/3835/3903
f 3858/3871/3935 3823/3836/3904 3822/3835/3903
f 3859/3872/3936 3857/3870/3934 3856/3869/3933
f 3859/3872/3936 3858/3871/3935 3857/3870/3934
f 3821/3834/3902 3820/3833/3901 3817/3830/3898
f 3821/3834/3902 3860/3873/3937 3820/3833/3901
f 3821/3834/3902 3861/3874/3938 3860/3873/3937
f 3821/3834/3902 3823/3836/3904 3861/3874/3938
f 3862/3875/3939 3861/3874/3938 3823/3836/3904
f 3858/3871/3935 3862/3875/3939 3823/3836/3904
f 3863/3876/3940 3862/3875/3939 3858/3871/3935
f 3863/3876/3940 3858/3871/3935 3859/3872/3936
f 3864/3877/3941 3863/3876/3940 3859/3872/3936
f 3864/3877/3941 3859/3872/3936 3865/3878/3942
f 3865/3878/3942 3859/3872/3936 3856/3869/3933
f 3865/3878/3942 3856/3869/3933 3866/3879/3943
f 3867/3880/3944 3866/3879/3943 3856/3869/3933
f 3867/3880/3944 3856/3869/3933 3855/3868/1754
f 3855/3868/1754 3868/3881/3945 3867/3880/3944
f 3855/3868/1754 3854/3867/1756 3868/3881/3945
f 3854/3867/1756 3869/3882/3946 3868/3881/3945
f 3854/3867/1756 3853/3866/3932 3869/3882/3946
f 3870/3883/3947 3863/3876/3940 3864/3877/3941
f 3862/3875/3939 3863/3876/3940 3870/3883/3947
f 3862/3875/3939 3870/3883/3947 3861/3874/3938
f 3869/3882/3946 3853/3866/3932 3871/3884/1542
f 3853/3866/3932 3852/3865/3931 3871/3884/1542
f 3872/3885/3930 3871/3884/1542 3852/3865/3931
f 3851/3864/3930 3872/3885/3930 3852/3865/3931
f 3873/3886/3948 3872/3885/3930 3851/3864/3930
f 3850/3863/3929 3873/3886/3948 3851/3864/3930
f 3874/3887/3949 3873/3886/3948 3850/3863/3929
f 3849/3862/3928 3874/3887/3949 3850/3863/3929
f 3875/3888/3950 3874/3887/3949 3849/3862/3928
f 3876/3889/3951 3875/3888/3950 3849/3862/3928
f 3877/3890/3952 3875/3888/3950 3876/3889/3951
f 3752/3751/1801 3877/3890/3952 3876/3889/3951
f 3752/3751/1801 3876/3889/3951 3878/3891/3953
f 3752/3751/1801 3878/3891/3953 3751/3750/3848
f 3751/3750/3848 3878/3891/3953 3762/3761/3856
f 3878/3891/3953 3879/3892/3928 3762/3761/3856
f 3762/3761/3856 3879/3892/3928 3760/3759/3854
f 3849/3862/3928 3760/3759/3854 3879/3892/3928
f 3878/3891/3953 3876/3889/3951 3879/3892/3928
f 3876/3889/3951 3849/3862/3928 3879/3892/3928
f 3873/3886/3948 3880/3893/3954 3872/3885/3930
f 3877/3890/3952 3881/3894/1801 3875/3888/3950
f 3881/3894/1801 3882/3895/3950 3875/3888/3950
f 3875/3888/3950 3882/3895/3950 3874/3887/3949
f 3882/3895/3950 3883/3896/3955 3874/3887/3949
f 3883/3896/3955 3884/3897/3956 3885/3898/3957
f 3883/3896/3955 3886/3899/3958 3884/3897/3956
f 3882/3895/3950 3886/3899/3958 3883/3896/3955
f 3887/3900/3959 3886/3899/3958 3882/3895/3950
f 3881/3894/1801 3887/3900/3959 3882/3895/3950
f 3881/3894/1801 3888/3901/3960 3887/3900/3959
f 3881/3894/1801 3889/3902/3961 3888/3901/3960
f 3889/3902/3961 3881/3894/1801 3877/3890/3952
f 3889/3902/3961 3877/3890/3952 3890/3903/3962
f 3874/3887/3949 3883/3896/3955 3873/3886/3948
f 3873/3886/3948 3883/3896/3955 3885/3898/3957
f 3873/3886/3948 3885/3898/3957 3880/3893/3954
f 3891/3904/3963 3880/3893/3954 3885/3898/3957
f 3891/3904/3963 3892/3905/3964 3880/3893/3954
f 3893/3906/3965 3892/3905/3964 3891/3904/3963
f 3892/3905/3964 3893/3906/3965 3894/3907/3966
f 3893/3906/3965 3895/3908/3967 3894/3907/3966
f 3896/3909/3968 3894/3907/3966 3895/3908/3967
f 3895/3908/3967 3897/3910/3969 3896/3909/3968
f 3897/3910/3969 3895/3908/3967 3898/3911/1726
f 3898/3911/1726 3899/3912/3970 3897/3910/3969
f 3898/3911/1726 3900/3913/3971 3899/3912/3970
f 3901/3914/3972 3899/3912/3970 3900/3913/3971
f 3901/3914/3972 3900/3913/3971 3891/3904/3963
f 3901/3914/3972 3891/3904/3963 3902/3915/3973
f 3902/3915/3973 3891/3904/3963 3885/3898/3957
f 3902/3915/3973 3885/3898/3957 3884/3897/3956
f 3900/3913/3971 3893/3906/3965 3891/3904/3963
f 3900/3913/3971 3898/3911/1726 3893/3906/3965
f 3893/3906/3965 3898/3911/1726 3895/3908/3967
f 3901/3914/3972 3903/3916/3974 3904/3917/3975
f 3901/3914/3972 3902/3915/3973 3903/3916/3974
f 3903/3916/3974 3902/3915/3973 3884/3897/3956
f 3903/3916/3974 3884/3897/3956 3905/3918/3976
f 3886/3899/3958 3905/3918/3976 3884/3897/3956
f 3886/3899/3958 3887/3900/3959 3905/3918/3976
f 3888/3901/3960 3905/3918/3976 3887/3900/3959
f 3888/3901/3960 3906/3919/3977 3905/3918/3976
f 3906/3919/3977 3903/3916/3974 3905/3918/3976
f 3906/3919/3977 3907/3920/3978 3903/3916/3974
f 3904/3917/3975 3903/3916/3974 3907/3920/3978
f 3904/3917/3975 3907/3920/3978 3908/3921/3979
f 3904/3917/3975 3908/3921/3979 3909/3922/3980
f 3904/3917/3975 3909/3922/3980 3910/3923/3981
f 3901/3914/3972 3904/3917/3975 3910/3923/3981
f 3901/3914/3972 3910/3923/3981 3911/3924/3982
f 3901/3914/3972 3911/3924/3982 3899/3912/3970
f 3912/3925/3983 3819/3926/3900 3913/3927/3984
f 3912/3925/3983 3818/3928/3899 3819/3926/3900
f 3816/3929/3897 3818/3928/3899 3912/3925/3983
f 3914/3930/3985 3913/3927/3984 3915/3931/3986
f 3914/3930/3985 3912/3925/3983 3913/3927/3984
f 3916/3932/3987 3912/3925/3983 3914/3930/3985
f 3816/3929/3897 3912/3925/3983 3916/3932/3987
f 3796/3933/3884 3816/3929/3897 3916/3932/3987
f 3796/3933/3884 3916/3932/3987 3917/3934/3988
f 3794/3935/3883 3796/3933/3884 3917/3934/3988
f 3794/3935/3883 3917/3934/3988 3918/3936/3988
f 3919/3937/3989 3794/3935/3883 3918/3936/3988
f 3888/3938/3960 3919/3937/3989 3918/3936/3988
f 3888/3938/3960 3889/3939/3961 3919/3937/3989
f 3920/3940/3990 3919/3937/3989 3889/3939/3961
f 3920/3940/3990 3889/3939/3961 3890/3941/3962
f 3888/3938/3960 3917/3934/3988 3906/3942/3977
f 3888/3938/3960 3918/3936/3988 3917/3934/3988
f 3919/3937/3989 3808/3943/3884 3794/3935/3883
f 3808/3943/3884 3919/3937/3989 3920/3940/3990
f 3808/3943/3884 3920/3940/3990 3809/3944/3890
f 3921/3945/3991 3914/3930/3985 3922/3946/3992
f 3921/3945/3991 3923/3947/3993 3914/3930/3985
f 3916/3932/3987 3914/3930/3985 3923/3947/3993
f 3917/3934/3988 3916/3932/3987 3923/3947/3993
f 3917/3934/3988 3923/3947/3993 3921/3945/3991
f 3906/3942/3977 3917/3934/3988 3921/3945/3991
f 3906/3942/3977 3921/3945/3991 3907/3948/3978
f 3907/3948/3978 3921/3945/3991 3922/3946/3992
f 3907/3948/3978 3922/3946/3992 3908/3949/3979
f 3909/3950/3980 3908/3949/3979 3922/3946/3992
f 3909/3950/3980 3924/3951/3994 3910/3952/3981
f 3922/3946/3992 3914/3930/3985 3915/3931/3986
f 3922/3946/3992 3915/3931/3986 3925/3953/3995
f 3909/3950/3980 3922/3946/3992 3925/3953/3995
f 3909/3950/3980 3925/3953/3995 3926/3954/3996
f 3909/3950/3980 3926/3954/3996 3924/3951/3994
f 3926/3954/3996 3927/3955/3997 3924/3951/3994
f 3910/3952/3981 3924/3951/3994 3927/3955/3997
f 3910/3952/3981 3927/3955/3997 3911/3956/3982
f 3928/3957/3998 3911/3956/3982 3927/3955/3997
f 3928/3957/3998 3899/3958/3970 3911/3956/3982
f 3928/3957/3998 3897/3959/3969 3899/3958/3970
f 3928/3957/3998 3929/3960/3999 3897/3959/3969
f 3929/3960/3999 3928/3957/3998 3930/3961/4000
f 3929/3960/3999 3930/3961/4000 3931/3962/4001
f 3932/3963/4002 3931/3962/4001 3930/3961/4000
f 3932/3963/4002 3933/3964/4003 3931/3962/4001
f 3932/3963/4002 3934/3965/4004 3933/3964/4003
f 3932/3963/4002 3935/3966/4005 3934/3965/4004
f 3935/3966/4005 3936/3967/4006 3934/3965/4004
f 3935/3966/4005 3937/3968/4007 3936/3967/4006
f 3870/3969/3947 3936/3967/4006 3937/3968/4007
f 3870/3969/3947 3937/3968/4007 3861/3970/3938
f 3860/3971/3937 3861/3970/3938 3937/3968/4007
f 3860/3971/3937 3937/3968/4007 3938/3972/4008
f 3820/3973/3901 3860/3971/3937 3938/3972/4008
f 3820/3973/3901 3938/3972/4008 3939/3974/4009
f 3819/3926/3900 3820/3973/3901 3939/3974/4009
f 3819/3926/3900 3939/3974/4009 3940/3975/4010
f 3819/3926/3900 3940/3975/4010 3913/3927/3984
f 3913/3927/3984 3940/3975/4010 3941/3976/4011
f 3913/3927/3984 3941/3976/4011 3915/3931/3986
f 3925/3953/3995 3915/3931/3986 3941/3976/4011
f 3925/3953/3995 3941/3976/4011 3926/3954/3996
f 3926/3954/3996 3941/3976/4011 3942/3977/1529
f 3926/3954/3996 3942/3977/1529 3943/3978/4012
f 3942/3977/1529 3930/3961/4000 3943/3978/4012
f 3928/3957/3998 3943/3978/4012 3930/3961/4000
f 3928/3957/3998 3927/3955/3997 3943/3978/4012
f 3926/3954/3996 3943/3978/4012 3927/3955/3997
f 3940/3975/4010 3942/3977/1529 3941/3976/4011
f 3940/3975/4010 3944/3979/4013 3942/3977/1529
f 3942/3977/1529 3932/3963/4002 3930/3961/4000
f 3942/3977/1529 3935/3966/4005 3932/3963/4002
f 3942/3977/1529 3944/3979/4013 3935/3966/4005
f 3944/3979/4013 3937/3968/4007 3935/3966/4005
f 3944/3979/4013 3938/3972/4008 3937/3968/4007
f 3940/3975/4010 3938/3972/4008 3944/3979/4013
f 3940/3975/4010 3939/3974/4009 3938/3972/4008
f 1795/3980/1790 3945/3981/4014 3768/3982/3861
f 1795/3980/1790 1776/3983/1771 3945/3981/4014
f 1776/3983/1771 3793/3984/3882 3945/3981/4014
f 1776/3983/1771 1778/3985/1773 3793/3984/3882
f 3946/3986/4015 3947/3987/4016 3948/3988/1899
f 3946/3986/4015 3949/3989/4017 3947/3987/4016
f 3949/3989/4017 3950/3990/4018 3947/3987/4016
f 3947/3987/4016 3950/3990/4018 3951/3991/4019
f 3947/3987/4016 3951/3991/4019 3952/3992/1755
f 3953/3993/4020 3947/3987/4016 3952/3992/1755
f 3953/3993/4020 3948/3988/1899 3947/3987/4016
f 3870/3994/3947 3948/3988/1899 3953/3993/4020
f 3870/3994/3947 3864/3995/3941 3948/3988/1899
f 3865/3996/3942 3948/3988/1899 3864/3995/3941
f 3865/3996/3942 3946/3986/4015 3948/3988/1899
f 3866/3997/3943 3946/3986/4015 3865/3996/3942
f 3866/3997/3943 3867/3998/3944 3946/3986/4015
f 3867/3998/3944 3949/3989/4017 3946/3986/4015
f 3867/3998/3944 3868/3999/3945 3949/3989/4017
f 3868/3999/3945 3954/4000/4021 3949/3989/4017
f 3868/3999/3945 3869/4001/3946 3954/4000/4021
f 3954/4000/4021 3869/4001/3946 3955/4002/1946
f 3954/4000/4021 3955/4002/1946 3956/4003/4022
f 3957/4004/4023 3956/4003/4022 3955/4002/1946
f 3957/4004/4023 3958/4005/4024 3956/4003/4022
f 3959/4006/4025 3958/4005/4024 3957/4004/4023
f 3959/4006/4025 3960/4007/4026 3958/4005/4024
f 3960/4007/4026 3961/4008/4027 3958/4005/4024
f 3960/4007/4026 3896/4009/3968 3961/4008/4027
f 3961/4008/4027 3896/4009/3968 3897/4010/3969
f 3961/4008/4027 3897/4010/3969 3962/4011/4028
f 3961/4008/4027 3962/4011/4028 3963/4012/4029
f 3961/4008/4027 3963/4012/4029 3964/4013/4030
f 3951/3991/4019 3964/4013/4030 3963/4012/4029
f 3951/3991/4019 3950/3990/4018 3964/4013/4030
f 3950/3990/4018 3956/4003/4022 3964/4013/4030
f 3950/3990/4018 3954/4000/4021 3956/4003/4022
f 3949/3989/4017 3954/4000/4021 3950/3990/4018
f 3958/4005/4024 3964/4013/4030 3956/4003/4022
f 3958/4005/4024 3961/4008/4027 3964/4013/4030
f 3870/3994/3947 3965/4014/4031 3936/4015/4006
f 3934/4016/4004 3936/4015/4006 3965/4014/4031
f 3934/4016/4004 3965/4014/4031 3966/4017/4032
f 3933/4018/4003 3934/4016/4004 3966/4017/4032
f 3933/4018/4003 3966/4017/4032 3967/4019/4033
f 3933/4018/4003 3967/4019/4033 3968/4020/4034
f 3933/4018/4003 3968/4020/4034 3931/4021/4001
f 3969/4022/4035 3931/4021/4001 3968/4020/4034
f 3969/4022/4035 3929/4023/3999 3931/4021/4001
f 3969/4022/4035 3897/4010/3969 3929/4023/3999
f 3960/4024/4026 3959/4025/4025 3970/4026/4036
f 3970/4026/4036 3959/4025/4025 3957/4027/4023
f 3970/4026/4036 3957/4027/4023 3971/4028/4037
f 3971/4028/4037 3957/4027/4023 3955/4029/1946
f 3869/3882/3946 3871/3884/1542 3955/4029/1946
f 3971/4028/4037 3955/4029/1946 3871/3884/1542
f 3872/3885/3930 3971/4028/4037 3871/3884/1542
f 3970/4026/4036 3971/4028/4037 3872/3885/3930
f 3970/4026/4036 3872/3885/3930 3880/3893/3954
f 3970/4026/4036 3880/3893/3954 3892/3905/3964
f 3892/3905/3964 3894/3907/3966 3970/4026/4036
f 3960/4024/4026 3970/4026/4036 3894/3907/3966
f 3896/3909/3968 3960/4024/4026 3894/3907/3966
f 3953/3993/4038 3965/4014/4038 3870/3994/4039
f 3953/3993/4038 3966/4017/1830 3965/4014/4038
f 3953/3993/4038 3952/3992/4040 3966/4017/1830
f 3952/3992/4040 3967/4019/4041 3966/4017/1830
f 3952/3992/4040 3951/3991/4041 3967/4019/4041
f 3951/3991/4041 3968/4020/4042 3967/4019/4041
f 3951/3991/4041 3963/4012/4043 3968/4020/4042
f 3962/4011/4044 3968/4020/4042 3963/4012/4043
f 3962/4011/4044 3969/4022/4044 3968/4020/4042
f 3962/4011/4044 3897/4010/4045 3969/4022/4044
f 3972/4030/4046 3973/4031/4047 3974/4032/4048
f 3975/4033/4049 3973/4031/4047 3972/4030/4046
f 3975/4033/4049 3976/4034/4050 3973/4031/4047
f 3977/4035/4048 3976/4034/4050 3975/4033/4049
f 3977/4035/4048 3975/4033/4049 3978/4036/4051
f 3979/4037/4052 3977/4035/4048 3978/4036/4051
f 3979/4037/4052 3978/4036/4051 3980/4038/4053
f 3981/4039/4054 3979/4037/4052 3980/4038/4053
f 3981/4039/4054 3980/4038/4053 3982/4040/3996
f 3983/4041/1785 3981/4039/4054 3982/4040/3996
f 3983/4041/1785 3982/4040/3996 3984/4042/1730
f 3985/4043/4054 3983/4041/1785 3984/4042/1730
f 3985/4043/4054 3984/4042/1730 3986/4044/1730
f 3987/4045/1730 3985/4043/4054 3986/4044/1730
f 3987/4045/1730 3988/4046/4055 3985/4043/4054
f 1923/4047/1903 1922/4048/1902 3988/4046/4055
f 1923/4047/1903 3988/4046/4055 3987/4045/1730
f 1924/4049/1904 1923/4047/1903 3987/4045/1730
f 1924/4049/1904 3987/4045/1730 3989/4050/4056
f 3989/4050/4056 3987/4045/1730 3986/4044/1730
f 3989/4050/4056 3986/4044/1730 3990/4051/4056
f 3990/4051/4056 3986/4044/1730 3984/4042/1730
f 3990/4051/4056 3984/4042/1730 3991/4052/4056
f 3991/4052/4056 3984/4042/1730 3982/4040/3996
f 3991/4052/4056 3982/4040/3996 3992/4053/4056
f 3992/4053/4056 3982/4040/3996 3980/4038/4053
f 3992/4053/4056 3980/4038/4053 3993/4054/4057
f 3993/4054/4057 3980/4038/4053 3978/4036/4051
f 3993/4054/4057 3978/4036/4051 3994/4055/4058
f 3978/4036/4051 3995/4056/4059 3994/4055/4058
f 3978/4036/4051 3975/4033/4049 3995/4056/4059
f 3996/4057/4060 3995/4056/4059 3975/4033/4049
f 3996/4057/4060 3975/4033/4049 3972/4030/4046
f 3997/4058/4061 3996/4057/4060 3972/4030/4046
f 3997/4058/4061 3972/4030/4046 3998/4059/4046
f 3972/4030/4046 3974/4032/4048 3998/4059/4046
f 3974/4032/4048 3999/4060/4031 3998/4059/4046
f 3974/4032/4048 4000/4061/4062 3999/4060/4031
f 4000/4061/4062 4001/4062/4063 3999/4060/4031
f 3999/4060/4031 4001/4062/4063 4002/4063/4064
f 4001/4062/4063 4003/4064/4065 4002/4063/4064
f 4004/4065/4066 4002/4063/4064 4003/4064/4065
f 4004/4065/4066 4003/4064/4065 4005/4066/4067
f 4006/4067/4068 4004/4065/4066 4005/4066/4067
f 4006/4067/4068 4005/4066/4067 4007/4068/4069
f 4006/4067/4068 4007/4068/4069 4008/4069/4070
f 4007/4068/4069 4009/4070/4071 4008/4069/4070
f 4010/4071/4072 4008/4069/4070 4009/4070/4071
f 4010/4071/4072 4009/4070/4071 4011/4072/4073
f 4012/4073/3997 4011/4072/4073 4009/4070/4071
f 4012/4073/3997 4013/4074/4074 4011/4072/4073
f 4006/4067/4068 4008/4069/4070 4010/4071/4072
f 4001/4062/4063 4014/4075/4075 4003/4064/4065
f 4001/4062/4063 4015/4076/4076 4014/4075/4075
f 4001/4062/4063 4016/4077/4077 4015/4076/4076
f 4000/4061/4062 4016/4077/4077 4001/4062/4063
f 4017/4078/4078 4002/4063/4064 4004/4065/4066
f 4017/4078/4078 4018/4079/4049 4002/4063/4064
f 4006/4067/4068 4019/4080/4079 4004/4065/4066
f 4020/4081/4080 4004/4065/4066 4019/4080/4079
f 4020/4081/4080 4017/4078/4078 4004/4065/4066
f 3997/4058/4061 4017/4078/4078 4020/4081/4080
f 3997/4058/4061 3998/4059/4046 4017/4078/4078
f 3998/4059/4046 4018/4079/4049 4017/4078/4078
f 3998/4059/4046 3999/4060/4031 4018/4079/4049
f 3999/4060/4031 4002/4063/4064 4018/4079/4049
f 4015/4076/4076 4021/4082/4081 4014/4075/4075
f 4014/4075/4075 4021/4082/4081 4022/4083/4082
f 4014/4075/4075 4022/4083/4082 4003/4064/4065
f 4005/4066/4067 4003/4064/4065 4022/4083/4082
f 4005/4066/4067 4022/4083/4082 4007/4068/4069
f 4007/4068/4069 4022/4083/4082 4023/4084/4083
f 4007/4068/4069 4023/4084/4083 4024/4085/4084
f 4023/4084/4083 4025/4086/4085 4024/4085/4084
f 4012/4073/3997 4024/4085/4084 4025/4086/4085
f 4012/4073/3997 4009/4070/4071 4024/4085/4084
f 4007/4068/4069 4024/4085/4084 4009/4070/4071
f 4023/4084/4083 4026/4087/4086 4025/4086/4085
f 4023/4084/4083 4027/4088/4087 4026/4087/4086
f 4023/4084/4083 4028/4089/4088 4027/4088/4087
f 4028/4089/4088 4029/4090/4089 4027/4088/4087
f 4028/4089/4088 4030/4091/1776 4029/4090/4089
f 4031/4092/4009 4030/4091/1776 4028/4089/4088
f 4031/4092/4009 4028/4089/4088 4021/4082/4081
f 4021/4082/4081 4028/4089/4088 4023/4084/4083
f 4021/4082/4081 4023/4084/4083 4022/4083/4082
f 4012/4073/3997 4032/4093/1931 4013/4074/4074
f 4012/4073/3997 4033/4094/4090 4032/4093/1931
f 4033/4094/4090 4012/4073/3997 4025/4086/4085
f 4033/4094/4090 4025/4086/4085 4034/4095/4091
f 4026/4087/4086 4034/4095/4091 4025/4086/4085
f 4026/4087/4086 4035/4096/4092 4034/4095/4091
f 4026/4087/4086 4036/4097/4093 4035/4096/4092
f 4026/4087/4086 4027/4088/4087 4036/4097/4093
f 4027/4088/4087 4037/4098/4094 4036/4097/4093
f 4027/4088/4087 4029/4090/4089 4037/4098/4094
f 4038/4099/4095 4037/4098/4094 4029/4090/4089
f 4038/4099/4095 4029/4090/4089 4039/4100/4096
f 4040/4101/1577 4039/4100/4096 4029/4090/4089
f 4040/4101/1577 4029/4090/4089 4030/4091/1776
f 4041/4102/4097 4040/4101/1577 4030/4091/1776
f 4041/4102/4097 4030/4091/1776 4031/4092/4009
f 4015/4076/4076 4041/4102/4097 4031/4092/4009
f 4015/4076/4076 4031/4092/4009 4021/4082/4081
f 4042/4103/4098 4043/4104/4099 4044/4105/4100
f 4045/4106/3848 4043/4104/4099 4042/4103/4098
f 4045/4106/3848 4046/4107/1865 4043/4104/4099
f 4047/4108/4101 4048/4109/4102 4049/4110/4103
f 4050/4111/4104 4047/4108/4101 4049/4110/4103
f 4051/4112/1865 4047/4108/4101 4050/4111/4104
f 4046/4107/1865 4051/4112/1865 4050/4111/4104
f 4046/4107/1865 4050/4111/4104 4043/4104/4099
f 4043/4104/4099 4050/4111/4104 4052/4113/4105
f 4043/4104/4099 4052/4113/4105 4044/4105/4100
f 4052/4113/4105 4053/4114/4106 4044/4105/4100
f 4054/4115/4107 4044/4105/4100 4053/4114/4106
f 4042/4103/4098 4044/4105/4100 4054/4115/4107
f 4055/4116/1864 4042/4103/4098 4054/4115/4107
f 4045/4106/3848 4042/4103/4098 4055/4116/1864
f 4045/4106/3848 4055/4116/1864 4056/4117/3848
f 4050/4111/4104 4049/4110/4103 4052/4113/4105
f 4052/4113/4105 4057/4118/3855 4053/4114/4106
f 4052/4113/4105 4058/4119/4108 4057/4118/3855
f 4052/4113/4105 4049/4110/4103 4058/4119/4108
f 4049/4110/4103 4059/4120/4109 4058/4119/4108
f 4049/4110/4103 4048/4109/4102 4059/4120/4109
f 4059/4120/4109 4048/4109/4102 4060/4121/4110
f 4059/4120/4109 4060/4121/4110 4061/4122/4111
f 4062/4123/4112 4061/4122/4111 4060/4121/4110
f 4062/4123/4112 4063/4124/4113 4061/4122/4111
f 4064/4125/4114 4063/4124/4113 4062/4123/4112
f 4065/4126/4115 4064/4125/4114 4062/4123/4112
f 4065/4126/4115 4066/4127/4116 4064/4125/4114
f 4064/4125/4114 4066/4127/4116 4067/4128/4117
f 4064/4125/4114 4067/4128/4117 4068/4129/4118
f 4063/4124/4113 4064/4125/4114 4068/4129/4118
f 4063/4124/4113 4068/4129/4118 4069/4130/4036
f 4069/4130/4036 4061/4122/4111 4063/4124/4113
f 4069/4130/4036 4070/4131/4119 4061/4122/4111
f 4059/4120/4109 4061/4122/4111 4070/4131/4119
f 4059/4120/4109 4070/4131/4119 4071/4132/4119
f 4058/4119/4108 4059/4120/4109 4071/4132/4119
f 4058/4119/4108 4071/4132/4119 4072/4133/4120
f 4057/4118/3855 4058/4119/4108 4072/4133/4120
f 4057/4118/3855 4072/4133/4120 4073/4134/4121
f 4057/4118/3855 4073/4134/4121 4074/4135/4122
f 4074/4135/4122 4073/4134/4121 4075/4136/4123
f 4074/4135/4122 4075/4136/4123 4076/4137/4124
f 4075/4136/4123 4077/4138/4125 4076/4137/4124
f 4076/4137/4124 4077/4138/4125 4078/4139/4126
f 4078/4139/4126 4077/4138/4125 4079/4140/4125
f 4078/4139/4126 4079/4140/4125 4080/4141/3912
f 4073/4134/4121 4081/4142/4123 4075/4136/4123
f 4073/4134/4121 4072/4133/4120 4081/4142/4123
f 4072/4133/4120 4082/4143/4127 4081/4142/4123
f 4072/4133/4120 4071/4132/4119 4082/4143/4127
f 4071/4132/4119 4083/4144/4127 4082/4143/4127
f 4071/4132/4119 4070/4131/4119 4083/4144/4127
f 4070/4131/4119 4084/4145/4128 4083/4144/4127
f 4070/4131/4119 4085/4146/4129 4084/4145/4128
f 4069/4130/4036 4085/4146/4129 4070/4131/4119
f 4075/4136/4123 4079/4140/4125 4077/4138/4125
f 4075/4136/4123 4081/4142/4123 4079/4140/4125
f 4081/4142/4123 4086/4147/4124 4079/4140/4125
f 4081/4142/4123 4082/4143/4127 4086/4147/4124
f 4087/4148/4124 4086/4147/4124 4082/4143/4127
f 4087/4148/4124 4082/4143/4127 4083/4144/4127
f 4088/4149/1839 4087/4148/4124 4083/4144/4127
f 4088/4149/1839 4083/4144/4127 4084/4145/4128
f 4089/4150/4130 4088/4149/1839 4084/4145/4128
f 4089/4150/4130 4084/4145/4128 4090/4151/4131
f 4085/4146/4129 4090/4151/4131 4084/4145/4128
f 4085/4146/4129 4091/4152/1939 4090/4151/4131
f 4069/4130/4036 4091/4152/1939 4085/4146/4129
f 4069/4130/4036 4092/4153/4025 4091/4152/1939
f 4093/4154/4132 4092/4153/4025 4069/4130/4036
f 4093/4154/4132 4069/4130/4036 4068/4129/4118
f 4094/4155/4133 4093/4154/4132 4068/4129/4118
f 4094/4155/4133 4068/4129/4118 4067/4128/4117
f 4095/4156/4134 4089/4150/4130 4096/4157/4135
f 4095/4156/4134 4088/4149/1839 4089/4150/4130
f 4097/4158/4136 4088/4149/1839 4095/4156/4134
f 4097/4158/4136 4087/4148/4124 4088/4149/1839
f 4098/4159/4137 4087/4148/4124 4097/4158/4136
f 4098/4159/4137 4086/4147/4124 4087/4148/4124
f 4080/4141/3912 4086/4147/4124 4098/4159/4137
f 4080/4141/3912 4079/4140/4125 4086/4147/4124
f 4099/4160/1685 1908/4161/1829 4100/4162/4138
f 4101/4163/1687 4099/4160/1685 4100/4162/4138
f 4102/4164/4139 4099/4160/1685 4101/4163/1687
f 4102/4164/4139 4101/4163/1687 4103/4165/4140
f 4102/4164/4139 4103/4165/4140 4104/4166/4141
f 4105/4167/4142 4104/4166/4141 4103/4165/4140
f 4105/4167/4142 4106/4168/4143 4104/4166/4141
f 4106/4168/4143 4105/4167/4142 4076/4137/4124
f 4106/4168/4143 4076/4137/4124 4107/4169/4144
f 4078/4139/4126 4107/4169/4144 4076/4137/4124
f 4078/4139/4126 4108/4170/4145 4107/4169/4144
f 4108/4170/4145 4078/4139/4126 4080/4141/3912
f 4108/4170/4145 4080/4141/3912 4109/4171/4146
f 4109/4171/4146 4080/4141/3912 4098/4159/4137
f 4109/4171/4146 4098/4159/4137 4110/4172/4147
f 4110/4172/4147 4098/4159/4137 4097/4158/4136
f 4110/4172/4147 4097/4158/4136 4111/4173/4148
f 4111/4173/4148 4097/4158/4136 4095/4156/4134
f 4099/4160/1685 1905/4174/1886 1908/4161/1829
f 4112/4175/4149 1905/4174/1886 4099/4160/1685
f 4102/4164/4139 4112/4175/4149 4099/4160/1685
f 4113/4176/4150 4112/4175/4149 4102/4164/4139
f 4113/4176/4150 4102/4164/4139 4104/4166/4141
f 4113/4176/4150 4104/4166/4141 4114/4177/1845
f 4106/4168/4143 4114/4177/1845 4104/4166/4141
f 4106/4168/4143 4115/4178/4151 4114/4177/1845
f 4115/4178/4151 4106/4168/4143 4107/4169/4144
f 4115/4178/4151 4107/4169/4144 4116/4179/4152
f 4108/4170/4145 4116/4179/4152 4107/4169/4144
f 4108/4170/4145 4117/4180/4153 4116/4179/4152
f 4117/4180/4153 4108/4170/4145 4109/4171/4146
f 4117/4180/4153 4109/4171/4146 4118/4181/1884
f 4118/4181/1884 4109/4171/4146 4110/4172/4147
f 4118/4181/1884 4110/4172/4147 4119/4182/4154
f 4119/4182/4154 4110/4172/4147 4111/4173/4148
f 4119/4182/4154 4111/4173/4148 4120/4183/4155
f 4119/4182/4154 4120/4183/4155 4121/4184/4156
f 4120/4183/4155 4122/4185/4157 4121/4184/4156
f 4113/4176/4150 4123/4186/4158 4112/4175/4149
f 4119/4182/4154 4121/4184/4156 4124/4187/3903
f 4119/4182/4154 4124/4187/3903 4125/4188/3894
f 4119/4182/4154 4125/4188/3894 4118/4181/1884
f 4126/4189/4159 4118/4181/1884 4125/4188/3894
f 4126/4189/4159 4117/4180/4153 4118/4181/1884
f 4117/4180/4153 4126/4189/4159 4127/4190/4160
f 4117/4180/4153 4127/4190/4160 4116/4179/4152
f 4116/4179/4152 4127/4190/4160 4128/4191/4161
f 4116/4179/4152 4128/4191/4161 4115/4178/4151
f 4129/4192/4162 4115/4178/4151 4128/4191/4161
f 4129/4192/4162 4114/4177/1845 4115/4178/4151
f 4130/4193/4163 4114/4177/1845 4129/4192/4162
f 4130/4193/4163 4113/4176/4150 4114/4177/1845
f 4131/4194/4164 4113/4176/4150 4130/4193/4163
f 4131/4194/4164 4123/4186/4158 4113/4176/4150
f 1902/4195/1886 4123/4186/4158 4131/4194/4164
f 1902/4195/1886 1903/4196/1886 4123/4186/4158
f 4123/4186/4158 1903/4196/1886 1904/4197/1887
f 4123/4186/4158 1904/4197/1887 4112/4175/4149
f 4112/4175/4149 1904/4197/1887 1905/4174/1886
f 4124/4187/3903 4132/4198/3895 4125/4188/3894
f 4133/4199/4165 4125/4188/3894 4132/4198/3895
f 4133/4199/4165 4126/4189/4159 4125/4188/3894
f 4126/4189/4159 4133/4199/4165 4134/4200/4165
f 4126/4189/4159 4134/4200/4165 4127/4190/4160
f 4127/4190/4160 4134/4200/4165 4135/4201/1728
f 4127/4190/4160 4135/4201/1728 4128/4191/4161
f 4136/4202/1814 4128/4191/4161 4135/4201/1728
f 4136/4202/1814 4129/4192/4162 4128/4191/4161
f 4137/4203/1814 4129/4192/4162 4136/4202/1814
f 4137/4203/1814 4130/4193/4163 4129/4192/4162
f 4138/4204/4166 4130/4193/4163 4137/4203/1814
f 4138/4204/4166 4131/4194/4164 4130/4193/4163
f 4138/4204/4166 1902/4195/1886 4131/4194/4164
f 4138/4204/4166 1936/4205/1915 1902/4195/1886
f 4139/4206/4167 4133/4199/4165 4132/4198/3895
f 4133/4199/4165 4139/4206/4167 4140/4207/4168
f 4133/4199/4165 4140/4207/4168 4134/4200/4165
f 4134/4200/4165 4140/4207/4168 4141/4208/4168
f 4134/4200/4165 4141/4208/4168 4135/4201/1728
f 4141/4208/4168 4136/4202/1814 4135/4201/1728
f 4141/4208/4168 4142/4209/4168 4136/4202/1814
f 4142/4209/4168 4137/4203/1814 4136/4202/1814
f 4142/4209/4168 4143/4210/4169 4137/4203/1814
f 4144/4211/4170 4137/4203/1814 4143/4210/4169
f 4144/4211/4170 4138/4204/4166 4137/4203/1814
f 4124/4187/3903 4121/4184/4156 4145/4212/4171
f 4124/4187/3903 4145/4212/4171 4146/4213/4172
f 4124/4187/3903 4146/4213/4172 4132/4198/3895
f 4146/4213/4172 4147/4214/4168 4132/4198/3895
f 4139/4206/4167 4132/4198/3895 4147/4214/4168
f 3976/4215/4050 4139/4206/4167 4147/4214/4168
f 4139/4206/4167 3976/4215/4050 3977/4216/4048
f 4139/4206/4167 3977/4216/4048 4140/4207/4168
f 4140/4207/4168 3977/4216/4048 3979/4217/4052
f 4140/4207/4168 3979/4217/4052 4141/4208/4168
f 3979/4217/4052 3981/4218/4054 4141/4208/4168
f 4142/4209/4168 4141/4208/4168 3981/4218/4054
f 4142/4209/4168 3981/4218/4054 3983/4219/1785
f 4143/4210/4169 4142/4209/4168 3983/4219/1785
f 4143/4210/4169 3983/4219/1785 3985/4220/4054
f 3985/4220/4054 4144/4211/4170 4143/4210/4169
f 3985/4220/4054 3988/4221/4055 4144/4211/4170
f 1922/4222/1902 4144/4211/4170 3988/4221/4055
f 1922/4222/1902 1937/4223/1916 4144/4211/4170
f 1937/4223/1916 4138/4204/4166 4144/4211/4170
f 1937/4223/1916 1936/4224/1915 4138/4204/4166
f 4146/4213/4172 4148/4225/4173 4147/4214/4168
f 4146/4213/4172 4145/4212/4171 4148/4225/4173
f 4145/4212/4171 4149/4226/3898 4148/4225/4173
f 4145/4212/4171 4150/4227/4174 4149/4226/3898
f 4149/4226/3898 4150/4227/4174 4151/4228/4175
f 3976/4215/4050 4147/4214/4168 3973/4229/4047
f 3973/4229/4047 4147/4214/4168 4148/4225/4173
f 3973/4229/4047 4148/4225/4173 3974/4230/4048
f 4148/4225/4173 4000/4231/4062 3974/4230/4048
f 4148/4225/4173 4149/4226/3898 4000/4231/4062
f 4000/4231/4062 4149/4226/3898 4152/4232/4176
f 4149/4226/3898 4151/4228/4175 4152/4232/4176
f 4151/4228/4175 4041/4233/4097 4152/4232/4176
f 4151/4228/4175 4040/4234/1577 4041/4233/4097
f 4151/4228/4175 4039/4235/4096 4040/4234/1577
f 4000/4231/4062 4152/4232/4176 4016/4236/4077
f 4152/4232/4176 4015/4237/4076 4016/4236/4077
f 4152/4232/4176 4041/4233/4097 4015/4237/4076
f 4111/4173/4148 4095/4156/4134 4153/4238/4177
f 4153/4238/4177 4095/4156/4134 4096/4157/4135
f 4153/4238/4177 4096/4157/4135 4154/4239/4178
f 4154/4239/4178 4155/4240/4179 4153/4238/4177
f 4154/4239/4178 4156/4241/4180 4155/4240/4179
f 4157/4242/4181 4155/4240/4179 4156/4241/4180
f 4157/4242/4181 4158/4243/4182 4155/4240/4179
f 4159/4244/4183 4158/4243/4182 4157/4242/4181
f 4159/4244/4183 4160/4245/4184 4158/4243/4182
f 4038/4246/4095 4160/4245/4184 4159/4244/4183
f 4161/4247/4185 4160/4245/4184 4038/4246/4095
f 4161/4247/4185 4038/4246/4095 4039/4235/4096
f 4161/4247/4185 4039/4235/4096 4162/4248/1561
f 4151/4228/4175 4162/4248/1561 4039/4235/4096
f 4122/4185/4157 4162/4248/1561 4151/4228/4175
f 4122/4185/4157 4151/4228/4175 4150/4227/4174
f 4121/4184/4156 4122/4185/4157 4150/4227/4174
f 4121/4184/4156 4150/4227/4174 4145/4212/4171
f 4155/4240/4179 4111/4173/4148 4153/4238/4177
f 4155/4240/4179 4120/4183/4155 4111/4173/4148
f 4155/4240/4179 4163/4249/4186 4120/4183/4155
f 4120/4183/4155 4163/4249/4186 4122/4185/4157
f 4163/4249/4186 4164/4250/4187 4122/4185/4157
f 4164/4250/4187 4162/4248/1561 4122/4185/4157
f 4164/4250/4187 4161/4247/4185 4162/4248/1561
f 4160/4245/4184 4161/4247/4185 4164/4250/4187
f 4160/4245/4184 4164/4250/4187 4158/4243/4182
f 4158/4243/4182 4164/4250/4187 4163/4249/4186
f 4158/4243/4182 4163/4249/4186 4155/4240/4179
f 4165/4251/4188 4166/4252/4189 4167/4253/3916
f 4165/4251/4188 4168/4254/1940 4166/4252/4189
f 4168/4254/1940 4169/4255/4190 4166/4252/4189
f 4168/4254/1940 4170/4256/4191 4169/4255/4190
f 4169/4255/4190 4170/4256/4191 4171/4257/4192
f 4169/4255/4190 4171/4257/4192 4172/4258/4193
f 4173/4259/4194 4172/4258/4193 4171/4257/4192
f 4173/4259/4194 4174/4260/1704 4172/4258/4193
f 4174/4260/1704 4175/4261/4195 4172/4258/4193
f 4174/4260/1704 4176/4262/4196 4175/4261/4195
f 4177/4263/4197 4172/4258/4193 4175/4261/4195
f 4177/4263/4197 4169/4255/4190 4172/4258/4193
f 4166/4252/4189 4169/4255/4190 4177/4263/4197
f 4166/4252/4189 4177/4263/4197 4178/4264/4198
f 4167/4253/3916 4166/4252/4189 4178/4264/4198
f 4167/4253/3916 4178/4264/4198 4179/4265/4199
f 4038/4266/4095 4167/4253/3916 4179/4265/4199
f 4038/4266/4095 4159/4267/4183 4167/4253/3916
f 4157/4268/4181 4167/4253/3916 4159/4267/4183
f 4157/4268/4181 4165/4251/4188 4167/4253/3916
f 4156/4269/4180 4165/4251/4188 4157/4268/4181
f 4156/4269/4180 4154/4270/4178 4165/4251/4188
f 4154/4270/4178 4168/4254/1940 4165/4251/4188
f 4154/4270/4178 4096/4271/4135 4168/4254/1940
f 4096/4271/4135 4170/4256/4191 4168/4254/1940
f 4096/4271/4135 4089/4272/4130 4170/4256/4191
f 4170/4256/4191 4089/4272/4130 4090/4273/4131
f 4170/4256/4191 4090/4273/4131 4171/4257/4192
f 4091/4274/1939 4171/4257/4192 4090/4273/4131
f 4091/4274/1939 4173/4259/4194 4171/4257/4192
f 4092/4275/4025 4173/4259/4194 4091/4274/1939
f 4092/4275/4025 4093/4276/4132 4173/4259/4194
f 4093/4276/4132 4174/4260/1704 4173/4259/4194
f 4093/4276/4132 4094/4277/4133 4174/4260/1704
f 4174/4260/1704 4094/4277/4133 4032/4278/1931
f 4174/4260/1704 4032/4278/1931 4176/4262/4196
f 4180/4279/4200 4032/4278/1931 4033/4280/4090
f 4038/4266/4095 4181/4281/4201 4037/4282/4094
f 4036/4283/4093 4037/4282/4094 4181/4281/4201
f 4036/4283/4093 4181/4281/4201 4182/4284/4202
f 4035/4285/4092 4036/4283/4093 4182/4284/4202
f 4035/4285/4092 4182/4284/4202 4183/4286/4203
f 4035/4285/4092 4183/4286/4203 4184/4287/4204
f 4035/4285/4092 4184/4287/4204 4034/4288/4091
f 4180/4279/4200 4034/4288/4091 4184/4287/4204
f 4180/4279/4200 4033/4280/4090 4034/4288/4091
f 4185/4289/4205 4186/4290/4206 4187/4291/4207
f 4188/4292/4208 4187/4291/4207 4186/4290/4206
f 4188/4292/4208 4186/4290/4206 4189/4293/1953
f 4186/4290/4206 4190/4294/4209 4189/4293/1953
f 4101/4163/1687 4189/4293/1953 4103/4165/4140
f 4190/4294/4209 4103/4165/4140 4189/4293/1953
f 4190/4294/4209 4105/4167/4142 4103/4165/4140
f 4190/4294/4209 4076/4137/4124 4105/4167/4142
f 4190/4294/4209 4074/4135/4122 4076/4137/4124
f 4191/4295/4210 4074/4135/4122 4190/4294/4209
f 4186/4290/4206 4191/4295/4210 4190/4294/4209
f 4191/4295/4210 4186/4290/4206 4192/4296/4211
f 4185/4289/4205 4192/4296/4211 4186/4290/4206
f 4193/4297/1864 4192/4296/4211 4185/4289/4205
f 4057/4118/3855 4074/4135/4122 4053/4114/4106
f 4191/4295/4210 4053/4114/4106 4074/4135/4122
f 4054/4115/4107 4053/4114/4106 4191/4295/4210
f 4191/4295/4210 4192/4296/4211 4054/4115/4107
f 4055/4116/1864 4054/4115/4107 4192/4296/4211
f 4193/4297/1864 4055/4116/1864 4192/4296/4211
f 4193/4297/1864 4056/4117/3848 4055/4116/1864
f 4193/4297/1864 4194/4298/3848 4056/4117/3848
f 4193/4297/1864 4195/4299/3848 4194/4298/3848
f 4193/4297/1864 4196/4300/1864 4195/4299/3848
f 4185/4289/4205 4196/4300/1864 4193/4297/1864
f 4185/4289/4205 4197/4301/4212 4196/4300/1864
f 4187/4291/4207 4197/4301/4212 4185/4289/4205
f 4187/4291/4207 4198/4302/4213 4197/4301/4212
f 4100/4162/4138 4198/4302/4213 4187/4291/4207
f 4100/4162/4138 4187/4291/4207 4188/4292/4208
f 4101/4163/1687 4100/4162/4138 4188/4292/4208
f 4101/4163/1687 4188/4292/4208 4189/4293/1953
f 3993/4303/4057 4046/4107/1865 4045/4106/3848
f 4045/4106/3848 3992/4304/4056 3993/4303/4057
f 4056/4117/3848 3992/4304/4056 4045/4106/3848
f 4056/4117/3848 3991/4305/4056 3992/4304/4056
f 3991/4305/4056 4056/4117/3848 4194/4298/3848
f 3991/4305/4056 4194/4298/3848 3990/4306/4056
f 4195/4299/3848 3990/4306/4056 4194/4298/3848
f 4195/4299/3848 3989/4307/4056 3990/4306/4056
f 4195/4299/3848 1924/4308/1904 3989/4307/4056
f 4195/4299/3848 1915/4309/1895 1924/4308/1904
f 4196/4300/1864 1915/4309/1895 4195/4299/3848
f 4196/4300/1864 1913/4310/1890 1915/4309/1895
f 4197/4301/4212 1913/4310/1890 4196/4300/1864
f 4197/4301/4212 1910/4311/1891 1913/4310/1890
f 4198/4302/4213 1910/4311/1891 4197/4301/4212
f 4198/4302/4213 1909/4312/1890 1910/4311/1891
f 1908/4161/1829 1909/4312/1890 4198/4302/4213
f 1908/4161/1829 4198/4302/4213 4100/4162/4138
f 4067/4128/4117 4032/4313/1931 4094/4155/4133
f 4032/4313/1931 4067/4128/4117 4066/4127/4116
f 4066/4127/4116 4013/4314/4074 4032/4313/1931
f 4066/4127/4116 4065/4126/4115 4013/4314/4074
f 4199/4315/3958 4013/4314/4074 4065/4126/4115
f 4199/4315/3958 4065/4126/4115 4062/4123/4112
f 4199/4315/3958 4062/4123/4112 4200/4316/4214
f 4200/4316/4214 4062/4123/4112 4060/4121/4110
f 4200/4316/4214 4060/4121/4110 4201/4317/4215
f 4048/4109/4102 4201/4317/4215 4060/4121/4110
f 4048/4109/4102 4202/4318/4099 4201/4317/4215
f 4047/4108/4101 4202/4318/4099 4048/4109/4102
f 4203/4319/1865 4202/4318/4099 4047/4108/4101
f 4051/4112/1865 4203/4319/1865 4047/4108/4101
f 4203/4319/1865 4051/4112/1865 3995/4320/4059
f 3994/4321/4058 3995/4320/4059 4051/4112/1865
f 3994/4321/4058 4051/4112/1865 4046/4107/1865
f 3993/4303/4057 3994/4321/4058 4046/4107/1865
f 4204/4322/1801 4200/4316/4214 4201/4317/4215
f 4199/4315/3958 4011/4323/4073 4013/4314/4074
f 4199/4315/3958 4010/4324/4072 4011/4323/4073
f 4199/4315/3958 4200/4316/4214 4204/4322/1801
f 4199/4315/3958 4204/4322/1801 4205/4325/3976
f 4199/4315/3958 4205/4325/3976 4010/4324/4072
f 4205/4325/3976 4006/4326/4068 4010/4324/4072
f 4205/4325/3976 4019/4327/4079 4006/4326/4068
f 4205/4325/3976 4020/4328/4080 4019/4327/4079
f 4205/4325/3976 4204/4322/1801 4020/4328/4080
f 4206/4329/4216 4020/4328/4080 4204/4322/1801
f 4204/4322/1801 4201/4317/4215 4206/4329/4216
f 4202/4318/4099 4206/4329/4216 4201/4317/4215
f 4202/4318/4099 4203/4319/1865 4206/4329/4216
f 3996/4330/4060 4206/4329/4216 4203/4319/1865
f 4203/4319/1865 3995/4320/4059 3996/4330/4060
f 4206/4329/4216 3997/4331/4061 4020/4328/4080
f 3996/4330/4060 3997/4331/4061 4206/4329/4216
f 4207/4332/4217 4208/4333/4218 4209/4334/4219
f 4207/4332/4217 4210/4335/4220 4208/4333/4218
f 4208/4333/4218 4210/4335/4220 4211/4336/4221
f 4208/4333/4218 4211/4336/4221 4212/4337/4222
f 4213/4338/4223 4212/4337/4222 4211/4336/4221
f 4213/4338/4223 4214/4339/4224 4212/4337/4222
f 4213/4338/4223 4215/4340/4225 4214/4339/4224
f 4213/4338/4223 4216/4341/4226 4215/4340/4225
f 4216/4341/4226 4217/4342/4227 4215/4340/4225
f 4216/4341/4226 4218/4343/4228 4219/4344/4229
f 4216/4341/4226 4213/4338/4223 4218/4343/4228
f 4213/4338/4223 4220/4345/4230 4218/4343/4228
f 4213/4338/4223 4211/4336/4221 4220/4345/4230
f 4211/4336/4221 4221/4346/4231 4220/4345/4230
f 4211/4336/4221 4210/4335/4220 4221/4346/4231
f 4210/4335/4220 4222/4347/4232 4221/4346/4231
f 4210/4335/4220 4207/4332/4217 4222/4347/4232
f 4207/4332/4217 4223/4348/4233 4222/4347/4232
f 4207/4332/4217 4224/4349/4234 4223/4348/4233
f 4224/4349/4234 4207/4332/4217 4209/4334/4219
f 4224/4349/4234 4209/4334/4219 4225/4350/4235
f 4226/4351/4219 4225/4350/4235 4209/4334/4219
f 4227/4352/4236 4226/4351/4219 4209/4334/4219
f 4227/4352/4236 4209/4334/4219 4208/4333/4218
f 4228/4353/4237 4227/4352/4236 4208/4333/4218
f 4228/4353/4237 4208/4333/4218 4212/4337/4222
f 4229/4354/4238 4228/4353/4237 4212/4337/4222
f 4230/4355/4239 4223/4348/4233 4231/4356/4240
f 4230/4355/4239 4222/4347/4232 4223/4348/4233
f 4230/4355/4239 4221/4346/4231 4222/4347/4232
f 4230/4355/4239 4232/4357/4241 4221/4346/4231
f 4232/4357/4241 4220/4345/4230 4221/4346/4231
f 4232/4357/4241 4233/4358/4242 4220/4345/4230
f 4234/4359/4243 4220/4345/4230 4233/4358/4242
f 4234/4359/4243 4218/4343/4228 4220/4345/4230
f 4235/4360/4244 4218/4343/4228 4234/4359/4243
f 4235/4360/4244 4219/4344/4229 4218/4343/4228
f 4236/4361/4245 4219/4344/4229 4235/4360/4244
f 4237/4362/1826 4234/4359/4243 4233/4358/4242
f 4238/4363/4246 4234/4359/4243 4237/4362/1826
f 4238/4363/4246 4235/4360/4244 4234/4359/4243
f 4239/4364/4247 4235/4360/4244 4238/4363/4246
f 4239/4364/4247 4236/4361/4245 4235/4360/4244
f 4240/4365/4248 4236/4361/4245 4239/4364/4247
f 4239/4364/4247 4241/4366/4249 4242/4367/1972
f 4239/4364/4247 4238/4363/4246 4241/4366/4249
f 4238/4363/4246 4243/4368/4250 4241/4366/4249
f 4238/4363/4246 4237/4362/1826 4243/4368/4250
f 4244/4369/1870 4243/4368/4250 4237/4362/1826
f 4237/4362/1826 4233/4358/4242 4244/4369/1870
f 4233/4358/4242 4245/4370/4251 4244/4369/1870
f 4233/4358/4242 4232/4357/4241 4245/4370/4251
f 4232/4357/4241 4246/4371/4252 4245/4370/4251
f 4232/4357/4241 4230/4355/4239 4246/4371/4252
f 4230/4355/4239 4247/4372/4253 4246/4371/4252
f 4230/4355/4239 4231/4356/4240 4247/4372/4253
f 4247/4372/4253 4231/4356/4240 4248/4373/4254
f 4249/4374/4255 4248/4373/4254 4231/4356/4240
f 4249/4374/4255 4231/4356/4240 4223/4348/4233
f 4223/4348/4233 4250/4375/4256 4249/4374/4255
f 4224/4349/4234 4250/4375/4256 4223/4348/4233
f 4224/4349/4234 4251/4376/4257 4250/4375/4256
f 4252/4377/4258 1995/4378/1969 1996/4379/1970
f 4252/4377/4258 1989/4380/1964 1995/4378/1969
f 4252/4377/4258 4242/4367/1972 1989/4380/1964
f 4242/4367/1972 1984/4381/1959 1989/4380/1964
f 4242/4367/1972 4241/4366/4249 1984/4381/1959
f 4241/4366/4249 1985/4382/1960 1984/4381/1959
f 4241/4366/4249 4243/4368/4250 1985/4382/1960
f 4253/4383/4259 1985/4382/1960 4243/4368/4250
f 4244/4369/1870 4253/4383/4259 4243/4368/4250
f 4244/4369/1870 4254/4384/4260 4253/4383/4259
f 4244/4369/1870 4245/4370/4251 4254/4384/4260
f 4245/4370/4251 4255/4385/4261 4254/4384/4260
f 4245/4370/4251 4246/4371/4252 4255/4385/4261
f 4246/4371/4252 4256/4386/4262 4255/4385/4261
f 4246/4371/4252 4247/4372/4253 4256/4386/4262
f 4257/4387/4263 4256/4386/4262 4247/4372/4253
f 4247/4372/4253 4248/4373/4254 4257/4387/4263
f 4253/4383/4259 1992/4388/1966 1985/4382/1960
f 4253/4383/4259 1991/4389/1758 1992/4388/1966
f 4253/4383/4259 4254/4384/4260 1991/4389/1758
f 4254/4384/4260 1993/4390/1967 1991/4389/1758
f 4254/4384/4260 4255/4385/4261 1993/4390/1967
f 4255/4385/4261 1742/4391/1738 1993/4392/1967
f 4255/4385/4261 4256/4386/4262 1742/4391/1738
f 4256/4386/4262 1740/4393/1736 1742/4391/1738
f 4256/4386/4262 4258/4394/4264 1740/4393/1736
f 4257/4387/4263 4258/4394/4264 4256/4386/4262
f 4259/4395/4265 4260/4396/4266 4261/4397/4266
f 4262/4398/4267 4261/4397/4266 4260/4396/4266
f 4262/4398/4267 4263/4399/4267 4261/4397/4266
f 4263/4399/4267 4262/4398/4267 4264/4400/4268
f 4263/4399/4267 4264/4400/4268 4265/4401/4268
f 4264/4400/4268 4266/4402/4269 4265/4401/4268
f 4264/4400/4268 4267/4403/4270 4266/4402/4269
f 4267/4403/4270 4268/4404/4271 4266/4402/4269
f 4267/4403/4270 4269/4405/4272 4268/4404/4271
f 4269/4405/4272 4270/4406/4273 4268/4404/4271
f 4271/4407/4274 4260/4396/4275 4259/4395/4276
f 4272/4408/4277 4260/4396/4275 4271/4407/4274
f 4272/4408/4277 4262/4398/4278 4260/4396/4275
f 4273/4409/4279 4262/4398/4278 4272/4408/4277
f 4273/4409/4279 4264/4400/4280 4262/4398/4278
f 4273/4409/4279 4267/4403/4281 4264/4400/4280
f 4273/4409/4279 4274/4410/4282 4267/4403/4281
f 4274/4410/4282 4269/4405/4283 4267/4403/4281
f 4274/4410/4282 4275/4411/4284 4269/4405/4283
f 4275/4411/4284 4270/4406/4285 4269/4405/4283
f 4276/4412/4286 4277/4413/4287 4278/4414/4288
f 4276/4412/4286 4279/4415/4289 4277/4413/4287
f 4266/4402/4290 4279/4415/4289 4276/4412/4286
f 4266/4402/4290 4268/4404/4291 4279/4415/4289
f 4270/4406/4285 4279/4415/4289 4268/4404/4291
f 4270/4406/4285 4280/4416/4292 4279/4415/4289
f 4279/4415/4289 4280/4416/4292 4281/4417/4293
f 4279/4415/4289 4281/4417/4293 4277/4413/4287
f 4277/4413/4287 4281/4417/4293 4282/4418/4294
f 4277/4413/4287 4282/4418/4294 4283/4419/4295
f 4278/4414/4288 4277/4413/4287 4283/4419/4295
f 4278/4414/4288 4283/4419/4295 4284/4420/4296
f 4285/4421/4227 4278/4414/4288 4284/4420/4296
f 4285/4421/4227 4284/4420/4296 4286/4422/4297
f 4287/4423/4298 4285/4421/4227 4286/4422/4297
f 4287/4423/4298 4288/4424/4299 4285/4421/4227
f 4288/4424/4299 4287/4423/4298 4289/4425/4300
f 4288/4424/4299 4289/4425/4300 4290/4426/4301
f 4265/4401/4302 4266/4402/4290 4276/4412/4286
f 4290/4426/4301 4289/4425/4300 4291/4427/4303
f 4290/4426/4301 4291/4427/4303 4292/4428/4304
f 4293/4429/4305 4290/4426/4301 4292/4428/4304
f 4293/4429/4305 4292/4428/4304 4294/4430/4306
f 4293/4429/4305 4294/4430/4306 4259/4395/4276
f 4293/4429/4305 4259/4395/4276 4261/4397/4307
f 4261/4397/4307 4295/4431/4308 4293/4429/4305
f 4261/4397/4307 4263/4399/4309 4295/4431/4308
f 4295/4431/4308 4263/4399/4309 4265/4401/4302
f 4295/4431/4308 4265/4401/4302 4296/4432/4310
f 4265/4401/4302 4276/4412/4286 4296/4432/4310
f 4296/4432/4310 4276/4412/4286 4278/4414/4288
f 4296/4432/4310 4278/4414/4288 4285/4421/4227
f 4288/4424/4299 4296/4432/4310 4285/4421/4227
f 4288/4424/4299 4295/4431/4308 4296/4432/4310
f 4295/4431/4308 4288/4424/4299 4290/4426/4301
f 4295/4431/4308 4290/4426/4301 4293/4429/4305
f 4297/4433/4311 4273/4434/4279 4272/4435/4277
f 4297/4433/4311 4274/4436/4282 4273/4434/4279
f 4297/4433/4311 4298/4437/4312 4274/4436/4282
f 4298/4437/4312 4275/4438/4284 4274/4436/4282
f 4299/4439/4313 4298/4437/4312 4297/4433/4311
f 4299/4439/4313 4297/4433/4311 4300/4440/4314
f 4297/4433/4311 4272/4435/4277 4300/4440/4314
f 4300/4440/4314 4272/4435/4277 4271/4441/4274
f 4300/4440/4314 4271/4441/4274 4301/4442/4315
f 4301/4442/4315 4271/4441/4274 4259/4443/4276
f 4301/4442/4315 4259/4443/4276 4302/4444/4316
f 4303/4445/4317 4301/4442/4315 4302/4444/4316
f 4303/4445/4317 4302/4444/4316 4304/4446/4318
f 4303/4445/4317 4304/4446/4318 4305/4447/4319
f 4303/4445/4317 4305/4447/4319 4306/4448/4320
f 4307/4449/4321 4306/4448/4320 4305/4447/4319
f 4308/4450/4322 4306/4448/4320 4307/4449/4321
f 4309/4451/4323 4306/4448/4320 4308/4450/4322
f 4299/4439/4313 4309/4451/4323 4308/4450/4322
f 4299/4439/4313 4300/4440/4314 4309/4451/4323
f 4309/4451/4323 4300/4440/4314 4301/4442/4315
f 4309/4451/4323 4301/4442/4315 4303/4445/4317
f 4309/4451/4323 4303/4445/4317 4306/4448/4320
f 4310/4452/4324 4311/4453/4325 4312/4454/4324
f 4310/4452/4324 4313/4455/4280 4311/4453/4325
f 4314/4456/4326 4313/4455/4280 4310/4452/4324
f 4313/4455/4280 4314/4456/4326 4315/4457/4327
f 4316/4458/4328 4315/4457/4327 4314/4456/4326
f 4316/4458/4328 4317/4459/4329 4315/4457/4327
f 4316/4458/4328 4318/4460/4330 4317/4459/4329
f 4318/4460/4330 4319/4461/4331 4317/4459/4329
f 4318/4460/4330 4320/4462/4332 4319/4461/4331
f 4318/4460/4330 4307/4449/4321 4320/4462/4332
f 4318/4460/4330 4321/4463/4333 4307/4449/4321
f 4308/4450/4322 4307/4449/4321 4321/4463/4333
f 4322/4464/4334 4308/4450/4322 4321/4463/4333
f 4299/4439/4313 4308/4450/4322 4322/4464/4334
f 4323/4465/4335 4299/4439/4313 4322/4464/4334
f 4299/4439/4313 4323/4465/4335 4298/4437/4312
f 4323/4465/4335 4324/4466/4336 4298/4437/4312
f 4298/4437/4312 4324/4466/4336 4275/4438/4284
f 4317/4459/4329 4319/4461/4331 4325/4467/4337
f 4316/4458/4328 4314/4456/4326 4326/4468/4338
f 4323/4465/4335 4327/4469/4339 4324/4466/4336
f 4327/4469/4339 4323/4465/4335 4328/4470/4340
f 4323/4465/4335 4322/4464/4334 4328/4470/4340
f 4327/4469/4339 4328/4470/4340 4329/4471/4341
f 4270/4472/4285 4275/4438/4284 4324/4466/4336
f 4270/4472/4285 4324/4466/4336 4330/4473/4342
f 4327/4469/4339 4330/4473/4342 4324/4466/4336
f 4327/4469/4339 4331/4474/4343 4330/4473/4342
f 4332/4475/4344 4331/4474/4343 4327/4469/4339
f 4332/4475/4344 4327/4469/4339 4329/4471/4341
f 4333/4476/4345 4332/4475/4344 4329/4471/4341
f 4333/4476/4345 4329/4471/4341 4328/4470/4340
f 4333/4476/4345 4328/4470/4340 4334/4477/4346
f 4334/4477/4346 4328/4470/4340 4322/4464/4334
f 4334/4477/4346 4322/4464/4334 4335/4478/4347
f 4322/4464/4334 4321/4463/4333 4335/4478/4347
f 4335/4478/4347 4321/4463/4333 4318/4460/4330
f 4335/4478/4347 4318/4460/4330 4316/4458/4328
f 4334/4477/4346 4335/4478/4347 4316/4458/4328
f 4334/4477/4346 4316/4458/4328 4326/4468/4338
f 4333/4476/4345 4334/4477/4346 4326/4468/4338
f 4333/4476/4345 4326/4468/4338 4336/4479/4348
f 4336/4479/4348 4326/4468/4338 4314/4456/4326
f 4336/4479/4348 4314/4456/4326 4337/4480/4349
f 4314/4456/4326 4310/4452/4324 4337/4480/4349
f 4179/4265/4350 4181/4281/4351 4038/4266/4352
f 4179/4265/4350 4182/4284/1923 4181/4281/4351
f 4179/4265/4350 4178/4264/4353 4182/4284/1923
f 4178/4264/4353 4183/4286/4354 4182/4284/1923
f 4178/4264/4353 4177/4263/4355 4183/4286/4354
f 4177/4263/4355 4184/4287/4356 4183/4286/4354
f 4177/4263/4355 4175/4261/4356 4184/4287/4356
f 4176/4262/4357 4184/4287/4356 4175/4261/4356
f 4176/4262/4357 4180/4279/4357 4184/4287/4356
f 4176/4262/4357 4032/4278/4358 4180/4279/4357
f 4313/4455/4280 4315/4457/4327 4317/4459/4329
f 4317/4459/4329 4325/4467/4337 4313/4455/4280
f 4311/4453/4325 4313/4455/4280 4325/4467/4337
f 4311/4453/4325 4325/4467/4337 4338/4481/4337
f 4339/4482/4359 4311/4453/4325 4338/4481/4337
f 4339/4482/4359 4338/4481/4337 4340/4483/4360
f 4341/4484/4361 4339/4482/4359 4340/4483/4360
f 4341/4484/4361 4342/4485/4362 4339/4482/4359
f 4342/4485/4362 4341/4484/4361 4343/4486/4363
f 4342/4485/4362 4343/4486/4363 4344/4487/4364
f 4344/4487/4364 4343/4486/4363 4345/4488/4365
f 4344/4487/4364 4345/4488/4365 4346/4489/4366
f 4346/4489/4366 4345/4488/4365 4347/4490/4367
f 4346/4489/4366 4347/4490/4367 4348/4491/4368
f 4348/4491/4368 4347/4490/4367 4349/4492/4369
f 4348/4491/4368 4349/4492/4369 4350/4493/1717
f 4349/4492/4369 4351/4494/1722 4350/4493/1717
f 4349/4492/4369 4352/4495/4370 4351/4494/1722
f 4352/4495/4370 1727/4496/1723 1739/4497/1735
f 4352/4495/4370 1739/4497/1735 4351/4494/1722
f 4351/4494/1722 1739/4497/1735 1740/4498/1736
f 4351/4494/1722 1740/4498/1736 4258/4499/4264
f 4350/4493/1717 4351/4494/1722 4258/4499/4264
f 4350/4493/1717 4258/4499/4264 4257/4500/4263
f 4257/4500/4263 4348/4491/4368 4350/4493/1717
f 4257/4500/4263 4248/4501/4254 4348/4491/4368
f 4248/4501/4254 4346/4489/4366 4348/4491/4368
f 4248/4501/4254 4249/4502/4255 4346/4489/4366
f 4249/4502/4255 4344/4487/4364 4346/4489/4366
f 4249/4502/4255 4250/4503/4256 4344/4487/4364
f 4250/4503/4256 4342/4485/4362 4344/4487/4364
f 4250/4503/4256 4251/4504/4257 4342/4485/4362
f 4353/4505/4371 4342/4485/4362 4251/4504/4257
f 4353/4505/4371 4339/4482/4359 4342/4485/4362
f 4312/4454/4324 4339/4482/4359 4353/4505/4371
f 4312/4454/4324 4311/4453/4325 4339/4482/4359
f 4354/4506/4372 4355/4507/4373 4356/4508/4374
f 4354/4506/4372 4357/4509/4375 4355/4507/4373
f 4357/4509/4375 4358/4510/4376 4292/4511/4304
f 4357/4509/4375 4292/4511/4304 4291/4512/4303
f 4355/4507/4373 4357/4509/4375 4291/4512/4303
f 4355/4507/4373 4291/4512/4303 4289/4513/4300
f 4289/4513/4300 4356/4508/4374 4355/4507/4373
f 4289/4513/4300 4287/4514/4298 4356/4508/4374
f 4356/4508/4374 4287/4514/4298 4286/4515/4297
f 4305/4516/4319 4304/4517/4318 4359/4518/4377
f 4304/4517/4318 4360/4519/4378 4359/4518/4377
f 4361/4520/4379 4359/4518/4377 4360/4519/4378
f 4361/4520/4379 4360/4519/4378 4362/4521/4380
f 4363/4522/4381 4361/4520/4379 4362/4521/4380
f 4364/4523/4382 4363/4522/4381 4362/4521/4380
f 4365/4524/4383 4363/4522/4381 4364/4523/4382
f 4365/4524/4383 4364/4523/4382 4354/4506/4372
f 4354/4506/4372 4364/4523/4382 4366/4525/4384
f 4354/4506/4372 4366/4525/4384 4357/4509/4375
f 4357/4509/4375 4366/4525/4384 4367/4526/4385
f 4357/4509/4375 4367/4526/4385 4358/4510/4376
f 4358/4510/4376 4367/4526/4385 4368/4527/4386
f 4358/4510/4376 4368/4527/4386 4369/4528/4387
f 4368/4527/4386 4259/4529/4276 4369/4528/4387
f 4259/4529/4276 4294/4530/4306 4369/4528/4387
f 4358/4510/4376 4369/4528/4387 4294/4530/4306
f 4358/4510/4376 4294/4530/4306 4292/4511/4304
f 4367/4526/4385 4360/4519/4378 4368/4527/4386
f 4367/4526/4385 4362/4521/4380 4360/4519/4378
f 4366/4525/4384 4362/4521/4380 4367/4526/4385
f 4364/4523/4382 4362/4521/4380 4366/4525/4384
f 4304/4517/4318 4302/4531/4316 4360/4519/4378
f 4302/4531/4316 4368/4527/4386 4360/4519/4378
f 4302/4531/4316 4259/4529/4276 4368/4527/4386
f 4319/4532/4331 4320/4533/4332 4370/4534/4388
f 4307/4535/4321 4370/4534/4388 4320/4533/4332
f 4307/4535/4321 4305/4516/4319 4370/4534/4388
f 4305/4516/4319 4359/4518/4377 4370/4534/4388
f 4371/4536/4389 4370/4534/4388 4359/4518/4377
f 4371/4536/4389 4359/4518/4377 4361/4520/4379
f 4372/4537/4390 4371/4536/4389 4361/4520/4379
f 4363/4522/4381 4372/4537/4390 4361/4520/4379
f 4373/4538/4391 4372/4537/4390 4363/4522/4381
f 4365/4524/4383 4373/4538/4391 4363/4522/4381
f 4365/4524/4383 4374/4539/4392 4373/4538/4391
f 4373/4538/4391 4374/4539/4392 4375/4540/4393
f 4374/4539/4392 4376/4541/4394 4375/4540/4393
f 4375/4540/4393 4376/4541/4394 4377/4542/4395
f 4376/4541/4394 4378/4543/4396 4377/4542/4395
f 4377/4542/4395 4378/4543/4396 4341/4544/4361
f 4378/4543/4396 4343/4545/4363 4341/4544/4361
f 4377/4542/4395 4341/4544/4361 4340/4546/4360
f 4340/4546/4360 4379/4547/4395 4377/4542/4395
f 4375/4540/4393 4377/4542/4395 4379/4547/4395
f 4380/4548/4397 4375/4540/4393 4379/4547/4395
f 4373/4538/4391 4375/4540/4393 4380/4548/4397
f 4373/4538/4391 4380/4548/4397 4372/4537/4390
f 4381/4549/4398 4372/4537/4390 4380/4548/4397
f 4372/4537/4390 4381/4549/4398 4371/4536/4389
f 4319/4532/4331 4371/4536/4389 4381/4549/4398
f 4319/4532/4331 4370/4534/4388 4371/4536/4389
f 4381/4549/4398 4380/4548/4397 4379/4547/4395
f 4319/4532/4331 4381/4549/4398 4325/4550/4337
f 4338/4551/4337 4325/4550/4337 4381/4549/4398
f 4338/4551/4337 4381/4549/4398 4379/4547/4395
f 4340/4546/4360 4338/4551/4337 4379/4547/4395
f 4382/4552/4399 4282/4553/4294 4383/4554/4400
f 4382/4552/4399 4283/4555/4295 4282/4553/4294
f 4384/4556/4401 4283/4555/4295 4382/4552/4399
f 4384/4556/4401 4284/4557/4296 4283/4555/4295
f 4286/4515/4297 4284/4557/4296 4384/4556/4401
f 4286/4515/4297 4384/4556/4401 4385/4558/4402
f 4356/4508/4374 4286/4515/4297 4385/4558/4402
f 4386/4559/4403 4356/4508/4374 4385/4558/4402
f 4354/4506/4372 4356/4508/4374 4386/4559/4403
f 4387/4560/4404 4354/4506/4372 4386/4559/4403
f 4365/4524/4383 4354/4506/4372 4387/4560/4404
f 4388/4561/4405 4365/4524/4383 4387/4560/4404
f 4365/4524/4383 4388/4561/4405 4374/4539/4392
f 4389/4562/4406 4374/4539/4392 4388/4561/4405
f 4374/4539/4392 4389/4562/4406 4376/4541/4394
f 4389/4562/4406 4390/4563/4407 4376/4541/4394
f 4376/4541/4394 4390/4563/4407 4378/4543/4396
f 4390/4563/4407 4391/4564/4408 4378/4543/4396
f 4392/4565/4409 4393/4566/4410 4394/4567/4411
f 4394/4567/4411 4393/4566/4410 4395/4568/4412
f 4383/4554/4400 4394/4567/4411 4395/4568/4412
f 4396/4569/4413 4383/4554/4400 4395/4568/4412
f 4396/4569/4413 4382/4552/4399 4383/4554/4400
f 4384/4556/4401 4382/4552/4399 4396/4569/4413
f 4384/4556/4401 4396/4569/4413 4397/4570/4414
f 4385/4558/4402 4384/4556/4401 4397/4570/4414
f 4385/4558/4402 4397/4570/4414 4398/4571/4415
f 4386/4559/4403 4385/4558/4402 4398/4571/4415
f 4399/4572/4416 4386/4559/4403 4398/4571/4415
f 4387/4560/4404 4386/4559/4403 4399/4572/4416
f 4400/4573/4417 4387/4560/4404 4399/4572/4416
f 4388/4561/4405 4387/4560/4404 4400/4573/4417
f 4401/4574/4418 4388/4561/4405 4400/4573/4417
f 4389/4562/4406 4388/4561/4405 4401/4574/4418
f 4401/4574/4418 4402/4575/4419 4389/4562/4406
f 4389/4562/4406 4402/4575/4419 4390/4563/4407
f 4402/4575/4419 4403/4576/4420 4390/4563/4407
f 4390/4563/4407 4403/4576/4420 4391/4564/4408
f 4403/4576/4420 4404/4577/4421 4391/4564/4408
f 4405/4578/4422 4401/4574/4418 4406/4579/4423
f 4401/4574/4418 4405/4578/4422 4402/4575/4419
f 4405/4578/4422 4407/4580/4424 4402/4575/4419
f 4402/4575/4419 4407/4580/4424 4403/4576/4420
f 4407/4580/4424 4408/4581/4425 4403/4576/4420
f 4403/4576/4420 4408/4581/4425 4404/4577/4421
f 4408/4581/4425 4409/4582/4426 4404/4577/4421
f 4410/4583/4427 4406/4579/4423 4411/4584/4428
f 4405/4578/4422 4406/4579/4423 4410/4583/4427
f 4412/4585/4429 4405/4578/4422 4410/4583/4427
f 4405/4578/4422 4412/4585/4429 4407/4580/4424
f 4413/4586/4430 4407/4580/4424 4412/4585/4429
f 4407/4580/4424 4413/4586/4430 4408/4581/4425
f 4413/4586/4430 4414/4587/4431 4408/4581/4425
f 4408/4581/4425 4414/4587/4431 4409/4582/4426
f 4414/4587/4431 4415/4588/4432 4409/4582/4426
f 4414/4587/4431 4416/4589/4433 4415/4588/4432
f 4414/4587/4431 4417/4590/3860 4416/4589/4433
f 4414/4587/4431 4418/4591/4434 4417/4590/3860
f 4240/4365/4248 4417/4590/3860 4418/4591/4434
f 4418/4591/4434 4419/4592/4435 4240/4365/4248
f 4240/4365/4248 4419/4592/4435 4236/4361/4245
f 4419/4592/4435 4420/4593/4436 4236/4361/4245
f 4236/4361/4245 4420/4593/4436 4219/4344/4229
f 4420/4593/4436 4216/4341/4226 4219/4344/4229
f 4229/4354/4238 4212/4337/4222 4214/4339/4224
f 4421/4594/4225 4229/4354/4238 4214/4339/4224
f 4421/4594/4225 4214/4339/4224 4215/4340/4225
f 4422/4595/4227 4421/4594/4225 4215/4340/4225
f 4422/4595/4227 4215/4340/4225 4217/4342/4227
f 4411/4584/4428 4422/4595/4227 4217/4342/4227
f 4216/4341/4226 4411/4584/4428 4217/4342/4227
f 4410/4583/4427 4411/4584/4428 4216/4341/4226
f 4420/4593/4436 4410/4583/4427 4216/4341/4226
f 4412/4585/4429 4410/4583/4427 4420/4593/4436
f 4419/4592/4435 4412/4585/4429 4420/4593/4436
f 4413/4586/4430 4412/4585/4429 4419/4592/4435
f 4418/4591/4434 4413/4586/4430 4419/4592/4435
f 4413/4586/4430 4418/4591/4434 4414/4587/4431
f 4224/4349/4234 4353/4596/4371 4251/4376/4257
f 4224/4349/4234 4225/4350/4235 4353/4596/4371
f 4423/4597/4235 4353/4596/4371 4225/4350/4235
f 4226/4351/4219 4423/4597/4235 4225/4350/4235
f 4423/4597/4235 4226/4351/4219 4424/4598/4437
f 4425/4599/4438 4424/4598/4437 4226/4351/4219
f 4425/4599/4438 4226/4351/4219 4227/4352/4236
f 4426/4600/4439 4425/4599/4438 4227/4352/4236
f 4426/4600/4439 4227/4352/4236 4228/4353/4237
f 4427/4601/4440 4426/4600/4439 4228/4353/4237
f 4427/4601/4440 4228/4353/4237 4229/4354/4238
f 4428/4602/4441 4427/4601/4440 4229/4354/4238
f 4428/4602/4441 4229/4354/4238 4421/4594/4225
f 4429/4603/4442 4428/4602/4441 4421/4594/4225
f 4429/4603/4442 4421/4594/4225 4422/4595/4227
f 4430/4604/4428 4429/4603/4442 4422/4595/4227
f 4411/4584/4428 4430/4604/4428 4422/4595/4227
f 4406/4579/4423 4430/4604/4428 4411/4584/4428
f 4423/4597/4235 4312/4605/4324 4353/4596/4371
f 4424/4598/4437 4431/4606/4443 4423/4597/4235
f 4431/4606/4443 4312/4605/4324 4423/4597/4235
f 4431/4606/4443 4310/4607/4324 4312/4605/4324
f 4431/4606/4443 4337/4608/4349 4310/4607/4324
f 4432/4609/4444 4433/4610/4445 4434/4611/4446
f 4432/4609/4444 4434/4611/4446 4435/4612/4447
f 4435/4612/4447 4392/4565/4409 4432/4609/4444
f 4435/4612/4447 4393/4566/4410 4392/4565/4409
f 4436/4613/4448 4393/4566/4410 4435/4612/4447
f 4437/4614/4449 4393/4566/4410 4436/4613/4448
f 4426/4600/4439 4437/4614/4449 4436/4613/4448
f 4426/4600/4439 4396/4569/4413 4437/4614/4449
f 4426/4600/4439 4427/4601/4440 4396/4569/4413
f 4397/4570/4414 4396/4569/4413 4427/4601/4440
f 4397/4570/4414 4427/4601/4440 4428/4602/4441
f 4398/4571/4415 4397/4570/4414 4428/4602/4441
f 4398/4571/4415 4428/4602/4441 4429/4603/4442
f 4399/4572/4416 4398/4571/4415 4429/4603/4442
f 4430/4604/4428 4399/4572/4416 4429/4603/4442
f 4400/4573/4417 4399/4572/4416 4430/4604/4428
f 4406/4579/4423 4400/4573/4417 4430/4604/4428
f 4401/4574/4418 4400/4573/4417 4406/4579/4423
f 4396/4569/4413 4395/4568/4412 4437/4614/4449
f 4437/4614/4449 4395/4568/4412 4393/4566/4410
f 4426/4600/4439 4436/4613/4448 4425/4599/4438
f 4425/4599/4438 4436/4613/4448 4438/4615/4450
f 4436/4613/4448 4435/4612/4447 4438/4615/4450
f 4438/4615/4450 4435/4612/4447 4434/4611/4446
f 4425/4599/4438 4438/4615/4450 4424/4598/4437
f 4424/4598/4437 4438/4615/4450 4431/4606/4443
f 4438/4615/4450 4434/4611/4446 4431/4606/4443
f 4431/4606/4443 4434/4611/4446 4337/4608/4349
f 4433/4610/4445 4337/4608/4349 4434/4611/4446
f 4433/4610/4445 4336/4616/4348 4337/4608/4349
f 4333/4617/4345 4336/4616/4348 4433/4610/4445
f 4333/4617/4345 4433/4610/4445 4332/4618/4344
f 4332/4618/4344 4433/4610/4445 4432/4609/4444
f 4332/4618/4344 4432/4609/4444 4331/4619/4343
f 4432/4609/4444 4330/4620/4342 4331/4619/4343
f 4432/4609/4444 4392/4565/4409 4330/4620/4342
f 4330/4620/4342 4392/4565/4409 4439/4621/4451
f 4392/4565/4409 4394/4567/4411 4439/4621/4451
f 4440/4622/4452 4439/4621/4451 4394/4567/4411
f 4383/4554/4400 4440/4622/4452 4394/4567/4411
f 4281/4623/4293 4440/4622/4452 4383/4554/4400
f 4281/4623/4293 4383/4554/4400 4282/4553/4294
f 4330/4620/4342 4439/4621/4451 4270/4624/4285
f 4270/4624/4285 4439/4621/4451 4441/4625/4453
f 4440/4622/4452 4441/4625/4453 4439/4621/4451
f 4280/4626/4292 4441/4625/4453 4440/4622/4452
f 4280/4626/4292 4440/4622/4452 4281/4623/4293
f 4441/4625/4453 4280/4626/4292 4270/4624/4285
f 4442/3606/4454 4443/3716/4454 4444/3703/4126
f 4442/3606/4454 4444/3703/4126 4445/3704/4143
f 4446/3701/4455 4445/3704/4143 4444/3703/4126
f 4446/3701/4455 4447/4627/4142 4445/3704/4143
f 4446/3701/4455 4448/4628/4456 4447/4627/4142
f 4446/3701/4455 4449/3699/4209 4448/4628/4456
f 4449/3699/4209 4450/4629/4457 4448/4628/4456
f 4451/3608/4458 4452/3609/4459 4453/3592/4460
f 4451/3608/4458 4453/3592/4460 4454/3591/4461
f 4451/3608/4458 4454/3591/4461 4455/3607/4462
f 4455/3607/4462 4454/3591/4461 4442/3606/4454
f 4455/3607/4462 4442/3606/4454 4445/3704/4143
f 4456/4630/4463 4455/3607/4462 4445/3704/4143
f 4456/4630/4463 4445/3704/4143 4447/4627/4142
f 4457/4631/4464 4456/4630/4463 4447/4627/4142
f 4457/4631/4464 4447/4627/4142 4448/4628/4456
f 4458/4632/4465 4457/4631/4464 4448/4628/4456
f 4458/4632/4465 4448/4628/4456 4450/4629/4457
f 4459/4633/4120 4458/4632/4465 4450/4629/4457
f 4449/3699/4209 4459/4633/4120 4450/4629/4457
f 4460/4634/4466 4459/4633/4120 4449/3699/4209
f 4461/3697/4467 4460/4634/4466 4449/3699/4209
f 4460/4634/4466 4462/4635/4468 4459/4633/4120
f 4462/4635/4468 4463/4636/4469 4459/4633/4120
f 4459/4633/4120 4463/4636/4469 4458/4632/4465
f 4463/4636/4469 4464/4637/4470 4458/4632/4465
f 4464/4637/4470 4457/4631/4464 4458/4632/4465
f 4464/4637/4470 4465/4638/4471 4457/4631/4464
f 4465/4638/4471 4456/4630/4463 4457/4631/4464
f 4465/4638/4471 4466/3611/4472 4456/4630/4463
f 4466/3611/4472 4455/3607/4462 4456/4630/4463
f 4466/3611/4472 4451/3608/4458 4455/3607/4462
f 4467/3694/4473 4468/3695/4474 4469/3696/4475
f 4468/3695/4474 4461/3697/4467 4469/3696/4475
f 4468/3695/4474 4470/4639/4476 4461/3697/4467
f 4470/4639/4476 4460/4634/4466 4461/3697/4467
f 4470/4639/4476 4471/4640/4477 4460/4634/4466
f 4471/4640/4477 4462/4635/4468 4460/4634/4466
f 4471/4640/4477 4472/4641/4108 4462/4635/4468
f 4472/4641/4108 4473/4642/3855 4462/4635/4468
f 4462/4635/4468 4473/4642/3855 4463/4636/4469
f 4473/4642/3855 4474/4643/4478 4463/4636/4469
f 4463/4636/4469 4474/4643/4478 4464/4637/4470
f 4474/4643/4478 4475/4644/4479 4464/4637/4470
f 4475/4644/4479 4465/4638/4471 4464/4637/4470
f 4475/4644/4479 4476/3618/4480 4465/4638/4471
f 4476/3618/4480 4466/3611/4472 4465/4638/4471
f 4476/3618/4480 4477/3612/4481 4466/3611/4472
f 4451/3608/4458 4466/3611/4472 4477/3612/4481
f 4451/3608/4458 4477/3612/4481 4478/3613/1899
f 4472/4641/4108 4471/4640/4477 4479/4645/4482
f 4471/4640/4477 4480/4646/4483 4479/4645/4482
f 4471/4640/4477 4470/4639/4476 4480/4646/4483
f 4481/4647/4484 4480/4646/4483 4470/4639/4476
f 4481/4647/4484 4470/4639/4476 4468/3695/4474
f 4482/3692/4485 4481/4647/4484 4468/3695/4474
f 4482/3692/4485 4468/3695/4474 4467/3694/4473
f 4481/4647/4484 4482/3692/4485 4483/3691/4486
f 4481/4647/4484 4483/3691/4486 4484/3690/4486
f 4480/4646/4483 4481/4647/4484 4484/3690/4486
f 4480/4646/4483 4484/3690/4486 4485/4648/4487
f 4479/4645/4482 4480/4646/4483 4485/4648/4487
f 4483/3691/4486 4486/3687/3858 4487/3683/4488
f 4483/3691/4486 4487/3683/4488 4488/3681/4489
f 4484/3690/4486 4483/3691/4486 4488/3681/4489
f 4484/3690/4486 4488/3681/4489 4489/3679/4490
f 4490/3677/3974 4484/3690/4486 4489/3679/4490
f 4490/3677/3974 4485/4648/4487 4484/3690/4486
f 4491/3676/3950 4485/4648/4487 4490/3677/3974
f 4479/4645/4482 4485/4648/4487 4491/3676/3950
f 4492/3675/4491 4479/4645/4482 4491/3676/3950
f 4472/4641/4108 4479/4645/4482 4492/3675/4491
f 4492/3675/4491 4493/3632/4492 4472/4641/4108
f 4472/4641/4108 4493/3632/4492 4473/4642/3855
f 4493/3632/4492 4494/3630/4493 4473/4642/3855
f 4473/4642/3855 4494/3630/4493 4474/4643/4478
f 4494/3630/4493 4495/3628/3942 4474/4643/4478
f 4474/4643/4478 4495/3628/3942 4475/4644/4479
f 4495/3628/3942 4496/3621/4494 4475/4644/4479
f 4496/3621/4494 4476/3618/4480 4475/4644/4479
f 4497/3627/4495 4498/3626/4496 4496/3621/4494
f 4495/3628/3942 4497/3627/4495 4496/3621/4494
f 4499/3629/4497 4497/3627/4495 4495/3628/3942
f 4494/3630/4493 4499/3629/4497 4495/3628/3942
f 4500/3631/4498 4499/3629/4497 4494/3630/4493
f 4493/3632/4492 4500/3631/4498 4494/3630/4493
f 4500/3631/4498 4493/3632/4492 4501/3633/4499
f 4492/3675/4491 4501/3633/4499 4493/3632/4492
f 4501/3633/4499 4492/3675/4491 4502/3644/3950
f 4492/3675/4491 4491/3676/3950 4502/3644/3950
f 4502/3644/3950 4491/3676/3950 4503/3660/3974
f 4491/3676/3950 4490/3677/3974 4503/3660/3974
f 4503/3660/3974 4490/3677/3974 4504/4649/4500
f 4504/4649/4500 4490/3677/3974 4505/3678/4501
f 4505/3678/4501 4490/3677/3974 4489/3679/4490
f 4505/3678/4501 4489/3679/4490 4506/3680/4502
f 4506/3680/4502 4489/3679/4490 4488/3681/4489
f 4506/3680/4502 4488/3681/4489 4507/3682/4503
f 4499/3629/4497 4508/3637/4504 4497/3627/4495
f 4509/3635/4505 4508/3637/4504 4499/3629/4497
f 4500/3631/4498 4510/3643/4506 4499/3629/4497
f 4509/3635/4505 4499/3629/4497 4510/3643/4506
f 4509/3635/4505 4510/3643/4506 4511/3642/4507
f 4512/3641/1535 4509/3635/4505 4511/3642/4507
f 4502/3644/3950 4503/3660/3974 4513/3659/4490
f 4514/3645/4508 4502/3644/3950 4513/3659/4490
f 4501/3633/4499 4502/3644/3950 4514/3645/4508
f 4515/3646/4115 4501/3633/4499 4514/3645/4508
f 4500/3631/4498 4501/3633/4499 4515/3646/4115
f 4500/3631/4498 4515/3646/4115 4516/3647/4509
f 4500/3631/4498 4516/3647/4509 4510/3643/4506
f 4510/3643/4506 4516/3647/4509 4517/3648/1860
f 4510/3643/4506 4517/3648/1860 4511/3642/4507
f 4511/3642/4507 4517/3648/1860 4518/3649/4510
f 4512/3641/1535 4511/3642/4507 4518/3649/4510
f 4519/3650/4130 4512/3641/1535 4518/3649/4510
f 4519/3650/4130 4518/3649/4510 4520/3652/4511
f 4518/3649/4510 4521/3654/4512 4520/3652/4511
f 4518/3649/4510 4517/3648/1860 4521/3654/4512
f 4515/3646/4115 4522/3661/4513 4516/3647/4509
f 4515/3646/4115 4523/3662/3956 4522/3661/4513
f 4515/3646/4115 4514/3645/4508 4523/3662/3956
f 4523/3662/3956 4514/3645/4508 4524/3663/4490
f 4514/3645/4508 4513/3659/4490 4524/3663/4490
f 4525/3664/4514 4524/3663/4490 4513/3659/4490
f 4513/3659/4490 4526/3665/4515 4525/3664/4514
f 4513/3659/4490 4503/3660/3974 4526/3665/4515
f 4503/3660/3974 4504/4649/4500 4526/3665/4515
f 4527/3668/1714 4523/3662/3956 4524/3663/4490
f 4497/3627/4495 4528/3639/4516 4498/3626/4496
f 4529/3638/4179 4528/3639/4516 4497/3627/4495
f 4529/3638/4179 4497/3627/4495 4508/3637/4504
f 4508/3637/4504 4530/3636/4517 4529/3638/4179
f 4508/3637/4504 4509/3635/4505 4530/3636/4517
f 4509/3635/4505 4531/3634/4518 4530/3636/4517
f 4509/3635/4505 4512/3641/1535 4531/3634/4518
f 4512/3641/1535 4532/3640/4519 4531/3634/4518
f 4512/3641/1535 4519/3650/4130 4532/3640/4519
f 4533/3651/4520 4532/3640/4519 4519/3650/4130
f 4520/3652/4511 4533/3651/4520 4519/3650/4130
f 4534/3653/4521 4533/3651/4520 4520/3652/4511
f 4534/3653/4521 4520/3652/4511 4521/3654/4512
f 4535/3655/4522 4534/3653/4521 4521/3654/4512
f 4517/3648/1860 4535/3655/4522 4521/3654/4512
f 4517/3648/1860 4536/3656/1710 4535/3655/4522
f 4516/3647/4509 4536/3656/1710 4517/3648/1860
f 4516/3647/4509 4522/3661/4513 4536/3656/1710
f 4537/3658/4523 4538/3657/4524 4535/3655/4522
f 4535/3655/4522 4538/3657/4524 4534/3653/4521
f 4527/3668/1714 4522/3661/4513 4523/3662/3956
f 4522/3661/4513 4527/3668/1714 4539/3669/4525
f 4522/3661/4513 4539/3669/4525 4536/3656/1710
f 4539/3669/4525 4535/3655/4522 4536/3656/1710
f 4539/3669/4525 4540/3670/4526 4535/3655/4522
f 4537/3658/4523 4535/3655/4522 4540/3670/4526
f 4541/3671/4527 4537/3658/4523 4540/3670/4526
f 4541/3671/4527 4540/3670/4526 4542/3672/4528
f 4543/3673/4529 4542/3672/4528 4540/3670/4526
f 4543/3673/4529 4540/3670/4526 4539/3669/4525
f 4543/3673/4529 4539/3669/4525 4527/3668/1714
f 4543/3673/4529 4527/3668/1714 4544/3674/4530
f 4545/3667/4530 4544/3674/4530 4527/3668/1714
f 4545/3667/4530 4527/3668/1714 4524/3663/4490
f 4525/3664/4514 4545/3667/4530 4524/3663/4490
f 4546/4650/3930 4547/4651/4531 4548/4652/4532
f 4549/4653/4533 4550/4654/4534 4551/4655/4535
f 4549/4653/4533 4552/4656/1862 4550/4654/4534
f 4553/4657/1571 4552/4656/1862 4549/4653/4533
f 4553/4657/1571 4549/4653/4533 4554/4658/4536
f 4555/4659/4537 4554/4658/4536 4549/4653/4533
f 4555/4659/4537 4556/4660/4538 4554/4658/4536
f 4548/4652/4532 4556/4660/4538 4555/4659/4537
f 4548/4652/4532 4555/4659/4537 4557/4661/4539
f 4546/4650/3930 4548/4652/4532 4557/4661/4539
f 4558/4662/4540 4546/4650/3930 4557/4661/4539
f 4546/4650/3930 4558/4662/4540 4559/4663/4541
f 4546/4650/3930 4559/4663/4541 4560/4664/4542
f 4558/4662/4540 4557/4661/4539 4561/4665/4543
f 4557/4661/4539 4562/4666/4544 4561/4665/4543
f 4557/4661/4539 4555/4659/4537 4562/4666/4544
f 4555/4659/4537 4551/4655/4535 4562/4666/4544
f 4555/4659/4537 4549/4653/4533 4551/4655/4535
f 4563/4667/4545 4547/4651/4531 4546/4650/3930
f 4563/4667/4545 4546/4650/3930 4560/4664/4542
f 4560/4664/4542 4533/4668/4520 4563/4667/4545
f 4560/4664/4542 4532/4669/4519 4533/4668/4520
f 4560/4664/4542 4531/4670/4518 4532/4669/4519
f 4560/4664/4542 4559/4663/4541 4531/4670/4518
f 4559/4663/4541 4530/4671/4517 4531/4670/4518
f 4559/4663/4541 4529/4672/4179 4530/4671/4517
f 4558/4662/4540 4529/4672/4179 4559/4663/4541
f 4558/4662/4540 4528/4673/4516 4529/4672/4179
f 4528/4673/4516 4558/4662/4540 4561/4665/4543
f 4528/4673/4516 4561/4665/4543 4498/4674/4496
f 4561/4665/4543 4564/4675/1829 4498/4674/4496
f 4561/4665/4543 4562/4666/4544 4564/4675/1829
f 4562/4666/4544 4565/4676/4546 4564/4675/1829
f 4562/4666/4544 4551/4655/4535 4565/4676/4546
f 4551/4655/4535 4566/4677/4547 4565/4676/4546
f 4551/4655/4535 4550/4654/4534 4566/4677/4547
f 4567/4678/4548 4533/4668/4520 4568/4679/4549
f 4569/4680/4550 4567/4678/4548 4568/4679/4549
f 4569/4680/4550 4570/4681/4551 4567/4678/4548
f 4571/4682/4031 4570/4681/4551 4569/4680/4550
f 4571/4682/4031 4572/4683/4552 4570/4681/4551
f 4571/4682/4031 4573/4684/4553 4572/4683/4552
f 4571/4682/4031 4574/4685/4554 4573/4684/4553
f 4574/4685/4554 4575/4686/4555 4573/4684/4553
f 4574/4685/4554 4576/4687/4556 4575/4686/4555
f 4553/4657/1571 4575/4686/4555 4576/4687/4556
f 4577/3552/4557 4578/3554/4558 4579/3571/4559
f 4577/3552/4557 4579/3571/4559 4580/3574/4560
f 4579/3571/4559 4569/3573/4550 4580/3574/4560
f 4580/3574/4560 4569/3573/4550 4568/3575/4549
f 4580/3574/4560 4568/3575/4549 4581/3576/1961
f 4581/3576/1961 4568/3575/4549 4533/3577/4520
f 4581/3576/1961 4533/3577/4520 4534/3578/4521
f 4582/3579/4561 4581/3576/1961 4534/3578/4521
f 4582/3579/4561 4534/3578/4521 4538/3580/4524
f 4583/3581/4562 4582/3579/4561 4538/3580/4524
f 4583/3581/4562 4538/3580/4524 4537/3582/4523
f 4541/3548/4527 4583/3581/4562 4537/3582/4523
f 4584/3550/4563 4583/3581/4562 4541/3548/4527
f 4585/3583/1752 4583/3581/4562 4584/3550/4563
f 4577/3552/4557 4585/3583/1752 4584/3550/4563
f 4577/3552/4557 4580/3574/4560 4585/3583/1752
f 4585/3583/1752 4580/3574/4560 4581/3576/1961
f 4585/3583/1752 4581/3576/1961 4582/3579/4561
f 4585/3583/1752 4582/3579/4561 4583/3581/4562
f 4579/3571/4559 4571/3572/4031 4569/3573/4550
f 4579/3571/4559 4574/3570/4554 4571/3572/4031
f 4579/3571/4559 4578/3554/4558 4574/3570/4554
f 4578/3554/4558 4576/3556/4556 4574/3570/4554
f 4586/4688/4564 4587/4689/4565 4588/4690/4566
f 4589/4691/4567 4588/4690/4566 4587/4689/4565
f 4589/4691/4567 4590/4692/4031 4588/4690/4566
f 4591/3541/4568 4590/4692/4031 4589/4691/4567
f 4591/3541/4568 4592/3542/4569 4590/4692/4031
f 4593/3540/4570 4592/3542/4569 4591/3541/4568
f 4593/3540/4570 4594/3543/4552 4592/3542/4569
f 4595/3544/4571 4594/3543/4552 4593/3540/4570
f 4594/3543/4552 4595/3544/4571 4596/3545/4572
f 4597/3546/4573 4596/3545/4572 4595/3544/4571
f 4597/3546/4573 4598/3538/4574 4596/3545/4572
f 4597/3546/4573 4599/3547/4575 4598/3538/4574
f 4598/3538/4574 4599/3547/4575 4542/3539/4528
f 4599/3547/4575 4541/3548/4527 4542/3539/4528
f 4599/3547/4575 4600/3549/4576 4541/3548/4527
f 4584/3550/4563 4541/3548/4527 4600/3549/4576
f 4601/3551/4577 4584/3550/4563 4600/3549/4576
f 4577/3552/4557 4584/3550/4563 4601/3551/4577
f 4597/3546/4573 4595/3544/4571 4602/3558/4578
f 4590/4692/4031 4592/3542/4569 4545/4693/4530
f 4592/3542/4569 4544/3536/4530 4545/4693/4530
f 4592/3542/4569 4594/3543/4552 4544/3536/4530
f 4598/3538/4574 4544/3536/4530 4594/3543/4552
f 4594/3543/4552 4596/3545/4572 4598/3538/4574
f 4598/3538/4574 4543/3537/4529 4544/3536/4530
f 4598/3538/4574 4542/3539/4528 4543/3537/4529
f 4595/3544/4571 4593/3540/4570 4603/3569/4579
f 4604/3568/4580 4595/3544/4571 4603/3569/4579
f 4604/3568/4580 4602/3558/4578 4595/3544/4571
f 4605/3565/4581 4602/3558/4578 4604/3568/4580
f 4605/3565/4581 4606/3566/4582 4602/3558/4578
f 4606/3566/4582 4597/3546/4573 4602/3558/4578
f 4606/3566/4582 4607/3567/4583 4597/3546/4573
f 4608/3553/4584 4577/3552/4557 4601/3551/4577
f 4577/3552/4557 4608/3553/4584 4578/3554/4558
f 4608/3553/4584 4609/3555/4585 4578/3554/4558
f 4578/3554/4558 4609/3555/4585 4576/3556/4556
f 4553/3557/1571 4576/3556/4556 4609/3555/4585
f 4553/3557/1571 4609/3555/4585 4610/3562/4586
f 4611/3560/4587 4610/3562/4586 4609/3555/4585
f 4611/3560/4587 4612/3563/4588 4610/3562/4586
f 4613/3564/4589 4612/3563/4588 4611/3560/4587
f 4613/3564/4589 4611/3560/4587 4614/3561/4590
f 4605/3565/4581 4613/3564/4589 4614/3561/4590
f 4605/3565/4581 4614/3561/4590 4615/3559/4591
f 4605/3565/4581 4615/3559/4591 4606/3566/4582
f 4606/3566/4582 4615/3559/4591 4601/3551/4577
f 4606/3566/4582 4601/3551/4577 4607/3567/4583
f 4601/3551/4577 4600/3549/4576 4607/3567/4583
f 4597/3546/4573 4607/3567/4583 4600/3549/4576
f 4597/3546/4573 4600/3549/4576 4599/3547/4575
f 4608/3553/4584 4611/3560/4587 4609/3555/4585
f 4611/3560/4587 4608/3553/4584 4615/3559/4591
f 4608/3553/4584 4601/3551/4577 4615/3559/4591
f 4611/3560/4587 4615/3559/4591 4614/3561/4590
f 4554/4658/4038 4575/4686/4592 4553/4657/4593
f 4573/4684/1830 4575/4686/4592 4554/4658/4038
f 4573/4684/1830 4554/4658/4038 4556/4660/1830
f 4572/4683/4594 4573/4684/1830 4556/4660/1830
f 4572/4683/4594 4556/4660/1830 4548/4652/4595
f 4547/4651/4596 4572/4683/4594 4548/4652/4595
f 4547/4651/4596 4570/4681/4596 4572/4683/4594
f 4570/4681/4596 4547/4651/4596 4563/4667/4597
f 4570/4681/4596 4563/4667/4597 4567/4678/4598
f 4563/4667/4597 4533/4668/4599 4567/4678/4598
f 4616/3616/4600 4617/3615/4601 4618/3614/1524
f 4616/3616/4600 4619/3605/4602 4617/3615/4601
f 4613/3601/4589 4620/3598/4603 4621/3602/4604
f 4613/3601/4589 4621/3602/4604 4612/3603/4588
f 4621/3602/4604 4610/3588/4586 4612/3603/4588
f 4621/3602/4604 4622/3604/4605 4610/3588/4586
f 4610/3588/4586 4622/3604/4605 4623/3587/4606
f 4622/3604/4605 4619/3605/4602 4623/3587/4606
f 4624/3584/4607 4623/3587/4606 4619/3605/4602
f 4624/3584/4607 4619/3605/4602 4616/3616/4600
f 4552/3586/1862 4624/3584/4607 4616/3616/4600
f 4552/3586/1862 4616/3616/4600 4550/3622/4534
f 4550/3622/4534 4616/3616/4600 4618/3614/1524
f 4550/3622/4534 4618/3614/1524 4566/3623/4547
f 4625/3620/4608 4566/3623/4547 4618/3614/1524
f 4625/3620/4608 4565/3624/4546 4566/3623/4547
f 4564/3625/1829 4565/3624/4546 4625/3620/4608
f 4564/3625/1829 4625/3620/4608 4626/3619/1754
f 4498/3626/4496 4564/3625/1829 4626/3619/1754
f 4498/3626/4496 4626/3619/1754 4496/3621/4494
f 4610/3588/4586 4623/3587/4606 4553/3585/1571
f 4553/3585/1571 4623/3587/4606 4624/3584/4607
f 4624/3584/4607 4552/3586/1862 4553/3585/1571
f 4605/3600/4581 4620/3598/4603 4613/3601/4589
f 4605/3600/4581 4604/3599/4580 4620/3598/4603
f 4620/3598/4603 4604/3599/4580 4603/3597/4579
f 4496/3621/4494 4626/3619/1754 4476/3618/4480
f 4626/3619/1754 4477/3612/4481 4476/3618/4480
f 4626/3619/1754 4625/3620/4608 4477/3612/4481
f 4618/3614/1524 4477/3612/4481 4625/3620/4608
f 4618/3614/1524 4478/3613/1899 4477/3612/4481
f 4618/3614/1524 4617/3615/4601 4478/3613/1899
f 4478/3613/1899 4617/3615/4601 4627/3617/4609
f 4619/3605/4602 4627/3617/4609 4617/3615/4601
f 4622/3604/4605 4627/3617/4609 4619/3605/4602
f 4621/3602/4604 4627/3617/4609 4622/3604/4605
f 4621/3602/4604 4628/3610/4610 4627/3617/4609
f 4621/3602/4604 4629/3596/3881 4628/3610/4610
f 4630/3594/3886 4628/3610/4610 4629/3596/3881
f 4630/3594/3886 4629/3596/3881 4631/3595/1745
f 4632/3593/4611 4630/3594/3886 4631/3595/1745
f 4632/3593/4611 4631/3595/1745 4633/3735/4612
f 4633/3735/4612 4634/3590/4613 4632/3593/4611
f 4634/3590/4613 4633/3735/4612 4635/3734/4614
f 4636/3743/4615 4637/3729/4616 4638/3730/4616
f 4638/3730/4616 4639/3742/4617 4636/3743/4615
f 4638/3730/4616 4640/3731/4618 4639/3742/4617
f 4641/3741/4619 4639/3742/4617 4640/3731/4618
f 4641/3741/4619 4640/3731/4618 4642/3732/4616
f 4642/3732/4616 4586/4694/4564 4641/3741/4619
f 4643/3733/4612 4586/4694/4564 4642/3732/4616
f 4643/3733/4612 4587/3739/4565 4586/4694/4564
f 4587/3739/4565 4643/3733/4612 4635/3734/4614
f 4587/3739/4565 4635/3734/4614 4589/3738/4567
f 4633/3735/4612 4589/3738/4567 4635/3734/4614
f 4633/3735/4612 4591/3737/4568 4589/3738/4567
f 4631/3595/1745 4591/3737/4568 4633/3735/4612
f 4631/3595/1745 4593/3736/4570 4591/3737/4568
f 4631/3595/1745 4603/3597/4579 4593/3736/4570
f 4631/3595/1745 4629/3596/3881 4603/3597/4579
f 4620/3598/4603 4603/3597/4579 4629/3596/3881
f 4621/3602/4604 4620/3598/4603 4629/3596/3881
f 4644/3724/4620 1744/3746/1740 1829/3747/1807
f 4644/3724/4620 4637/3729/4616 1744/3746/1740
f 4637/3729/4616 1745/3745/1741 1744/3746/1740
f 4637/3729/4616 4645/3744/4621 1745/3745/1741
f 4636/3743/4615 4645/3744/4621 4637/3729/4616
f 4482/3692/4485 4486/3687/3858 4483/3691/4486
f 4482/3692/4485 4646/3693/1708 4486/3687/3858
f 4467/3694/4473 4646/3693/1708 4482/3692/4485
f 4467/3694/4473 4647/3709/1984 4646/3693/1708
f 4467/3694/4473 4648/3710/3874 4647/3709/1984
f 4647/3709/1984 4648/3710/3874 1945/4695/1924
f 4648/3710/3874 1942/4696/1921 1945/4695/1924
f 4648/3710/3874 4649/3711/1838 1942/4696/1921
f 4649/3711/1838 1941/4697/1920 1942/4696/1921
f 4649/3711/1838 4650/3720/4622 1941/4697/1920
f 4651/3721/4623 1941/4697/1920 4650/3720/4622
f 4652/3718/4259 4651/3721/4623 4650/3720/4622
f 4652/3718/4259 4653/3719/4624 4651/3721/4623
f 4652/3718/4259 4654/3717/4625 4653/3719/4624
f 4654/3717/4625 4644/3724/4620 4653/3719/4624
f 4654/3717/4625 4655/3725/4620 4644/3724/4620
f 4655/3725/4620 4637/3729/4616 4644/3724/4620
f 4655/3725/4620 4638/3730/4616 4637/3729/4616
f 4651/3721/4623 1816/4698/1810 1941/4697/1920
f 4651/3721/4623 1818/3722/1811 1816/4698/1810
f 4651/3721/4623 4653/3719/4624 1818/3722/1811
f 4653/3719/4624 1829/3723/1807 1818/3722/1811
f 4653/3719/4624 4644/3724/4620 1829/3723/1807
f 4656/3726/4620 4642/3732/4616 4640/3731/4618
f 4656/3726/4620 4640/3731/4618 4638/3730/4616
f 4656/3726/4620 4638/3730/4616 4655/3725/4620
f 4657/3714/4626 4656/3726/4620 4655/3725/4620
f 4657/3714/4626 4655/3725/4620 4654/3717/4625
f 4658/3713/4627 4657/3714/4626 4654/3717/4625
f 4658/3713/4627 4654/3717/4625 4652/3718/4259
f 4659/3712/4250 4658/3713/4627 4652/3718/4259
f 4652/3718/4259 4650/3720/4622 4659/3712/4250
f 4659/3712/4250 4650/3720/4622 4649/3711/1838
f 4634/3590/4613 4635/3734/4614 4660/3589/4628
f 4643/3733/4612 4660/3589/4628 4635/3734/4614
f 4643/3733/4612 4661/3728/4629 4660/3589/4628
f 4661/3728/4629 4643/3733/4612 4642/3732/4616
f 4661/3728/4629 4642/3732/4616 4662/3727/4630
f 4656/3726/4620 4662/3727/4630 4642/3732/4616
f 4656/3726/4620 4663/3715/4631 4662/3727/4630
f 4656/3726/4620 4657/3714/4626 4663/3715/4631
f 4657/3714/4626 4664/3702/4632 4663/3715/4631
f 4657/3714/4626 4658/3713/4627 4664/3702/4632
f 4665/3705/4633 4664/3702/4632 4658/3713/4627
f 4659/3712/4250 4665/3705/4633 4658/3713/4627
f 4666/3708/4634 4665/3705/4633 4659/3712/4250
f 4659/3712/4250 4649/3711/1838 4666/3708/4634
f 4667/3707/4635 4666/3708/4634 4649/3711/1838
f 4667/3707/4635 4649/3711/1838 4648/3710/3874
f 4467/3694/4473 4667/3707/4635 4648/3710/3874
f 4467/3694/4473 4469/3696/4475 4667/3707/4635
f 4449/3699/4209 4446/3701/4455 4668/3700/4636
f 4449/3699/4209 4668/3700/4636 4669/3698/4637
f 4461/3697/4467 4449/3699/4209 4669/3698/4637
f 4469/3696/4475 4461/3697/4467 4669/3698/4637
f 4469/3696/4475 4669/3698/4637 4670/3706/4638
f 4667/3707/4635 4469/3696/4475 4670/3706/4638
f 4667/3707/4635 4670/3706/4638 4666/3708/4634
f 4666/3708/4634 4670/3706/4638 4665/3705/4633
f 4670/3706/4638 4668/3700/4636 4665/3705/4633
f 4665/3705/4633 4668/3700/4636 4664/3702/4632
f 4670/3706/4638 4669/3698/4637 4668/3700/4636
f 4451/3608/4458 4478/3613/1899 4452/3609/4459
f 4478/3613/1899 4627/3617/4609 4452/3609/4459
f 4452/3609/4459 4627/3617/4609 4628/3610/4610
f 4452/3609/4459 4628/3610/4610 4630/3594/3886
f 4453/3592/4460 4452/3609/4459 4630/3594/3886
f 4453/3592/4460 4630/3594/3886 4632/3593/4611
f 4453/3592/4460 4632/3593/4611 4634/3590/4613
f 4453/3592/4460 4634/3590/4613 4454/3591/4461
f 4454/3591/4461 4634/3590/4613 4660/3589/4628
f 4454/3591/4461 4660/3589/4628 4442/3606/4454
f 4661/3728/4629 4442/3606/4454 4660/3589/4628
f 4661/3728/4629 4443/3716/4454 4442/3606/4454
f 4443/3716/4454 4661/3728/4629 4662/3727/4630
f 4443/3716/4454 4662/3727/4630 4663/3715/4631
f 4444/3703/4126 4443/3716/4454 4663/3715/4631
f 4444/3703/4126 4663/3715/4631 4664/3702/4632
f 4446/3701/4455 4444/3703/4126 4664/3702/4632
f 4446/3701/4455 4664/3702/4632 4668/3700/4636
f 4671/4699/4639 4672/4700/4640 4673/4701/4641
f 4671/4699/4639 4674/4702/4642 4672/4700/4640
f 4672/4700/4640 4674/4702/4642 4675/4703/4643
f 4672/4700/4640 4675/4703/4643 4676/4704/4644
f 4677/4705/4645 4678/4706/4646 4679/4707/4647
f 4677/4705/4645 4673/4701/4641 4678/4706/4646
f 4673/4701/4641 4680/4708/4648 4678/4706/4646
f 4673/4701/4641 4672/4700/4640 4680/4708/4648
f 4672/4700/4640 4681/4709/4649 4680/4708/4648
f 4672/4700/4640 4676/4704/4644 4681/4709/4649
f 4681/4709/4649 4676/4704/4644 4682/4710/4650
f 4676/4704/4644 4683/4711/4651 4682/4710/4650
f 4676/4704/4644 4675/4703/4643 4683/4711/4651
f 4684/4712/4652 4683/4711/4651 4675/4703/4643
f 4674/4702/4642 4684/4712/4652 4675/4703/4643
f 4674/4702/4642 4685/4713/4653 4684/4712/4652
f 4671/4699/4639 4685/4713/4653 4674/4702/4642
f 4671/4699/4639 4686/4714/4654 4685/4713/4653
f 4671/4699/4639 4687/4715/4655 4686/4714/4654
f 4686/4714/4654 4687/4715/4655 3536/4716/3635
f 4687/4715/4655 3525/4717/3624 3536/4716/3635
f 4687/4715/4655 4688/4718/4656 3525/4717/3624
f 4684/4712/4652 4689/4719/4657 4683/4711/4651
f 4684/4712/4652 3530/4720/3629 4689/4719/4657
f 4684/4712/4652 3528/4721/3627 3530/4720/3629
f 4685/4713/4653 3528/4721/3627 4684/4712/4652
f 4685/4713/4653 3531/4722/3630 3528/4721/3627
f 4686/4714/4654 3531/4722/3630 4685/4713/4653
f 4686/4714/4654 3533/4723/3632 3531/4722/3630
f 4686/4714/4654 3536/4716/3635 3533/4723/3632
f 4690/4724/4658 4681/4709/4649 4691/4725/4659
f 4690/4724/4658 4680/4708/4648 4681/4709/4649
f 4678/4706/4646 4680/4708/4648 4690/4724/4658
f 4678/4706/4646 4690/4724/4658 4679/4707/4647
f 4679/4707/4647 4690/4724/4658 4692/4726/4660
f 4679/4707/4647 4692/4726/4660 4693/4727/4661
f 3526/4728/3625 3525/4717/3624 4688/4718/4656
f 3526/4728/3625 4688/4718/4656 4694/4729/4662
f 4688/4718/4656 4695/4730/4663 4694/4729/4662
f 4688/4718/4656 4696/4731/4664 4695/4730/4663
f 4695/4730/4663 4696/4731/4664 4697/4732/4665
f 4696/4731/4664 4698/4733/4666 4697/4732/4665
f 4699/4734/4667 4697/4732/4665 4698/4733/4666
f 4699/4734/4667 4698/4733/4666 4677/4705/4645
f 4699/4734/4667 4677/4705/4645 4700/4735/4668
f 4677/4705/4645 4679/4707/4647 4700/4735/4668
f 4679/4707/4647 4701/4736/4669 4700/4735/4668
f 4679/4707/4647 4693/4727/4661 4701/4736/4669
f 4702/4737/4670 4701/4736/4669 4693/4727/4661
f 4702/4737/4670 4693/4727/4661 4692/4726/4660
f 4692/4726/4660 4703/4738/4671 4702/4737/4670
f 4692/4726/4660 4704/4739/4672 4703/4738/4671
f 4690/4724/4658 4704/4739/4672 4692/4726/4660
f 4690/4724/4658 4691/4725/4659 4704/4739/4672
f 4702/4737/4670 4703/4738/4671 4705/4740/4673
f 4695/4730/4663 4697/4732/4665 4706/4741/4674
f 4699/4734/4667 4706/4741/4674 4697/4732/4665
f 4699/4734/4667 4700/4735/4668 4707/4742/4675
f 4700/4735/4668 4708/4743/4676 4707/4742/4675
f 4700/4735/4668 4701/4736/4669 4708/4743/4676
f 4701/4736/4669 4709/4744/4677 4708/4743/4676
f 4701/4736/4669 4702/4737/4670 4709/4744/4677
f 4709/4744/4677 4702/4737/4670 4710/4745/4678
f 4702/4737/4670 4705/4740/4673 4710/4745/4678
f 4711/4746/4679 4710/4745/4678 4705/4740/4673
f 4711/4746/4679 4705/4740/4673 4712/4747/4680
f 4713/4748/4681 4711/4746/4679 4712/4747/4680
f 4713/4748/4681 4714/4749/4682 4711/4746/4679
f 2337/4750/2305 4714/4749/4682 4713/4748/4681
f 4715/4751/4683 4714/4749/4682 2337/4750/2305
f 4715/4751/4683 2337/4750/2305 2059/4752/2027
f 2337/4750/2305 4713/4748/4681 2338/4753/2306
f 4716/4754/4684 4714/4749/4682 4715/4751/4683
f 4716/4754/4684 4711/4746/4679 4714/4749/4682
f 4717/4755/4685 4711/4746/4679 4716/4754/4684
f 4717/4755/4685 4710/4745/4678 4711/4746/4679
f 4709/4744/4677 4710/4745/4678 4717/4755/4685
f 4718/4756/4686 4719/4757/4687 4720/4758/4688
f 4721/4759/4689 2332/4760/2300 2331/4761/2299
f 2332/4760/2300 4721/4759/4689 4722/4762/4690
f 2332/4760/2300 4722/4762/4690 2333/4763/2301
f 2333/4763/2301 4722/4762/4690 4723/4764/4691
f 2333/4763/2301 4723/4764/4691 2334/4765/2302
f 2334/4765/2302 4723/4764/4691 4724/4766/4692
f 2334/4765/2302 4724/4766/4692 2043/4767/2011
f 2043/4767/2011 4724/4766/4692 4720/4758/4688
f 2043/4767/2011 4720/4758/4688 2044/4768/2012
f 4720/4758/4688 2045/4769/2013 2044/4768/2012
f 4720/4758/4688 4719/4757/4687 2045/4769/2013
f 2045/4769/2013 4719/4757/4687 4725/4770/4693
f 4725/4770/4693 4719/4757/4687 4718/4756/4686
f 4725/4770/4693 4718/4756/4686 4726/4771/4694
f 4727/4772/4695 4726/4771/4694 4718/4756/4686
f 4727/4772/4695 4728/4773/4696 4726/4771/4694
f 4729/4774/4697 4728/4773/4696 4727/4772/4695
f 4729/4774/4697 4730/4775/4698 4728/4773/4696
f 4724/4766/4692 4723/4764/4691 4731/4776/4699
f 2045/4769/2013 4725/4770/4693 2057/4777/2025
f 2057/4777/2025 4725/4770/4693 4732/4778/4700
f 4732/4778/4700 4725/4770/4693 4726/4771/4694
f 4732/4778/4700 4726/4771/4694 4733/4779/4701
f 4728/4773/4696 4733/4779/4701 4726/4771/4694
f 4728/4773/4696 4734/4780/4702 4733/4779/4701
f 4734/4780/4702 4728/4773/4696 4730/4775/4698
f 4730/4775/4698 4735/4781/4703 4734/4780/4702
f 4734/4780/4702 4735/4781/4703 4709/4782/4677
f 4735/4781/4703 4708/4783/4676 4709/4782/4677
f 2057/4777/2025 4732/4778/4700 2058/4784/2026
f 4732/4778/4700 2059/4785/2027 2058/4784/2026
f 4732/4778/4700 4715/4786/4683 2059/4785/2027
f 4715/4786/4683 4732/4778/4700 4733/4779/4701
f 4715/4786/4683 4733/4779/4701 4716/4787/4684
f 4734/4780/4702 4716/4787/4684 4733/4779/4701
f 4734/4780/4702 4717/4788/4685 4716/4787/4684
f 4734/4780/4702 4709/4782/4677 4717/4788/4685
f 4729/4774/4697 4736/4789/4704 4730/4775/4698
f 4730/4775/4698 4736/4789/4704 4735/4781/4703
f 4736/4789/4704 4737/4790/4705 4735/4781/4703
f 4735/4781/4703 4737/4790/4705 4708/4783/4676
f 4738/4791/4706 4708/4783/4676 4737/4790/4705
f 4738/4791/4706 4707/4792/4675 4708/4783/4676
f 4699/4793/4667 4707/4792/4675 4738/4791/4706
f 4699/4793/4667 4738/4791/4706 4706/4794/4674
f 4706/4794/4674 4738/4791/4706 4739/4795/4707
f 4706/4794/4674 4739/4795/4707 4695/4796/4663
f 4740/4797/4708 4695/4796/4663 4739/4795/4707
f 4740/4797/4708 4694/4798/4662 4695/4796/4663
f 4694/4798/4662 4740/4797/4708 4741/4799/4709
f 4694/4798/4662 4741/4799/4709 3526/4800/3625
f 3526/4800/3625 4741/4799/4709 4742/4801/4710
f 4742/4801/4710 3543/4802/3642 3526/4800/3625
f 3543/4802/3642 4742/4801/4710 4743/4803/4711
f 3543/4802/3642 4743/4803/4711 3541/4804/3640
f 4739/4795/4707 4744/4805/4712 4740/4797/4708
f 4745/4806/4713 4746/4807/4714 4747/4808/4715
f 4748/4809/4716 4747/4808/4715 4746/4807/4714
f 4748/4809/4716 4749/4810/4717 4747/4808/4715
f 4748/4809/4716 4750/4811/4718 4749/4810/4717
f 4749/4810/4717 4750/4811/4718 4744/4805/4712
f 4751/4812/4719 4744/4805/4712 4750/4811/4718
f 4740/4797/4708 4744/4805/4712 4751/4812/4719
f 4740/4797/4708 4751/4812/4719 4741/4799/4709
f 4742/4801/4710 4741/4799/4709 4751/4812/4719
f 4742/4801/4710 4751/4812/4719 4743/4803/4711
f 4743/4803/4711 4751/4812/4719 4750/4811/4718
f 4743/4803/4711 4750/4811/4718 4748/4809/4716
f 3541/4804/3640 4743/4803/4711 4748/4809/4716
f 3541/4804/3640 4748/4809/4716 3540/4813/3639
f 4746/4807/4714 3540/4813/3639 4748/4809/4716
f 4746/4807/4714 3539/4814/3638 3540/4813/3639
f 4745/4806/4713 3539/4814/3638 4746/4807/4714
f 4745/4806/4713 3562/4815/3661 3539/4814/3638
f 3561/4816/3660 3562/4815/3661 4745/4806/4713
f 3561/4816/3660 4745/4806/4713 4752/4817/4720
f 4753/4818/4721 3561/4816/3660 4752/4817/4720
f 4754/4819/4722 4753/4818/4721 4752/4817/4720
f 4755/4820/4723 4753/4818/4721 4754/4819/4722
f 4756/4821/4724 4755/4820/4723 4754/4819/4722
f 4757/4822/4725 4755/4820/4723 4756/4821/4724
f 4758/4823/4726 4757/4822/4725 4756/4821/4724
f 4757/4822/4725 4758/4823/4726 4759/4824/4727
f 4760/4825/4728 4759/4824/4727 4758/4823/4726
f 4759/4824/4727 4760/4825/4728 4761/4826/4729
f 4760/4825/4728 4762/4827/4730 4761/4826/4729
f 4757/4822/4725 4759/4824/4727 4763/4828/4731
f 4760/4825/4728 4758/4823/4726 4764/4829/4732
f 4764/4829/4732 4758/4823/4726 4765/4830/4733
f 4758/4823/4726 4756/4821/4724 4765/4830/4733
f 4765/4830/4733 4756/4821/4724 4766/4831/4734
f 4756/4821/4724 4754/4819/4722 4766/4831/4734
f 4766/4831/4734 4754/4819/4722 4767/4832/4735
f 4754/4819/4722 4752/4817/4720 4767/4832/4735
f 4766/4831/4734 4767/4832/4735 4768/4833/4736
f 4769/4834/4737 4766/4831/4734 4768/4833/4736
f 4765/4830/4733 4766/4831/4734 4769/4834/4737
f 4770/4835/4738 4765/4830/4733 4769/4834/4737
f 4764/4829/4732 4765/4830/4733 4770/4835/4738
f 4769/4834/4737 4768/4833/4736 4771/4836/4739
f 4772/4837/4740 4769/4834/4737 4771/4836/4739
f 4770/4835/4738 4769/4834/4737 4772/4837/4740
f 4772/4837/4740 4771/4836/4739 4773/4838/4741
f 4760/4825/4728 4774/4839/4742 4762/4827/4730
f 4764/4829/4732 4774/4839/4742 4760/4825/4728
f 4764/4829/4732 4721/4759/4689 4774/4839/4742
f 4721/4759/4689 4764/4829/4732 4770/4835/4738
f 4721/4759/4689 4770/4835/4738 4722/4762/4690
f 4722/4762/4690 4770/4835/4738 4772/4837/4740
f 4722/4762/4690 4772/4837/4740 4723/4764/4691
f 4723/4764/4691 4772/4837/4740 4773/4838/4741
f 4731/4776/4699 4723/4764/4691 4773/4838/4741
f 4771/4836/4739 4731/4776/4699 4773/4838/4741
f 4771/4836/4739 4775/4840/4743 4731/4776/4699
f 4768/4833/4736 4775/4840/4743 4771/4836/4739
f 4768/4833/4736 4776/4841/4744 4775/4840/4743
f 4767/4832/4735 4776/4841/4744 4768/4833/4736
f 4767/4832/4735 4777/4842/4745 4776/4841/4744
f 4752/4817/4720 4777/4842/4745 4767/4832/4735
f 4752/4817/4720 4745/4806/4713 4777/4842/4745
f 4745/4806/4713 4747/4808/4715 4777/4842/4745
f 4775/4840/4743 4778/4843/4746 4779/4844/4747
f 4776/4841/4744 4778/4843/4746 4775/4840/4743
f 4776/4841/4744 4780/4845/4748 4778/4843/4746
f 4777/4842/4745 4780/4845/4748 4776/4841/4744
f 4777/4842/4745 4747/4808/4715 4780/4845/4748
f 4781/4846/4749 4780/4845/4748 4747/4808/4715
f 4781/4846/4749 4747/4808/4715 4749/4810/4717
f 4781/4846/4749 4749/4810/4717 4782/4847/4750
f 4778/4843/4746 4783/4848/4751 4779/4844/4747
f 4778/4843/4746 4784/4849/4752 4783/4848/4751
f 4780/4845/4748 4784/4849/4752 4778/4843/4746
f 4780/4845/4748 4781/4846/4749 4784/4849/4752
f 4749/4810/4717 4744/4805/4712 4782/4847/4750
f 4782/4847/4750 4744/4805/4712 4785/4850/4753
f 4739/4795/4707 4785/4850/4753 4744/4805/4712
f 4738/4791/4706 4785/4850/4753 4739/4795/4707
f 4738/4791/4706 4737/4790/4705 4785/4850/4753
f 4736/4789/4704 4785/4850/4753 4737/4790/4705
f 4782/4847/4750 4785/4850/4753 4736/4789/4704
f 4729/4774/4697 4782/4847/4750 4736/4789/4704
f 4781/4846/4749 4782/4847/4750 4729/4774/4697
f 4781/4846/4749 4729/4774/4697 4727/4772/4695
f 4781/4846/4749 4727/4772/4695 4784/4849/4752
f 4784/4849/4752 4727/4772/4695 4718/4756/4686
f 4784/4849/4752 4718/4756/4686 4783/4848/4751
f 4718/4756/4686 4720/4758/4688 4783/4848/4751
f 4724/4766/4692 4783/4848/4751 4720/4758/4688
f 4724/4766/4692 4779/4844/4747 4783/4848/4751
f 4724/4766/4692 4731/4776/4699 4779/4844/4747
f 4775/4840/4743 4779/4844/4747 4731/4776/4699
f 4677/4705/4645 4698/4733/4666 4673/4701/4641
f 4698/4733/4666 4671/4699/4639 4673/4701/4641
f 4698/4733/4666 4786/4851/4754 4671/4699/4639
f 4671/4699/4639 4786/4851/4754 4687/4715/4655
f 4786/4851/4754 4688/4718/4656 4687/4715/4655
f 4786/4851/4754 4696/4731/4664 4688/4718/4656
f 4696/4731/4664 4786/4851/4754 4698/4733/4666
f 4787/3952/4755 4788/3956/4756 4789/3955/4757
f 4787/3952/4755 4789/3955/4757 4790/3951/4758
f 4791/3950/4759 4787/3952/4755 4790/3951/4758
f 4791/3950/4759 4790/3951/4758 4792/3954/4760
f 4789/3955/4757 4792/3954/4760 4790/3951/4758
f 4792/3954/4760 4793/3978/4761 4794/3977/4762
f 4789/3955/4757 4793/3978/4761 4792/3954/4760
f 4793/3978/4761 4789/3955/4757 4795/3957/4763
f 4795/3957/4763 4789/3955/4757 4788/3956/4756
f 4795/3957/4763 4788/3956/4756 4796/3958/4764
f 4797/3959/4765 4795/3957/4763 4796/3958/4764
f 4797/3959/4765 4798/3960/4766 4795/3957/4763
f 4799/3961/4767 4795/3957/4763 4798/3960/4766
f 4799/3961/4767 4798/3960/4766 4800/3962/4768
f 4801/3963/4769 4799/3961/4767 4800/3962/4768
f 4801/3963/4769 4800/3962/4768 4802/3964/4770
f 4801/3963/4769 4802/3964/4770 4803/3965/4771
f 4801/3963/4769 4803/3965/4771 4804/3966/4772
f 4804/3966/4772 4803/3965/4771 4805/3967/4773
f 4804/3966/4772 4805/3967/4773 4806/3968/4774
f 4806/3968/4774 4805/3967/4773 4807/3969/4775
f 4806/3968/4774 4807/3969/4775 4808/3970/4776
f 4806/3968/4774 4808/3970/4776 4809/3971/4777
f 4806/3968/4774 4809/3971/4777 4810/3972/4778
f 4810/3972/4778 4809/3971/4777 4811/3973/4779
f 4810/3972/4778 4811/3973/4779 4812/3974/4780
f 4813/3926/4781 4812/3974/4780 4811/3973/4779
f 4814/3975/4782 4812/3974/4780 4813/3926/4781
f 4814/3975/4782 4810/3972/4778 4812/3974/4780
f 4814/3975/4782 4815/3979/4783 4810/3972/4778
f 4815/3979/4783 4806/3968/4774 4810/3972/4778
f 4815/3979/4783 4804/3966/4772 4806/3968/4774
f 4794/3977/4762 4804/3966/4772 4815/3979/4783
f 4794/3977/4762 4801/3963/4769 4804/3966/4772
f 4794/3977/4762 4799/3961/4767 4801/3963/4769
f 4794/3977/4762 4793/3978/4761 4799/3961/4767
f 4793/3978/4761 4795/3957/4763 4799/3961/4767
f 4794/3977/4762 4815/3979/4783 4814/3975/4782
f 4816/4852/4784 4817/3941/4785 4818/3940/4786
f 4819/3939/4787 4818/3940/4786 4817/3941/4785
f 4819/3939/4787 4820/3937/4788 4818/3940/4786
f 4821/3938/4789 4820/3937/4788 4819/3939/4787
f 4821/3938/4789 4822/3936/4790 4820/3937/4788
f 4823/3934/4791 4822/3936/4790 4821/3938/4789
f 4823/3934/4791 4824/3935/4792 4822/3936/4790
f 4823/3934/4791 4825/3933/4793 4824/3935/4792
f 4826/3932/4794 4825/3933/4793 4823/3934/4791
f 4826/3932/4794 4827/3929/4795 4825/3933/4793
f 4828/3925/4796 4827/3929/4795 4826/3932/4794
f 4828/3925/4796 4829/3928/4797 4827/3929/4795
f 4828/3925/4796 4813/3926/4781 4829/3928/4797
f 4828/3925/4796 4830/3927/4798 4813/3926/4781
f 4814/3975/4782 4813/3926/4781 4830/3927/4798
f 4831/3976/4799 4814/3975/4782 4830/3927/4798
f 4794/3977/4762 4814/3975/4782 4831/3976/4799
f 4792/3954/4760 4794/3977/4762 4831/3976/4799
f 4823/3934/4791 4821/3938/4789 4832/3942/4800
f 4833/3931/4801 4834/3930/4802 4835/3946/4803
f 4834/3930/4802 4833/3931/4801 4830/3927/4798
f 4834/3930/4802 4830/3927/4798 4828/3925/4796
f 4834/3930/4802 4828/3925/4796 4826/3932/4794
f 4834/3930/4802 4826/3932/4794 4836/3947/4804
f 4823/3934/4791 4836/3947/4804 4826/3932/4794
f 4823/3934/4791 4837/3945/4805 4836/3947/4804
f 4837/3945/4805 4823/3934/4791 4832/3942/4800
f 4837/3945/4805 4832/3942/4800 4838/3948/4806
f 4835/3946/4803 4837/3945/4805 4838/3948/4806
f 4835/3946/4803 4838/3948/4806 4839/3949/4807
f 4791/3950/4759 4835/3946/4803 4839/3949/4807
f 4791/3950/4759 4840/3953/4808 4835/3946/4803
f 4791/3950/4759 4792/3954/4760 4840/3953/4808
f 4840/3953/4808 4792/3954/4760 4831/3976/4799
f 4840/3953/4808 4831/3976/4799 4833/3931/4801
f 4831/3976/4799 4830/3927/4798 4833/3931/4801
f 4833/3931/4801 4835/3946/4803 4840/3953/4808
f 4834/3930/4802 4837/3945/4805 4835/3946/4803
f 4834/3930/4802 4836/3947/4804 4837/3945/4805
f 4841/3906/4809 4842/3904/4810 4843/3905/4811
f 4844/3913/4812 4842/3904/4810 4841/3906/4809
f 4844/3913/4812 4841/3906/4809 4845/3911/4813
f 4846/3908/4814 4845/3911/4813 4841/3906/4809
f 4846/3908/4814 4841/3906/4809 4847/3907/4815
f 4847/3907/4815 4841/3906/4809 4843/3905/4811
f 4848/3918/4816 4832/3919/4800 4821/3901/4789
f 4849/3916/4817 4832/3919/4800 4848/3918/4816
f 4850/3897/4818 4849/3916/4817 4848/3918/4816
f 4850/3897/4818 4851/3915/4819 4849/3916/4817
f 4852/3898/4820 4851/3915/4819 4850/3897/4818
f 4852/3898/4820 4842/3904/4810 4851/3915/4819
f 4853/3893/4821 4842/3904/4810 4852/3898/4820
f 4853/3893/4821 4843/3905/4811 4842/3904/4810
f 4854/4026/4822 4843/3905/4811 4853/3893/4821
f 4847/3907/4815 4843/3905/4811 4854/4026/4822
f 4855/4024/4823 4847/3907/4815 4854/4026/4822
f 4856/3909/4824 4847/3907/4815 4855/4024/4823
f 4856/3909/4824 4846/3908/4814 4847/3907/4815
f 4846/3908/4814 4856/3909/4824 4797/3910/4765
f 4797/3910/4765 4845/3911/4813 4846/3908/4814
f 4796/3912/4764 4845/3911/4813 4797/3910/4765
f 4796/3912/4764 4844/3913/4812 4845/3911/4813
f 4857/3914/4825 4844/3913/4812 4796/3912/4764
f 4849/3916/4817 4838/3920/4806 4832/3919/4800
f 4855/4024/4823 4854/4026/4822 4858/4025/4826
f 4859/4027/4827 4858/4025/4826 4854/4026/4822
f 4857/3914/4825 4842/3904/4810 4844/3913/4812
f 4857/3914/4825 4851/3915/4819 4842/3904/4810
f 4857/3914/4825 4849/3916/4817 4851/3915/4819
f 4857/3914/4825 4860/3917/4828 4849/3916/4817
f 4860/3917/4828 4838/3920/4806 4849/3916/4817
f 4860/3917/4828 4839/3921/4807 4838/3920/4806
f 4791/3922/4759 4839/3921/4807 4860/3917/4828
f 4791/3922/4759 4860/3917/4828 4787/3923/4755
f 4787/3923/4755 4860/3917/4828 4857/3914/4825
f 4787/3923/4755 4857/3914/4825 4788/3924/4756
f 4857/3914/4825 4796/3912/4764 4788/3924/4756
f 4861/3890/4829 4817/3903/4785 4816/4853/4784
f 4861/3890/4829 4819/3902/4787 4817/3903/4785
f 4861/3890/4829 4862/3894/4830 4819/3902/4787
f 4821/3901/4789 4819/3902/4787 4862/3894/4830
f 4821/3901/4789 4862/3894/4830 4863/3900/4831
f 4848/3918/4816 4821/3901/4789 4863/3900/4831
f 4864/3899/4832 4848/3918/4816 4863/3900/4831
f 4864/3899/4832 4850/3897/4818 4848/3918/4816
f 4865/3896/4833 4850/3897/4818 4864/3899/4832
f 4865/3896/4833 4852/3898/4820 4850/3897/4818
f 4866/3886/4834 4852/3898/4820 4865/3896/4833
f 4866/3886/4834 4853/3893/4821 4852/3898/4820
f 4866/3886/4834 4867/3885/4835 4853/3893/4821
f 4854/4026/4822 4853/3893/4821 4867/3885/4835
f 4854/4026/4822 4867/3885/4835 4868/4028/4836
f 4859/4027/4827 4854/4026/4822 4868/4028/4836
f 4869/4029/4837 4859/4027/4827 4868/4028/4836
f 4869/4029/4837 4868/4028/4836 4870/3884/4838
f 4871/3882/4839 4869/4029/4837 4870/3884/4838
f 4870/3884/4838 4868/4028/4836 4867/3885/4835
f 4866/3886/4834 4865/3896/4833 4872/3887/4840
f 4865/3896/4833 4873/3895/4841 4872/3887/4840
f 4865/3896/4833 4864/3899/4832 4873/3895/4841
f 4863/3900/4831 4873/3895/4841 4864/3899/4832
f 4873/3895/4841 4863/3900/4831 4862/3894/4830
f 4873/3895/4841 4862/3894/4830 4874/3888/4842
f 4861/3890/4829 4874/3888/4842 4862/3894/4830
f 4872/3887/4840 4873/3895/4841 4874/3888/4842
f 4875/3869/4843 4876/3848/4844 4877/3849/4845
f 4875/3869/4843 4878/3868/4846 4876/3848/4844
f 4875/3869/4843 4879/3880/4847 4878/3868/4846
f 4878/3868/4846 4879/3880/4847 4880/3881/4848
f 4878/3868/4846 4880/3881/4848 4881/3867/4849
f 4881/3867/4849 4880/3881/4848 4871/3882/4839
f 4881/3867/4849 4871/3882/4839 4882/3866/4850
f 4871/3882/4839 4870/3884/4838 4882/3866/4850
f 4882/3866/4850 4870/3884/4838 4883/3865/4851
f 4870/3884/4838 4867/3885/4835 4883/3865/4851
f 4883/3865/4851 4867/3885/4835 4884/3864/4852
f 4866/3886/4834 4884/3864/4852 4867/3885/4835
f 4884/3864/4852 4866/3886/4834 4885/3863/4853
f 4866/3886/4834 4872/3887/4840 4885/3863/4853
f 4885/3863/4853 4872/3887/4840 4886/3862/4854
f 4872/3887/4840 4874/3888/4842 4886/3862/4854
f 4887/3889/4855 4886/3862/4854 4874/3888/4842
f 4861/3890/4829 4887/3889/4855 4874/3888/4842
f 4876/3848/4844 4878/3868/4846 4881/3867/4849
f 4888/3842/4856 4889/3844/4857 4890/3845/4858
f 4888/3842/4856 4891/3841/4859 4889/3844/4857
f 4891/3841/4859 4892/3846/4860 4889/3844/4857
f 4891/3841/4859 4893/3840/4861 4892/3846/4860
f 4893/3840/4861 4894/3847/4862 4892/3846/4860
f 4893/3840/4861 4895/3839/4863 4894/3847/4862
f 4895/3839/4863 4876/3848/4844 4894/3847/4862
f 4894/3847/4862 4876/3848/4844 4896/3857/4864
f 4876/3848/4844 4881/3867/4849 4896/3857/4864
f 4896/3857/4864 4881/3867/4849 4882/3866/4850
f 4896/3857/4864 4882/3866/4850 4897/3861/4865
f 4882/3866/4850 4883/3865/4851 4897/3861/4865
f 4897/3861/4865 4883/3865/4851 4898/3753/4866
f 4883/3865/4851 4884/3864/4852 4898/3753/4866
f 4898/3753/4866 4884/3864/4852 4899/3755/4867
f 4884/3864/4852 4885/3863/4853 4899/3755/4867
f 4899/3755/4867 4885/3863/4853 4900/3757/4868
f 4885/3863/4853 4886/3862/4854 4900/3757/4868
f 4894/3847/4862 4896/3857/4864 4901/3856/4869
f 4901/3856/4869 4896/3857/4864 4897/3861/4865
f 4901/3856/4869 4897/3861/4865 4902/3754/4870
f 4897/3861/4865 4898/3753/4866 4902/3754/4870
f 4902/3754/4870 4898/3753/4866 4903/3752/4871
f 4898/3753/4866 4899/3755/4867 4903/3752/4871
f 4903/3752/4871 4899/3755/4867 4904/3756/4872
f 4899/3755/4867 4900/3757/4868 4904/3756/4872
f 4892/3846/4860 4894/3847/4862 4901/3856/4869
f 4892/3846/4860 4901/3856/4869 4905/3855/4873
f 4905/3855/4873 4901/3856/4869 4902/3754/4870
f 4905/3855/4873 4902/3754/4870 4906/3851/4874
f 4902/3754/4870 4903/3752/4871 4906/3851/4874
f 4906/3851/4874 4903/3752/4871 4907/3850/4875
f 4903/3752/4871 4904/3756/4872 4907/3850/4875
f 4908/3758/4876 4907/3850/4875 4904/3756/4872
f 4908/3758/4876 4904/3756/4872 4900/3757/4868
f 4908/3758/4876 4900/3757/4868 4909/3759/4877
f 4886/3862/4854 4909/3759/4877 4900/3757/4868
f 4886/3862/4854 4910/3892/4878 4909/3759/4877
f 4887/3889/4855 4910/3892/4878 4886/3862/4854
f 4910/3892/4878 4887/3889/4855 4911/3891/4879
f 4887/3889/4855 4912/3751/4880 4911/3891/4879
f 4913/3750/4881 4911/3891/4879 4912/3751/4880
f 4913/3750/4881 4912/3751/4880 4914/3749/4882
f 4913/3750/4881 4914/3749/4882 4915/3748/4883
f 4916/3854/4884 4905/3855/4873 4906/3851/4874
f 4916/3854/4884 4906/3851/4874 4917/3852/4885
f 4906/3851/4874 4907/3850/4875 4917/3852/4885
f 4907/3850/4875 4918/3853/4886 4917/3852/4885
f 4908/3758/4876 4918/3853/4886 4907/3850/4875
f 4918/3853/4886 4908/3758/4876 4919/3776/4887
f 4918/3853/4886 4919/3776/4887 4920/3859/4888
f 4918/3853/4886 4916/3854/4884 4917/3852/4885
f 4889/3844/4857 4892/3846/4860 4905/3855/4873
f 4889/3844/4857 4905/3855/4873 4916/3854/4884
f 4890/3845/4858 4889/3844/4857 4916/3854/4884
f 4890/3845/4858 4916/3854/4884 4918/3853/4886
f 4921/3858/4889 4890/3845/4858 4918/3853/4886
f 4921/3858/4889 4918/3853/4886 4920/3859/4888
f 4922/3860/4890 4921/3858/4889 4920/3859/4888
f 4922/3860/4890 4920/3859/4888 4923/3777/4891
f 4923/3777/4891 4920/3859/4888 4919/3776/4887
f 4923/3777/4891 4919/3776/4887 4924/3773/4892
f 4924/3773/4892 4919/3776/4887 4925/3760/4893
f 4908/3758/4876 4925/3760/4893 4919/3776/4887
f 4908/3758/4876 4909/3759/4877 4925/3760/4893
f 4909/3759/4877 4926/3761/4894 4925/3760/4893
f 4909/3759/4877 4910/3892/4878 4926/3761/4894
f 4910/3892/4878 4911/3891/4879 4926/3761/4894
f 4913/3750/4881 4926/3761/4894 4911/3891/4879
f 4913/3750/4881 4927/3762/4895 4926/3761/4894
f 4927/3762/4895 4925/3760/4893 4926/3761/4894
f 4927/3762/4895 4928/3772/4896 4925/3760/4893
f 4924/3773/4892 4925/3760/4893 4928/3772/4896
f 4929/3774/4897 4924/3773/4892 4928/3772/4896
f 4930/3775/4898 4924/3773/4892 4929/3774/4897
f 4930/3775/4898 4923/3777/4891 4924/3773/4892
f 4931/3778/4899 4923/3777/4891 4930/3775/4898
f 4931/3778/4899 4922/3860/4890 4923/3777/4891
f 4932/3780/2160 4922/3860/4890 4931/3778/4899
f 4932/3780/2160 4933/3781/4900 4922/3860/4890
f 4933/3781/4900 4921/3858/4889 4922/3860/4890
f 4933/3781/4900 4934/3843/4901 4921/3858/4889
f 4934/3843/4901 4890/3845/4858 4921/3858/4889
f 4934/3843/4901 4888/3842/4856 4890/3845/4858
f 4913/3750/4881 4915/3748/4883 4935/3763/4902
f 4927/3762/4895 4913/3750/4881 4935/3763/4902
f 4927/3762/4895 4935/3763/4902 4936/3788/4903
f 4928/3772/4896 4927/3762/4895 4936/3788/4903
f 4928/3772/4896 4936/3788/4903 4937/3787/4904
f 4929/3774/4897 4928/3772/4896 4937/3787/4904
f 4937/3787/4904 4938/3786/4905 4929/3774/4897
f 4930/3775/4898 4929/3774/4897 4938/3786/4905
f 4930/3775/4898 4938/3786/4905 4939/3785/4906
f 4931/3778/4899 4930/3775/4898 4939/3785/4906
f 4931/3778/4899 4939/3785/4906 4940/3784/4907
f 4932/3780/2160 4931/3778/4899 4940/3784/4907
f 4932/3780/2160 4940/3784/4907 4941/3783/4908
f 4932/3780/2160 4941/3783/4908 4942/3782/4909
f 4932/3780/2160 4942/3782/4909 4943/3779/4910
f 4943/3779/4910 4933/3781/4900 4932/3780/2160
f 4943/3779/4910 4944/3798/4911 4933/3781/4900
f 4944/3798/4911 4934/3843/4901 4933/3781/4900
f 4937/3787/4904 4945/3789/4912 4938/3786/4905
f 4937/3787/4904 4946/3768/4913 4945/3789/4912
f 4937/3787/4904 4936/3788/4903 4946/3768/4913
f 4936/3788/4903 4947/3765/2374 4946/3768/4913
f 4936/3788/4903 4935/3763/4902 4947/3765/2374
f 4935/3763/4902 4948/3764/4914 4947/3765/2374
f 4935/3763/4902 4915/3748/4883 4948/3764/4914
f 4938/3786/4905 2394/3790/2084 2395/3791/2360
f 4939/3785/4906 4938/3786/4905 2395/3791/2360
f 4939/3785/4906 2395/3791/2360 2383/3792/2084
f 4940/3784/4907 4939/3785/4906 2383/3792/2084
f 4940/3784/4907 2383/3792/2084 2381/3793/2348
f 4941/3783/4908 4940/3784/4907 2381/3793/2348
f 4941/3783/4908 2381/3793/2348 2380/3794/2347
f 4941/3783/4908 2380/3794/2347 2378/3795/2345
f 4941/3783/4908 2378/3795/2345 4942/3782/4909
f 4949/3796/4915 4942/3782/4909 2378/3795/2345
f 4943/3779/4910 4942/3782/4909 4949/3796/4915
f 4943/3779/4910 4949/3796/4915 4950/3797/4916
f 4944/3798/4911 4943/3779/4910 4950/3797/4916
f 4944/3798/4911 4950/3797/4916 4951/3799/4917
f 4952/3800/4918 4944/3798/4911 4951/3799/4917
f 4952/3800/4918 4951/3799/4917 4953/3818/4919
f 4954/3823/4920 4952/3800/4918 4953/3818/4919
f 4954/3823/4920 4953/3818/4919 4955/3816/4921
f 4949/3796/4915 2378/3795/2345 2376/3801/2050
f 4956/4854/4922 4957/3819/4923 4958/4855/4924
f 4958/4855/4924 4957/3819/4923 4959/3820/4925
f 4951/3799/4917 4959/3820/4925 4957/3819/4923
f 4951/3799/4917 4950/3797/4916 4959/3820/4925
f 4950/3797/4916 4960/3803/4926 4959/3820/4925
f 4950/3797/4916 4949/3796/4915 4960/3803/4926
f 4949/3796/4915 2082/3805/2050 4960/3803/4926
f 4949/3796/4915 2376/3806/2050 2082/3805/2050
f 2081/3802/2049 4960/3803/4926 2082/3805/2050
f 2081/3802/2049 4961/3804/4927 4960/3803/4926
f 4962/4856/4928 4960/3803/4926 4961/3804/4927
f 4962/4856/4928 4959/3820/4925 4960/3803/4926
f 4958/4855/4924 4959/3820/4925 4962/4856/4928
f 4944/3798/4911 4952/3800/4918 4934/3843/4901
f 4888/3842/4856 4934/3843/4901 4952/3800/4918
f 4888/3842/4856 4952/3800/4918 4954/3823/4920
f 4891/3841/4859 4888/3842/4856 4954/3823/4920
f 4891/3841/4859 4954/3823/4920 4963/3824/4929
f 4963/3824/4929 4893/3840/4861 4891/3841/4859
f 4963/3824/4929 4964/3825/4930 4893/3840/4861
f 4895/3839/4863 4893/3840/4861 4964/3825/4930
f 4895/3839/4863 4964/3825/4930 4965/3826/4931
f 4963/3824/4929 4954/3823/4920 4955/3816/4921
f 4963/3824/4929 4955/3816/4921 4966/3814/4932
f 4964/3825/4930 4963/3824/4929 4966/3814/4932
f 4964/3825/4930 4966/3814/4932 4967/3812/4933
f 4965/3826/4931 4964/3825/4930 4967/3812/4933
f 4965/3826/4931 4967/3812/4933 4968/3811/4934
f 4968/3811/4934 4967/3812/4933 4969/3810/4935
f 4967/3812/4933 4970/3813/4936 4969/3810/4935
f 4967/3812/4933 4966/3814/4932 4970/3813/4936
f 4966/3814/4932 4971/3815/4937 4970/3813/4936
f 4966/3814/4932 4955/3816/4921 4971/3815/4937
f 4955/3816/4921 4972/3817/4938 4971/3815/4937
f 4955/3816/4921 4953/3818/4919 4972/3817/4938
f 4953/3818/4919 4951/3799/4917 4957/3819/4923
f 4953/3818/4919 4957/3819/4923 4972/3817/4938
f 4956/4854/4922 4972/3817/4938 4957/3819/4923
f 4973/4857/4939 4972/3817/4938 4956/4854/4922
f 4971/3815/4937 4972/3817/4938 4973/4857/4939
f 4971/3815/4937 4973/4857/4939 4974/3822/4940
f 4971/3815/4937 4974/3822/4940 4975/3821/4941
f 4971/3815/4937 4975/3821/4941 4970/3813/4936
f 4824/3807/4792 4970/3813/4936 4975/3821/4941
f 4824/3807/4792 4969/3810/4935 4970/3813/4936
f 4824/3807/4792 4976/3808/4942 4969/3810/4935
f 4976/3808/4942 4968/3811/4934 4969/3810/4935
f 4976/3808/4942 4977/3827/4943 4968/3811/4934
f 4965/3826/4931 4968/3811/4934 4977/3827/4943
f 4965/3826/4931 4977/3827/4943 4978/3838/4944
f 4895/3839/4863 4965/3826/4931 4978/3838/4944
f 4895/3839/4863 4978/3838/4944 4877/3849/4845
f 4895/3839/4863 4877/3849/4845 4876/3848/4844
f 4977/3827/4943 4976/3808/4942 4979/3828/4945
f 4824/3807/4792 4825/3809/4793 4976/3808/4942
f 4825/3809/4793 4979/3828/4945 4976/3808/4942
f 4825/3809/4793 4827/3829/4795 4979/3828/4945
f 4827/3829/4795 4980/3830/4946 4979/3828/4945
f 4827/3829/4795 4829/3831/4797 4980/3830/4946
f 4813/3832/4781 4980/3830/4946 4829/3831/4797
f 4813/3832/4781 4811/3833/4779 4980/3830/4946
f 4811/3833/4779 4981/3834/4947 4980/3830/4946
f 4979/3828/4945 4980/3830/4946 4981/3834/4947
f 4979/3828/4945 4981/3834/4947 4982/3837/4948
f 4977/3827/4943 4979/3828/4945 4982/3837/4948
f 4978/3838/4944 4977/3827/4943 4982/3837/4948
f 4978/3838/4944 4982/3837/4948 4983/3835/4949
f 4877/3849/4845 4978/3838/4944 4983/3835/4949
f 4877/3849/4845 4983/3835/4949 4984/3870/4950
f 4875/3869/4843 4877/3849/4845 4984/3870/4950
f 4985/3872/4951 4875/3869/4843 4984/3870/4950
f 4985/3872/4951 4984/3870/4950 4986/3871/4952
f 4984/3870/4950 4983/3835/4949 4986/3871/4952
f 4986/3871/4952 4983/3835/4949 4987/3836/4953
f 4983/3835/4949 4981/3834/4947 4987/3836/4953
f 4983/3835/4949 4982/3837/4948 4981/3834/4947
f 4875/3869/4843 4988/3879/4954 4879/3880/4847
f 4875/3869/4843 4989/3878/4955 4988/3879/4954
f 4875/3869/4843 4985/3872/4951 4989/3878/4955
f 4985/3872/4951 4990/3877/4956 4989/3878/4955
f 4985/3872/4951 4991/3876/4957 4990/3877/4956
f 4991/3876/4957 4985/3872/4951 4986/3871/4952
f 4991/3876/4957 4986/3871/4952 4992/3875/4958
f 4986/3871/4952 4987/3836/4953 4992/3875/4958
f 4808/3874/4776 4992/3875/4958 4987/3836/4953
f 4981/3834/4947 4808/3874/4776 4987/3836/4953
f 4981/3834/4947 4809/3873/4777 4808/3874/4776
f 4811/3833/4779 4809/3873/4777 4981/3834/4947
f 4807/3883/4775 4990/3877/4956 4991/3876/4957
f 4992/3875/4958 4807/3883/4775 4991/3876/4957
f 4808/3874/4776 4807/3883/4775 4992/3875/4958
f 4805/4015/4773 4993/4014/4959 4807/3994/4775
f 4803/4016/4771 4993/4014/4959 4805/4015/4773
f 4803/4016/4771 4994/4017/4960 4993/4014/4959
f 4802/4018/4770 4994/4017/4960 4803/4016/4771
f 4802/4018/4770 4995/4019/4961 4994/4017/4960
f 4802/4018/4770 4996/4020/4962 4995/4019/4961
f 4802/4018/4770 4800/4021/4768 4996/4020/4962
f 4800/4021/4768 4997/4022/4963 4996/4020/4962
f 4800/4021/4768 4798/4023/4766 4997/4022/4963
f 4798/4023/4766 4797/4010/4765 4997/4022/4963
f 4998/4003/4964 4999/4005/4965 4859/4004/4827
f 4999/4005/4965 4858/4006/4826 4859/4004/4827
f 4999/4005/4965 4855/4007/4823 4858/4006/4826
f 5000/4008/4966 4855/4007/4823 4999/4005/4965
f 5000/4008/4966 4856/4009/4824 4855/4007/4823
f 4797/4010/4765 4856/4009/4824 5000/4008/4966
f 4797/4010/4765 5000/4008/4966 5001/4011/4967
f 5002/3987/4968 5003/3986/4969 5004/3988/4970
f 5002/3987/4968 5005/3989/4971 5003/3986/4969
f 5005/3989/4971 5002/3987/4968 5006/3990/4972
f 5005/3989/4971 5006/3990/4972 5007/4000/4973
f 5006/3990/4972 4998/4003/4964 5007/4000/4973
f 5006/3990/4972 5008/4013/4974 4998/4003/4964
f 5008/4013/4974 4999/4005/4965 4998/4003/4964
f 5008/4013/4974 5000/4008/4966 4999/4005/4965
f 5009/4012/4975 5000/4008/4966 5008/4013/4974
f 5009/4012/4975 5001/4011/4967 5000/4008/4966
f 5010/3991/4976 5009/4012/4975 5008/4013/4974
f 5010/3991/4976 5008/4013/4974 5006/3990/4972
f 5002/3987/4968 5010/3991/4976 5006/3990/4972
f 5002/3987/4968 5011/3992/4977 5010/3991/4976
f 5012/3993/4978 5011/3992/4977 5002/3987/4968
f 5012/3993/4978 5002/3987/4968 5004/3988/4970
f 5004/3988/4970 4807/3994/4775 5012/3993/4978
f 5004/3988/4970 4990/3995/4956 4807/3994/4775
f 5004/3988/4970 4989/3996/4955 4990/3995/4956
f 5004/3988/4970 5003/3986/4969 4989/3996/4955
f 5003/3986/4969 4988/3997/4954 4989/3996/4955
f 5003/3986/4969 4879/3998/4847 4988/3997/4954
f 5005/3989/4971 4879/3998/4847 5003/3986/4969
f 5005/3989/4971 4880/3999/4848 4879/3998/4847
f 4880/3999/4848 5005/3989/4971 5007/4000/4973
f 4880/3999/4848 5007/4000/4973 4871/4001/4839
f 5007/4000/4973 4869/4002/4837 4871/4001/4839
f 5007/4000/4973 4998/4003/4964 4869/4002/4837
f 4998/4003/4964 4859/4004/4827 4869/4002/4837
f 5013/4296/4979 5014/4116/4980 5015/4297/4981
f 5013/4296/4979 5015/4297/4981 5016/4289/4982
f 5017/4290/4983 5013/4296/4979 5016/4289/4982
f 5017/4290/4983 5016/4289/4982 5018/4291/4984
f 5019/4292/4985 5017/4290/4983 5018/4291/4984
f 5019/4292/4985 5020/4293/4986 5017/4290/4983
f 5021/4163/4987 5022/4165/4988 5020/4293/4986
f 5021/4163/4987 5020/4293/4986 5019/4292/4985
f 5021/4163/4987 5019/4292/4985 5023/4162/4989
f 5018/4291/4984 5023/4162/4989 5019/4292/4985
f 5018/4291/4984 5024/4302/4990 5023/4162/4989
f 5018/4291/4984 5025/4301/4991 5024/4302/4990
f 5018/4291/4984 5016/4289/4982 5025/4301/4991
f 5016/4289/4982 5026/4300/4992 5025/4301/4991
f 5016/4289/4982 5015/4297/4981 5026/4300/4992
f 5015/4297/4981 5027/4299/4993 5026/4300/4992
f 5015/4297/4981 5028/4298/4994 5027/4299/4993
f 5015/4297/4981 5029/4117/4995 5028/4298/4994
f 5015/4297/4981 5014/4116/4980 5029/4117/4995
f 5014/4116/4980 5030/4106/4996 5029/4117/4995
f 5031/4164/4997 5021/4163/4987 5032/4160/4998
f 5021/4163/4987 5023/4162/4989 5032/4160/4998
f 5032/4160/4998 5023/4162/4989 2350/4161/2319
f 5024/4302/4990 2350/4161/2319 5023/4162/4989
f 5024/4302/4990 2348/4312/2317 2350/4161/2319
f 5024/4302/4990 2347/4311/2316 2348/4312/2317
f 5024/4302/4990 5025/4301/4991 2347/4311/2316
f 5025/4301/4991 2369/4310/2337 2347/4311/2316
f 5025/4301/4991 5026/4300/4992 2369/4310/2337
f 5026/4300/4992 2075/4309/2043 2369/4310/2337
f 5026/4300/4992 5027/4299/4993 2075/4309/2043
f 5027/4299/4993 2067/4308/2035 2075/4309/2043
f 5027/4299/4993 5033/4307/4999 2067/4308/2035
f 5034/4306/5000 5033/4307/4999 5027/4299/4993
f 5034/4306/5000 5027/4299/4993 5028/4298/4994
f 5028/4298/4994 5035/4305/5001 5034/4306/5000
f 5028/4298/4994 5029/4117/4995 5035/4305/5001
f 5036/4304/5002 5035/4305/5001 5029/4117/4995
f 5037/4183/5003 5038/4184/5004 5039/4185/5005
f 5040/4182/5006 5038/4184/5004 5037/4183/5003
f 5040/4182/5006 5037/4183/5003 5041/4173/5007
f 5040/4182/5006 5041/4173/5007 5042/4172/5008
f 5043/4181/5009 5040/4182/5006 5042/4172/5008
f 5043/4181/5009 5042/4172/5008 5044/4171/5010
f 5045/4180/5011 5043/4181/5009 5044/4171/5010
f 5045/4180/5011 5044/4171/5010 5046/4170/5012
f 5047/4179/5013 5045/4180/5011 5046/4170/5012
f 5047/4179/5013 5046/4170/5012 5048/4169/5014
f 5049/4178/5015 5047/4179/5013 5048/4169/5014
f 5049/4178/5015 5048/4169/5014 5050/4168/5016
f 5051/4177/5017 5049/4178/5015 5050/4168/5016
f 5051/4177/5017 5050/4168/5016 5052/4166/5018
f 5053/4176/5019 5051/4177/5017 5052/4166/5018
f 5053/4176/5019 5052/4166/5018 5031/4164/4997
f 5053/4176/5019 5031/4164/4997 5054/4175/5020
f 5031/4164/4997 5032/4160/4998 5054/4175/5020
f 5054/4175/5020 5032/4160/4998 2351/4174/2320
f 5032/4160/4998 2350/4161/2319 2351/4174/2320
f 5053/4176/5019 5054/4175/5020 5055/4186/5021
f 5040/4182/5006 5056/4187/5022 5038/4184/5004
f 5040/4182/5006 5057/4188/5023 5056/4187/5022
f 5040/4182/5006 5043/4181/5009 5057/4188/5023
f 5058/4189/5024 5057/4188/5023 5043/4181/5009
f 5058/4189/5024 5043/4181/5009 5045/4180/5011
f 5045/4180/5011 5059/4190/5025 5058/4189/5024
f 5045/4180/5011 5047/4179/5013 5059/4190/5025
f 5047/4179/5013 5060/4191/5026 5059/4190/5025
f 5047/4179/5013 5049/4178/5015 5060/4191/5026
f 5061/4192/5027 5060/4191/5026 5049/4178/5015
f 5061/4192/5027 5049/4178/5015 5051/4177/5017
f 5062/4193/5028 5061/4192/5027 5051/4177/5017
f 5062/4193/5028 5051/4177/5017 5053/4176/5019
f 5053/4176/5019 5063/4194/5029 5062/4193/5028
f 5053/4176/5019 5055/4186/5021 5063/4194/5029
f 5055/4186/5021 2501/4195/2464 5063/4194/5029
f 5055/4186/5021 2502/4196/2465 2501/4195/2464
f 5055/4186/5021 2503/4197/2466 2502/4196/2465
f 5055/4186/5021 5054/4175/5020 2503/4197/2466
f 5054/4175/5020 2351/4174/2320 2503/4197/2466
f 5056/4187/5022 5057/4188/5023 5064/4198/5030
f 5057/4188/5023 5065/4199/5031 5064/4198/5030
f 5057/4188/5023 5058/4189/5024 5065/4199/5031
f 5058/4189/5024 5066/4200/5032 5065/4199/5031
f 5058/4189/5024 5059/4190/5025 5066/4200/5032
f 5059/4190/5025 5067/4201/5033 5066/4200/5032
f 5059/4190/5025 5060/4191/5026 5067/4201/5033
f 5060/4191/5026 5068/4202/5034 5067/4201/5033
f 5060/4191/5026 5061/4192/5027 5068/4202/5034
f 5061/4192/5027 5069/4203/5035 5068/4202/5034
f 5061/4192/5027 5062/4193/5028 5069/4203/5035
f 5062/4193/5028 5070/4204/5036 5069/4203/5035
f 5062/4193/5028 5063/4194/5029 5070/4204/5036
f 5070/4204/5036 5063/4194/5029 2501/4195/2464
f 5070/4204/5036 2501/4195/2464 2504/4205/2467
f 5064/4198/5030 5065/4199/5031 5071/4206/5037
f 5065/4199/5031 5072/4207/5038 5071/4206/5037
f 5065/4199/5031 5066/4200/5032 5072/4207/5038
f 5066/4200/5032 5073/4208/5039 5072/4207/5038
f 5066/4200/5032 5067/4201/5033 5073/4208/5039
f 5073/4208/5039 5067/4201/5033 5068/4202/5034
f 5073/4208/5039 5068/4202/5034 5074/4209/5040
f 5074/4209/5040 5068/4202/5034 5069/4203/5035
f 5074/4209/5040 5069/4203/5035 5075/4210/5041
f 5069/4203/5035 5076/4211/5042 5075/4210/5041
f 5069/4203/5035 5070/4204/5036 5076/4211/5042
f 5070/4204/5036 2504/4224/2467 2506/4223/2467
f 5070/4204/5036 2506/4223/2467 5076/4211/5042
f 2065/4222/2033 5076/4211/5042 2506/4223/2467
f 2065/4222/2033 5077/4221/5043 5076/4211/5042
f 5078/4220/5044 5076/4211/5042 5077/4221/5043
f 5078/4220/5044 5075/4210/5041 5076/4211/5042
f 5079/4219/5045 5075/4210/5041 5078/4220/5044
f 5079/4219/5045 5074/4209/5040 5075/4210/5041
f 5080/4218/5046 5074/4209/5040 5079/4219/5045
f 5080/4218/5046 5073/4208/5039 5074/4209/5040
f 5081/4858/5047 5073/4208/5039 5080/4218/5046
f 5072/4207/5038 5073/4208/5039 5081/4858/5047
f 5072/4207/5038 5081/4858/5047 5082/4216/5048
f 5071/4206/5037 5072/4207/5038 5082/4216/5048
f 5071/4206/5037 5082/4216/5048 5083/4215/5049
f 5083/4215/5049 5084/4214/5050 5071/4206/5037
f 5064/4198/5030 5071/4206/5037 5084/4214/5050
f 5085/4213/5051 5064/4198/5030 5084/4214/5050
f 5086/4226/5052 5087/4228/5053 5088/4227/5054
f 5089/4212/5055 5086/4226/5052 5088/4227/5054
f 5089/4212/5055 5090/4225/5056 5086/4226/5052
f 5090/4225/5056 5089/4212/5055 5085/4213/5051
f 5090/4225/5056 5085/4213/5051 5084/4214/5050
f 5083/4215/5049 5091/4229/5057 5084/4214/5050
f 5091/4229/5057 5090/4225/5056 5084/4214/5050
f 5091/4229/5057 5092/4230/5058 5090/4225/5056
f 5093/4231/5059 5090/4225/5056 5092/4230/5058
f 5093/4231/5059 5086/4226/5052 5090/4225/5056
f 5093/4231/5059 5094/4232/5060 5086/4226/5052
f 5086/4226/5052 5094/4232/5060 5087/4228/5053
f 5095/4233/5061 5087/4228/5053 5094/4232/5060
f 5095/4233/5061 5096/4234/5062 5087/4228/5053
f 5087/4228/5053 5096/4234/5062 5097/4235/5063
f 5093/4231/5059 5098/4236/5064 5094/4232/5060
f 5099/4237/5065 5094/4232/5060 5098/4236/5064
f 5099/4237/5065 5095/4233/5061 5094/4232/5060
f 5056/4187/5022 5064/4198/5030 5085/4213/5051
f 5056/4187/5022 5085/4213/5051 5089/4212/5055
f 5056/4187/5022 5089/4212/5055 5038/4184/5004
f 5038/4184/5004 5089/4212/5055 5088/4227/5054
f 5038/4184/5004 5088/4227/5054 5039/4185/5005
f 5039/4185/5005 5088/4227/5054 5087/4228/5053
f 5039/4185/5005 5087/4228/5053 5100/4248/5066
f 5087/4228/5053 5097/4235/5063 5100/4248/5066
f 5097/4235/5063 5101/4247/5067 5100/4248/5066
f 5097/4235/5063 5102/4246/5068 5101/4247/5067
f 5101/4247/5067 5102/4246/5068 5103/4245/5069
f 5102/4246/5068 5104/4244/5070 5103/4245/5069
f 5105/4243/5071 5103/4245/5069 5104/4244/5070
f 5105/4243/5071 5104/4244/5070 5106/4242/5072
f 5107/4240/5073 5105/4243/5071 5106/4242/5072
f 5107/4240/5073 5106/4242/5072 5108/4241/5074
f 5107/4240/5073 5108/4241/5074 5109/4239/5075
f 5107/4240/5073 5109/4239/5075 5110/4238/5076
f 5037/4183/5003 5039/4185/5005 5111/4249/5077
f 5111/4249/5077 5039/4185/5005 5112/4250/5078
f 5112/4250/5078 5039/4185/5005 5100/4248/5066
f 5112/4250/5078 5100/4248/5066 5101/4247/5067
f 5103/4245/5069 5112/4250/5078 5101/4247/5067
f 5103/4245/5069 5105/4243/5071 5112/4250/5078
f 5105/4243/5071 5111/4249/5077 5112/4250/5078
f 5105/4243/5071 5107/4240/5073 5111/4249/5077
f 5107/4240/5073 5037/4183/5003 5111/4249/5077
f 5107/4240/5073 5041/4173/5007 5037/4183/5003
f 5107/4240/5073 5110/4238/5076 5041/4173/5007
f 5110/4238/5076 5109/4239/5075 5113/4157/5079
f 5110/4238/5076 5113/4157/5079 5114/4156/5080
f 5041/4173/5007 5110/4238/5076 5114/4156/5080
f 5041/4173/5007 5114/4156/5080 5115/4158/5081
f 5042/4172/5008 5041/4173/5007 5115/4158/5081
f 5042/4172/5008 5115/4158/5081 5116/4159/5082
f 5044/4171/5010 5042/4172/5008 5116/4159/5082
f 5044/4171/5010 5116/4159/5082 5117/4141/5083
f 5046/4170/5012 5044/4171/5010 5117/4141/5083
f 5046/4170/5012 5117/4141/5083 5118/4139/5084
f 5048/4169/5014 5046/4170/5012 5118/4139/5084
f 5048/4169/5014 5118/4139/5084 5119/4137/5085
f 5050/4168/5016 5048/4169/5014 5119/4137/5085
f 5050/4168/5016 5119/4137/5085 5120/4167/5086
f 5052/4166/5018 5050/4168/5016 5120/4167/5086
f 5052/4166/5018 5120/4167/5086 5022/4165/4988
f 5031/4164/4997 5052/4166/5018 5022/4165/4988
f 5031/4164/4997 5022/4165/4988 5021/4163/4987
f 5114/4156/5080 5113/4157/5079 5121/4150/5087
f 5122/4152/5088 5123/4130/5089 5124/4146/5090
f 5125/4151/5091 5122/4152/5088 5124/4146/5090
f 5125/4151/5091 5124/4146/5090 5126/4145/5092
f 5121/4150/5087 5125/4151/5091 5126/4145/5092
f 5121/4150/5087 5126/4145/5092 5127/4149/5093
f 5114/4156/5080 5121/4150/5087 5127/4149/5093
f 5115/4158/5081 5114/4156/5080 5127/4149/5093
f 5115/4158/5081 5127/4149/5093 5128/4148/5094
f 5116/4159/5082 5115/4158/5081 5128/4148/5094
f 5116/4159/5082 5128/4148/5094 5129/4147/5095
f 5117/4141/5083 5116/4159/5082 5129/4147/5095
f 5117/4141/5083 5129/4147/5095 5130/4140/5096
f 5118/4139/5084 5117/4141/5083 5130/4140/5096
f 5118/4139/5084 5130/4140/5096 5131/4138/5097
f 5119/4137/5085 5118/4139/5084 5131/4138/5097
f 5132/4136/5098 5119/4137/5085 5131/4138/5097
f 5133/4135/5099 5119/4137/5085 5132/4136/5098
f 5133/4135/5099 5132/4136/5098 5134/4134/5100
f 5130/4140/5096 5132/4136/5098 5131/4138/5097
f 5130/4140/5096 5135/4142/5101 5132/4136/5098
f 5129/4147/5095 5135/4142/5101 5130/4140/5096
f 5129/4147/5095 5136/4143/5102 5135/4142/5101
f 5128/4148/5094 5136/4143/5102 5129/4147/5095
f 5128/4148/5094 5137/4144/5103 5136/4143/5102
f 5127/4149/5093 5137/4144/5103 5128/4148/5094
f 5127/4149/5093 5126/4145/5092 5137/4144/5103
f 5126/4145/5092 5138/4131/5104 5137/4144/5103
f 5126/4145/5092 5124/4146/5090 5138/4131/5104
f 5123/4130/5089 5138/4131/5104 5124/4146/5090
f 5135/4142/5101 5134/4134/5100 5132/4136/5098
f 5135/4142/5101 5139/4133/5105 5134/4134/5100
f 5136/4143/5102 5139/4133/5105 5135/4142/5101
f 5136/4143/5102 5140/4132/5106 5139/4133/5105
f 5137/4144/5103 5140/4132/5106 5136/4143/5102
f 5137/4144/5103 5138/4131/5104 5140/4132/5106
f 5022/4165/4988 5120/4167/5086 5141/4294/5107
f 5119/4137/5085 5141/4294/5107 5120/4167/5086
f 5119/4137/5085 5133/4135/5099 5141/4294/5107
f 5133/4135/5099 5142/4295/5108 5141/4294/5107
f 5133/4135/5099 5134/4134/5100 5143/4118/5109
f 5139/4133/5105 5143/4118/5109 5134/4134/5100
f 5139/4133/5105 5144/4119/5110 5143/4118/5109
f 5140/4132/5106 5144/4119/5110 5139/4133/5105
f 5140/4132/5106 5145/4120/5111 5144/4119/5110
f 5145/4120/5111 5140/4132/5106 5138/4131/5104
f 5145/4120/5111 5138/4131/5104 5146/4122/5112
f 5123/4130/5089 5146/4122/5112 5138/4131/5104
f 5123/4130/5089 5147/4124/5113 5146/4122/5112
f 5148/4129/5114 5147/4124/5113 5123/4130/5089
f 5148/4129/5114 5149/4125/5115 5147/4124/5113
f 5150/4128/5116 5149/4125/5115 5148/4129/5114
f 5150/4128/5116 5151/4127/5117 5149/4125/5115
f 5152/4126/5118 5149/4125/5115 5151/4127/5117
f 5152/4126/5118 5153/4123/5119 5149/4125/5115
f 5149/4125/5115 5153/4123/5119 5147/4124/5113
f 5146/4122/5112 5147/4124/5113 5153/4123/5119
f 5146/4122/5112 5153/4123/5119 5154/4121/5120
f 5144/4119/5110 5155/4113/5121 5143/4118/5109
f 5155/4113/5121 5156/4114/5122 5143/4118/5109
f 5155/4113/5121 5157/4105/5123 5156/4114/5122
f 5145/4120/5111 5158/4110/5124 5144/4119/5110
f 5144/4119/5110 5158/4110/5124 5155/4113/5121
f 5158/4110/5124 5159/4111/5125 5155/4113/5121
f 5160/4104/5126 5155/4113/5121 5159/4111/5125
f 5160/4104/5126 5157/4105/5123 5155/4113/5121
f 5157/4105/5123 5160/4104/5126 5161/4103/5127
f 5157/4105/5123 5161/4103/5127 5162/4115/5128
f 5156/4114/5122 5157/4105/5123 5162/4115/5128
f 5156/4114/5122 5162/4115/5128 5142/4295/5108
f 5133/4135/5099 5156/4114/5122 5142/4295/5108
f 5133/4135/5099 5143/4118/5109 5156/4114/5122
f 5145/4120/5111 5146/4122/5112 5154/4121/5120
f 5145/4120/5111 5154/4121/5120 5163/4109/5129
f 5145/4120/5111 5163/4109/5129 5158/4110/5124
f 5163/4109/5129 5164/4108/5130 5158/4110/5124
f 5158/4110/5124 5164/4108/5130 5159/4111/5125
f 5164/4108/5130 5165/4112/5131 5159/4111/5125
f 5166/4107/5132 5159/4111/5125 5165/4112/5131
f 5166/4107/5132 5160/4104/5126 5159/4111/5125
f 5160/4104/5126 5166/4107/5132 5030/4106/4996
f 5160/4104/5126 5030/4106/4996 5161/4103/5127
f 5014/4116/4980 5161/4103/5127 5030/4106/4996
f 5014/4116/4980 5162/4115/5128 5161/4103/5127
f 5014/4116/4980 5013/4296/4979 5162/4115/5128
f 5013/4296/4979 5142/4295/5108 5162/4115/5128
f 5013/4296/4979 5017/4290/4983 5142/4295/5108
f 5017/4290/4983 5141/4294/5107 5142/4295/5108
f 5017/4290/4983 5020/4293/4986 5141/4294/5107
f 5022/4165/4988 5141/4294/5107 5020/4293/4986
f 5036/4304/5002 5029/4117/4995 5030/4106/4996
f 5030/4106/4996 5167/4859/5133 5036/4304/5002
f 5166/4107/5132 5167/4859/5133 5030/4106/4996
f 5166/4107/5132 5168/4321/5134 5167/4859/5133
f 5168/4321/5134 5166/4107/5132 5165/4112/5131
f 5168/4321/5134 5165/4112/5131 5169/4320/5135
f 5170/4319/5136 5169/4320/5135 5165/4112/5131
f 5164/4108/5130 5170/4319/5136 5165/4112/5131
f 5170/4319/5136 5164/4108/5130 5171/4318/5137
f 5163/4109/5129 5171/4318/5137 5164/4108/5130
f 5163/4109/5129 5172/4317/5138 5171/4318/5137
f 5163/4109/5129 5154/4121/5120 5172/4317/5138
f 5154/4121/5120 5173/4316/5139 5172/4317/5138
f 5154/4121/5120 5153/4123/5119 5173/4316/5139
f 5174/4315/5140 5173/4316/5139 5153/4123/5119
f 5174/4315/5140 5153/4123/5119 5152/4126/5118
f 5174/4315/5140 5152/4126/5118 5175/4314/5141
f 5175/4314/5141 5152/4126/5118 5151/4127/5117
f 5176/4324/5142 5174/4315/5140 5177/4323/5143
f 5174/4315/5140 5175/4314/5141 5177/4323/5143
f 5172/4317/5138 5173/4316/5139 5178/4322/5144
f 5174/4315/5140 5178/4322/5144 5173/4316/5139
f 5174/4315/5140 5179/4325/5145 5178/4322/5144
f 5176/4324/5142 5179/4325/5145 5174/4315/5140
f 5180/4326/5146 5179/4325/5145 5176/4324/5142
f 5180/4326/5146 5181/4327/5147 5179/4325/5145
f 5179/4325/5145 5181/4327/5147 5182/4328/5148
f 5179/4325/5145 5182/4328/5148 5178/4322/5144
f 5183/4329/5149 5178/4322/5144 5182/4328/5148
f 5172/4317/5138 5178/4322/5144 5183/4329/5149
f 5171/4318/5137 5172/4317/5138 5183/4329/5149
f 5171/4318/5137 5183/4329/5149 5170/4319/5136
f 5183/4329/5149 5184/4330/5150 5170/4319/5136
f 5170/4319/5136 5184/4330/5150 5169/4320/5135
f 5183/4329/5149 5185/4331/5151 5184/4330/5150
f 5183/4329/5149 5182/4328/5148 5185/4331/5151
f 5175/4314/5141 5151/4127/5117 5186/4313/5152
f 5186/4313/5152 5151/4127/5117 5150/4128/5116
f 5150/4128/5116 5187/4155/5153 5186/4313/5152
f 5187/4155/5153 5150/4128/5116 5148/4129/5114
f 5187/4155/5153 5148/4129/5114 5188/4154/5154
f 5188/4154/5154 5148/4129/5114 5123/4130/5089
f 5188/4154/5154 5123/4130/5089 5189/4153/5155
f 5122/4152/5088 5189/4153/5155 5123/4130/5089
f 5078/4043/5044 5077/4046/5043 5190/4045/5156
f 5078/4043/5044 5190/4045/5156 5191/4044/5157
f 5192/4042/5157 5078/4043/5044 5191/4044/5157
f 5192/4042/5157 5079/4041/5045 5078/4043/5044
f 5193/4040/5158 5079/4041/5045 5192/4042/5157
f 5193/4040/5158 5080/4039/5046 5079/4041/5045
f 5194/4038/5159 5080/4039/5046 5193/4040/5158
f 5194/4038/5159 5081/4037/5047 5080/4039/5046
f 5195/4036/5160 5081/4037/5047 5194/4038/5159
f 5195/4036/5160 5082/4035/5048 5081/4037/5047
f 5082/4035/5048 5195/4036/5160 5196/4033/5161
f 5082/4035/5048 5196/4033/5161 5083/4034/5049
f 5196/4033/5161 5091/4031/5057 5083/4034/5049
f 5196/4033/5161 5197/4030/5162 5091/4031/5057
f 5197/4030/5162 5092/4032/5058 5091/4031/5057
f 5077/4046/5043 2065/4048/2033 2066/4047/2034
f 5077/4046/5043 2066/4047/2034 5190/4045/5156
f 5190/4045/5156 2066/4047/2034 2067/4049/2035
f 5190/4045/5156 2067/4049/2035 5033/4050/4999
f 5191/4044/5157 5190/4045/5156 5033/4050/4999
f 5191/4044/5157 5033/4050/4999 5034/4051/5000
f 5034/4051/5000 5192/4042/5157 5191/4044/5157
f 5034/4051/5000 5035/4052/5001 5192/4042/5157
f 5035/4052/5001 5193/4040/5158 5192/4042/5157
f 5035/4052/5001 5036/4053/5002 5193/4040/5158
f 5036/4053/5002 5194/4038/5159 5193/4040/5158
f 5036/4053/5002 5167/4054/5133 5194/4038/5159
f 5167/4054/5133 5195/4036/5160 5194/4038/5159
f 5167/4054/5133 5168/4055/5134 5195/4036/5160
f 5169/4056/5135 5195/4036/5160 5168/4055/5134
f 5169/4056/5135 5196/4033/5161 5195/4036/5160
f 5184/4057/5150 5196/4033/5161 5169/4056/5135
f 5184/4057/5150 5197/4030/5162 5196/4033/5161
f 5185/4058/5151 5197/4030/5162 5184/4057/5150
f 5185/4058/5151 5198/4059/5163 5197/4030/5162
f 5197/4030/5162 5198/4059/5163 5092/4032/5058
f 5199/4060/5164 5092/4032/5058 5198/4059/5163
f 5199/4060/5164 5093/4061/5059 5092/4032/5058
f 5200/4062/5165 5093/4061/5059 5199/4060/5164
f 5201/4063/5166 5200/4062/5165 5199/4060/5164
f 5202/4064/5167 5200/4062/5165 5201/4063/5166
f 5202/4064/5167 5201/4063/5166 5203/4065/5168
f 5202/4064/5167 5203/4065/5168 5204/4066/5169
f 5180/4067/5146 5204/4066/5169 5203/4065/5168
f 5180/4067/5146 5205/4068/5170 5204/4066/5169
f 5180/4067/5146 5206/4069/5171 5205/4068/5170
f 5207/4070/5172 5205/4068/5170 5206/4069/5171
f 5176/4071/5142 5207/4070/5172 5206/4069/5171
f 5176/4071/5142 5177/4072/5143 5207/4070/5172
f 5208/4073/5173 5207/4070/5172 5177/4072/5143
f 5208/4073/5173 5177/4072/5143 5175/4074/5141
f 5180/4067/5146 5176/4071/5142 5206/4069/5171
f 5202/4064/5167 5209/4075/5174 5200/4062/5165
f 5200/4062/5165 5209/4075/5174 5099/4076/5065
f 5200/4062/5165 5099/4076/5065 5098/4077/5064
f 5200/4062/5165 5098/4077/5064 5093/4061/5059
f 5201/4063/5166 5210/4078/5175 5203/4065/5168
f 5201/4063/5166 5211/4079/5176 5210/4078/5175
f 5201/4063/5166 5199/4060/5164 5211/4079/5176
f 5198/4059/5163 5211/4079/5176 5199/4060/5164
f 5198/4059/5163 5210/4078/5175 5211/4079/5176
f 5210/4078/5175 5198/4059/5163 5185/4058/5151
f 5210/4078/5175 5185/4058/5151 5182/4081/5148
f 5203/4065/5168 5210/4078/5175 5182/4081/5148
f 5203/4065/5168 5182/4081/5148 5181/4080/5147
f 5180/4067/5146 5203/4065/5168 5181/4080/5147
f 5212/4082/5177 5099/4076/5065 5209/4075/5174
f 5213/4083/5178 5212/4082/5177 5209/4075/5174
f 5213/4083/5178 5209/4075/5174 5202/4064/5167
f 5204/4066/5169 5213/4083/5178 5202/4064/5167
f 5204/4066/5169 5205/4068/5170 5213/4083/5178
f 5205/4068/5170 5214/4084/5179 5213/4083/5178
f 5205/4068/5170 5215/4085/5180 5214/4084/5179
f 5214/4084/5179 5215/4085/5180 5216/4086/5181
f 5215/4085/5180 5208/4073/5173 5216/4086/5181
f 5215/4085/5180 5207/4070/5172 5208/4073/5173
f 5207/4070/5172 5215/4085/5180 5205/4068/5170
f 5214/4084/5179 5212/4082/5177 5213/4083/5178
f 5214/4084/5179 5217/4089/5182 5212/4082/5177
f 5217/4089/5182 5218/4092/5183 5212/4082/5177
f 5217/4089/5182 5219/4091/5184 5218/4092/5183
f 5217/4089/5182 5220/4090/5185 5219/4091/5184
f 5217/4089/5182 5221/4088/5186 5220/4090/5185
f 5214/4084/5179 5221/4088/5186 5217/4089/5182
f 5214/4084/5179 5222/4087/5187 5221/4088/5186
f 5214/4084/5179 5216/4086/5181 5222/4087/5187
f 5186/4093/5152 5208/4073/5173 5175/4074/5141
f 5186/4093/5152 5223/4094/5188 5208/4073/5173
f 5216/4086/5181 5208/4073/5173 5223/4094/5188
f 5216/4086/5181 5223/4094/5188 5224/4095/5189
f 5222/4087/5187 5216/4086/5181 5224/4095/5189
f 5222/4087/5187 5224/4095/5189 5225/4096/5190
f 5222/4087/5187 5225/4096/5190 5226/4097/5191
f 5222/4087/5187 5226/4097/5191 5221/4088/5186
f 5221/4088/5186 5226/4097/5191 5227/4098/5192
f 5221/4088/5186 5227/4098/5192 5220/4090/5185
f 5220/4090/5185 5227/4098/5192 5102/4099/5068
f 5220/4090/5185 5102/4099/5068 5097/4100/5063
f 5220/4090/5185 5097/4100/5063 5096/4101/5062
f 5220/4090/5185 5096/4101/5062 5219/4091/5184
f 5219/4091/5184 5096/4101/5062 5095/4102/5061
f 5219/4091/5184 5095/4102/5061 5218/4092/5183
f 5099/4076/5065 5218/4092/5183 5095/4102/5061
f 5212/4082/5177 5218/4092/5183 5099/4076/5065
f 5102/4266/5193 5228/4281/5194 5229/4265/5194
f 5230/4284/5195 5229/4265/5194 5228/4281/5194
f 5230/4284/5195 5231/4264/5196 5229/4265/5194
f 5231/4264/5196 5230/4284/5195 5232/4286/5197
f 5231/4264/5196 5232/4286/5197 5233/4263/5198
f 5234/4287/5199 5233/4263/5198 5232/4286/5197
f 5234/4287/5199 5235/4261/5199 5233/4263/5198
f 5234/4287/5199 5236/4262/5200 5235/4261/5199
f 5234/4287/5199 5237/4279/5200 5236/4262/5200
f 5237/4279/5200 5186/4278/5201 5236/4262/5200
f 5227/4282/5192 5228/4281/5202 5102/4266/5068
f 5226/4283/5191 5228/4281/5202 5227/4282/5192
f 5226/4283/5191 5230/4284/5203 5228/4281/5202
f 5225/4285/5190 5230/4284/5203 5226/4283/5191
f 5225/4285/5190 5232/4286/5204 5230/4284/5203
f 5225/4285/5190 5234/4287/5205 5232/4286/5204
f 5225/4285/5190 5224/4288/5189 5234/4287/5205
f 5224/4288/5189 5237/4279/5206 5234/4287/5205
f 5224/4288/5189 5223/4280/5188 5237/4279/5206
f 5223/4280/5188 5186/4278/5152 5237/4279/5206
f 5238/4257/5207 5239/4259/5208 5122/4274/5088
f 5239/4259/5208 5189/4275/5155 5122/4274/5088
f 5239/4259/5208 5188/4276/5154 5189/4275/5155
f 5240/4260/5209 5188/4276/5154 5239/4259/5208
f 5240/4260/5209 5187/4277/5153 5188/4276/5154
f 5186/4278/5152 5187/4277/5153 5240/4260/5209
f 5186/4278/5152 5240/4260/5209 5236/4262/5210
f 5241/4252/5211 5242/4251/5212 5243/4253/5213
f 5241/4252/5211 5244/4254/5214 5242/4251/5212
f 5244/4254/5214 5241/4252/5211 5245/4255/5215
f 5244/4254/5214 5245/4255/5215 5246/4256/5216
f 5245/4255/5215 5238/4257/5207 5246/4256/5216
f 5245/4255/5215 5247/4258/5217 5238/4257/5207
f 5247/4258/5217 5239/4259/5208 5238/4257/5207
f 5247/4258/5217 5240/4260/5209 5239/4259/5208
f 5235/4261/5218 5240/4260/5209 5247/4258/5217
f 5235/4261/5218 5236/4262/5210 5240/4260/5209
f 5233/4263/5219 5235/4261/5218 5247/4258/5217
f 5233/4263/5219 5247/4258/5217 5245/4255/5215
f 5241/4252/5211 5233/4263/5219 5245/4255/5215
f 5241/4252/5211 5231/4264/5220 5233/4263/5219
f 5231/4264/5220 5241/4252/5211 5243/4253/5213
f 5231/4264/5220 5243/4253/5213 5229/4265/5221
f 5243/4253/5213 5102/4266/5068 5229/4265/5221
f 5243/4253/5213 5104/4267/5070 5102/4266/5068
f 5243/4253/5213 5106/4268/5072 5104/4267/5070
f 5243/4253/5213 5242/4251/5212 5106/4268/5072
f 5242/4251/5212 5108/4269/5074 5106/4268/5072
f 5242/4251/5212 5109/4270/5075 5108/4269/5074
f 5244/4254/5214 5109/4270/5075 5242/4251/5212
f 5244/4254/5214 5113/4271/5079 5109/4270/5075
f 5113/4271/5079 5244/4254/5214 5246/4256/5216
f 5113/4271/5079 5246/4256/5216 5121/4272/5087
f 5246/4256/5216 5125/4273/5091 5121/4272/5087
f 5246/4256/5216 5238/4257/5207 5125/4273/5091
f 5238/4257/5207 5122/4274/5088 5125/4273/5091
f 5248/4428/5222 5249/4426/5223 5250/4429/5224
f 5251/4427/5225 5249/4426/5223 5248/4428/5222
f 5251/4427/5225 5252/4425/5226 5249/4426/5223
f 5248/4428/5222 5250/4429/5224 5253/4430/5227
f 5254/4395/5228 5253/4430/5227 5250/4429/5224
f 5254/4395/5228 5250/4429/5224 5255/4397/5229
f 5255/4397/5229 5250/4429/5224 5256/4431/5230
f 5249/4426/5223 5256/4431/5230 5250/4429/5224
f 5249/4426/5223 5257/4424/5231 5256/4431/5230
f 5252/4425/5226 5257/4424/5231 5249/4426/5223
f 5252/4425/5226 5258/4423/5232 5257/4424/5231
f 5258/4423/5232 5259/4421/5233 5257/4424/5231
f 5258/4423/5232 5260/4422/5234 5259/4421/5233
f 5259/4421/5233 5260/4422/5234 5261/4420/5235
f 5259/4421/5233 5261/4420/5235 5262/4414/5236
f 5263/4419/5237 5262/4414/5236 5261/4420/5235
f 5263/4419/5237 5264/4413/5238 5262/4414/5236
f 5265/4418/5239 5264/4413/5238 5263/4419/5237
f 5265/4418/5239 5266/4417/5240 5264/4413/5238
f 5266/4417/5240 5267/4415/5241 5264/4413/5238
f 5266/4417/5240 5268/4416/5242 5267/4415/5241
f 5255/4397/5229 5256/4431/5230 5269/4399/5243
f 5256/4431/5230 5270/4401/5244 5269/4399/5243
f 5267/4415/5241 5268/4416/5242 5271/4406/5245
f 5267/4415/5241 5271/4406/5245 5272/4404/5246
f 5267/4415/5241 5272/4404/5246 5273/4402/5247
f 5267/4415/5241 5273/4402/5247 5274/4412/5248
f 5270/4401/5244 5274/4412/5248 5273/4402/5247
f 5270/4401/5244 5275/4432/5249 5274/4412/5248
f 5256/4431/5230 5275/4432/5249 5270/4401/5244
f 5257/4424/5231 5275/4432/5249 5256/4431/5230
f 5257/4424/5231 5259/4421/5233 5275/4432/5249
f 5275/4432/5249 5259/4421/5233 5262/4414/5236
f 5275/4432/5249 5262/4414/5236 5274/4412/5248
f 5264/4413/5238 5274/4412/5248 5262/4414/5236
f 5264/4413/5238 5267/4415/5241 5274/4412/5248
f 5276/4405/5250 5271/4406/5245 5277/4411/5251
f 5276/4405/5250 5277/4411/5251 5278/4410/5252
f 5276/4405/5250 5278/4410/5252 5279/4403/5253
f 5280/4409/5254 5279/4403/5253 5278/4410/5252
f 5280/4409/5254 5281/4400/5255 5279/4403/5253
f 5280/4409/5254 5282/4398/5256 5281/4400/5255
f 5280/4409/5254 5283/4408/5257 5282/4398/5256
f 5283/4408/5257 5284/4396/5258 5282/4398/5256
f 5283/4408/5257 5285/4407/5259 5284/4396/5258
f 5254/4395/5228 5284/4396/5258 5285/4407/5259
f 5286/4453/5260 5287/4467/5261 5288/4455/5262
f 5286/4453/5260 5289/4481/5263 5287/4467/5261
f 5290/4482/5264 5289/4481/5263 5286/4453/5260
f 5290/4482/5264 5291/4483/5265 5289/4481/5263
f 5292/4484/5266 5291/4483/5265 5290/4482/5264
f 5292/4484/5266 5290/4482/5264 5293/4485/5267
f 5294/4486/5268 5292/4484/5266 5293/4485/5267
f 5294/4486/5268 5293/4485/5267 5295/4487/5269
f 5296/4488/5270 5294/4486/5268 5295/4487/5269
f 5296/4488/5270 5295/4487/5269 5297/4489/5271
f 5298/4490/5272 5296/4488/5270 5297/4489/5271
f 5298/4490/5272 5297/4489/5271 5299/4491/5273
f 5300/4492/5274 5298/4490/5272 5299/4491/5273
f 5300/4492/5274 5299/4491/5273 5301/4493/2123
f 5302/4494/5275 5300/4492/5274 5301/4493/2123
f 5302/4494/5275 5303/4495/5276 5300/4492/5274
f 2164/4497/2132 2165/4496/2133 5303/4495/5276
f 2164/4497/2132 5303/4495/5276 5302/4494/5275
f 2141/4498/2109 2164/4497/2132 5302/4494/5275
f 2141/4498/2109 5302/4494/5275 5304/4499/5277
f 5304/4499/5277 5302/4494/5275 5301/4493/2123
f 5304/4499/5277 5301/4493/2123 5305/4500/5278
f 5305/4500/5278 5301/4493/2123 5299/4491/5273
f 5305/4500/5278 5299/4491/5273 5306/4501/5279
f 5306/4501/5279 5299/4491/5273 5297/4489/5271
f 5306/4501/5279 5297/4489/5271 5307/4502/5280
f 5307/4502/5280 5297/4489/5271 5295/4487/5269
f 5307/4502/5280 5295/4487/5269 5308/4503/5281
f 5308/4503/5281 5295/4487/5269 5293/4485/5267
f 5308/4503/5281 5293/4485/5267 5309/4504/5282
f 5293/4485/5267 5310/4505/5283 5309/4504/5282
f 5293/4485/5267 5290/4482/5264 5310/4505/5283
f 5311/4454/5284 5310/4505/5283 5290/4482/5264
f 5311/4454/5284 5290/4482/5264 5286/4453/5260
f 5312/4452/5285 5311/4454/5284 5286/4453/5260
f 5312/4452/5285 5286/4453/5260 5288/4455/5262
f 5312/4452/5285 5288/4455/5262 5313/4456/5286
f 5288/4455/5262 5314/4457/5287 5313/4456/5286
f 5313/4456/5286 5314/4457/5287 5315/4458/5288
f 5316/4459/5289 5315/4458/5288 5314/4457/5287
f 5316/4459/5289 5317/4460/5290 5315/4458/5288
f 5318/4461/5291 5317/4460/5290 5316/4459/5289
f 5318/4461/5291 5319/4462/5292 5317/4460/5290
f 5317/4460/5290 5319/4462/5292 5320/4449/5293
f 5317/4460/5290 5320/4449/5293 5321/4463/5294
f 5320/4449/5293 5322/4450/5295 5321/4463/5294
f 5321/4463/5294 5322/4450/5295 5323/4464/5296
f 5322/4450/5295 5324/4439/5297 5323/4464/5296
f 5323/4464/5296 5324/4439/5297 5325/4465/5298
f 5324/4439/5297 5326/4437/5299 5325/4465/5298
f 5327/4466/5300 5325/4465/5298 5326/4437/5299
f 5277/4438/5251 5327/4466/5300 5326/4437/5299
f 5288/4455/5262 5316/4459/5289 5314/4457/5287
f 5287/4467/5261 5316/4459/5289 5288/4455/5262
f 5287/4467/5261 5318/4461/5291 5316/4459/5289
f 5313/4456/5286 5315/4458/5288 5328/4468/5301
f 5323/4464/5296 5325/4465/5298 5329/4470/5302
f 5329/4470/5302 5325/4465/5298 5330/4469/5303
f 5327/4466/5300 5330/4469/5303 5325/4465/5298
f 5329/4470/5302 5330/4469/5303 5331/4471/5304
f 5327/4466/5300 5277/4438/5251 5271/4472/5245
f 5327/4466/5300 5271/4472/5245 5332/4473/5305
f 5330/4469/5303 5327/4466/5300 5332/4473/5305
f 5330/4469/5303 5332/4473/5305 5333/4474/5306
f 5334/4475/5307 5330/4469/5303 5333/4474/5306
f 5334/4475/5307 5331/4471/5304 5330/4469/5303
f 5335/4476/5308 5331/4471/5304 5334/4475/5307
f 5335/4476/5308 5329/4470/5302 5331/4471/5304
f 5335/4476/5308 5336/4477/5309 5329/4470/5302
f 5336/4477/5309 5323/4464/5296 5329/4470/5302
f 5336/4477/5309 5337/4478/5310 5323/4464/5296
f 5321/4463/5294 5323/4464/5296 5337/4478/5310
f 5317/4460/5290 5321/4463/5294 5337/4478/5310
f 5317/4460/5290 5337/4478/5310 5315/4458/5288
f 5336/4477/5309 5315/4458/5288 5337/4478/5310
f 5336/4477/5309 5328/4468/5301 5315/4458/5288
f 5335/4476/5308 5328/4468/5301 5336/4477/5309
f 5335/4476/5308 5338/4479/5311 5328/4468/5301
f 5338/4479/5311 5313/4456/5286 5328/4468/5301
f 5338/4479/5311 5339/4480/5312 5313/4456/5286
f 5312/4452/5285 5313/4456/5286 5339/4480/5312
f 5340/4860/5313 4755/4820/4723 5341/4861/5314
f 4757/4822/4725 5341/4861/5314 4755/4820/4723
f 4757/4822/4725 5342/4862/5315 5341/4861/5314
f 4757/4822/4725 4763/4828/4731 5342/4862/5315
f 4763/4828/4731 5343/4863/5316 5342/4862/5315
f 4763/4828/4731 5344/4864/5317 5343/4863/5316
f 4763/4828/4731 5345/4865/5318 5344/4864/5317
f 4763/4828/4731 4759/4824/4727 5345/4865/5318
f 4759/4824/4727 4761/4826/4729 5345/4865/5318
f 4753/4818/4721 3560/4866/3659 3561/4816/3660
f 3559/4867/3658 3560/4866/3659 4753/4818/4721
f 3559/4867/3658 4753/4818/4721 5346/4868/5319
f 4755/4820/4723 5346/4868/5319 4753/4818/4721
f 5340/4860/5313 5346/4868/5319 4755/4820/4723
f 5346/4868/5319 5340/4860/5313 3558/4869/3657
f 5340/4860/5313 3557/4870/3656 3558/4869/3657
f 5346/4868/5319 3558/4869/3657 3559/4867/3658
f 5342/4862/5315 5343/4863/5316 5347/4871/5320
f 5342/4862/5315 5347/4871/5320 5348/4872/5321
f 5341/4861/5314 5342/4862/5315 5348/4872/5321
f 5341/4861/5314 5348/4872/5321 5349/4873/5322
f 5340/4860/5313 5341/4861/5314 5349/4873/5322
f 5350/4874/5323 5340/4860/5313 5349/4873/5322
f 5340/4860/5313 5350/4874/5323 3557/4870/3656
f 5350/4874/5323 3556/4875/3655 3557/4870/3656
f 5350/4874/5323 5351/4876/5324 3556/4875/3655
f 3530/4877/3629 3556/4875/3655 5351/4876/5324
f 5352/4878/5325 3530/4877/3629 5351/4876/5324
f 4689/4879/4657 3530/4877/3629 5352/4878/5325
f 4689/4879/4657 5352/4878/5325 5353/4880/5326
f 4683/4881/4651 4689/4879/4657 5353/4880/5326
f 4683/4881/4651 5353/4880/5326 5354/4882/5327
f 5348/4872/5321 5354/4882/5327 5353/4880/5326
f 5348/4872/5321 5347/4871/5320 5354/4882/5327
f 5350/4874/5323 5349/4873/5322 5355/4883/5328
f 5349/4873/5322 5348/4872/5321 5355/4883/5328
f 5355/4883/5328 5348/4872/5321 5353/4880/5326
f 5355/4883/5328 5353/4880/5326 5352/4878/5325
f 5351/4876/5324 5355/4883/5328 5352/4878/5325
f 5351/4876/5324 5350/4874/5323 5355/4883/5328
f 4682/4884/4650 4683/4881/4651 5354/4882/5327
f 4682/4884/4650 5354/4882/5327 5356/4885/5329
f 5356/4885/5329 5354/4882/5327 5347/4871/5320
f 5356/4885/5329 5347/4871/5320 5357/4886/5330
f 5343/4863/5316 5357/4886/5330 5347/4871/5320
f 5343/4863/5316 5358/4887/5331 5357/4886/5330
f 5358/4887/5331 5343/4863/5316 5344/4864/5317
f 5358/4887/5331 5344/4864/5317 5359/4888/5332
f 5344/4864/5317 5345/4865/5318 5359/4888/5332
f 5345/4865/5318 5360/4889/5333 5359/4888/5332
f 5345/4865/5318 4761/4826/4729 5360/4889/5333
f 4761/4826/4729 5361/4890/5334 5360/4889/5333
f 4761/4826/4729 4762/4827/4730 5361/4890/5334
f 4762/4827/4730 2339/4891/2307 5361/4890/5334
f 4762/4827/4730 2330/4892/2298 2339/4891/2307
f 4774/4839/4742 2330/4892/2298 4762/4827/4730
f 4774/4839/4742 2331/4761/2299 2330/4892/2298
f 4721/4759/4689 2331/4761/2299 4774/4839/4742
f 5361/4890/5334 2339/4891/2307 2338/4893/2306
f 5361/4890/5334 2338/4893/2306 4713/4894/4681
f 5360/4889/5333 5361/4890/5334 4713/4894/4681
f 5360/4889/5333 4713/4894/4681 4712/4895/4680
f 4705/4896/4673 5360/4889/5333 4712/4895/4680
f 4705/4896/4673 5359/4888/5332 5360/4889/5333
f 4703/4897/4671 5359/4888/5332 4705/4896/4673
f 4703/4897/4671 5358/4887/5331 5359/4888/5332
f 4704/4898/4672 5358/4887/5331 4703/4897/4671
f 4704/4898/4672 5357/4886/5330 5358/4887/5331
f 4704/4898/4672 5356/4885/5329 5357/4886/5330
f 4704/4898/4672 4691/4899/4659 5356/4885/5329
f 4681/4900/4649 5356/4885/5329 4691/4899/4659
f 4681/4900/4649 4682/4884/4650 5356/4885/5329
f 2427/4901/5335 2428/4902/5336 5362/4903/5336
f 2428/4902/5336 5363/4904/5337 5362/4903/5336
f 2428/4902/5336 2429/4905/5338 5363/4904/5337
f 2429/4905/5338 5364/4906/5339 5363/4904/5337
f 2429/4905/5338 2430/4907/5340 5364/4906/5339
f 5364/4906/5339 2430/4907/5340 2196/4908/5341
f 5364/4906/5339 2196/4908/5341 2194/4909/5340
f 5364/4906/5339 2194/4909/5340 2195/4910/5339
f 5364/4906/5339 2195/4910/5339 2201/4911/5339
f 5363/4904/5337 5364/4906/5339 2201/4911/5339
f 5363/4904/5337 2201/4911/5339 2423/4912/5337
f 2424/4913/5336 5363/4904/5337 2423/4912/5337
f 2424/4913/5336 5362/4903/5336 5363/4904/5337
f 2425/4914/5342 5362/4903/5336 2424/4913/5336
f 2425/4914/5342 2426/4915/5343 5362/4903/5336
f 2427/4901/5335 5362/4903/5336 2426/4915/5343
f 5365/4341/5344 5366/4342/5345 5367/4584/5346
f 5367/4584/5346 5366/4342/5345 5368/4595/5347
f 5367/4584/5346 5368/4595/5347 5369/4604/5348
f 5370/4338/5349 5371/4339/5350 5372/4340/5351
f 5371/4339/5350 5373/4594/5352 5372/4340/5351
f 5372/4340/5351 5373/4594/5352 5368/4595/5347
f 5373/4594/5352 5374/4603/5353 5368/4595/5347
f 5369/4604/5348 5368/4595/5347 5374/4603/5353
f 5369/4604/5348 5374/4603/5353 5375/4572/5354
f 5376/4579/5355 5367/4584/5346 5369/4604/5348
f 5376/4579/5355 5369/4604/5348 5377/4573/5356
f 5377/4573/5356 5369/4604/5348 5375/4572/5354
f 5377/4573/5356 5375/4572/5354 5378/4560/5357
f 5378/4560/5357 5375/4572/5354 5379/4559/5358
f 5378/4560/5357 5379/4559/5358 5380/4506/5359
f 5375/4572/5354 5381/4571/5360 5379/4559/5358
f 5375/4572/5354 5374/4603/5353 5381/4571/5360
f 5381/4571/5360 5374/4603/5353 5382/4602/5361
f 5373/4594/5352 5382/4602/5361 5374/4603/5353
f 5383/4354/5362 5382/4602/5361 5373/4594/5352
f 5371/4339/5350 5383/4354/5362 5373/4594/5352
f 5384/4337/5363 5383/4354/5362 5371/4339/5350
f 5384/4337/5363 5371/4339/5350 5370/4338/5349
f 5384/4337/5363 5370/4338/5349 5385/4336/5364
f 5386/4345/5365 5385/4336/5364 5370/4338/5349
f 5387/4346/5366 5385/4336/5364 5386/4345/5365
f 5386/4345/5365 5388/4357/5367 5387/4346/5366
f 5389/4355/5368 5387/4346/5366 5388/4357/5367
f 5386/4345/5365 5390/4358/5369 5388/4357/5367
f 5380/4506/5359 5391/4507/5370 5392/4509/5371
f 5380/4506/5359 5393/4508/5372 5391/4507/5370
f 5380/4506/5359 5379/4559/5358 5393/4508/5372
f 5379/4559/5358 5394/4558/5373 5393/4508/5372
f 5379/4559/5358 5381/4571/5360 5394/4558/5373
f 5394/4558/5373 5381/4571/5360 5395/4570/5374
f 5381/4571/5360 5382/4602/5361 5395/4570/5374
f 5396/4601/5375 5395/4570/5374 5382/4602/5361
f 5383/4354/5362 5396/4601/5375 5382/4602/5361
f 5397/4353/5376 5396/4601/5375 5383/4354/5362
f 5384/4337/5363 5397/4353/5376 5383/4354/5362
f 5398/4333/5377 5397/4353/5376 5384/4337/5363
f 5398/4333/5377 5384/4337/5363 5385/4336/5364
f 5398/4333/5377 5385/4336/5364 5399/4335/5378
f 5387/4346/5366 5399/4335/5378 5385/4336/5364
f 5400/4347/5379 5399/4335/5378 5387/4346/5366
f 5389/4355/5368 5400/4347/5379 5387/4346/5366
f 5401/4348/5380 5400/4347/5379 5389/4355/5368
f 5402/4332/5381 5403/4334/5382 5398/4333/5377
f 5403/4334/5382 5404/4352/5383 5398/4333/5377
f 5398/4333/5377 5404/4352/5383 5397/4353/5376
f 5404/4352/5383 5405/4600/5384 5397/4353/5376
f 5397/4353/5376 5405/4600/5384 5396/4601/5375
f 5405/4600/5384 5406/4569/5385 5396/4601/5375
f 5396/4601/5375 5406/4569/5385 5395/4570/5374
f 5406/4569/5385 5407/4556/5386 5395/4570/5374
f 5394/4558/5373 5395/4570/5374 5407/4556/5386
f 5260/4515/5234 5394/4558/5373 5407/4556/5386
f 5393/4508/5372 5394/4558/5373 5260/4515/5234
f 5393/4508/5372 5260/4515/5234 5258/4514/5232
f 5393/4508/5372 5258/4514/5232 5252/4513/5226
f 5393/4508/5372 5252/4513/5226 5391/4507/5370
f 5391/4507/5370 5252/4513/5226 5251/4512/5225
f 5391/4507/5370 5251/4512/5225 5392/4509/5371
f 5248/4511/5222 5392/4509/5371 5251/4512/5225
f 5248/4511/5222 5408/4510/5387 5392/4509/5371
f 5406/4569/5385 5409/4552/5388 5407/4556/5386
f 5406/4569/5385 5410/4554/5389 5409/4552/5388
f 5406/4569/5385 5411/4568/5390 5410/4554/5389
f 5410/4554/5389 5411/4568/5390 5412/4567/5391
f 5412/4567/5391 5411/4568/5390 5413/4566/5392
f 5413/4566/5392 5411/4568/5390 5414/4614/5393
f 5413/4566/5392 5414/4614/5393 5415/4613/5394
f 5405/4600/5384 5415/4613/5394 5414/4614/5393
f 5405/4600/5384 5416/4599/5395 5415/4613/5394
f 5404/4352/5383 5416/4599/5395 5405/4600/5384
f 5417/4351/5396 5416/4599/5395 5404/4352/5383
f 5403/4334/5382 5417/4351/5396 5404/4352/5383
f 5418/4350/5397 5417/4351/5396 5403/4334/5382
f 5419/4349/5398 5418/4350/5397 5403/4334/5382
f 5419/4349/5398 5403/4334/5382 5402/4332/5381
f 5401/4348/5380 5419/4349/5398 5402/4332/5381
f 5401/4348/5380 5402/4332/5381 5400/4347/5379
f 5400/4347/5379 5402/4332/5381 5399/4335/5378
f 5402/4332/5381 5398/4333/5377 5399/4335/5378
f 5405/4600/5384 5414/4614/5393 5406/4569/5385
f 5406/4569/5385 5414/4614/5393 5411/4568/5390
f 5308/4916/5281 5309/4376/5282 5419/4349/5398
f 5310/4596/5283 5419/4349/5398 5309/4376/5282
f 5310/4596/5283 5418/4350/5397 5419/4349/5398
f 5420/4597/5399 5418/4350/5397 5310/4596/5283
f 5418/4350/5397 5420/4597/5399 5417/4351/5396
f 5420/4597/5399 5421/4598/5400 5417/4351/5396
f 5417/4351/5396 5421/4598/5400 5416/4599/5395
f 5416/4599/5395 5421/4598/5400 5422/4615/5401
f 5416/4599/5395 5422/4615/5401 5415/4613/5394
f 5423/4612/5402 5415/4613/5394 5422/4615/5401
f 5423/4612/5402 5413/4566/5392 5415/4613/5394
f 5424/4565/5403 5413/4566/5392 5423/4612/5402
f 5424/4565/5403 5412/4567/5391 5413/4566/5392
f 5424/4565/5403 5425/4621/5404 5412/4567/5391
f 5426/4622/5405 5412/4567/5391 5425/4621/5404
f 5426/4622/5405 5425/4621/5404 5427/4625/5406
f 5268/4626/5242 5426/4622/5405 5427/4625/5406
f 5427/4625/5406 5271/4624/5245 5268/4626/5242
f 5410/4554/5389 5412/4567/5391 5426/4622/5405
f 5271/4624/5245 5427/4625/5406 5425/4621/5404
f 5425/4621/5404 5332/4620/5305 5271/4624/5245
f 5425/4621/5404 5424/4565/5403 5332/4620/5305
f 5428/4609/5407 5332/4620/5305 5424/4565/5403
f 5424/4565/5403 5423/4612/5402 5428/4609/5407
f 5428/4609/5407 5423/4612/5402 5429/4611/5408
f 5429/4611/5408 5423/4612/5402 5422/4615/5401
f 5429/4611/5408 5422/4615/5401 5430/4606/5409
f 5421/4598/5400 5430/4606/5409 5422/4615/5401
f 5421/4598/5400 5420/4597/5399 5430/4606/5409
f 5311/4605/5284 5430/4606/5409 5420/4597/5399
f 5420/4597/5399 5310/4596/5283 5311/4605/5284
f 5428/4609/5407 5333/4619/5306 5332/4620/5305
f 5428/4609/5407 5334/4618/5307 5333/4619/5306
f 5428/4609/5407 5431/4610/5410 5334/4618/5307
f 5428/4609/5407 5429/4611/5408 5431/4610/5410
f 5431/4610/5410 5429/4611/5408 5339/4608/5312
f 5430/4606/5409 5339/4608/5312 5429/4611/5408
f 5430/4606/5409 5312/4607/5285 5339/4608/5312
f 5311/4605/5284 5312/4607/5285 5430/4606/5409
f 5431/4610/5410 5335/4617/5308 5334/4618/5307
f 5431/4610/5410 5338/4616/5311 5335/4617/5308
f 5431/4610/5410 5339/4608/5312 5338/4616/5311
f 5268/4626/5242 5266/4623/5240 5426/4622/5405
f 5266/4623/5240 5410/4554/5389 5426/4622/5405
f 5266/4623/5240 5265/4553/5239 5410/4554/5389
f 5409/4552/5388 5410/4554/5389 5265/4553/5239
f 5409/4552/5388 5265/4553/5239 5263/4555/5237
f 5407/4556/5386 5409/4552/5388 5263/4555/5237
f 5407/4556/5386 5263/4555/5237 5261/4557/5235
f 5260/4515/5234 5407/4556/5386 5261/4557/5235
f 5255/4397/5411 5284/4396/5411 5254/4395/5412
f 5255/4397/5411 5282/4398/5413 5284/4396/5411
f 5255/4397/5411 5269/4399/5414 5282/4398/5413
f 5269/4399/5414 5281/4400/5415 5282/4398/5413
f 5269/4399/5414 5270/4401/5416 5281/4400/5415
f 5281/4400/5415 5270/4401/5416 5273/4402/5417
f 5281/4400/5415 5273/4402/5417 5279/4403/5417
f 5272/4404/5418 5279/4403/5417 5273/4402/5417
f 5272/4404/5418 5276/4405/5418 5279/4403/5417
f 5272/4404/5418 5271/4406/5419 5276/4405/5418
f 5277/4438/5251 5326/4437/5299 5278/4436/5252
f 5432/4433/5420 5278/4436/5252 5326/4437/5299
f 5432/4433/5420 5280/4434/5254 5278/4436/5252
f 5432/4433/5420 5283/4435/5257 5280/4434/5254
f 5432/4433/5420 5433/4440/5421 5283/4435/5257
f 5433/4440/5421 5285/4441/5259 5283/4435/5257
f 5433/4440/5421 5434/4442/5422 5285/4441/5259
f 5254/4443/5228 5285/4441/5259 5434/4442/5422
f 5254/4443/5228 5434/4442/5422 5435/4444/5423
f 5436/4445/5424 5435/4444/5423 5434/4442/5422
f 5436/4445/5424 5437/4446/5425 5435/4444/5423
f 5438/4447/5426 5437/4446/5425 5436/4445/5424
f 5438/4447/5426 5436/4445/5424 5439/4448/5427
f 5320/4449/5293 5438/4447/5426 5439/4448/5427
f 5320/4449/5293 5439/4448/5427 5322/4450/5295
f 5439/4448/5427 5440/4451/5428 5322/4450/5295
f 5322/4450/5295 5440/4451/5428 5324/4439/5297
f 5324/4439/5297 5440/4451/5428 5433/4440/5421
f 5324/4439/5297 5433/4440/5421 5432/4433/5420
f 5324/4439/5297 5432/4433/5420 5326/4437/5299
f 5440/4451/5428 5434/4442/5422 5433/4440/5421
f 5440/4451/5428 5436/4445/5424 5434/4442/5422
f 5439/4448/5427 5436/4445/5424 5440/4451/5428
f 5441/4524/5429 5442/4523/5430 5443/4522/5431
f 5442/4523/5430 5444/4521/5432 5443/4522/5431
f 5443/4522/5431 5444/4521/5432 5445/4520/5433
f 5446/4519/5434 5445/4520/5433 5444/4521/5432
f 5446/4519/5434 5447/4518/5435 5445/4520/5433
f 5448/4585/5436 5449/4593/5437 5450/4583/5438
f 5448/4585/5436 5450/4583/5438 5451/4578/5439
f 5376/4579/5355 5451/4578/5439 5450/4583/5438
f 5376/4579/5355 5452/4574/5440 5451/4578/5439
f 5452/4574/5440 5376/4579/5355 5377/4573/5356
f 5452/4574/5440 5377/4573/5356 5453/4561/5441
f 5453/4561/5441 5377/4573/5356 5378/4560/5357
f 5453/4561/5441 5378/4560/5357 5441/4524/5429
f 5441/4524/5429 5378/4560/5357 5380/4506/5359
f 5441/4524/5429 5380/4506/5359 5442/4523/5430
f 5380/4506/5359 5454/4525/5442 5442/4523/5430
f 5442/4523/5430 5454/4525/5442 5444/4521/5432
f 5454/4525/5442 5455/4526/5443 5444/4521/5432
f 5455/4526/5443 5446/4519/5434 5444/4521/5432
f 5455/4526/5443 5456/4527/5444 5446/4519/5434
f 5456/4527/5444 5455/4526/5443 5408/4510/5387
f 5456/4527/5444 5408/4510/5387 5457/4528/5445
f 5380/4506/5359 5392/4509/5371 5454/4525/5442
f 5455/4526/5443 5454/4525/5442 5392/4509/5371
f 5455/4526/5443 5392/4509/5371 5408/4510/5387
f 5458/4536/5446 5447/4518/5435 5459/4534/5447
f 5458/4536/5446 5445/4520/5433 5447/4518/5435
f 5460/4537/5448 5445/4520/5433 5458/4536/5446
f 5443/4522/5431 5445/4520/5433 5460/4537/5448
f 5461/4538/5449 5443/4522/5431 5460/4537/5448
f 5441/4524/5429 5443/4522/5431 5461/4538/5449
f 5441/4524/5429 5461/4538/5449 5462/4539/5450
f 5441/4524/5429 5462/4539/5450 5453/4561/5441
f 5463/4562/5451 5453/4561/5441 5462/4539/5450
f 5463/4562/5451 5452/4574/5440 5453/4561/5441
f 5452/4574/5440 5463/4562/5451 5464/4575/5452
f 5452/4574/5440 5464/4575/5452 5451/4578/5439
f 5451/4578/5439 5464/4575/5452 5465/4580/5453
f 5451/4578/5439 5465/4580/5453 5448/4585/5436
f 5466/4586/5454 5448/4585/5436 5465/4580/5453
f 5466/4586/5454 5467/4592/5455 5448/4585/5436
f 5468/4591/5456 5467/4592/5455 5466/4586/5454
f 5468/4591/5456 5469/4365/5457 5467/4592/5455
f 5461/4538/5449 5470/4548/5458 5471/4540/5459
f 5461/4538/5449 5471/4540/5459 5462/4539/5450
f 5472/4541/5460 5462/4539/5450 5471/4540/5459
f 5472/4541/5460 5463/4562/5451 5462/4539/5450
f 5463/4562/5451 5472/4541/5460 5473/4563/5461
f 5463/4562/5451 5473/4563/5461 5464/4575/5452
f 5464/4575/5452 5473/4563/5461 5474/4576/5462
f 5464/4575/5452 5474/4576/5462 5465/4580/5453
f 5475/4581/5463 5465/4580/5453 5474/4576/5462
f 5475/4581/5463 5466/4586/5454 5465/4580/5453
f 5476/4587/5464 5466/4586/5454 5475/4581/5463
f 5476/4587/5464 5468/4591/5456 5466/4586/5454
f 5476/4587/5464 5477/4590/5465 5468/4591/5456
f 5477/4590/5465 5469/4365/5457 5468/4591/5456
f 5477/4590/5465 5478/4377/5466 5469/4365/5457
f 5469/4365/5457 5478/4377/5466 5479/4367/5467
f 5478/4377/5466 2178/4380/2139 5479/4367/5467
f 5479/4367/5467 2178/4380/2139 2177/4381/2145
f 5480/4582/5468 5476/4587/5464 5475/4581/5463
f 5480/4582/5468 5475/4581/5463 5481/4577/5469
f 5481/4577/5469 5475/4581/5463 5474/4576/5462
f 5481/4577/5469 5474/4576/5462 5482/4564/5470
f 5473/4563/5461 5482/4564/5470 5474/4576/5462
f 5473/4563/5461 5483/4543/5471 5482/4564/5470
f 5472/4541/5460 5483/4543/5471 5473/4563/5461
f 5472/4541/5460 5484/4542/5472 5483/4543/5471
f 5484/4542/5472 5472/4541/5460 5471/4540/5459
f 5484/4542/5472 5471/4540/5459 5485/4547/5473
f 5470/4548/5458 5485/4547/5473 5471/4540/5459
f 5470/4548/5458 5486/4549/5474 5485/4547/5473
f 5478/4377/5466 2181/4378/2148 2178/4380/2139
f 2173/4379/2141 2181/4378/2148 5478/4377/5466
f 2173/4379/2141 5478/4377/5466 5477/4590/5465
f 5487/4589/5475 2173/4379/2141 5477/4590/5465
f 5476/4587/5464 5487/4589/5475 5477/4590/5465
f 5488/4588/5476 5487/4589/5475 5476/4587/5464
f 5488/4588/5476 5476/4587/5464 5480/4582/5468
f 5300/4917/5274 5488/4588/5476 5480/4582/5468
f 5480/4582/5468 5298/4918/5272 5300/4917/5274
f 5480/4582/5468 5481/4577/5469 5298/4918/5272
f 5481/4577/5469 5296/4919/5270 5298/4918/5272
f 5481/4577/5469 5482/4564/5470 5296/4919/5270
f 5294/4920/5268 5296/4919/5270 5482/4564/5470
f 5483/4543/5471 5294/4920/5268 5482/4564/5470
f 5483/4543/5471 5292/4544/5266 5294/4920/5268
f 5484/4542/5472 5292/4544/5266 5483/4543/5471
f 5484/4542/5472 5291/4546/5265 5292/4544/5266
f 5291/4546/5265 5484/4542/5472 5485/4547/5473
f 5300/4917/5274 5303/4921/5276 5488/4588/5476
f 2165/4922/2133 5488/4588/5476 5303/4921/5276
f 2165/4922/2133 2171/4923/2139 5488/4588/5476
f 2171/4923/2139 5487/4589/5475 5488/4588/5476
f 2171/4923/2139 2172/4924/2140 5487/4589/5475
f 5487/4589/5475 2172/4924/2140 2173/4379/2141
f 5291/4546/5265 5485/4547/5473 5289/4551/5263
f 5289/4551/5263 5485/4547/5473 5486/4549/5474
f 5289/4551/5263 5486/4549/5474 5287/4550/5261
f 5486/4549/5474 5318/4532/5291 5287/4550/5261
f 5253/4530/5227 5408/4510/5387 5248/4511/5222
f 5253/4530/5227 5457/4528/5445 5408/4510/5387
f 5254/4529/5228 5457/4528/5445 5253/4530/5227
f 5456/4527/5444 5457/4528/5445 5254/4529/5228
f 5456/4527/5444 5254/4529/5228 5435/4531/5423
f 5456/4527/5444 5435/4531/5423 5446/4519/5434
f 5446/4519/5434 5435/4531/5423 5437/4517/5425
f 5446/4519/5434 5437/4517/5425 5447/4518/5435
f 5447/4518/5435 5437/4517/5425 5438/4516/5426
f 5447/4518/5435 5438/4516/5426 5459/4534/5447
f 5459/4534/5447 5438/4516/5426 5320/4535/5293
f 5459/4534/5447 5320/4535/5293 5319/4533/5292
f 5318/4532/5291 5459/4534/5447 5319/4533/5292
f 5318/4532/5291 5458/4536/5446 5459/4534/5447
f 5486/4549/5474 5458/4536/5446 5318/4532/5291
f 5460/4537/5448 5458/4536/5446 5486/4549/5474
f 5470/4548/5458 5460/4537/5448 5486/4549/5474
f 5461/4538/5449 5460/4537/5448 5470/4548/5458
f 5372/4340/5351 5368/4595/5347 5366/4342/5345
f 5365/4341/5344 5372/4340/5351 5366/4342/5345
f 5370/4338/5349 5372/4340/5351 5365/4341/5344
f 5489/4343/5477 5370/4338/5349 5365/4341/5344
f 5386/4345/5365 5370/4338/5349 5489/4343/5477
f 5386/4345/5365 5489/4343/5477 5490/4359/5478
f 5386/4345/5365 5490/4359/5478 5390/4358/5369
f 5491/4362/5479 5390/4358/5369 5490/4359/5478
f 5492/4363/5480 5491/4362/5479 5490/4359/5478
f 5492/4363/5480 5490/4359/5478 5493/4360/5481
f 5494/4364/5482 5492/4363/5480 5493/4360/5481
f 5494/4364/5482 5493/4360/5481 5495/4361/5483
f 5496/4344/5484 5495/4361/5483 5493/4360/5481
f 5496/4344/5484 5449/4593/5437 5495/4361/5483
f 5449/4593/5437 5496/4344/5484 5365/4341/5344
f 5449/4593/5437 5365/4341/5344 5450/4583/5438
f 5367/4584/5346 5450/4583/5438 5365/4341/5344
f 5367/4584/5346 5376/4579/5355 5450/4583/5438
f 5489/4343/5477 5493/4360/5481 5490/4359/5478
f 5489/4343/5477 5496/4344/5484 5493/4360/5481
f 5489/4343/5477 5365/4341/5344 5496/4344/5484
f 5401/4348/5380 5389/4355/5368 5497/4356/5485
f 5498/4372/5486 5497/4356/5485 5389/4355/5368
f 5498/4372/5486 5389/4355/5368 5499/4371/5487
f 5499/4371/5487 5389/4355/5368 5388/4357/5367
f 5499/4371/5487 5388/4357/5367 5500/4370/5488
f 5500/4370/5488 5388/4357/5367 5390/4358/5369
f 5500/4370/5488 5390/4358/5369 5501/4369/5489
f 5491/4362/5479 5501/4369/5489 5390/4358/5369
f 5502/4368/5490 5501/4369/5489 5491/4362/5479
f 5492/4363/5480 5502/4368/5490 5491/4362/5479
f 5492/4363/5480 5503/4366/5491 5502/4368/5490
f 5494/4364/5482 5503/4366/5491 5492/4363/5480
f 5494/4364/5482 5479/4367/5467 5503/4366/5491
f 5469/4365/5457 5479/4367/5467 5494/4364/5482
f 5469/4365/5457 5494/4364/5482 5495/4361/5483
f 5469/4365/5457 5495/4361/5483 5467/4592/5455
f 5449/4593/5437 5467/4592/5455 5495/4361/5483
f 5449/4593/5437 5448/4585/5436 5467/4592/5455
f 5479/4367/5467 2177/4381/2145 5503/4366/5491
f 5503/4366/5491 2177/4381/2145 2472/4382/2435
f 5503/4366/5491 2472/4382/2435 5502/4368/5490
f 2472/4382/2435 5504/4383/5492 5502/4368/5490
f 5502/4368/5490 5504/4383/5492 5501/4369/5489
f 5501/4369/5489 5504/4383/5492 5505/4384/5493
f 5501/4369/5489 5505/4384/5493 5500/4370/5488
f 5500/4370/5488 5505/4384/5493 5506/4385/5494
f 5500/4370/5488 5506/4385/5494 5499/4371/5487
f 5499/4371/5487 5506/4385/5494 5507/4386/5495
f 5499/4371/5487 5507/4386/5495 5498/4372/5486
f 5507/4386/5495 5305/4387/5278 5498/4372/5486
f 5306/4373/5279 5498/4372/5486 5305/4387/5278
f 5306/4373/5279 5497/4356/5485 5498/4372/5486
f 5497/4356/5485 5306/4373/5279 5307/4374/5280
f 5497/4356/5485 5307/4374/5280 5401/4348/5380
f 5401/4348/5380 5307/4374/5280 5308/4916/5281
f 5308/4916/5281 5419/4349/5398 5401/4348/5380
f 5505/4384/5493 2475/4390/2438 5506/4385/5494
f 5505/4384/5493 2470/4389/2433 2475/4390/2438
f 5504/4383/5492 2470/4389/2433 5505/4384/5493
f 5504/4383/5492 2471/4388/2434 2470/4389/2433
f 2472/4382/2435 2471/4388/2434 5504/4383/5492
f 5507/4386/5495 5304/4394/5277 5305/4387/5278
f 5507/4386/5495 2141/4393/2109 5304/4394/5277
f 5507/4386/5495 2142/4391/2110 2141/4393/2109
f 5506/4385/5494 2142/4391/2110 5507/4386/5495
f 5506/4385/5494 2475/4392/2438 2142/4391/2110
f 5508/4631/5496 5509/4637/5497 5510/4632/5498
f 5511/4636/5499 5510/4632/5498 5509/4637/5497
f 5512/4633/5500 5510/4632/5498 5511/4636/5499
f 5513/4635/5501 5512/4633/5500 5511/4636/5499
f 5512/4633/5500 5513/4635/5501 5514/4634/5502
f 5513/4635/5501 5515/4640/5503 5514/4634/5502
f 5516/4639/5504 5514/4634/5502 5515/4640/5503
f 5515/4640/5503 5517/4646/5505 5516/4639/5504
f 5518/4647/5506 5516/4639/5504 5517/4646/5505
f 3712/3704/3811 5519/4627/5507 3709/3701/3808
f 3712/3704/3811 5520/4630/5508 5519/4627/5507
f 5519/4627/5507 5520/4630/5508 5508/4631/5496
f 5520/4630/5508 5521/4638/5509 5508/4631/5496
f 5508/4631/5496 5521/4638/5509 5509/4637/5497
f 5522/4644/5510 5509/4637/5497 5521/4638/5509
f 5523/4643/5511 5509/4637/5497 5522/4644/5510
f 5511/4636/5499 5509/4637/5497 5523/4643/5511
f 5524/4642/5512 5511/4636/5499 5523/4643/5511
f 5513/4635/5501 5511/4636/5499 5524/4642/5512
f 5525/4641/5513 5513/4635/5501 5524/4642/5512
f 5513/4635/5501 5525/4641/5513 5515/4640/5503
f 5525/4641/5513 5526/4645/5514 5515/4640/5503
f 5515/4640/5503 5526/4645/5514 5517/4646/5505
f 5526/4645/5514 5527/4648/5515 5517/4646/5505
f 3698/3690/3797 5517/4646/5505 5527/4648/5515
f 3698/3690/3797 5518/4647/5506 5517/4646/5505
f 3699/3691/3798 5518/4647/5506 3698/3690/3797
f 3712/3704/3811 3627/3607/3726 5520/4630/5508
f 3627/3607/3726 3631/3611/3730 5520/4630/5508
f 5520/4630/5508 3631/3611/3730 5521/4638/5509
f 3631/3611/3730 3638/3618/3737 5521/4638/5509
f 5522/4644/5510 5521/4638/5509 3638/3618/3737
f 3641/3621/3740 5522/4644/5510 3638/3618/3737
f 3648/3628/3747 5522/4644/5510 3641/3621/3740
f 5523/4643/5511 5522/4644/5510 3648/3628/3747
f 3650/3630/3749 5523/4643/5511 3648/3628/3747
f 5524/4642/5512 5523/4643/5511 3650/3630/3749
f 3652/3632/3751 5524/4642/5512 3650/3630/3749
f 5525/4641/5513 5524/4642/5512 3652/3632/3751
f 3687/3675/3786 5525/4641/5513 3652/3632/3751
f 5525/4641/5513 3687/3675/3786 5526/4645/5514
f 3687/3675/3786 3688/3676/3787 5526/4645/5514
f 5526/4645/5514 3688/3676/3787 5527/4648/5515
f 3688/3676/3787 3689/3677/3788 5527/4648/5515
f 3689/3677/3788 3698/3690/3797 5527/4648/5515
f 3699/3691/3798 3700/3692/3799 5518/4647/5506
f 3700/3692/3799 3703/3695/3802 5518/4647/5506
f 5518/4647/5506 3703/3695/3802 5516/4639/5504
f 3705/3697/3804 5516/4639/5504 3703/3695/3802
f 5516/4639/5504 3705/3697/3804 5514/4634/5502
f 3705/3697/3804 3707/3699/3806 5514/4634/5502
f 5512/4633/5500 5514/4634/5502 3707/3699/3806
f 3707/3699/3806 5528/4629/5516 5512/4633/5500
f 5512/4633/5500 5528/4629/5516 5510/4632/5498
f 5529/4628/5517 5510/4632/5498 5528/4629/5516
f 5529/4628/5517 5508/4631/5496 5510/4632/5498
f 5519/4627/5507 5508/4631/5496 5529/4628/5517
f 3709/3701/3808 5519/4627/5507 5529/4628/5517
f 3709/3701/3808 5529/4628/5517 3707/3699/3806
f 3707/3699/3806 5529/4628/5517 5528/4629/5516
f 3570/3543/3669 3565/3538/3664 3572/3545/3671
f 3563/3536/3662 3565/3538/3664 3570/3543/3669
f 3569/3542/3668 3563/3536/3662 3570/3543/3669
f 3569/3542/3668 3683/4693/3782 3563/3536/3662
f 5530/4692/5518 3683/4693/3782 3569/3542/3668
f 5530/4692/5518 3680/4925/3779 3683/4693/3782
f 3681/4926/3780 3680/4925/3779 5530/4692/5518
f 3681/4926/3780 5530/4692/5518 5531/4690/5519
f 3682/4927/3781 3681/4926/3780 5531/4690/5519
f 3682/4927/3781 5531/4690/5519 5532/4928/5520
f 3690/4929/3789 3682/4927/3781 5532/4928/5520
f 3690/4929/3789 5532/4928/5520 5533/4930/5521
f 3692/4931/3791 3690/4929/3789 5533/4930/5521
f 3692/4931/3791 5533/4930/5521 5534/4932/5522
f 3694/4933/3793 3692/4931/3791 5534/4932/5522
f 3694/4933/3793 5534/4932/5522 5535/4934/5523
f 5536/4935/2061 3694/4933/3793 5535/4934/5523
f 5536/4935/2061 3696/4936/3795 3694/4933/3793
f 2134/4937/2102 2135/4938/2103 3696/4936/3795
f 2134/4937/2102 3696/4936/3795 5536/4935/2061
f 2115/4939/2083 2134/4937/2102 5536/4935/2061
f 2115/4939/2083 5536/4935/2061 3748/4940/3847
f 3748/4940/3847 5536/4935/2061 5535/4934/5523
f 3748/4940/3847 5535/4934/5523 3747/4941/3846
f 3747/4941/3846 5535/4934/5523 5534/4932/5522
f 3747/4941/3846 5534/4932/5522 3746/4942/3845
f 3746/4942/3845 5534/4932/5522 5533/4930/5521
f 3746/4942/3845 5533/4930/5521 3745/4943/3844
f 3745/4943/3844 5533/4930/5521 5532/4928/5520
f 3745/4943/3844 5532/4928/5520 3744/4688/3843
f 3744/4688/3843 5532/4928/5520 5531/4690/5519
f 3744/4688/3843 5531/4690/5519 3743/4689/3842
f 5531/4690/5519 3742/4691/3841 3743/4689/3842
f 5531/4690/5519 5530/4692/5518 3742/4691/3841
f 3568/3541/3667 3742/4691/3841 5530/4692/5518
f 3568/3541/3667 5530/4692/5518 3569/3542/3668
f 3729/3721/3828 2512/4698/2473 2511/3722/2360
f 2520/4697/2480 2512/4698/2473 3729/3721/3828
f 2520/4697/2480 3729/3721/3828 3728/3720/3827
f 3719/3711/3818 2520/4697/2480 3728/3720/3827
f 3719/3711/3818 2451/4696/2414 2520/4697/2480
f 3718/3710/3817 2451/4696/2414 3719/3711/3818
f 3718/3710/3817 2452/4695/2415 2451/4696/2414
f 3717/3709/3816 2452/4695/2415 3718/3710/3817
f 3717/3709/3816 2450/4944/2413 2452/4695/2415
f 2446/3689/2409 2450/4944/2413 3717/3709/3816
f 3654/4670/3753 5537/4663/5524 5538/4664/5525
f 3656/4671/3755 5537/4663/5524 3654/4670/3753
f 3656/4671/3755 3658/4672/3757 5537/4663/5524
f 3654/4670/3753 5538/4664/5525 3660/4669/3759
f 3604/4668/3703 3660/4669/3759 5538/4664/5525
f 3604/4668/3703 5538/4664/5525 5539/4667/5526
f 5539/4667/5526 5538/4664/5525 5540/4650/5527
f 5537/4663/5524 5540/4650/5527 5538/4664/5525
f 5537/4663/5524 5541/4662/5528 5540/4650/5527
f 3658/4672/3757 5541/4662/5528 5537/4663/5524
f 3658/4672/3757 3659/4673/3758 5541/4662/5528
f 3659/4673/3758 5542/4665/5529 5541/4662/5528
f 3659/4673/3758 3646/4674/3745 5542/4665/5529
f 5542/4665/5529 3646/4674/3745 3645/4675/3744
f 5542/4665/5529 3645/4675/3744 5543/4666/5530
f 3644/4676/3743 5543/4666/5530 3645/4675/3744
f 3644/4676/3743 5544/4655/5531 5543/4666/5530
f 3643/4677/3742 5544/4655/5531 3644/4676/3743
f 3643/4677/3742 3642/4654/3741 5544/4655/5531
f 3642/4654/3741 5545/4653/5532 5544/4655/5531
f 3642/4654/3741 3612/4656/3711 5545/4653/5532
f 5539/4667/5526 5540/4650/5527 5546/4651/5533
f 5540/4650/5527 5547/4652/5534 5546/4651/5533
f 5545/4653/5532 3612/4656/3711 3584/4657/3683
f 5545/4653/5532 3584/4657/3683 5548/4658/5535
f 5549/4659/5536 5545/4653/5532 5548/4658/5535
f 5549/4659/5536 5548/4658/5535 5550/4660/5537
f 5547/4652/5534 5549/4659/5536 5550/4660/5537
f 5547/4652/5534 5551/4661/5538 5549/4659/5536
f 5540/4650/5527 5551/4661/5538 5547/4652/5534
f 5541/4662/5528 5551/4661/5538 5540/4650/5527
f 5541/4662/5528 5542/4665/5529 5551/4661/5538
f 5551/4661/5538 5542/4665/5529 5543/4666/5530
f 5551/4661/5538 5543/4666/5530 5549/4659/5536
f 5544/4655/5531 5549/4659/5536 5543/4666/5530
f 5544/4655/5531 5545/4653/5532 5549/4659/5536
f 3583/4687/3682 5552/4686/5539 3584/4657/3683
f 5552/4686/5539 3583/4687/3682 3597/4685/3696
f 5552/4686/5539 3597/4685/3696 5553/4684/5540
f 3599/4682/3698 5553/4684/5540 3597/4685/3696
f 3599/4682/3698 5554/4683/5541 5553/4684/5540
f 3599/4682/3698 5555/4681/5542 5554/4683/5541
f 3599/4682/3698 3600/4680/3699 5555/4681/5542
f 3600/4680/3699 5556/4678/5543 5555/4681/5542
f 3600/4680/3699 3602/4679/3701 5556/4678/5543
f 3602/4679/3701 3604/4668/3703 5556/4678/5543
f 5557/4903/5544 3510/4902/5544 3509/4901/5545
f 5558/4904/5546 3510/4902/5544 5557/4903/5544
f 5558/4904/5546 3511/4905/5547 3510/4902/5544
f 5559/4906/4208 3511/4905/5547 5558/4904/5546
f 5559/4906/4208 3512/4907/5548 3511/4905/5547
f 5559/4906/4208 3513/4908/1691 3512/4907/5548
f 5559/4906/4208 3514/4909/5548 3513/4908/1691
f 1708/4910/4208 3514/4909/5548 5559/4906/4208
f 1708/4910/4208 5559/4906/4208 1704/4911/5549
f 1704/4911/5549 5559/4906/4208 5558/4904/5546
f 1704/4911/5549 5558/4904/5546 1705/4912/5546
f 1706/4913/1843 1705/4912/5546 5558/4904/5546
f 1706/4913/1843 5558/4904/5546 5557/4903/5544
f 1707/4914/5550 1706/4913/1843 5557/4903/5544
f 1707/4914/5550 5557/4903/5544 3508/4915/5545
f 5557/4903/5544 3509/4901/5545 3508/4915/5545
f 3530/3503/5551 3529/3502/5552 3555/3528/5553
f 3532/3505/5554 3555/3528/5553 3529/3502/5552
f 3532/3505/5554 3554/3527/5555 3555/3528/5553
f 3554/3527/5555 3532/3505/5554 3534/3507/5556
f 3554/3527/5555 3534/3507/5556 3553/3526/5557
f 3534/3507/5556 3552/3525/5558 3553/3526/5557
f 3534/3507/5556 3535/3508/5558 3552/3525/5558
f 3535/3508/5558 3544/3517/5559 3552/3525/5558
f 3535/3508/5558 3527/3500/5559 3544/3517/5559
f 3527/3500/5559 3526/3499/5560 3544/3517/5559
f 4807/3994/5561 4993/4014/5562 5012/3993/5562
f 4994/4017/5563 5012/3993/5562 4993/4014/5562
f 4994/4017/5563 5011/3992/5563 5012/3993/5562
f 5011/3992/5563 4994/4017/5563 4995/4019/5564
f 5011/3992/5563 4995/4019/5564 5010/3991/5564
f 4996/4020/5565 5010/3991/5564 4995/4019/5564
f 4996/4020/5565 5009/4012/5565 5010/3991/5564
f 4996/4020/5565 5001/4011/5566 5009/4012/5565
f 4996/4020/5565 4997/4022/5566 5001/4011/5566
f 4997/4022/5566 4797/4010/5567 5001/4011/5566
f 3584/4657/5568 5552/4686/5569 5548/4658/5569
f 5548/4658/5569 5552/4686/5569 5553/4684/5570
f 5548/4658/5569 5553/4684/5570 5550/4660/5570
f 5554/4683/5571 5550/4660/5570 5553/4684/5570
f 5554/4683/5571 5547/4652/5572 5550/4660/5570
f 5546/4651/5573 5547/4652/5572 5554/4683/5571
f 5546/4651/5573 5554/4683/5571 5555/4681/5573
f 5539/4667/5574 5546/4651/5573 5555/4681/5573
f 5539/4667/5574 5555/4681/5573 5556/4678/5574
f 5556/4678/5574 3604/4668/5575 5539/4667/5574
f 5560/4945/2063 4961/3984/4927 5561/3981/5576
f 5560/4945/2063 4962/4946/4928 4961/3984/4927
f 5562/4947/5577 4962/4946/4928 5560/4945/2063
f 5562/4947/5577 4958/4948/4924 4962/4946/4928
f 5563/4949/5523 4958/4948/4924 5562/4947/5577
f 5563/4949/5523 4956/4950/4922 4958/4948/4924
f 5564/4951/5578 4956/4950/4922 5563/4949/5523
f 5564/4951/5578 4973/4952/4939 4956/4950/4922
f 4961/3984/4927 2081/3985/2049 2097/3983/2065
f 4961/3984/4927 2097/3983/2065 5561/3981/5576
f 5561/3981/5576 2097/3983/2065 2104/3980/2072
f 5561/3981/5576 2104/3980/2072 5565/3982/5579
f 5560/4945/2063 5561/3981/5576 5565/3982/5579
f 5560/4945/2063 5565/3982/5579 5566/4953/5580
f 5566/4953/5580 5562/4947/5577 5560/4945/2063
f 5566/4953/5580 5567/4954/5581 5562/4947/5577
f 5567/4954/5581 5563/4949/5523 5562/4947/5577
f 5567/4954/5581 5568/4955/5582 5563/4949/5523
f 5568/4955/5582 5564/4951/5578 5563/4949/5523
f 5568/4955/5582 4816/4852/4784 5564/4951/5578
f 4816/4852/4784 4818/3940/4786 5564/4951/5578
f 4818/3940/4786 4973/4952/4939 5564/4951/5578
f 4818/3940/4786 4974/3944/4940 4973/4952/4939
f 4818/3940/4786 4975/3943/4941 4974/3944/4940
f 4818/3940/4786 4820/3937/4788 4975/3943/4941
f 4820/3937/4788 4824/3935/4792 4975/3943/4941
f 4820/3937/4788 4822/3936/4790 4824/3935/4792
f 5569/4936/5583 1760/4938/1756 1758/4937/1754
f 5569/4936/5583 1758/4937/1754 5570/4935/1748
f 5570/4935/1748 1758/4937/1754 1745/4939/1741
f 5570/4935/1748 1745/4939/1741 4645/4940/4621
f 5571/4934/5584 5570/4935/1748 4645/4940/4621
f 5571/4934/5584 4645/4940/4621 4636/4941/4615
f 4636/4941/4615 5572/4932/5585 5571/4934/5584
f 4636/4941/4615 4639/4942/4617 5572/4932/5585
f 4639/4942/4617 5573/4930/5586 5572/4932/5585
f 4639/4942/4617 4641/4943/4619 5573/4930/5586
f 4641/4943/4619 5574/4928/5587 5573/4930/5586
f 4641/4943/4619 4586/4688/4564 5574/4928/5587
f 4586/4688/4564 4588/4690/4566 5574/4928/5587
f 4588/4690/4566 4504/4927/4500 5574/4928/5587
f 4588/4690/4566 4526/4926/4515 4504/4927/4500
f 4526/4926/4515 4588/4690/4566 4590/4692/4031
f 4526/4926/4515 4590/4692/4031 4525/4925/4514
f 4590/4692/4031 4545/4693/4530 4525/4925/4514
f 4507/4933/4503 5569/4936/5583 5570/4935/1748
f 4507/4933/4503 5570/4935/1748 5571/4934/5584
f 5572/4932/5585 4507/4933/4503 5571/4934/5584
f 5572/4932/5585 4506/4931/4502 4507/4933/4503
f 5573/4930/5586 4506/4931/4502 5572/4932/5585
f 5573/4930/5586 4505/4929/4501 4506/4931/4502
f 5574/4928/5587 4505/4929/4501 5573/4930/5586
f 5574/4928/5587 4504/4927/4500 4505/4929/4501
f 4507/3682/4503 4488/3681/4489 4487/3683/4488
f 4507/3682/4503 4487/3683/4488 5569/3684/5583
f 1760/3685/1756 5569/3684/5583 4487/3683/4488
f 1760/3685/1756 4487/3683/4488 1762/3686/1758
f 4486/3687/3858 1762/3686/1758 4487/3683/4488
f 4486/3687/3858 1954/3688/1932 1762/3686/1758
f 4486/3687/3858 1948/3689/1926 1954/3688/1932
f 4486/3687/3858 4646/3693/1708 1948/3689/1926
f 4647/3709/1984 1948/3689/1926 4646/3693/1708
f 4647/3709/1984 1946/4944/1924 1948/3689/1926
f 4647/3709/1984 1945/4695/1924 1946/4944/1924
f 4887/3889/4855 4861/3890/4829 4912/3751/4880
f 4861/3890/4829 4816/4853/4784 4912/3751/4880
f 4912/3751/4880 4816/4853/4784 5568/4956/5582
f 5568/4956/5582 4914/3749/4882 4912/3751/4880
f 5568/4956/5582 5567/4957/5581 4914/3749/4882
f 4915/3748/4883 4914/3749/4882 5567/4957/5581
f 4915/3748/4883 5567/4957/5581 5566/4958/5580
f 5566/4958/5580 4948/3764/4914 4915/3748/4883
f 5566/4958/5580 5565/3771/5579 4948/3764/4914
f 4948/3764/4914 5565/3771/5579 2104/3770/2072
f 4948/3764/4914 2104/3770/2072 2114/3766/2082
f 4947/3765/2374 4948/3764/4914 2114/3766/2082
f 4947/3765/2374 2114/3766/2082 2396/3767/2082
f 4946/3768/4913 4947/3765/2374 2396/3767/2082
f 4946/3768/4913 2396/3767/2082 2393/3769/2359
f 4945/3789/4912 4946/3768/4913 2393/3769/2359
f 4945/3789/4912 2393/3769/2359 2394/3790/2084
f 4938/3786/4905 4945/3789/4912 2394/3790/2084
f 4378/4543/4396 4391/4564/4408 4343/4545/4363
f 4343/4545/4363 4391/4564/4408 4345/4919/4365
f 4345/4919/4365 4391/4564/4408 4404/4577/4421
f 4345/4919/4365 4404/4577/4421 4347/4918/4367
f 4347/4918/4367 4404/4577/4421 4409/4582/4426
f 4347/4918/4367 4409/4582/4426 4349/4917/4369
f 4349/4917/4369 4409/4582/4426 4415/4588/4432
f 4349/4917/4369 4415/4588/4432 4352/4921/4370
f 1727/4922/1723 4352/4921/4370 4415/4588/4432
f 1727/4922/1723 4415/4588/4432 2006/4923/1964
f 4416/4589/4433 2006/4923/1964 4415/4588/4432
f 4416/4589/4433 2004/4924/1977 2006/4923/1964
f 4416/4589/4433 1996/4379/1970 2004/4924/1977
f 4416/4589/4433 4417/4590/3860 1996/4379/1970
f 4252/4377/4258 1996/4379/1970 4417/4590/3860
f 4240/4365/4248 4252/4377/4258 4417/4590/3860
f 4240/4365/4248 4242/4367/1972 4252/4377/4258
f 4240/4365/4248 4239/4364/4247 4242/4367/1972
f 1556/4750/1552 5575/4751/5588 1555/4752/1551
f 5576/4734/5589 5577/4742/5590 5578/4735/5591
f 5579/4743/5592 5578/4735/5591 5577/4742/5590
f 5579/4743/5592 5580/4736/5593 5578/4735/5591
f 5581/4744/4541 5580/4736/5593 5579/4743/5592
f 5581/4744/4541 5582/4737/5594 5580/4736/5593
f 5581/4744/4541 5583/4745/5595 5582/4737/5594
f 5581/4744/4541 5584/4755/5596 5583/4745/5595
f 5584/4755/5596 5585/4746/5595 5583/4745/5595
f 5584/4755/5596 5586/4754/5596 5585/4746/5595
f 5587/4749/4512 5585/4746/5595 5586/4754/5596
f 5587/4749/4512 5586/4754/5596 5575/4751/5588
f 1556/4750/1552 5587/4749/4512 5575/4751/5588
f 1556/4750/1552 5588/4748/5597 5587/4749/4512
f 1556/4750/1552 1542/4753/1538 5588/4748/5597
f 5589/4740/1898 5590/4738/5598 5582/4737/5594
f 5589/4740/1898 5582/4737/5594 5583/4745/5595
f 5585/4746/5595 5589/4740/1898 5583/4745/5595
f 5585/4746/5595 5591/4747/5599 5589/4740/1898
f 5588/4748/5597 5591/4747/5599 5585/4746/5595
f 5588/4748/5597 5585/4746/5595 5587/4749/4512
f 5576/4734/5589 5578/4735/5591 5592/4705/5600
f 5592/4705/5600 5578/4735/5591 5593/4707/5601
f 5580/4736/5593 5593/4707/5601 5578/4735/5591
f 5580/4736/5593 5594/4727/5602 5593/4707/5601
f 5582/4737/5594 5594/4727/5602 5580/4736/5593
f 5582/4737/5594 5595/4726/5603 5594/4727/5602
f 5590/4738/5598 5595/4726/5603 5582/4737/5594
f 5590/4738/5598 5596/4739/5604 5595/4726/5603
f 5596/4739/5604 5597/4724/5605 5595/4726/5603
f 5596/4739/5604 5598/4725/5606 5597/4724/5605
f 5597/4724/5605 5598/4725/5606 5599/4709/5607
f 5597/4724/5605 5599/4709/5607 5600/4708/5608
f 5599/4709/5607 5601/4700/5609 5600/4708/5608
f 5600/4708/5608 5601/4700/5609 5602/4701/5610
f 5601/4700/5609 5603/4699/5611 5602/4701/5610
f 5601/4700/5609 5604/4702/5612 5603/4699/5611
f 5603/4699/5611 5604/4702/5612 5605/4713/5613
f 5604/4702/5612 5606/4712/5614 5605/4713/5613
f 5595/4726/5603 5593/4707/5601 5594/4727/5602
f 5597/4724/5605 5600/4708/5608 5607/4706/5615
f 5600/4708/5608 5602/4701/5610 5607/4706/5615
f 5601/4700/5609 5608/4703/5616 5604/4702/5612
f 5604/4702/5612 5608/4703/5616 5606/4712/5614
f 5605/4713/5613 5606/4712/5614 5609/4721/5617
f 5610/4720/5618 5609/4721/5617 5606/4712/5614
f 5610/4720/5618 5606/4712/5614 5611/4719/5619
f 5612/4711/5620 5611/4719/5619 5606/4712/5614
f 5612/4711/5620 5606/4712/5614 5608/4703/5616
f 5613/4704/5621 5612/4711/5620 5608/4703/5616
f 5601/4700/5609 5613/4704/5621 5608/4703/5616
f 5599/4709/5607 5613/4704/5621 5601/4700/5609
f 5599/4709/5607 5614/4710/3996 5613/4704/5621
f 5613/4704/5621 5614/4710/3996 5612/4711/5620
f 5615/4717/5622 5616/4715/5623 5617/4716/5624
f 5618/4714/5625 5617/4716/5624 5616/4715/5623
f 5603/4699/5611 5618/4714/5625 5616/4715/5623
f 5603/4699/5611 5605/4713/5613 5618/4714/5625
f 5618/4714/5625 5605/4713/5613 5619/4722/5626
f 5605/4713/5613 5609/4721/5617 5619/4722/5626
f 5618/4714/5625 5620/4723/5627 5617/4716/5624
f 5618/4714/5625 5619/4722/5626 5620/4723/5627
f 5595/4726/5603 5597/4724/5605 5593/4707/5601
f 5597/4724/5605 5607/4706/5615 5593/4707/5601
f 5592/4705/5600 5593/4707/5601 5607/4706/5615
f 5592/4705/5600 5607/4706/5615 5602/4701/5610
f 5592/4705/5600 5602/4701/5610 5621/4733/5628
f 5621/4733/5628 5602/4701/5610 5603/4699/5611
f 5621/4733/5628 5603/4699/5611 5622/4851/5629
f 5603/4699/5611 5616/4715/5623 5622/4851/5629
f 5623/4718/5630 5622/4851/5629 5616/4715/5623
f 5615/4717/5622 5623/4718/5630 5616/4715/5623
f 5623/4718/5630 5615/4717/5622 5624/4728/5631
f 5623/4718/5630 5624/4728/5631 5625/4729/5632
f 5623/4718/5630 5625/4729/5632 5626/4730/5633
f 5623/4718/5630 5626/4730/5633 5627/4731/4609
f 5628/4732/5634 5627/4731/4609 5626/4730/5633
f 5621/4733/5628 5627/4731/4609 5628/4732/5634
f 5576/4734/5589 5621/4733/5628 5628/4732/5634
f 5576/4734/5589 5592/4705/5600 5621/4733/5628
f 5623/4718/5630 5627/4731/4609 5622/4851/5629
f 5621/4733/5628 5622/4851/5629 5627/4731/4609
f 5576/4734/5589 5628/4732/5634 5629/4741/5635
f 5628/4732/5634 5626/4730/5633 5629/4741/5635
f 1575/4769/1571 1576/4777/1572 5630/4770/5636
f 5631/4839/5637 1540/4892/1536 1554/4761/1550
f 5632/4759/5638 5631/4839/5637 1554/4761/1550
f 5632/4759/5638 1554/4761/1550 1557/4760/1553
f 1557/4760/1553 5633/4762/5639 5632/4759/5638
f 1557/4760/1553 1560/4763/1556 5633/4762/5639
f 1560/4763/1556 5634/4764/5640 5633/4762/5639
f 1560/4763/1556 1562/4765/1558 5634/4764/5640
f 1562/4765/1558 5635/4766/5641 5634/4764/5640
f 1562/4765/1558 1573/4767/1569 5635/4766/5641
f 1573/4767/1569 5636/4758/5642 5635/4766/5641
f 1573/4767/1569 1574/4768/1570 5636/4758/5642
f 1575/4769/1571 5636/4758/5642 1574/4768/1570
f 1575/4769/1571 5637/4757/5643 5636/4758/5642
f 1575/4769/1571 5630/4770/5636 5637/4757/5643
f 5630/4770/5636 5638/4756/5644 5637/4757/5643
f 5638/4756/5644 5636/4758/5642 5637/4757/5643
f 5638/4756/5644 5639/4848/5645 5636/4758/5642
f 5639/4848/5645 5635/4766/5641 5636/4758/5642
f 5634/4764/5640 5640/4838/1584 5641/4837/5646
f 5641/4837/5646 5633/4762/5639 5634/4764/5640
f 5641/4837/5646 5642/4835/5647 5633/4762/5639
f 5642/4835/5647 5632/4759/5638 5633/4762/5639
f 5642/4835/5647 5643/4829/5648 5632/4759/5638
f 5643/4829/5648 5631/4839/5637 5632/4759/5638
f 5643/4829/5648 5644/4825/5649 5631/4839/5637
f 5635/4766/5641 5645/4776/5650 5634/4764/5640
f 5645/4776/5650 5640/4838/1584 5634/4764/5640
f 5645/4776/5650 5646/4836/5651 5640/4838/1584
f 5641/4837/5646 5640/4838/1584 5646/4836/5651
f 5641/4837/5646 5646/4836/5651 5647/4834/5652
f 5642/4835/5647 5641/4837/5646 5647/4834/5652
f 5642/4835/5647 5647/4834/5652 5648/4830/5653
f 5643/4829/5648 5642/4835/5647 5648/4830/5653
f 5643/4829/5648 5648/4830/5653 5649/4823/4580
f 5644/4825/5649 5643/4829/5648 5649/4823/4580
f 5644/4825/5649 5649/4823/4580 5650/4824/5654
f 5639/4848/5645 5651/4844/5655 5635/4766/5641
f 5635/4766/5641 5651/4844/5655 5645/4776/5650
f 5651/4844/5655 5652/4840/5656 5645/4776/5650
f 5645/4776/5650 5652/4840/5656 5646/4836/5651
f 5652/4840/5656 5653/4833/5657 5646/4836/5651
f 5647/4834/5652 5646/4836/5651 5653/4833/5657
f 5647/4834/5652 5653/4833/5657 5654/4831/5658
f 5648/4830/5653 5647/4834/5652 5654/4831/5658
f 5648/4830/5653 5654/4831/5658 5655/4821/5659
f 5649/4823/4580 5648/4830/5653 5655/4821/5659
f 5649/4823/4580 5655/4821/5659 5656/4822/4580
f 5656/4822/4580 5650/4824/5654 5649/4823/4580
f 5656/4822/4580 5657/4828/5660 5650/4824/5654
f 5656/4822/4580 5658/4862/5661 5657/4828/5660
f 5657/4828/5660 5658/4862/5661 5659/4863/5662
f 5658/4862/5661 5660/4871/5663 5659/4863/5662
f 5659/4863/5662 5660/4871/5663 5661/4886/5664
f 5660/4871/5663 5662/4885/5665 5661/4886/5664
f 5658/4862/5661 5663/4872/5666 5660/4871/5663
f 5656/4822/4580 5664/4861/5667 5658/4862/5661
f 5664/4861/5667 5663/4872/5666 5658/4862/5661
f 5664/4861/5667 5665/4873/3897 5663/4872/5666
f 5665/4873/3897 5666/4883/5668 5663/4872/5666
f 5660/4871/5663 5667/4882/5669 5662/4885/5665
f 5663/4872/5666 5667/4882/5669 5660/4871/5663
f 5663/4872/5666 5668/4880/5670 5667/4882/5669
f 5666/4883/5668 5668/4880/5670 5663/4872/5666
f 5666/4883/5668 5669/4878/5671 5668/4880/5670
f 5670/4876/5672 5669/4878/5671 5666/4883/5668
f 5670/4876/5672 5666/4883/5668 5671/4874/5673
f 5671/4874/5673 5666/4883/5668 5665/4873/3897
f 5671/4874/5673 5665/4873/3897 5672/4860/5674
f 5672/4860/5674 5665/4873/3897 5664/4861/5667
f 5672/4860/5674 5664/4861/5667 5673/4820/5675
f 5656/4822/4580 5673/4820/5675 5664/4861/5667
f 5656/4822/4580 5655/4821/5659 5673/4820/5675
f 5655/4821/5659 5674/4819/5676 5673/4820/5675
f 5655/4821/5659 5654/4831/5658 5674/4819/5676
f 5654/4831/5658 5675/4832/5677 5674/4819/5676
f 5654/4831/5658 5653/4833/5657 5675/4832/5677
f 5675/4832/5677 5653/4833/5657 5676/4841/5678
f 5672/4860/5674 5673/4820/5675 5677/4868/5679
f 5673/4820/5675 5678/4818/4172 5677/4868/5679
f 5673/4820/5675 5674/4819/5676 5678/4818/4172
f 5674/4819/5676 5679/4817/5680 5678/4818/4172
f 5674/4819/5676 5675/4832/5677 5679/4817/5680
f 5679/4817/5680 5675/4832/5677 5680/4842/5681
f 5675/4832/5677 5676/4841/5678 5680/4842/5681
f 5681/4845/1580 5680/4842/5681 5676/4841/5678
f 5682/4843/5682 5681/4845/1580 5676/4841/5678
f 5683/4849/5683 5681/4845/1580 5682/4843/5682
f 5652/4840/5656 5676/4841/5678 5653/4833/5657
f 5682/4843/5682 5676/4841/5678 5652/4840/5656
f 5651/4844/5655 5682/4843/5682 5652/4840/5656
f 5639/4848/5645 5682/4843/5682 5651/4844/5655
f 5639/4848/5645 5683/4849/5683 5682/4843/5682
f 5638/4756/5644 5683/4849/5683 5639/4848/5645
f 5684/4808/5684 5685/4806/5685 5680/4842/5681
f 5679/4817/5680 5680/4842/5681 5685/4806/5685
f 5686/4816/5686 5679/4817/5680 5685/4806/5685
f 5678/4818/4172 5679/4817/5680 5686/4816/5686
f 5678/4818/4172 5686/4816/5686 5687/4866/5687
f 5678/4818/4172 5687/4866/5687 5688/4867/5688
f 5678/4818/4172 5688/4867/5688 5677/4868/5679
f 5677/4868/5679 5688/4867/5688 5689/4869/5689
f 5677/4868/5679 5689/4869/5689 5672/4860/5674
f 5690/4870/5690 5672/4860/5674 5689/4869/5689
f 5690/4870/5690 5671/4874/5673 5672/4860/5674
f 5691/4875/1584 5671/4874/5673 5690/4870/5690
f 5691/4875/1584 5670/4876/5672 5671/4874/5673
f 5610/4877/5618 5670/4876/5672 5691/4875/1584
f 5669/4878/5671 5670/4876/5672 5610/4877/5618
f 5669/4878/5671 5610/4877/5618 5611/4879/5619
f 5669/4878/5671 5611/4879/5619 5668/4880/5670
f 5668/4880/5670 5611/4879/5619 5612/4881/5620
f 5686/4816/5686 5685/4806/5685 5692/4815/5691
f 5685/4806/5685 5693/4814/5692 5692/4815/5691
f 5685/4806/5685 5694/4807/5693 5693/4814/5692
f 5684/4808/5684 5694/4807/5693 5685/4806/5685
f 5695/4809/5694 5694/4807/5693 5684/4808/5684
f 5695/4809/5694 5684/4808/5684 5696/4810/5695
f 5695/4809/5694 5696/4810/5695 5697/4811/5696
f 5698/4805/5697 5697/4811/5696 5696/4810/5695
f 5699/4812/5698 5697/4811/5696 5698/4805/5697
f 5697/4811/5696 5699/4812/5698 5700/4803/5699
f 5699/4812/5698 5701/4801/5700 5700/4803/5699
f 5697/4811/5696 5700/4803/5699 5695/4809/5694
f 5694/4807/5693 5702/4813/5701 5693/4814/5692
f 5694/4807/5693 5695/4809/5694 5702/4813/5701
f 5703/4804/5702 5702/4813/5701 5695/4809/5694
f 5703/4804/5702 5695/4809/5694 5700/4803/5699
f 5704/4802/5703 5703/4804/5702 5700/4803/5699
f 5704/4802/5703 5700/4803/5699 5701/4801/5700
f 5701/4801/5700 5624/4800/5631 5704/4802/5703
f 5624/4800/5631 5701/4801/5700 5705/4799/5704
f 5699/4812/5698 5705/4799/5704 5701/4801/5700
f 5706/4797/5705 5705/4799/5704 5699/4812/5698
f 5706/4797/5705 5699/4812/5698 5698/4805/5697
f 5707/4795/5706 5706/4797/5705 5698/4805/5697
f 5707/4795/5706 5698/4805/5697 5708/4850/5707
f 5708/4850/5707 5709/4791/5708 5707/4795/5706
f 5708/4850/5707 5710/4790/5709 5709/4791/5708
f 5709/4791/5708 5710/4790/5709 5579/4783/5592
f 5711/4781/1826 5579/4783/5592 5710/4790/5709
f 5711/4781/1826 5581/4782/4541 5579/4783/5592
f 5705/4799/5704 5625/4798/5632 5624/4800/5631
f 5705/4799/5704 5706/4797/5705 5625/4798/5632
f 5626/4796/5633 5625/4798/5632 5706/4797/5705
f 5626/4796/5633 5706/4797/5705 5707/4795/5706
f 5707/4795/5706 5629/4794/5635 5626/4796/5633
f 5707/4795/5706 5709/4791/5708 5629/4794/5635
f 5709/4791/5708 5576/4793/5589 5629/4794/5635
f 5709/4791/5708 5577/4792/5590 5576/4793/5589
f 5709/4791/5708 5579/4783/5592 5577/4792/5590
f 5712/4778/4250 5713/4779/5710 5714/4771/4623
f 5713/4779/5710 5715/4773/5711 5714/4771/4623
f 5713/4779/5710 5716/4780/5712 5715/4773/5711
f 5716/4780/5712 5717/4775/5711 5715/4773/5711
f 5717/4775/5711 5716/4780/5712 5711/4781/1826
f 5717/4775/5711 5711/4781/1826 5718/4789/5713
f 5710/4790/5709 5718/4789/5713 5711/4781/1826
f 5710/4790/5709 5708/4850/5707 5718/4789/5713
f 5708/4850/5707 5719/4847/5714 5718/4789/5713
f 5708/4850/5707 5698/4805/5697 5719/4847/5714
f 5698/4805/5697 5696/4810/5695 5719/4847/5714
f 5720/4846/5715 5719/4847/5714 5696/4810/5695
f 5720/4846/5715 5696/4810/5695 5684/4808/5684
f 5720/4846/5715 5721/4774/5705 5719/4847/5714
f 5721/4774/5705 5718/4789/5713 5719/4847/5714
f 5721/4774/5705 5717/4775/5711 5718/4789/5713
f 5715/4773/5711 5717/4775/5711 5721/4774/5705
f 5715/4773/5711 5721/4774/5705 5722/4772/5716
f 5714/4771/4623 5715/4773/5711 5722/4772/5716
f 5722/4772/5716 5721/4774/5705 5720/4846/5715
f 5716/4780/5712 5581/4782/4541 5711/4781/1826
f 5716/4780/5712 5584/4788/5596 5581/4782/4541
f 5716/4780/5712 5586/4787/5596 5584/4788/5596
f 5716/4780/5712 5713/4779/5710 5586/4787/5596
f 5575/4786/5588 5586/4787/5596 5713/4779/5710
f 5575/4786/5588 5713/4779/5710 5712/4778/4250
f 1555/4785/1551 5575/4786/5588 5712/4778/4250
f 1555/4785/1551 5712/4778/4250 1571/4784/1567
f 1576/4777/1572 1571/4784/1567 5712/4778/4250
f 1576/4777/1572 5712/4778/4250 5630/4770/5636
f 5712/4778/4250 5714/4771/4623 5630/4770/5636
f 5630/4770/5636 5714/4771/4623 5638/4756/5644
f 5714/4771/4623 5722/4772/5716 5638/4756/5644
f 5638/4756/5644 5722/4772/5716 5683/4849/5683
f 5722/4772/5716 5720/4846/5715 5683/4849/5683
f 5683/4849/5683 5720/4846/5715 5681/4845/1580
f 5720/4846/5715 5684/4808/5684 5681/4845/1580
f 5681/4845/1580 5684/4808/5684 5680/4842/5681
f 5723/3522/5717 5724/3523/5718 5725/3510/5719
f 5726/3521/5720 5724/3523/5718 5723/3522/5717
f 5726/3521/5720 5723/3522/5717 5727/3518/5721
f 5728/3519/5722 5726/3521/5720 5727/3518/5721
f 5728/3519/5722 5727/3518/5721 5729/3520/3884
f 5730/3515/5723 5704/3516/5703 5624/3499/5631
f 5703/3514/5702 5704/3516/5703 5730/3515/5723
f 5703/3514/5702 5730/3515/5723 5731/3511/5724
f 5702/3513/5701 5703/3514/5702 5731/3511/5724
f 5702/3513/5701 5731/3511/5724 5693/3512/5692
f 5693/3512/5692 5731/3511/5724 5725/3510/5719
f 5693/3512/5692 5725/3510/5719 5692/3535/5691
f 5724/3523/5718 5692/3535/5691 5725/3510/5719
f 5724/3523/5718 5686/3534/5686 5692/3535/5691
f 5687/3533/5687 5686/3534/5686 5724/3523/5718
f 5687/3533/5687 5724/3523/5718 5726/3521/5720
f 5688/3532/5688 5687/3533/5687 5726/3521/5720
f 5688/3532/5688 5726/3521/5720 5728/3519/5722
f 5689/3531/5689 5688/3532/5688 5728/3519/5722
f 5689/3531/5689 5728/3519/5722 5690/3530/5690
f 5690/3530/5690 5728/3519/5722 5729/3520/3884
f 5690/3530/5690 5729/3520/3884 5691/3529/1584
f 5610/3503/5618 5691/3529/1584 5729/3520/3884
f 5610/3503/5618 5729/3520/3884 5732/3528/3890
f 5732/3528/3890 5729/3520/3884 5727/3518/5721
f 5732/3528/3890 5727/3518/5721 5733/3527/5725
f 5727/3518/5721 5734/3526/5677 5733/3527/5725
f 5727/3518/5721 5723/3522/5717 5734/3526/5677
f 5734/3526/5677 5723/3522/5717 5735/3524/5726
f 5723/3522/5717 5725/3510/5719 5735/3524/5726
f 5731/3511/5724 5735/3524/5726 5725/3510/5719
f 5731/3511/5724 5730/3515/5723 5735/3524/5726
f 5730/3515/5723 5736/3525/5727 5735/3524/5726
f 5730/3515/5723 5737/3517/5728 5736/3525/5727
f 5730/3515/5723 5624/3499/5631 5737/3517/5728
f 5734/3526/5677 5735/3524/5726 5736/3525/5727
f 5610/3503/5618 5738/3502/5729 5609/3501/5617
f 5619/3504/5626 5609/3501/5617 5738/3502/5729
f 5619/3504/5626 5738/3502/5729 5739/3505/5730
f 5620/3506/5627 5619/3504/5626 5739/3505/5730
f 5620/3506/5627 5739/3505/5730 5740/3507/5731
f 5620/3506/5627 5740/3507/5731 5741/3508/5732
f 5620/3506/5627 5741/3508/5732 5617/3509/5624
f 5742/3500/5733 5617/3509/5624 5741/3508/5732
f 5742/3500/5733 5615/3498/5622 5617/3509/5624
f 5742/3500/5733 5624/3499/5631 5615/3498/5622
f 5743/4887/5734 5596/4898/5604 5590/4897/5598
f 5744/4864/5735 5745/4888/5736 5746/4865/5737
f 5744/4864/5735 5743/4887/5734 5745/4888/5736
f 5745/4888/5736 5743/4887/5734 5590/4897/5598
f 5745/4888/5736 5590/4897/5598 5589/4896/1898
f 5747/4889/5738 5745/4888/5736 5589/4896/1898
f 5747/4889/5738 5589/4896/1898 5591/4895/5599
f 5747/4889/5738 5591/4895/5599 5588/4894/5597
f 5747/4889/5738 5588/4894/5597 5748/4890/5739
f 5748/4890/5739 5588/4894/5597 1542/4893/1538
f 5748/4890/5739 1542/4893/1538 1541/4891/1537
f 5749/4827/5740 5748/4890/5739 1541/4891/1537
f 5749/4827/5740 1541/4891/1537 1540/4892/1536
f 5750/4826/5741 5748/4890/5739 5749/4827/5740
f 5750/4826/5741 5747/4889/5738 5748/4890/5739
f 5747/4889/5738 5750/4826/5741 5746/4865/5737
f 5747/4889/5738 5746/4865/5737 5745/4888/5736
f 5668/4880/5670 5612/4881/5620 5667/4882/5669
f 5667/4882/5669 5612/4881/5620 5614/4884/3996
f 5667/4882/5669 5614/4884/3996 5662/4885/5665
f 5662/4885/5665 5614/4884/3996 5599/4900/5607
f 5662/4885/5665 5599/4900/5607 5598/4899/5606
f 5596/4898/5604 5662/4885/5665 5598/4899/5606
f 5596/4898/5604 5661/4886/5664 5662/4885/5665
f 5743/4887/5734 5661/4886/5664 5596/4898/5604
f 5659/4863/5662 5661/4886/5664 5743/4887/5734
f 5744/4864/5735 5659/4863/5662 5743/4887/5734
f 5657/4828/5660 5659/4863/5662 5744/4864/5735
f 5657/4828/5660 5744/4864/5735 5746/4865/5737
f 5657/4828/5660 5746/4865/5737 5650/4824/5654
f 5750/4826/5741 5650/4824/5654 5746/4865/5737
f 5750/4826/5741 5644/4825/5649 5650/4824/5654
f 5644/4825/5649 5750/4826/5741 5749/4827/5740
f 5644/4825/5649 5749/4827/5740 5631/4839/5637
f 5631/4839/5637 5749/4827/5740 1540/4892/1536
f 5732/3528/5742 5738/3502/5742 5610/3503/5743
f 5732/3528/5742 5739/3505/5744 5738/3502/5742
f 5732/3528/5742 5733/3527/5744 5739/3505/5744
f 5733/3527/5744 5740/3507/5745 5739/3505/5744
f 5733/3527/5744 5734/3526/5745 5740/3507/5745
f 5740/3507/5745 5734/3526/5745 5736/3525/5746
f 5740/3507/5745 5736/3525/5746 5741/3508/1569
f 5737/3517/5747 5741/3508/1569 5736/3525/5746
f 5737/3517/5747 5742/3500/5748 5741/3508/1569
f 5737/3517/5747 5624/3499/5749 5742/3500/5748
f 5751/4946/5750 5752/4947/5751 5753/4945/1751
f 5751/4946/5750 5754/4948/5750 5752/4947/5751
f 5754/4948/5750 5755/4949/5752 5752/4947/5751
f 5754/4948/5750 5756/4950/5753 5755/4949/5752
f 5756/4950/5753 5757/4951/5754 5755/4949/5752
f 5756/4950/5753 5758/4952/5755 5757/4951/5754
f 5758/4952/5755 3920/3940/3990 5757/4951/5754
f 5758/4952/5755 3809/3944/3890 3920/3940/3990
f 5753/4945/1751 3793/3984/3882 5751/4946/5750
f 5753/4945/1751 3945/3981/4014 3793/3984/3882
f 3768/3982/3861 3945/3981/4014 5753/4945/1751
f 3768/3982/3861 5753/4945/1751 5759/4953/5756
f 5759/4953/5756 5753/4945/1751 5752/4947/5751
f 5759/4953/5756 5752/4947/5751 5760/4954/5757
f 5760/4954/5757 5752/4947/5751 5755/4949/5752
f 5760/4954/5757 5755/4949/5752 5761/4955/5758
f 5761/4955/5758 5755/4949/5752 5757/4951/5754
f 5761/4955/5758 5757/4951/5754 5762/4852/5759
f 5762/4852/5759 5757/4951/5754 3920/3940/3990
f 5762/4852/5759 3920/3940/3990 3890/3941/3962
f 3765/3764/3859 3768/3771/3861 5759/4958/5756
f 3765/3764/3859 5759/4958/5756 3749/3748/1709
f 5760/4957/5757 3749/3748/1709 5759/4958/5756
f 5760/4957/5757 3750/3749/1801 3749/3748/1709
f 3750/3749/1801 5760/4957/5757 5761/4956/5758
f 3750/3749/1801 5761/4956/5758 3752/3751/1801
f 3752/3751/1801 5761/4956/5758 5762/4959/5759
f 5762/4959/5759 3877/3890/3952 3752/3751/1801
f 5762/4959/5759 3890/3903/3962 3877/3890/3952
f 3802/3815/1745 3809/3822/3890 5758/4960/5755
f 3802/3815/1745 5758/4960/5755 3804/3817/3881
f 5758/4960/5755 5756/4854/5753 3804/3817/3881
f 3806/3819/1745 3804/3817/3881 5756/4854/5753
f 3806/3819/1745 5756/4854/5753 5754/4855/5750
f 3807/3820/3881 3806/3819/1745 5754/4855/5750
f 3807/3820/3881 5754/4855/5750 5751/4856/5750
f 5751/4856/5750 3792/3803/3881 3807/3820/3881
f 5751/4856/5750 3793/3804/3882 3792/3803/3881
f 5926/4961/5760 5942/4962/5761 5925/4963/5762
f 5925/4963/5762 5942/4962/5761 5941/4964/5763
f 5933/4965/5764 5925/4963/5762 5941/4964/5763
f 5933/4965/5764 5941/4964/5763 5940/4966/5765
f 5935/4967/5766 5933/4965/5764 5940/4966/5765
f 5940/4966/5765 5939/4968/5767 5935/4967/5766
f 5939/4968/5767 5938/4969/5764 5935/4967/5766
f 5938/4969/5764 5937/4970/5764 5935/4967/5766
f 5937/4970/5764 5936/4971/5766 5935/4967/5766
f 5936/4971/5766 5934/4972/5768 5935/4967/5766
f 5934/4972/5768 5933/4965/5764 5935/4967/5766
f 5934/4972/5768 5932/4973/5769 5933/4965/5764
f 5932/4973/5769 5925/4963/5762 5933/4965/5764
f 5932/4973/5769 5931/4974/5770 5925/4963/5762
f 5931/4974/5770 5927/4975/5771 5925/4963/5762
f 5931/4974/5770 5930/4976/5772 5927/4975/5771
f 5930/4976/5772 5929/4977/5773 5927/4975/5771
f 5929/4977/5773 5928/4978/5774 5927/4975/5771
f 5928/4978/5774 5926/4961/5760 5927/4975/5771
f 5927/4975/5771 5926/4961/5760 5925/4963/5762
f 5921/4979/5775 5909/4980/5776 5907/4981/5777
f 5921/4979/5775 5907/4981/5777 5924/4982/5778
f 5923/4983/5779 5921/4979/5775 5924/4982/5778
f 5921/4979/5775 5923/4983/5779 5922/4984/5780
f 5920/4985/5781 5921/4979/5775 5922/4984/5780
f 5909/4980/5776 5921/4979/5775 5920/4985/5781
f 5919/4986/5782 5909/4980/5776 5920/4985/5781
f 5911/4987/5783 5909/4980/5776 5919/4986/5782
f 5918/4988/5784 5911/4987/5783 5919/4986/5782
f 5913/4989/5785 5911/4987/5783 5918/4988/5784
f 5917/4990/5785 5913/4989/5785 5918/4988/5784
f 5913/4989/5785 5917/4990/5785 5916/4991/5783
f 5915/4992/5783 5913/4989/5785 5916/4991/5783
f 5913/4989/5785 5915/4992/5783 5914/4993/5783
f 5912/4994/5786 5913/4989/5785 5914/4993/5783
f 5913/4989/5785 5912/4994/5786 5911/4987/5783
f 5912/4994/5786 5910/4995/5787 5911/4987/5783
f 5911/4987/5783 5910/4995/5787 5909/4980/5776
f 5910/4995/5787 5908/4996/5788 5909/4980/5776
f 5909/4980/5776 5908/4996/5788 5907/4981/5777
f 5906/4997/5789 5904/4998/5790 5902/4999/5791
f 5895/5000/5792 5905/5001/5793 5897/5002/5794
f 5902/4999/5791 5899/5003/5795 5896/5004/5796
f 5897/5002/5794 5902/4999/5791 5896/5004/5796
f 5897/5002/5794 5906/4997/5789 5902/4999/5791
f 5905/5001/5793 5906/4997/5789 5897/5002/5794
f 5904/4998/5790 5906/4997/5789 5905/5001/5793
f 5903/5005/5797 5904/4998/5790 5905/5001/5793
f 5904/4998/5790 5903/5005/5797 5902/4999/5791
f 5903/5005/5797 5901/5006/5798 5902/4999/5791
f 5899/5003/5795 5902/4999/5791 5901/5006/5798
f 5900/5007/5799 5899/5003/5795 5901/5006/5798
f 5899/5003/5795 5900/5007/5799 5898/5008/5800
f 5896/5004/5796 5899/5003/5795 5898/5008/5800
f 5896/5004/5796 5898/5008/5800 5895/5000/5792
f 5897/5002/5794 5896/5004/5796 5895/5000/5792
f 5893/5009/5801 5891/5010/5802 5888/5011/5803
f 5886/5012/5804 5893/5009/5801 5888/5011/5803
f 5894/5013/5805 5893/5009/5801 5886/5012/5804
f 5885/5014/5806 5894/5013/5805 5886/5012/5804
f 5894/5013/5805 5885/5014/5806 5883/5015/5807
f 5894/5013/5805 5883/5015/5807 5893/5009/5801
f 5883/5015/5807 5892/5016/5808 5893/5009/5801
f 5893/5009/5801 5892/5016/5808 5891/5010/5802
f 5892/5016/5808 5890/5017/5809 5891/5010/5802
f 5891/5010/5802 5890/5017/5809 5888/5011/5803
f 5890/5017/5809 5889/5018/5810 5888/5011/5803
f 5888/5011/5803 5889/5018/5810 5887/5019/5811
f 5886/5012/5804 5888/5011/5803 5887/5019/5811
f 5886/5012/5804 5887/5019/5811 5884/5020/5812
f 5885/5014/5806 5886/5012/5804 5884/5020/5812
f 5885/5014/5806 5884/5020/5812 5883/5015/5807
f 5882/5021/5813 5881/5022/5814 5861/5023/5815
f 5881/5022/5814 5858/5024/5816 5861/5023/5815
f 5881/5022/5814 5880/5025/5817 5858/5024/5816
f 5880/5025/5817 5857/5026/5818 5858/5024/5816
f 5880/5025/5817 5873/5027/5819 5857/5026/5818
f 5879/5028/5820 5846/5029/5821 5848/5030/5822
f 5879/5028/5820 5848/5030/5822 5867/5031/5823
f 5878/5032/5824 5879/5028/5820 5867/5031/5823
f 5878/5032/5824 5867/5031/5823 5865/5033/5825
f 5877/5034/5826 5878/5032/5824 5865/5033/5825
f 5877/5034/5826 5865/5033/5825 5876/5035/5827
f 5865/5033/5825 5863/5036/5828 5876/5035/5827
f 5875/5037/5829 5876/5035/5827 5863/5036/5828
f 5860/5038/5830 5875/5037/5829 5863/5036/5828
f 5874/5039/5831 5875/5037/5829 5860/5038/5830
f 5859/5040/5832 5874/5039/5831 5860/5038/5830
f 5874/5039/5831 5859/5040/5832 5839/5041/5833
f 5859/5040/5832 5837/5042/5834 5839/5041/5833
f 5837/5042/5834 5859/5040/5832 5857/5026/5818
f 5837/5042/5834 5857/5026/5818 5838/5043/5835
f 5873/5027/5819 5838/5043/5835 5857/5026/5818
f 5838/5043/5835 5873/5027/5819 5827/5044/5836
f 5873/5027/5819 5826/5045/5837 5827/5044/5836
f 5872/5046/5838 5862/5047/5839 5864/5048/5840
f 5871/5049/5841 5872/5046/5838 5864/5048/5840
f 5871/5049/5841 5864/5048/5840 5870/5050/5842
f 5864/5048/5840 5866/5051/5843 5870/5050/5842
f 5869/5052/5844 5870/5050/5842 5866/5051/5843
f 5868/5053/5845 5869/5052/5844 5866/5051/5843
f 5851/5054/5846 5869/5052/5844 5868/5053/5845
f 5850/5055/5847 5851/5054/5846 5868/5053/5845
f 5849/5056/5818 5850/5055/5847 5868/5053/5845
f 5848/5030/5822 5849/5056/5818 5868/5053/5845
f 5867/5031/5823 5848/5030/5822 5868/5053/5845
f 5866/5051/5843 5867/5031/5823 5868/5053/5845
f 5867/5031/5823 5866/5051/5843 5865/5033/5825
f 5866/5051/5843 5864/5048/5840 5865/5033/5825
f 5865/5033/5825 5864/5048/5840 5863/5036/5828
f 5864/5048/5840 5862/5047/5839 5863/5036/5828
f 5860/5038/5830 5863/5036/5828 5862/5047/5839
f 5861/5023/5815 5860/5038/5830 5862/5047/5839
f 5860/5038/5830 5861/5023/5815 5858/5024/5816
f 5859/5040/5832 5860/5038/5830 5858/5024/5816
f 5859/5040/5832 5858/5024/5816 5857/5026/5818
f 5829/5057/5848 5822/5058/5849 5821/5059/5850
f 5856/5060/5851 5829/5057/5848 5821/5059/5850
f 5856/5060/5851 5821/5059/5850 5798/5061/5852
f 5799/5062/5853 5856/5060/5851 5798/5061/5852
f 5829/5057/5848 5856/5060/5851 5799/5062/5853
f 5855/5063/5854 5829/5057/5848 5799/5062/5853
f 5829/5057/5848 5855/5063/5854 5828/5064/5852
f 5855/5063/5854 5854/5065/5855 5828/5064/5852
f 5854/5065/5855 5853/5066/5856 5828/5064/5852
f 5853/5066/5856 5842/5067/5857 5828/5064/5852
f 5853/5066/5856 5852/5068/5858 5842/5067/5857
f 5852/5068/5858 5843/5069/5859 5842/5067/5857
f 5852/5068/5858 5851/5054/5846 5843/5069/5859
f 5851/5054/5846 5850/5055/5847 5843/5069/5859
f 5844/5070/5860 5843/5069/5859 5850/5055/5847
f 5849/5056/5818 5844/5070/5860 5850/5055/5847
f 5844/5070/5860 5849/5056/5818 5846/5029/5821
f 5846/5029/5821 5849/5056/5818 5848/5030/5822
f 5845/5071/5861 5847/5072/5862 5841/5073/5863
f 5847/5072/5862 5840/5074/5864 5841/5073/5863
f 5845/5071/5861 5844/5070/5860 5846/5029/5821
f 5844/5070/5860 5845/5071/5861 5841/5073/5863
f 5844/5070/5860 5841/5073/5863 5843/5069/5859
f 5841/5073/5863 5842/5067/5857 5843/5069/5859
f 5842/5067/5857 5841/5073/5863 5828/5064/5852
f 5841/5073/5863 5830/5075/5865 5828/5064/5852
f 5840/5074/5864 5830/5075/5865 5841/5073/5863
f 5840/5074/5864 5832/5076/5866 5830/5075/5865
f 5835/5077/5867 5839/5041/5833 5837/5042/5834
f 5827/5044/5836 5824/5078/5868 5831/5079/5869
f 5834/5080/5870 5827/5044/5836 5831/5079/5869
f 5834/5080/5870 5836/5081/5843 5827/5044/5836
f 5836/5081/5843 5838/5043/5835 5827/5044/5836
f 5836/5081/5843 5837/5042/5834 5838/5043/5835
f 5836/5081/5843 5835/5077/5867 5837/5042/5834
f 5835/5077/5867 5836/5081/5843 5834/5080/5870
f 5833/5082/5841 5835/5077/5867 5834/5080/5870
f 5833/5082/5841 5834/5080/5870 5831/5079/5869
f 5832/5076/5866 5833/5082/5841 5831/5079/5869
f 5832/5076/5866 5831/5079/5869 5830/5075/5865
f 5831/5079/5869 5824/5078/5868 5830/5075/5865
f 5824/5078/5868 5828/5064/5852 5830/5075/5865
f 5828/5064/5852 5824/5078/5868 5822/5058/5849
f 5829/5057/5848 5828/5064/5852 5822/5058/5849
f 5824/5078/5868 5827/5044/5836 5826/5045/5837
f 5825/5083/5871 5824/5078/5868 5826/5045/5837
f 5824/5078/5868 5825/5083/5871 5823/5084/5872
f 5822/5058/5849 5824/5078/5868 5823/5084/5872
f 5822/5058/5849 5823/5084/5872 5775/5085/5873
f 5821/5059/5850 5822/5058/5849 5775/5085/5873
f 5821/5059/5850 5775/5085/5873 5774/5086/5874
f 5821/5059/5850 5774/5086/5874 5798/5061/5852
f 5776/5087/5875 5798/5061/5852 5774/5086/5874
f 5776/5087/5875 5802/5088/5876 5798/5061/5852
f 5777/5089/5877 5802/5088/5876 5776/5087/5875
f 5804/5090/5878 5802/5088/5876 5777/5089/5877
f 5820/5091/5879 5804/5090/5878 5777/5089/5877
f 5804/5090/5878 5820/5091/5879 5806/5092/5880
f 5820/5091/5879 5819/5093/5881 5806/5092/5880
f 5808/5094/5882 5806/5092/5880 5819/5093/5881
f 5797/5095/5883 5808/5094/5882 5819/5093/5881
f 5796/5096/5849 5808/5094/5882 5797/5095/5883
f 5818/5097/5884 5817/5098/5885 5811/5099/5799
f 5817/5098/5885 5810/5100/5886 5811/5099/5799
f 5817/5098/5885 5816/5101/5887 5810/5100/5886
f 5816/5101/5887 5809/5102/5888 5810/5100/5886
f 5816/5101/5887 5815/5103/5889 5809/5102/5888
f 5815/5103/5889 5807/5104/5851 5809/5102/5888
f 5815/5103/5889 5814/5105/5890 5807/5104/5851
f 5814/5105/5890 5805/5106/5891 5807/5104/5851
f 5814/5105/5890 5813/5107/5892 5805/5106/5891
f 5813/5107/5892 5803/5108/5893 5805/5106/5891
f 5813/5107/5892 5812/5109/5894 5803/5108/5893
f 5812/5109/5894 5801/5110/5895 5803/5108/5893
f 5812/5109/5894 5800/5111/5896 5801/5110/5895
f 5766/5112/5897 5764/5113/5800 5784/5114/5898
f 5784/5114/5898 5764/5113/5800 5811/5099/5799
f 5792/5115/5899 5784/5114/5898 5811/5099/5799
f 5792/5115/5899 5811/5099/5799 5810/5100/5886
f 5794/5116/5900 5792/5115/5899 5810/5100/5886
f 5794/5116/5900 5810/5100/5886 5809/5102/5888
f 5796/5096/5849 5794/5116/5900 5809/5102/5888
f 5796/5096/5849 5809/5102/5888 5807/5104/5851
f 5808/5094/5882 5796/5096/5849 5807/5104/5851
f 5808/5094/5882 5807/5104/5851 5806/5092/5880
f 5807/5104/5851 5805/5106/5891 5806/5092/5880
f 5804/5090/5878 5806/5092/5880 5805/5106/5891
f 5803/5108/5893 5804/5090/5878 5805/5106/5891
f 5804/5090/5878 5803/5108/5893 5802/5088/5876
f 5803/5108/5893 5801/5110/5895 5802/5088/5876
f 5802/5088/5876 5801/5110/5895 5798/5061/5852
f 5800/5111/5896 5798/5061/5852 5801/5110/5895
f 5800/5111/5896 5799/5062/5853 5798/5061/5852
f 5795/5117/5901 5796/5096/5849 5797/5095/5883
f 5796/5096/5849 5795/5117/5901 5794/5116/5900
f 5795/5117/5901 5793/5118/5902 5794/5116/5900
f 5794/5116/5900 5793/5118/5902 5792/5115/5899
f 5793/5118/5902 5791/5119/5903 5792/5115/5899
f 5784/5114/5898 5792/5115/5899 5791/5119/5903
f 5790/5120/5904 5784/5114/5898 5791/5119/5903
f 5790/5120/5904 5789/5121/5896 5784/5114/5898
f 5789/5121/5896 5783/5122/5905 5784/5114/5898
f 5789/5121/5896 5788/5123/5906 5783/5122/5905
f 5788/5123/5906 5782/5124/5907 5783/5122/5905
f 5788/5123/5906 5787/5125/5908 5782/5124/5907
f 5787/5125/5908 5781/5126/5888 5782/5124/5907
f 5787/5125/5908 5786/5127/5885 5781/5126/5888
f 5786/5127/5885 5780/5128/5909 5781/5126/5888
f 5786/5127/5885 5785/5129/5910 5780/5128/5909
f 5785/5129/5910 5779/5130/5911 5780/5128/5909
f 5785/5129/5910 5778/5131/5912 5779/5130/5911
f 5783/5122/5905 5766/5112/5897 5784/5114/5898
f 5766/5112/5897 5783/5122/5905 5768/5132/5913
f 5783/5122/5905 5782/5124/5907 5768/5132/5913
f 5770/5133/5914 5768/5132/5913 5782/5124/5907
f 5781/5126/5888 5770/5133/5914 5782/5124/5907
f 5772/5134/5915 5770/5133/5914 5781/5126/5888
f 5780/5128/5909 5772/5134/5915 5781/5126/5888
f 5780/5128/5909 5779/5130/5911 5772/5134/5915
f 5779/5130/5911 5774/5086/5874 5772/5134/5915
f 5779/5130/5911 5776/5087/5875 5774/5086/5874
f 5778/5131/5912 5776/5087/5875 5779/5130/5911
f 5778/5131/5912 5777/5089/5877 5776/5087/5875
f 5775/5085/5873 5773/5135/5916 5774/5086/5874
f 5774/5086/5874 5773/5135/5916 5772/5134/5915
f 5773/5135/5916 5771/5136/5902 5772/5134/5915
f 5770/5133/5914 5772/5134/5915 5771/5136/5902
f 5769/5137/5917 5770/5133/5914 5771/5136/5902
f 5768/5132/5913 5770/5133/5914 5769/5137/5917
f 5767/5138/5918 5768/5132/5913 5769/5137/5917
f 5768/5132/5913 5767/5138/5918 5766/5112/5897
f 5767/5138/5918 5763/5139/5919 5766/5112/5897
f 5764/5113/5800 5766/5112/5897 5763/5139/5919
f 5765/5140/5792 5764/5113/5800 5763/5139/5919
l 891 1401
