# Blender 4.5.4 LTS
# www.blender.org
mtllib PootisEngage.mtl
o Heavy_Body_FK
v 14.617548 -15.326759 13.426285
v 23.651011 -16.793823 15.160345
v 24.275293 -16.312653 16.429867
v 14.962551 -15.923439 12.453520
v 28.312389 -15.427170 8.553981
v 29.910534 -14.917358 0.527383
v 31.205853 -14.235031 0.228205
v 27.297110 -16.042542 8.040765
v 22.254065 -12.992645 -4.431972
v 21.859869 -13.840057 -3.672624
v 22.845003 -4.456017 -3.954398
v 18.775024 -5.037117 5.806568
v 17.960875 -29.528206 2.317677
v 21.092325 -26.859985 -4.722575
v 14.588333 -7.020248 15.359790
v 14.871078 -28.724968 9.820909
v 1.775169 60.180168 -18.840687
v -0.481620 59.926918 -17.710821
v 0.836951 58.497581 -20.486801
v -3.824910 58.329094 -17.677122
v -2.000010 56.350899 -21.519087
v -15.753798 51.232460 -19.428995
v -13.773997 49.086342 -23.597059
v -15.655364 51.977974 -22.871210
v -0.993750 50.529442 -19.610550
v 1.192225 53.776527 -17.189785
v 2.091680 52.444435 -18.896032
v -2.238602 52.372917 -17.246536
v -12.804585 43.056725 -20.156921
v -14.156699 45.055305 -17.586821
v 3.699193 53.358208 -17.232973
v 3.022154 50.921928 -17.370762
v 0.294025 48.422127 -17.497011
v -11.409107 40.769173 -17.858557
v -3.733856 59.011620 -20.847450
v -0.415172 60.418663 -20.000488
v -3.284065 58.491905 -22.364309
v -0.309464 59.954491 -19.166651
v 0.028885 59.887550 -21.479525
v -3.751729 58.582939 -19.161381
v -15.440845 51.801369 -24.107464
v -15.948534 51.895836 -20.628777
v 2.064536 59.819664 -20.049131
v 1.173908 57.848778 -21.361965
v -1.698737 55.668633 -22.199694
v -13.721282 48.734200 -23.924971
v -3.592941 55.059486 -13.944240
v 0.631209 54.789528 -12.102921
v -0.220017 56.515419 -13.461952
v -2.413428 52.668724 -12.063811
v -15.291539 47.691048 -16.193335
v -14.010442 45.091866 -14.154618
v 2.252497 56.215309 -13.448298
v 0.749235 55.611473 -15.409698
v -2.250082 53.806297 -16.640404
v -13.833227 46.325996 -19.119659
v -0.587772 43.579094 2.468062
v 3.952046 43.625557 1.634555
v 2.595931 45.459068 2.225703
v 1.289938 41.040565 1.647663
v -12.047646 35.585793 1.474351
v -10.010286 32.828712 0.579352
v 4.683469 45.968590 0.966276
v 2.343001 46.137611 -0.016145
v -0.936981 44.517281 -0.636910
v -12.426219 36.600517 -1.899132
v -1.089529 44.504494 0.970356
v 3.463188 44.358299 0.247863
v 2.163169 46.253349 0.729510
v 0.710561 41.880638 0.301576
v -12.804331 36.912529 0.029701
v -10.851192 34.062706 -0.700653
v 4.292056 46.635384 -0.494431
v 1.980531 46.844246 -1.535143
v -1.341440 45.321144 -2.166105
v -13.077365 37.795219 -3.377789
v -1.795773 45.498863 -0.297885
v 2.790259 45.327614 -0.743731
v 1.471462 47.230568 -0.382644
v 0.030425 42.864067 -0.799733
v -13.462322 37.932869 -1.764382
v -11.480589 35.071022 -2.313524
v 3.669200 47.580086 -1.482988
v 1.423253 47.770363 -2.660701
v -1.861508 46.244820 -3.452823
v -13.533110 38.738731 -5.191803
v -1.845588 46.382774 -1.206897
v 2.692447 46.108406 -1.957641
v 1.466374 48.017494 -1.385015
v -0.147900 43.739693 -2.001638
v -13.832326 39.291191 -2.424030
v -11.990423 36.420677 -3.291167
v 3.599574 48.377251 -2.597711
v 1.291921 48.714180 -3.611607
v -2.086229 47.346046 -4.290729
v -14.093272 40.333153 -5.774554
v -2.482984 47.700523 -2.103296
v 2.706634 46.656364 -1.979020
v 0.798072 49.406807 -2.121152
v -0.674093 45.067131 -2.655104
v -14.196934 40.269951 -3.840242
v -12.233969 37.409782 -4.443659
v 3.006257 49.765572 -3.195105
v 0.770625 50.001503 -4.383593
v -2.519982 48.522575 -5.236632
v -14.236531 41.158516 -7.244303
v -3.122049 49.699608 -3.865192
v 1.472390 49.447426 -4.169461
v 0.177498 51.372429 -3.840636
v -1.328887 47.034294 -4.322356
v -14.873506 42.351143 -5.727322
v -12.927525 39.456261 -6.227989
v 2.414945 51.686668 -4.870588
v 0.210661 51.922173 -6.116274
v -3.075125 50.459312 -7.016757
v -14.821982 43.171944 -9.151086
v -3.668809 53.766991 -12.992468
v -15.453142 46.396660 -14.665325
v -16.432739 47.298744 -11.392925
v -4.570599 54.593666 -9.978203
v -0.522624 55.464119 -12.003798
v -1.173240 56.059975 -9.826573
v 1.270706 55.831978 -10.239585
v -0.106292 54.192802 -8.876840
v -3.092609 52.007469 -8.664759
v -14.828035 44.487831 -9.970288
v -2.803071 11.533066 -18.606117
v -2.883156 11.383598 -18.404306
v -4.119479 10.911476 -20.785158
v -3.985657 11.030464 -20.891413
v -6.060426 11.014679 -22.755049
v -5.860220 11.155457 -22.823812
v -5.823657 11.251144 -22.739653
v -8.383041 15.449806 -22.437643
v -7.248206 13.572975 -22.493946
v -7.055724 13.653557 -22.594219
v -6.961405 13.680176 -22.507715
v -7.592691 15.820572 -22.287216
v -7.649690 15.763580 -22.169920
v -7.022858 13.644753 -22.368114
v -5.913773 11.258080 -22.546396
v -4.024261 11.153931 -20.873304
v -2.880802 11.639687 -18.661089
v -2.767299 11.805336 -18.615450
v -2.648267 11.751389 -18.554853
v -3.433428 14.127892 -17.932903
v -2.651068 11.728706 -18.363014
v -3.437520 14.098526 -17.747887
v -4.008588 15.851097 -17.702557
v -4.127147 15.828316 -17.502506
v -4.371030 16.724220 -17.600336
v -4.505652 16.711731 -17.374790
v -7.595845 16.141426 -21.921646
v -3.000742 11.677284 -18.528744
v -4.155393 11.215347 -20.772198
v -7.445202 16.360886 -21.621784
v -7.513002 16.210487 -22.005352
v -7.358723 16.441933 -21.699080
v -7.003898 16.635117 -20.916656
v -6.921489 16.728592 -20.992825
v -6.243480 16.904869 -19.798567
v -6.166821 17.009193 -19.865883
v -5.265068 16.914062 -18.734730
v -5.297508 17.031723 -18.679050
v -4.647065 16.755585 -17.990339
v -4.651364 16.868378 -17.901833
v -4.405765 16.642036 -17.722912
v -4.075811 15.808075 -17.798895
v -3.518904 14.101105 -18.006693
v -3.714489 13.999329 -17.933901
v -6.221414 17.125153 -19.840681
v -5.347403 16.815773 -18.660748
v -4.748222 16.653000 -17.944088
v -4.551670 16.563736 -17.731859
v -4.276663 15.738045 -17.770895
v -7.623071 16.285500 -22.061207
v -7.832184 16.262619 -21.970720
v -7.663193 16.504814 -21.632921
v -7.454970 16.539536 -21.730707
v -7.000925 16.838844 -21.000629
v -6.401180 17.102074 -19.715090
v -5.472761 17.017715 -18.522066
v -4.805346 16.856087 -17.712765
v -7.206174 16.823143 -20.895584
v -6.688954 15.836769 -16.012577
v -7.607305 16.428963 -17.274591
v -8.281178 16.758095 -18.560326
v -9.015080 16.936264 -19.910444
v -9.400268 16.616081 -21.130514
v -7.913978 15.818474 -22.259165
v -7.702325 15.851433 -22.363949
v -11.378204 11.904366 -15.847991
v -12.250331 12.603363 -17.442202
v -12.979091 13.209770 -18.987617
v -15.057190 8.556976 -18.053684
v -14.262434 7.560226 -17.056814
v -13.407249 6.278854 -16.278128
v -10.317413 11.054100 -14.314631
v -6.456359 10.684807 -13.736071
v -5.196209 4.806534 -13.646332
v -9.071030 1.484604 -15.115134
v -12.370056 5.238152 -15.659386
v -14.960861 1.917648 -20.078968
v -16.634926 6.028145 -18.753124
v -15.005224 9.441986 -19.687860
v -12.804105 13.172546 -20.635660
v -7.369502 -3.500694 -17.729492
v -10.119647 -2.834465 -19.329994
v -12.815960 -2.761269 -21.943119
v -15.792964 -2.274025 -23.474573
v -8.543564 7.519966 -24.216326
v -13.529810 9.720818 -23.625175
v -10.574067 8.981377 -23.616978
v -13.030999 8.324226 -22.502350
v -15.293490 7.955093 -20.954254
v -6.956693 9.636299 -25.645145
v -9.049492 10.651718 -27.576189
v -11.704031 10.806656 -27.386129
v -16.459675 9.712906 -24.811916
v -17.359390 7.762398 -21.892841
v -17.934151 5.363335 -19.369019
v -16.883072 1.398033 -21.155827
v -17.546700 1.214417 -21.224285
v -16.502209 -2.554604 -23.605091
v -16.525007 -2.246704 -23.889338
v -17.483149 1.361702 -21.570118
v -16.841228 1.386200 -21.526171
v -17.781332 5.183090 -19.800474
v -17.642620 5.236519 -19.996895
v -14.936583 11.623642 -28.947063
v -16.662001 1.691010 -21.926983
v -15.681402 -1.854492 -23.857075
v -15.862089 -2.117447 -23.783812
v -10.711946 12.224258 -30.882479
v -14.039000 11.690231 -32.178196
v -18.552172 5.276703 -19.375422
v -18.044500 7.855270 -21.966625
v -17.211876 9.985306 -24.953098
v -15.571237 11.891281 -29.113935
v -14.553719 12.024834 -32.452648
v -13.341648 11.198898 -35.381134
v -13.736448 11.600479 -35.763172
v -13.376409 8.450294 -38.556458
v -13.820854 11.349731 -35.651951
v -14.606471 11.811508 -32.442848
v -15.592332 11.715363 -29.205551
v -17.130774 9.718102 -25.088802
v -17.928974 7.714996 -22.238195
v -18.402264 5.263367 -19.782839
v -13.082800 4.695503 -40.316303
v -13.041507 4.645447 -40.571953
v -13.509538 0.474815 -36.570946
v -13.454660 8.287239 -38.386475
v -13.394082 10.960915 -35.352432
v -14.144869 11.478119 -32.235886
v -15.095909 11.437408 -29.091154
v -16.651333 9.480797 -25.067430
v -17.378807 7.556213 -22.236322
v -13.047570 7.983658 -38.060337
v -17.148357 7.306854 -22.610868
v -16.654119 9.377190 -25.224840
v -15.081705 11.293144 -29.155548
v -14.210065 10.979477 -32.400459
v -13.449527 10.705780 -35.231705
v -12.985016 7.786652 -37.481056
v -12.515669 4.837090 -39.753860
v -12.558119 4.699455 -39.945690
v -13.592867 0.628601 -36.416454
v -14.111937 -2.264832 -32.584049
v -13.108020 1.021751 -36.129368
v -13.109328 0.758324 -36.183525
v -14.211718 -2.100067 -32.524143
v -14.968912 -3.905106 -27.833044
v -14.912675 -4.185326 -27.765125
v -13.744986 -1.731766 -32.245613
v -13.737245 -1.982765 -32.295483
v -14.391148 -3.767799 -27.659225
v -14.295615 -3.496788 -27.664196
v -13.547066 -2.040024 -32.360115
v -14.170837 -3.931229 -27.471155
v -10.440813 -3.923836 -26.243145
v -9.504945 -3.402596 -21.771313
v -8.022141 -3.564018 -24.791933
v -6.413698 -3.609589 -20.705276
v -5.417901 -2.755318 -23.952080
v -0.311560 -1.872986 -21.937000
v -4.235865 -1.593086 -26.422321
v 0.432085 -0.350410 -24.792927
v -3.496132 -0.137039 -29.243542
v 1.155591 1.173668 -27.652826
v -3.141209 1.440453 -31.564789
v 1.324801 3.109497 -29.893780
v -1.074383 -2.969009 -19.028303
v -9.561526 -1.773544 -31.358805
v -10.206957 -2.971375 -28.813389
v -9.916920 12.481003 -34.256496
v -6.646272 10.799454 -36.728924
v -9.044918 9.508522 -36.706913
v -12.963926 8.201981 -38.193024
v -12.472620 4.845108 -40.202995
v -12.923624 0.738831 -36.364254
v -9.047237 -0.256119 -33.500076
v -9.066898 0.110245 -33.074009
v -9.548944 -1.330658 -31.061815
v -10.160333 -2.448006 -28.655668
v -10.360155 -3.320007 -26.224695
v -8.366883 1.675514 -34.884087
v -8.168386 5.447777 -39.253853
v -5.654907 7.093254 -38.618652
v -2.932543 8.700180 -37.531792
v -3.821558 11.714340 -36.169239
v -0.031604 11.969177 -35.030819
v -0.948117 14.161636 -33.119915
v 2.167090 12.381447 -34.130577
v 0.944614 14.216019 -31.939137
v 3.555738 12.898499 -33.665382
v 2.562527 14.591713 -31.374161
v 2.779877 14.662956 -31.354195
v 2.868676 13.431458 -29.148815
v 3.176085 13.369865 -29.244799
v 3.408173 11.800941 -27.449171
v 3.629997 11.844994 -27.434406
v 1.067554 9.304756 -36.255764
v -0.567086 12.537865 -30.173084
v 1.252010 12.725235 -29.581137
v 2.571289 14.297798 -31.394829
v 2.846480 14.521866 -31.336884
v 3.220110 13.236107 -29.345043
v 3.648190 11.813332 -27.599564
v 4.584725 9.726677 -28.871994
v 4.372716 9.632545 -28.917490
v 1.408879 10.562103 -28.032236
v -0.154436 10.474487 -27.481327
v -5.614018 12.175804 -30.451008
v -4.624233 14.301476 -33.986053
v -7.500222 13.714966 -34.188274
v -8.269332 12.425926 -30.497438
v 2.924250 13.031876 -29.454092
v 3.333737 11.636551 -27.745602
v 4.567125 9.836411 -29.018606
v 4.225176 9.727348 -29.130018
v 4.824529 6.131615 -24.133299
v 4.418639 6.042618 -24.292412
v 3.569053 8.461891 -22.923584
v 3.945216 8.627899 -22.735203
v 4.815204 6.018547 -23.967554
v 3.917376 8.674881 -22.560705
v 4.557289 5.935715 -24.039621
v 3.658781 8.650772 -22.601086
v 1.154149 7.737587 -23.409861
v 1.412856 9.323006 -25.476065
v -0.787302 7.263237 -23.476957
v 1.691980 10.622116 -27.740013
v 3.514003 10.197586 -24.873646
v 3.786307 10.222992 -24.841932
v 3.821734 10.066925 -24.940662
v 3.459422 9.871574 -25.086321
v 3.838216 11.285866 -27.203945
v 3.492281 11.070107 -27.291681
v 4.834288 9.257210 -28.988953
v 4.474154 9.087570 -29.018106
v 3.529490 11.390335 -27.279070
v 3.787112 11.444702 -27.234415
v 4.538183 9.258217 -29.179434
v 2.832190 8.389053 -29.532743
v 2.805726 8.473206 -29.689253
v 4.796558 9.345238 -29.140385
v -6.333243 13.163651 -24.751923
v -8.726799 10.108055 -22.691414
v -11.049353 11.209236 -21.492502
v -4.379589 11.223427 -22.959127
v -6.422424 8.509697 -22.251871
v -3.220932 8.633484 -19.092920
v -4.550805 7.344101 -21.952892
v 2.979472 7.038208 -20.029215
v 2.802103 6.028992 -17.838831
v 2.402349 5.861389 -18.067488
v 3.708756 2.916046 -18.888830
v 3.632420 2.823059 -18.745586
v 2.723928 6.102051 -17.679926
v 3.337490 2.768707 -18.852358
v 2.421756 6.060860 -17.756842
v 1.169559 2.217819 -19.573139
v -0.046329 5.887657 -18.056265
v 0.566152 5.689407 -17.763901
v -0.314498 4.502716 -15.361564
v -1.209375 3.213234 -13.014802
v -3.276171 5.226547 -13.884710
v 1.210179 3.328323 -12.682689
v 1.472242 3.323578 -12.632642
v 1.807927 4.729935 -14.950313
v 3.378064 7.439583 -19.744778
v 3.411611 7.246750 -19.844162
v 3.686230 8.126961 -22.379608
v 4.145457 8.356880 -22.240244
v 4.917226 5.949715 -23.899441
v 4.944335 6.048340 -24.080004
v 4.145014 8.555618 -22.280046
v 3.840126 8.536819 -22.329803
v 3.059221 7.430099 -19.802172
v 0.737815 7.026413 -20.393293
v 4.433037 5.796402 -23.980038
v 2.531063 4.940269 -25.095522
v 1.371447 7.568451 -23.118368
v 4.643743 5.964478 -24.168922
v 2.578294 4.742088 -24.930210
v 5.633954 3.674934 -25.399187
v 5.656868 3.311188 -25.248661
v 5.780014 3.252083 -25.432640
v 5.560978 3.671692 -25.185844
v 5.149047 3.245987 -25.284361
v 5.055648 3.595024 -25.223728
v 5.348857 3.529472 -25.537981
v 5.748886 4.419495 -26.832350
v 5.180661 4.034645 -26.038385
v 5.609793 4.061157 -25.932722
v 5.128581 3.974464 -25.719481
v 5.564933 4.023262 -25.587318
v 5.453323 4.211983 -25.333418
v 5.488996 4.034454 -25.224665
v 5.244605 3.887543 -25.322695
v 3.421353 2.818939 -26.450912
v 3.221121 2.524643 -26.241995
v 5.535667 3.080933 -25.601143
v 5.791701 2.896782 -25.190710
v 5.643830 2.994492 -25.061914
v 3.487733 2.451370 -26.749651
v 5.026641 4.187073 -25.451836
v 3.745024 4.971962 -30.411615
v 5.536795 6.570404 -30.395580
v 5.715145 5.840576 -29.734116
v 3.718864 6.049782 -31.089275
v 1.589295 5.045509 -32.171780
v 3.792147 4.060928 -29.313093
v 3.647803 3.285782 -28.017973
v 3.552808 2.687004 -27.085453
v 3.389962 2.099129 -26.484659
v 5.581100 2.719666 -25.356300
v 5.725615 2.219398 -24.432714
v 5.598027 2.332382 -24.366158
v 5.462635 1.353058 -23.106707
v 5.821053 4.927399 -28.444378
v 5.567389 1.234291 -23.153990
v 5.560909 1.919670 -24.602257
v 5.380205 0.984024 -23.312412
v 3.162694 1.196823 -25.243912
v 2.938343 0.306091 -24.019037
v 3.345855 1.924049 -26.243923
v 5.138083 2.929489 -25.107006
v 5.111068 2.282913 -24.448902
v 4.990542 1.308136 -23.199055
v 5.122113 0.658737 -21.766993
v 5.193881 0.515739 -21.803389
v 4.972194 0.297142 -21.963150
v 2.524931 -0.389801 -22.701115
v 2.179061 -0.971992 -21.598495
v 2.125332 -1.102638 -21.329359
v 4.406285 0.055489 -20.461639
v 4.277760 0.326294 -20.590229
v 4.067743 0.523087 -20.140278
v 4.496843 0.544220 -19.972385
v 4.720828 0.344437 -20.430132
v 4.463490 0.369781 -19.885849
v 4.720876 0.140511 -20.376469
v 4.552723 0.045998 -20.939171
v 4.873911 0.132866 -20.886366
v 4.848049 0.323578 -20.903816
v 4.663257 0.621361 -21.871454
v 4.404443 0.305405 -21.055742
v 4.167364 0.293892 -20.005520
v 2.059452 -0.824501 -21.149073
v 3.305703 2.838120 -19.095383
v 1.272247 1.969688 -19.580412
v 3.666844 -0.407509 -20.147245
v 3.737992 -0.826515 -20.071468
v 3.764370 -0.497581 -20.327900
v 3.685003 -0.062424 -20.315510
v 3.426818 -0.164192 -20.422380
v 3.085238 2.375366 -19.187490
v 1.686838 -1.159096 -21.026373
v 1.723027 -1.527443 -21.158436
v 1.410265 -2.306000 -19.675812
v 1.081710 -2.844559 -18.388342
v 3.197351 -2.536072 -17.997538
v 2.773246 -3.074913 -16.563404
v 2.985372 -2.890457 -16.437479
v 2.677485 -3.145210 -15.508840
v 2.675531 -2.957840 -15.536997
v 3.539637 -0.973175 -20.206470
v 3.627144 -1.441620 -19.244909
v 3.537963 -0.632996 -20.464096
v 2.939630 -2.737854 -16.407784
v 3.383499 -2.315300 -17.872986
v 3.307235 -2.179825 -17.829193
v 3.454930 -1.714531 -19.378172
v 1.659221 -1.633957 -20.902824
v 0.664508 -3.210083 -17.076786
v 2.395210 -3.178589 -15.534650
v 2.550664 -3.078087 -15.008869
v 2.571861 -2.884720 -15.074353
v 2.192770 -2.838394 -15.200910
v 2.296015 -2.910919 -15.655640
v 2.545384 -2.703735 -16.478487
v 2.900988 -2.149971 -17.886923
v 3.531069 -1.306458 -19.180771
v 3.623271 -0.698700 -19.945126
v 3.111753 -1.277840 -19.228052
v 3.186537 -0.679420 -19.953949
v 3.228363 -0.387436 -20.146889
v 3.623672 -0.039047 -20.105349
v 3.349865 2.411720 -19.125450
v 3.186090 -0.030617 -20.106461
v 3.317291 2.333076 -18.943169
v 2.889404 2.261093 -18.981527
v 2.080980 4.691467 -14.919589
v 2.789701 5.719772 -17.443850
v 2.527793 5.747238 -17.468052
v 2.772338 5.527748 -17.400679
v 2.090318 4.497086 -15.013338
v 1.529732 3.237282 -12.790118
v 1.170784 3.131050 -12.975980
v 1.700664 4.357056 -15.153682
v 2.358328 5.372116 -17.494368
v 0.208048 -3.415192 -15.742113
v 0.062285 -3.233337 -15.334110
v -1.860908 -3.694710 -15.889600
v 0.161781 -3.432785 -15.479518
v 2.098313 -2.812119 -14.628693
v 2.274035 -3.112953 -15.066389
v 2.358440 -2.780663 -14.536215
v 1.618556 -0.304871 -13.421499
v 1.875352 -0.294868 -13.339921
v 2.404771 -2.623589 -14.633383
v 1.949323 -0.227486 -13.488795
v 2.037197 -2.583000 -14.768081
v 1.597721 -0.248695 -13.658470
v -0.464741 -0.531471 -14.042322
v -2.196567 -1.135910 -14.343911
v -3.475284 -1.736923 -14.780457
v 5.329515 4.366699 -26.905697
v 5.469391 5.163719 -28.285147
v 5.877764 5.223679 -28.221968
v 5.828902 6.121841 -29.503857
v 5.429536 6.053864 -29.553513
v 5.369224 6.579681 -30.151768
v 5.763434 6.680374 -30.141312
v 5.308653 6.926697 -30.292486
v 5.703410 7.034065 -30.285807
v 5.533542 7.402840 -30.227657
v 5.533972 7.412155 -30.414366
v 5.275252 7.306877 -30.465469
v 3.446061 6.717583 -30.889210
v 5.150023 7.287094 -30.231289
v 5.128900 7.927544 -30.218412
v 3.639903 6.929855 -31.041595
v 3.559108 6.399834 -31.129866
v 5.462075 6.924385 -30.553879
v 5.731329 7.003632 -30.477173
v 5.807515 6.623512 -30.301903
v 5.900493 6.035393 -29.594574
v 5.973555 5.134964 -28.283197
v 5.861149 4.315643 -26.876919
v 3.800220 6.642952 -31.312166
v 5.731591 4.079521 -27.070477
v 5.549145 3.725563 -26.035254
v 5.442772 3.660469 -25.635616
v 5.653426 3.843636 -25.535673
v 5.730103 3.910782 -25.933950
v 5.495153 8.021851 -30.814186
v 5.561151 8.333946 -31.520199
v 5.456085 8.414284 -31.465919
v 5.391221 9.135880 -32.765427
v 5.479343 9.068321 -32.832767
v 5.468995 8.120453 -31.692955
v 5.359249 7.844704 -30.896894
v 3.785920 6.777184 -31.485525
v 5.304350 7.757805 -30.528028
v 5.465501 7.935898 -30.449265
v 3.750906 7.285393 -32.369625
v 5.366323 8.876694 -32.973076
v 5.215447 9.928200 -33.979519
v 5.150015 9.994545 -33.887714
v 5.049860 9.047951 -32.788643
v 5.103847 8.332253 -31.497091
v 5.374464 8.145065 -30.796654
v 5.364429 8.090691 -30.481316
v 5.323033 8.076424 -30.145760
v 4.818177 9.899643 -33.899788
v 5.263019 8.236885 -30.234312
v 4.996644 8.039833 -30.543766
v 5.008491 8.087135 -30.855225
v 4.898051 8.181229 -30.304586
v 4.948578 10.555084 -34.491627
v 4.627876 10.429581 -34.469898
v 4.518664 10.787781 -34.640022
v -3.187114 3.163162 -33.642944
v 1.421561 6.951920 -34.019497
v 3.671591 8.130646 -33.431232
v 5.074512 9.743919 -34.096832
v 4.982357 10.515991 -34.643131
v 4.838720 10.919479 -34.664959
v 4.643738 11.320084 -34.700058
v 4.334445 11.181786 -34.673676
v 3.818567 12.915634 -33.519238
v 3.534193 12.732567 -33.520100
v 3.466750 9.103584 -34.329697
v 4.754314 10.448257 -34.705933
v 4.853433 10.903984 -34.841888
v -5.665974 2.391571 -34.865486
v -8.314962 1.385674 -35.439224
v 3.264260 10.165024 -35.259365
v 4.631091 10.812210 -34.890446
v 4.630480 11.337326 -34.868816
v 3.765399 12.997986 -33.649666
v 4.422065 11.222069 -34.896111
v 3.223019 10.354500 -35.399342
v 3.091645 10.583092 -35.369209
v 1.666334 53.732262 -7.146935
v 0.680709 51.506981 -6.447088
v -0.556537 54.037575 -8.343983
v -3.897259 52.666466 -9.189072
v -2.184906 49.164085 -6.563767
v -15.871403 45.693047 -11.144807
v -14.013712 41.893410 -8.296668
v -15.873342 44.836327 -7.723948
v -3.898649 51.873680 -6.040234
v -0.556853 53.463936 -6.070337
v -7.988675 -5.960327 -19.074945
v -7.954595 -6.087746 -19.018579
v -8.018134 -5.397835 -18.264763
v -7.967551 -6.170326 -19.388149
v -7.933144 -6.317978 -19.388462
v -8.063669 -5.861076 -20.212080
v -7.843295 -5.935173 -20.235277
v -8.108620 -4.989349 -21.836222
v -7.771571 -7.310089 -23.300159
v -9.893932 -6.667374 -24.250223
v -5.889447 -8.152336 -22.240583
v -8.109119 -4.291451 -17.275158
v -8.138647 -4.225487 -17.383963
v -8.050627 -5.301147 -18.351902
v -7.920342 -5.258018 -18.407391
v -7.861445 -5.888100 -19.113523
v -7.848566 -6.057304 -19.364229
v -8.066449 -5.742065 -20.173615
v -8.237097 -4.883194 -21.750586
v -8.535328 -3.439880 -23.843719
v -9.434951 -5.203003 -26.619989
v -11.931019 -7.069916 -25.540892
v -11.327686 -5.453621 -27.659285
v -12.156041 -7.132477 -25.669956
v -11.540479 -5.547760 -27.810402
v -8.629837 -3.268105 -23.632378
v -8.665673 -3.324463 -23.759998
v -8.215771 -4.782066 -21.697811
v -7.885452 -5.637024 -20.126398
v -8.002583 -4.690155 -21.693401
v -8.373996 -3.154282 -23.632032
v -10.733053 -4.461319 -30.155807
v -11.440702 -5.722244 -27.889500
v -10.767556 -4.271645 -30.199081
v -10.564321 -4.191368 -30.050114
v -12.079924 -7.201027 -25.828264
v -11.670940 -7.205124 -25.742298
v -11.028465 -5.760727 -27.749088
v -10.327573 -4.517960 -29.964029
v -9.383945 -7.403221 -31.707371
v -9.315368 -7.303291 -31.867937
v -9.070715 -7.278023 -31.746685
v -8.905102 -3.826431 -29.023888
v -6.904840 -1.596542 -26.093594
v -8.312845 -3.106812 -23.963053
v -8.535220 -3.093445 -23.822210
v -9.023312 -7.385353 -31.463717
v -8.828012 -0.699234 -22.797747
v -7.375066 -7.261894 -30.892042
v -7.365406 -7.003136 -30.819281
v -8.317931 -3.469963 -28.856133
v -9.855652 -6.922180 -31.912716
v -10.129221 -3.958412 -30.430281
v -9.408130 -6.887108 -31.814325
v -10.610458 -3.909698 -30.509104
v -9.863896 -7.021255 -31.754274
v -10.668709 -3.850281 -30.336536
v -9.564505 -7.000313 -31.648127
v -10.385677 -3.820129 -30.202742
v -7.744651 -2.132095 -31.148487
v -4.762810 -1.105881 -32.543591
v -3.797014 1.118744 -28.442965
v 0.578084 2.718819 -30.254381
v -3.567121 2.540939 -36.010212
v -5.684663 0.798950 -35.476273
v -4.820385 2.375938 -37.388645
v -7.842249 1.147507 -36.351536
v -6.667426 2.694832 -38.204784
v -9.643014 -2.606125 -32.301445
v -8.965504 -0.751083 -34.704788
v -6.370065 -1.026421 -33.730446
v -6.669581 -1.279358 -33.646149
v -9.941129 -2.279297 -32.175747
v -10.216566 -2.340096 -32.335381
v -10.131739 -2.516754 -32.434277
v -8.991207 -1.299751 -34.554840
v -9.477262 -1.187309 -34.740002
v -8.422874 -3.390808 -36.522099
v -8.356297 -3.270782 -36.677753
v -9.502255 -0.988312 -34.769264
v -9.239590 -0.940445 -34.612732
v -8.056307 -3.280266 -36.554420
v -5.739841 -3.946129 -35.826050
v -5.652316 -3.718132 -35.921883
v -8.064548 -3.312958 -36.399857
v -7.973756 -3.434021 -36.275375
v -8.651980 -0.863815 -34.896431
v -7.831909 -3.141586 -36.505047
v -8.255024 -3.158676 -36.641682
v -9.090355 -0.805534 -34.991146
v -8.322058 -3.293625 -36.508877
v -9.189209 -0.783478 -34.838917
v -8.071144 1.115189 -36.501076
v -6.900649 2.691200 -38.334846
v -5.709702 0.752258 -40.322319
v -4.001897 0.293045 -39.508076
v -4.917936 2.429962 -37.921928
v -3.794441 0.231461 -39.643883
v -5.732582 0.514053 -40.391399
v -7.018245 2.635551 -39.112907
v -7.179994 2.581985 -39.262360
v -4.600996 4.675667 -39.321560
v -5.948215 0.781006 -40.456997
v -6.917660 2.522743 -38.344929
v -7.997363 0.973640 -36.600483
v -7.588324 0.877304 -36.481926
v -6.551483 2.393997 -38.192413
v -6.047771 0.663734 -40.365139
v -5.718786 0.572693 -40.158245
v -5.929350 0.504868 -40.522076
v -7.064198 2.571251 -39.385197
v -5.860332 0.633110 -40.634476
v -6.703335 2.563431 -39.239651
v -5.533443 0.692200 -40.458729
v 0.629507 5.206459 -41.886215
v 1.320472 2.645790 -43.440880
v -0.864030 2.877762 -44.248775
v -1.869354 4.685127 -43.088661
v -0.418595 7.188217 -39.819164
v -3.368382 6.501900 -41.060131
v -2.115053 5.059341 -37.805332
v 1.908482 5.712700 -34.794743
v -0.832738 2.622932 -44.315907
v -2.247674 2.834915 -44.945744
v -3.234840 4.509964 -43.807606
v -4.886132 6.090393 -41.838196
v -6.156045 4.582169 -40.255592
v -6.251355 4.415405 -40.521328
v -5.059461 6.062332 -41.986141
v -5.056273 5.905510 -41.992378
v -3.411671 4.511101 -43.958698
v -2.437983 2.848969 -45.090839
v -2.216924 2.379791 -45.005924
v -0.880261 2.414352 -44.209118
v -6.155990 4.292366 -40.596455
v -5.821200 4.246597 -40.432270
v -4.761570 5.825653 -41.802452
v -3.501770 4.395355 -43.887238
v -2.556069 2.802284 -44.977581
v -2.421132 2.363777 -45.141033
v -2.276135 1.973839 -44.890186
v -1.229071 1.234985 -43.488346
v -3.257164 4.347420 -43.658653
v -2.332850 2.800674 -44.721352
v -2.312694 2.365715 -44.747890
v -2.540836 2.356758 -45.009190
v -2.484216 1.931702 -45.014549
v -2.614686 1.116295 -44.544296
v -3.231956 0.301048 -43.471600
v -2.657269 1.331375 -44.260185
v -2.903690 1.278854 -44.496376
v -2.584056 1.957603 -44.892139
v -2.355734 1.972870 -44.633854
v -2.853628 1.206367 -44.593082
v -3.228333 0.045418 -43.784859
v -1.592553 0.139046 -42.808167
v 0.342072 -0.028023 -41.853168
v 5.157227 3.004478 -41.972420
v 4.221010 5.866577 -40.340244
v 2.820756 8.163925 -38.134502
v 5.236172 8.175446 -36.454655
v 6.901505 5.609322 -38.969818
v 8.260923 2.144707 -41.076496
v 4.335283 -2.946480 -38.848793
v 7.131523 -3.021614 -38.208416
v 6.904724 -2.830170 -37.680904
v 9.335570 -3.198936 -36.499981
v 4.258723 -2.762634 -38.255409
v 12.235571 -6.157715 -31.844267
v 8.123732 -8.346260 -30.680344
v 8.914366 -6.890579 -33.043884
v 9.472788 -5.167137 -35.011127
v 9.132189 -4.878937 -34.668941
v 9.712634 -3.397987 -36.961609
v 10.939826 1.133476 -39.966942
v 8.999593 4.811508 -37.426449
v 7.389158 7.451065 -34.968819
v 3.853087 6.466507 -33.131699
v 3.075500 4.416656 -30.396069
v 0.068214 4.280800 -27.641497
v 11.826345 4.596077 -35.927559
v 13.221312 1.636574 -38.194695
v 12.867266 -2.899704 -35.200867
v 11.772648 -8.766838 -27.551617
v 10.965446 -8.721756 -27.661184
v 10.059666 7.044693 -33.089958
v 12.267572 4.980553 -35.992413
v 13.908068 1.623016 -38.230339
v 13.509291 -3.000618 -35.099709
v 12.858315 -6.222076 -31.764153
v 11.777872 -8.474724 -27.550261
v 12.869572 -6.054977 -31.646296
v 13.466116 -2.864189 -34.912888
v 13.810389 1.633583 -37.991768
v 10.455603 7.576065 -33.163483
v 12.346106 -6.076797 -31.687305
v 11.190378 -8.487930 -27.687620
v 12.930065 -2.876617 -34.953693
v 13.209320 1.467766 -37.952339
v 11.889339 4.379410 -35.797112
v 12.294622 4.809204 -35.828060
v 10.537497 7.332260 -33.053829
v 9.478889 7.553802 -29.952593
v 9.017690 7.082230 -30.022884
v 5.961812 6.798340 -31.867428
v 9.572331 7.357735 -29.939482
v 10.150427 6.821533 -33.063869
v 5.771193 -8.778008 -23.728247
v 10.010262 -7.524681 -23.341171
v 10.721895 -7.630753 -23.115339
v 10.792974 -7.280075 -23.307854
v 10.169709 -7.305611 -23.546343
v 11.044930 -8.245827 -27.712673
v 12.264673 -5.843323 -31.616003
v 12.836060 -2.633759 -34.882198
v 13.050306 1.557251 -37.800598
v 11.687666 3.956375 -35.482830
v 10.205407 6.566101 -32.961597
v 9.988488 -7.075859 -23.672531
v 9.185452 6.909859 -30.038483
v 8.901185 6.882317 -26.756821
v 8.796203 7.030632 -26.673389
v 8.269749 6.618858 -26.887489
v 4.897328 5.039261 -28.552170
v 4.207180 3.716179 -24.498816
v 0.003844 5.344780 -24.706015
v 0.862906 3.292671 -21.254583
v -4.019075 4.862671 -23.030020
v -3.016677 2.595772 -19.687611
v -7.776266 2.963448 -21.563253
v -7.258710 0.913994 -18.351408
v -8.695847 1.362175 -20.956135
v -7.646574 0.984520 -24.182882
v -4.147110 3.293434 -25.967911
v -6.738242 -3.778580 -16.801657
v -6.921709 -2.376427 -16.039478
v -7.996369 -2.991127 -16.589432
v -8.062202 -2.110237 -16.318199
v -7.057140 -0.995232 -15.913934
v -8.099812 -1.664070 -16.289055
v -8.123216 -1.163216 -16.478146
v -2.161780 0.161766 -17.153719
v 1.575590 0.638290 -18.208794
v 4.315137 1.902336 -21.326885
v 8.088113 4.347954 -22.871748
v 8.697384 4.782875 -22.575638
v 8.762897 4.534683 -22.757437
v 8.514526 6.497292 -26.944767
v 8.541077 2.370293 -19.889820
v 8.608794 2.261353 -20.188917
v 8.422754 4.208603 -23.009714
v 8.199738 2.000137 -20.485506
v 8.249455 1.782227 -20.940243
v 8.524655 4.137817 -23.149694
v 8.569924 6.367538 -27.020405
v 9.357512 6.463165 -29.881456
v 7.974272 -0.573341 -18.730780
v 8.010201 -0.632294 -18.502195
v 8.488174 -0.435951 -18.161297
v 9.570971 -4.042328 -20.518913
v 9.500478 -4.232826 -20.214443
v 8.418253 -0.466270 -17.744892
v 9.020355 -4.153267 -20.808598
v 8.981374 -3.824593 -21.201654
v -7.687006 -6.409203 -19.404079
v -5.997205 -7.378212 -20.373531
v -0.939214 -8.936035 -21.717054
v -0.704716 -11.220894 -23.973652
v 2.166057 -9.790627 -23.442818
v 2.360652 -5.845917 -21.320702
v 5.042885 -4.148666 -20.898663
v 8.879795 -4.199730 -20.478470
v 7.888529 -0.506157 -18.047106
v 2.336830 -4.403091 -20.098888
v -1.437724 -6.337456 -19.957785
v 7.971579 2.132881 -20.188980
v 4.438989 -0.070328 -18.787031
v 2.218499 -2.804901 -19.097742
v -1.487007 -4.699478 -18.727322
v -6.253450 -6.248093 -18.849541
v -7.717752 -6.146461 -19.010496
v -7.785930 -5.425087 -18.234936
v -6.462512 -5.042053 -17.646887
v -7.891679 -4.289978 -17.238571
v 2.049344 -1.087082 -18.167385
v -1.592162 -3.026299 -17.737320
v -1.735610 -1.421082 -16.906729
v -8.245975 0.100456 -18.460211
v -8.352911 -1.197792 -16.532110
v -8.316150 -1.701149 -16.354328
v -8.285283 -2.149239 -16.371437
v -8.217574 -3.012352 -16.652859
v -8.918764 1.241814 -20.934975
v -8.469887 0.041664 -18.469364
v -8.376798 -1.275436 -16.642834
v -8.343625 -1.737778 -16.491312
v -8.313021 -2.149979 -16.509346
v -8.245407 -2.982368 -16.782677
v -9.021437 -0.753914 -22.743374
v -8.913450 1.111290 -20.912432
v -8.489264 -0.071777 -18.531479
v -8.246732 -1.297256 -16.696329
v -8.213444 -1.718933 -16.527851
v -8.181540 -2.117973 -16.550692
v -8.114773 -2.943626 -16.835279
v -8.015423 -4.176407 -17.444784
v -9.009887 -0.826118 -22.635143
v -8.538082 -3.089844 -23.679337
v -8.863116 -0.879364 -22.552570
v -8.725060 1.012108 -20.926300
v -8.346563 -0.120148 -18.574123
v -5.857897 -10.472794 -32.412327
v -7.938871 -10.437805 -32.838600
v -7.863911 -10.065819 -33.033821
v -8.206920 -10.355713 -32.860802
v -8.150777 -10.000145 -33.073101
v -8.212316 -9.924164 -32.871361
v -8.231572 -10.231010 -32.689629
v -7.890827 -9.821564 -32.590679
v -7.905509 -10.127975 -32.417126
v -8.482400 -10.927528 -32.046158
v -8.147902 -10.812447 -31.814320
v -8.600266 -11.837250 -30.652939
v -8.931170 -11.952782 -30.868404
v -8.480545 -11.065910 -32.157673
v -7.456223 -7.298187 -37.495544
v -7.883361 -8.381744 -36.393154
v -8.183576 -8.201088 -36.389652
v -8.559090 -9.047913 -35.116146
v -8.240286 -9.191124 -35.098442
v -8.790966 -9.508629 -34.208469
v -8.497177 -9.523064 -34.044224
v -5.788204 -9.270050 -34.105179
v -6.065358 -9.949333 -33.039288
v -3.773966 -10.292961 -31.712273
v -6.158808 -10.109871 -32.798698
v -6.004921 -10.131157 -32.285671
v -7.924598 -9.597824 -32.928192
v -8.208585 -9.565910 -33.010517
v -8.298567 -9.566216 -32.809570
v -7.973911 -9.474815 -32.530655
v -6.291025 -9.857750 -32.616459
v -8.685429 -9.564651 -33.583347
v -8.849015 -9.363586 -33.078594
v -9.162676 -9.366028 -33.175465
v -8.993828 -9.556084 -33.718498
v -9.011853 -9.349854 -33.758648
v -8.749102 -9.100639 -33.117313
v -9.177888 -9.189270 -33.262402
v -8.578226 -9.256973 -33.598621
v -8.808815 -9.316246 -34.204342
v -8.379823 -9.224655 -34.037689
v -8.148152 -8.833740 -34.828720
v -8.563999 -8.901855 -35.041504
v -7.744410 -8.012680 -36.055161
v -8.164551 -8.074020 -36.285694
v -7.733389 -6.944595 -37.335503
v -7.758980 -7.067223 -37.468845
v -7.504008 -6.197937 -37.896275
v -7.510110 -6.299393 -38.090359
v -7.477919 -5.863136 -38.046520
v -7.441187 -5.913467 -38.267036
v -7.459205 -5.481949 -38.145679
v -7.535809 -5.506325 -37.935001
v -7.061048 -5.823982 -37.749691
v -7.082950 -6.157425 -37.608002
v -7.306970 -6.886436 -37.088108
v -7.116579 -5.478394 -37.641510
v -6.297411 -3.658714 -40.572712
v -6.286137 -3.564735 -40.463917
v -5.683432 -2.475182 -41.413635
v -5.659025 -2.557533 -41.529629
v -6.032064 -3.804161 -40.600281
v -6.601162 -4.833908 -39.491108
v -4.263663 -5.050728 -38.891891
v -4.618531 -5.765709 -38.117271
v -2.101546 -6.682091 -37.029198
v -4.718264 -6.036690 -37.818699
v -4.720639 -6.402679 -37.554325
v -4.851561 -5.998688 -37.257519
v -7.112013 -6.005020 -38.241325
v -7.124484 -5.545784 -38.070946
v -7.206389 -6.403610 -38.084019
v -5.091162 -7.437012 -36.459759
v -4.792544 -6.603355 -37.341953
v -2.946300 -8.490486 -34.375652
v -5.456917 -8.458122 -35.379192
v 2.676714 -6.806038 -35.285854
v 1.850890 -8.539131 -32.651276
v 1.497691 -9.846107 -30.002272
v 0.448630 -11.018150 -26.873554
v 4.160276 -9.996338 -28.987671
v 3.358764 -10.055580 -25.716127
v 6.949502 -9.646698 -28.559418
v 8.610283 -6.513184 -32.821140
v 7.860149 -7.874512 -30.586004
v 6.726343 -9.080582 -28.593555
v 4.092004 -9.411095 -28.980829
v 1.584304 -9.241760 -29.954445
v 1.890177 -8.030579 -32.443775
v 2.668685 -6.393272 -34.918686
v 3.407673 -4.666290 -36.809017
v 3.449955 -4.964600 -37.289303
v -1.329518 -4.471756 -38.850296
v -5.335978 -1.439743 -41.929852
v -5.337932 -1.060112 -41.774574
v -5.225255 -1.020470 -41.918377
v -5.230927 -1.443016 -42.095024
v -4.962994 -1.455994 -41.982307
v -5.027558 -1.838844 -41.910229
v -3.113548 -1.883537 -41.284332
v -3.280956 -3.043266 -40.785702
v -0.482896 -2.213379 -40.590096
v -5.300503 -1.854233 -42.010975
v -5.385765 -2.687965 -41.519493
v -3.765868 -4.114777 -39.975948
v -5.381144 -1.817253 -41.858990
v -5.010715 -1.467636 -41.683212
v -5.020819 -1.098747 -41.532822
v -4.974449 -1.064842 -41.792850
v -3.201362 -1.218285 -40.952301
v -5.055627 -1.838165 -41.615570
v -5.927723 -3.534851 -40.251762
v -5.338078 -2.456993 -41.196888
v -2.755870 -1.292183 -40.871254
v -4.443985 -1.308189 -41.803974
v -2.552695 -1.574669 -41.116566
v -3.057057 -1.507751 -41.211285
v -4.465087 -1.105309 -42.186600
v -4.255956 -1.196297 -42.118225
v -2.476823 -1.421661 -41.254799
v -4.452647 -0.947708 -42.115463
v -4.144472 -0.637001 -42.694725
v -4.138856 -0.744041 -42.789337
v -3.879556 -0.871925 -42.807358
v -2.043286 -0.815468 -41.951729
v -3.469247 0.150063 -43.799797
v -3.489118 0.236656 -43.705101
v -4.618957 -1.130844 -41.498379
v -4.666033 -1.226097 -41.892551
v -4.643549 -1.040581 -41.875820
v -4.357802 -0.926041 -41.659050
v -4.167915 -0.840858 -41.895840
v -3.877533 -0.561646 -42.460537
v -4.845240 -1.087601 -41.608192
v -4.810703 -0.905205 -41.660416
v -4.519366 -0.794937 -41.450165
v -5.871400 -10.738121 -24.185865
v -5.941596 -10.605743 -32.175610
v -6.345128 -11.410980 -31.076452
v -8.201240 -11.275574 -32.151463
v -8.655823 -12.249031 -30.929512
v -8.926923 -12.091171 -30.951555
v -9.372556 -12.808479 -29.596245
v -9.090363 -12.926048 -29.558466
v -9.652791 -13.149406 -28.686682
v -9.418108 -13.123901 -28.526264
v -9.883997 -13.142632 -28.220787
v -9.633560 -13.114395 -28.088367
v -10.107426 -12.896019 -27.732862
v -9.848547 -12.861870 -27.637857
v -10.866471 -10.542572 -26.389481
v -8.873581 -10.264275 -25.536337
v -7.789752 -12.766998 -26.881021
v -7.244897 -10.470947 -24.664381
v -5.897554 -12.757118 -26.081224
v -4.727056 -11.687592 -28.993752
v -9.395138 -12.656982 -29.543358
v -9.681002 -12.963058 -28.706087
v -9.907904 -12.948715 -28.283670
v -11.110741 -10.595055 -26.490856
v -10.121372 -12.736786 -27.836359
v -9.558859 -12.811096 -28.138401
v -9.336677 -12.826073 -28.554461
v -9.066240 -12.537476 -29.345522
v -9.774439 -12.605560 -27.704750
v -11.090826 -10.519371 -26.652260
v -10.718668 -10.445251 -26.558094
v -7.167846 -12.572113 -28.605949
v -6.760355 -12.081718 -29.879269
v -7.600665 -12.903587 -27.288914
v -7.723983 -12.955017 -27.057501
v -6.985950 -5.019180 -38.054585
v -6.816911 -4.942566 -38.345509
v -7.208631 -5.015747 -38.538437
v -4.945872 -5.717285 -37.544636
v -7.167063 -5.420761 -38.205338
v -7.015804 -5.312202 -38.580311
v -7.259756 -5.183929 -38.617096
v -6.876591 -4.661797 -39.423828
v -6.846542 -4.547295 -39.317238
v -6.475456 -4.506721 -39.105839
v -7.269731 -5.214836 -37.836823
v -7.549294 -5.135155 -37.916885
v -7.500118 -4.938652 -37.976757
v -7.102753 -4.862289 -37.795193
v -7.379072 -5.100716 -38.244347
v -7.431794 -5.299896 -38.262169
v 24.340950 -94.717163 15.112536
v 19.325171 -93.379631 14.295959
v 18.830818 -95.441452 15.752157
v 23.829161 -92.732719 13.903025
v 20.031507 -92.601456 5.880337
v 15.152170 -94.579269 8.139750
v 13.732103 -91.019569 2.608552
v 15.673056 -84.285416 -3.078138
v 17.826384 -85.337921 -6.888817
v 17.873739 -82.415932 -7.079479
v 15.419827 -81.136124 -3.608744
v 15.690508 -75.415184 -2.893478
v 11.229745 -75.567551 -2.508564
v 11.410419 -81.419571 -3.536266
v 11.276434 -84.760284 -3.434533
v 15.678627 -86.761719 -2.383883
v 11.513020 -88.289719 -2.311414
v 17.314968 -89.586975 1.472518
v 21.631725 -93.509247 -1.155505
v 25.320257 -93.178726 3.464957
v 26.791409 -93.619118 9.839904
v 27.460072 -95.244286 11.156203
v 23.814522 -96.630959 14.931870
v 18.062553 -97.519257 15.330282
v 18.355724 -88.335266 -6.419691
v 27.982670 -96.919434 10.715469
v 26.845432 -96.374947 2.394213
v 26.990522 -97.654320 2.520031
v 22.850044 -97.590988 -3.174186
v 22.676390 -96.079628 -3.069854
v 19.731636 -95.286774 -8.659429
v 19.029510 -93.076591 -8.608491
v 16.312923 -95.164467 -14.441583
v 16.308710 -92.569298 -14.242314
v 10.546685 -95.105217 -16.231462
v 10.463305 -92.087837 -15.852992
v 4.950724 -95.185905 -13.054703
v 5.014123 -92.360725 -12.831107
v 6.175811 -89.556770 -11.689087
v 11.257679 -86.859314 -13.202990
v 6.038585 -86.463097 -11.387125
v 11.313770 -84.642784 -13.474784
v 7.167102 -83.645370 -11.998250
v 16.730875 -88.591446 -12.330373
v 16.287849 -85.210182 -11.830153
v 16.374077 -80.323235 -12.692994
v 12.093027 -79.136467 -14.206725
v 7.418461 -73.708817 -12.200968
v 11.799246 -73.626389 -14.677845
v 17.863497 -73.435913 -13.767821
v 19.020027 -74.258591 -7.920445
v 5.160344 -95.248657 -7.236074
v 4.601033 -95.602592 -6.995600
v 8.782245 -96.530312 -3.245624
v 9.033284 -95.412209 -3.136983
v 12.054335 -97.647255 1.398087
v 11.576424 -98.892555 1.575084
v 13.339376 -97.951836 8.506028
v 12.338621 -98.892555 8.649230
v 17.855478 -98.892555 15.890629
v 4.507603 -98.892555 -6.971910
v 8.620198 -98.892555 -3.151237
v 4.339967 -95.707153 -13.680337
v 4.359096 -98.892555 -13.913142
v 10.559270 -95.635002 -16.791605
v 10.831963 -98.892555 -16.990856
v 17.132458 -95.615265 -15.034861
v 17.395634 -98.892555 -15.112285
v 19.919727 -96.566429 -8.634591
v 20.310902 -98.892555 -8.631198
v 24.166616 -98.151802 15.425363
v 28.456985 -98.892548 11.242637
v 27.978603 -98.892548 2.395201
v 23.363005 -98.892548 -3.141897
v 5.428227 -92.646927 -6.873892
v 7.547829 -73.933548 -6.918996
v 8.039032 -83.577065 -7.633654
v 6.787986 -86.647034 -7.369142
v 6.649511 -89.977966 -7.247468
v 8.934612 -93.778946 -3.211852
v 12.034418 -95.879440 1.615525
v 13.621664 -96.586060 8.707649
v 17.932116 16.076607 -37.208496
v 16.034784 18.800468 -31.326525
v 18.192570 14.804855 -21.830519
v 21.149387 10.862755 -18.823370
v 28.662239 15.738625 -18.202055
v 24.791540 5.435966 -19.380476
v 28.245632 1.938789 -24.542934
v 27.269093 4.266251 -29.875942
v 26.292624 6.593727 -35.208965
v 21.619946 13.006950 -39.650452
v 27.381195 24.775131 -36.126709
v 25.079529 27.022209 -28.822657
v 33.888386 25.358635 -35.912949
v 28.894054 27.446205 -32.537201
v 39.109627 39.067741 -19.826656
v 38.770931 42.117149 -28.442766
v 36.879539 47.948540 -26.292084
v 30.663300 43.201241 -34.614571
v 34.089401 32.584816 -34.952003
v 41.494587 30.245003 -30.438551
v 41.013439 24.066345 -34.188251
v 31.457458 18.642754 -38.857059
v 34.728867 12.416664 -35.658478
v 35.678974 7.518364 -25.831085
v 41.613293 21.584892 -31.823904
v 40.020603 12.984238 -27.027292
v 41.897900 25.911354 -25.258360
v 29.234688 32.321831 -31.108566
v 25.116581 40.475533 -32.644264
v 24.564510 43.693001 -33.764717
v 29.491611 48.510078 -33.458324
v 36.585499 50.455269 -25.096653
v 36.970119 45.553093 -17.534513
v 35.531429 37.047661 -14.798487
v 38.802509 22.227013 -19.299320
v 37.801556 13.888824 -22.694675
v 33.853584 10.706047 -21.352406
v 29.107704 34.708778 -11.648777
v 33.713894 21.020142 -16.167229
v 29.757420 22.290962 -17.354578
v 24.557798 34.234795 -13.131371
v 34.725426 15.914024 -19.210070
v 31.535114 21.768547 -20.144075
v 28.646347 27.741219 -22.912809
v 23.617510 36.644005 -23.584904
v 29.593731 25.496696 -23.118111
v 27.231947 21.252373 -19.811802
v 37.457584 47.920341 -16.380016
v 33.788029 44.516258 -12.238293
v 27.997566 40.369011 -10.565867
v 23.663002 37.818306 -11.590565
v 22.958267 38.701637 -23.087864
v -12.301216 72.978401 3.019191
v -10.120966 67.434105 2.418050
v -10.968290 73.244423 2.060418
v -11.369409 66.974190 3.440664
v -16.538137 76.955193 -3.103734
v -15.171509 77.376518 -3.623899
v -16.958765 79.785545 -8.192904
v -18.589808 79.712379 -8.121997
v 7.036096 82.182625 -11.922783
v 7.694916 79.886803 -8.214153
v 9.326626 79.827034 -8.146059
v 8.161736 82.172905 -12.766356
v 2.932610 83.434273 -15.498992
v 3.398723 83.634377 -16.760878
v -4.655083 83.574242 -17.261494
v -4.656837 83.731041 -18.549847
v -12.708237 83.568214 -16.746996
v -12.238321 83.371956 -15.485915
v -17.452194 82.067711 -12.744279
v -16.325218 82.086693 -11.902646
v 7.306322 77.053108 -3.124286
v 5.935387 77.463203 -3.642091
v 1.776053 73.296761 2.049432
v 3.112769 73.041695 3.005905
v 0.967877 67.524574 2.362976
v 2.225845 67.119087 3.391461
v 33.312038 62.965263 -22.820429
v 25.164476 56.930412 -29.557173
v 29.516666 67.576881 -21.749365
v 28.065792 54.400780 -30.768993
v 20.629961 43.219795 -29.363293
v 20.636402 33.868660 -22.539907
v 25.313898 30.793388 -11.370859
v 25.223331 28.007927 -10.020952
v 23.336155 38.615837 -14.858650
v 24.097607 43.370918 -32.849014
v 29.649887 48.902473 -34.026482
v 38.361115 51.579765 -25.202669
v 34.800316 61.667183 -12.870389
v 29.421101 67.808449 -12.807098
v 27.210131 64.677483 -6.107815
v 32.223820 58.642586 -7.134182
v 25.435425 58.381416 -3.170277
v 27.127462 53.267723 -5.498041
v 23.281199 49.748619 0.168114
v 22.887194 47.476891 -5.687085
v 22.498285 42.477959 2.091126
v 23.572577 37.699989 -19.976660
v 24.327677 44.018333 -34.428738
v 22.604939 38.287529 -23.089983
v 39.305290 49.054985 -15.950830
v 35.588272 45.089592 -11.041588
v 28.020088 40.315056 -9.704633
v 23.887238 42.163658 -6.288550
v 23.414249 37.750160 -11.277643
v 29.030140 69.302635 -22.688236
v 19.261471 74.460136 -13.553783
v 29.200012 69.890266 -12.549663
v 24.480572 58.346642 -30.493843
v 19.570499 43.141350 -31.779051
v 4.074097 19.813644 -21.277565
v 3.759701 2.157341 -18.823879
v -4.546783 2.675835 -20.255194
v 18.051517 17.703110 -18.566395
v 19.424883 32.476768 -23.570065
v 25.668133 25.113632 -8.588641
v 11.592115 42.726387 -30.047268
v 14.944370 59.237282 -30.134113
v 17.245962 72.053169 -23.148718
v 9.385752 78.375725 -13.566940
v 5.948398 78.998512 -17.420576
v 6.271288 71.651466 -23.160446
v 1.791344 78.511803 -19.117262
v 17.575167 1.716934 -15.455881
v 25.216986 13.927223 -4.757164
v 24.419670 0.657402 -3.352144
v -4.546783 20.012306 -22.190201
v -13.739305 35.807991 -26.196741
v -4.546783 35.914223 -26.120077
v 4.645738 35.808006 -26.196743
v 3.844751 45.714577 -29.540539
v 4.886890 61.789742 -28.470871
v -4.575180 63.696907 -26.748642
v -4.613606 72.234489 -23.171434
v -15.491558 71.103218 -23.297359
v -14.021275 61.713753 -28.467770
v -26.903587 72.362450 -22.583040
v -24.059071 57.824211 -29.920177
v -38.662910 69.469200 -21.602154
v -33.583549 58.741127 -30.472383
v -38.928482 67.571800 -20.995544
v -34.242393 57.349220 -29.628447
v -4.632632 77.497780 -20.166971
v -11.061850 78.153587 -19.341009
v -15.219817 78.595238 -17.674757
v -18.946247 78.289711 -13.231928
v -29.293930 74.831734 -12.073094
v -38.550877 68.687599 -11.580359
v -38.628185 66.671211 -12.121853
v -4.546783 41.395821 -27.474758
v -4.543750 48.876823 -27.666309
v -12.930173 45.707542 -29.539156
v -20.685682 42.726387 -30.047268
v -13.167671 19.813736 -21.277582
v -28.518450 32.476768 -23.570065
v -28.466387 43.238640 -32.017857
v -29.571022 43.198280 -29.586514
v -29.729975 33.868660 -22.539907
v -34.316898 28.007919 -10.020950
v -34.761681 25.113541 -8.588634
v -27.145084 17.703110 -18.566397
v -34.310555 13.927238 -4.757164
v -26.668734 1.716927 -15.455881
v -33.513237 0.657387 -3.352144
v -12.853268 2.157341 -18.823879
v -31.464975 45.839348 -7.379963
v -35.368774 51.193504 -7.217463
v -36.347778 39.056145 -13.855350
v -44.044956 43.811226 -13.917181
v -40.692875 56.403236 -7.773315
v -48.066624 48.528450 -17.817825
v -43.644554 60.137535 -12.745447
v -47.633717 52.750359 -26.469450
v -42.680325 63.333382 -22.285511
v -37.463043 56.810020 -31.559702
v -39.345051 51.970940 -36.040417
v -33.566605 44.276482 -33.783775
v -33.977787 47.376930 -37.599335
v -32.846706 37.788826 -21.518551
v -31.593044 39.682655 -27.624956
v -32.689163 38.316750 -14.635478
v -36.093014 62.869392 -5.975737
v -34.034588 56.583733 -3.805911
v -32.762856 49.645988 0.885426
v -31.019785 42.333122 0.814211
v -32.807831 41.249001 -7.645361
v -31.790344 36.940498 -16.096008
v -34.407463 30.793388 -11.370859
v 17.928110 72.265556 -7.127053
v 9.935392 76.316246 -8.513509
v 7.821455 72.811394 -3.482059
v 24.860518 60.124413 -1.747722
v 27.009541 66.507332 -5.579386
v 1.513722 45.538139 16.018940
v 1.719868 38.804802 18.955780
v 10.554556 37.512047 16.069448
v 11.597746 44.356239 13.915932
v 1.834486 57.132057 11.230680
v 12.991875 54.533485 8.807707
v 15.025810 64.205650 1.672565
v 16.569557 68.780968 -2.387776
v 22.292217 50.497826 2.142728
v 21.278490 41.662117 5.074857
v 20.850079 33.571098 8.023463
v 19.113928 16.217117 14.102615
v 6.527324 17.732796 21.727276
v -27.280287 -0.313774 14.105904
v -15.620884 17.732704 21.727261
v -28.207491 16.217102 14.102612
v -14.438605 -1.275177 21.034622
v -4.546783 18.374382 23.957747
v -4.546783 -1.714783 23.934631
v 5.345038 -1.275162 21.034624
v 18.186722 -0.313774 14.105903
v -10.813435 38.804787 18.955780
v -19.648121 37.512047 16.069448
v -29.943645 33.571098 8.023460
v -17.161282 72.588341 -3.356508
v -19.451305 76.071968 -8.255054
v -27.674850 71.775093 -6.091893
v -25.970049 67.889915 -1.762016
v -36.002274 64.877663 -5.321018
v -33.471443 58.116005 -2.242390
v -23.992435 62.875740 1.564951
v -31.885096 50.632423 3.055225
v -21.976776 54.328926 8.689657
v -30.372057 41.662132 5.074857
v -20.691311 44.356209 13.915927
v -10.607294 45.538246 16.018957
v -4.546783 39.086205 18.982323
v -10.849271 57.001503 11.049311
v -4.546783 45.844597 16.546515
v -4.537000 57.457146 11.515901
v -8.186496 61.906578 8.339019
v -0.904797 62.032402 8.316725
v -4.542817 61.211098 9.132312
v 0.204359 68.615868 0.140143
v 5.969258 72.305412 -4.245944
v -4.573744 67.879128 2.324271
v -4.571343 67.437172 3.004222
v -1.582149 63.033272 6.619158
v -4.547873 62.522423 7.630180
v -7.518427 62.978951 6.631056
v -9.361495 68.576576 0.148388
v -15.345675 72.200584 -3.981476
v -12.538982 78.243935 -17.517162
v -4.634320 78.205772 -18.752073
v -17.568748 77.863548 -11.526817
v -17.468506 75.621315 -7.949326
v 3.271879 78.308861 -17.530790
v 8.009512 77.858376 -11.947786
v 7.926072 75.677208 -8.386636
v -7.317344 -29.824234 -0.797306
v -4.546784 -29.716606 -8.085893
v -4.546784 -29.500053 -0.841121
v -7.512496 -29.605995 -8.074135
v -4.546784 -28.919670 -11.177048
v -4.546783 -27.660835 -13.193068
v -17.590672 -28.683754 -12.690597
v -16.586102 -23.221573 -14.977751
v -18.131960 -31.077667 -10.326246
v -9.417994 -33.996597 -7.359622
v -9.185343 -34.315903 -1.063718
v -13.880525 -46.284176 -1.319962
v -15.421981 -45.651146 -9.388880
v -15.330585 -50.733665 -2.498152
v -25.401463 -30.372711 -7.901485
v -29.692730 -21.961197 -0.505019
v -30.107605 -29.366829 -0.239299
v -25.744797 -23.363907 -11.410987
v -24.306295 -13.665421 -11.766732
v -29.360310 -12.774132 -0.746297
v -22.174894 -44.704350 -10.850332
v -25.953838 -44.024174 -8.843350
v -28.871752 -42.261936 -2.285309
v -24.910944 -29.943253 7.927499
v -24.177132 -24.862335 8.884910
v -23.410538 -18.353996 9.669518
v -22.895477 -14.098846 10.688264
v -29.222605 -9.587440 -0.235632
v -23.757656 -8.686119 -11.653335
v -14.414696 -14.871552 -14.903062
v -4.546783 -22.354660 -15.520291
v -12.465981 -17.321114 14.648929
v -4.546783 -14.299721 -15.150470
v -12.054026 -9.034409 -14.315321
v -4.546783 -9.082634 -14.689813
v -12.318674 -23.513451 11.772055
v -4.546783 -18.414185 14.817915
v -21.838114 -49.680485 -12.565195
v -27.575178 -48.580612 -9.765916
v -30.811409 -48.205231 -3.129088
v -25.598728 -49.175938 4.370002
v -15.592602 -32.215004 9.313409
v -10.373498 -28.289139 10.218338
v -4.546784 -24.315468 11.750015
v 3.225106 -23.513443 11.772054
v 3.372414 -17.321114 14.648929
v 14.316965 -18.354004 9.669518
v 15.083561 -24.862335 8.884912
v 20.599136 -21.961258 -0.505015
v -19.836155 -50.215527 5.071064
v -10.012846 -28.987732 7.575592
v -4.546784 -28.796028 10.048301
v 1.279930 -28.289131 10.218340
v 15.817379 -29.943230 7.927503
v 16.505161 -49.175930 4.370006
v 19.778173 -42.261940 -2.285305
v 21.014017 -29.366859 -0.239295
v 6.499034 -32.214996 9.313411
v 0.919273 -28.987778 7.575591
v -4.546784 -29.545982 7.791131
v -19.308054 -51.341282 2.825959
v -26.316450 -50.414780 1.757353
v 4.786961 -46.284168 -1.319959
v 0.091774 -34.315903 -1.063714
v -1.776224 -29.824234 -0.797304
v 10.742602 -50.215473 5.071075
v 10.214487 -51.341263 2.825962
v 21.608210 -71.265930 -14.234395
v 24.717760 -72.093140 -6.601929
v 22.380962 -66.253784 -6.013772
v 17.875990 -68.853401 3.585447
v 17.937302 -66.352386 4.879858
v 10.105582 -72.034332 3.817438
v 10.615684 -61.580715 2.605669
v 2.312863 -70.571075 -6.547016
v 4.781270 -61.292732 -6.223166
v 4.186979 -55.903358 -3.735571
v 10.096187 -55.036957 2.114841
v 6.237020 -50.733650 -2.498148
v 17.747482 -72.536957 4.737979
v 21.717840 -48.205223 -3.129087
v 17.222879 -50.414764 1.757356
v 17.550337 -54.766140 2.252822
v 18.278988 -61.691448 3.292639
v 24.341455 -62.292229 -6.149305
v 23.039358 -54.027267 -4.576109
v 16.307880 -30.372742 -7.901477
v 16.860270 -44.024162 -8.843348
v 18.481609 -48.580597 -9.765912
v 19.960339 -53.724949 -11.040108
v 21.311874 -61.585026 -13.680011
v 20.248991 -65.562714 -12.900956
v 11.796795 -70.620842 -15.931472
v 11.790314 -72.830734 -16.290176
v 3.445179 -70.232407 -14.599975
v 11.763416 -68.052109 -17.326118
v 12.389244 -61.521767 -16.070934
v 12.978666 -54.985008 -14.974856
v 12.744545 -49.680470 -12.565195
v 13.081324 -44.704346 -10.850327
v 9.038390 -31.077660 -10.326245
v 8.497101 -28.683754 -12.690592
v 7.492533 -23.221565 -14.977748
v 6.328416 -45.651142 -9.388878
v 0.324428 -33.996597 -7.359619
v -1.581074 -29.606003 -8.074127
v 6.377333 -50.775490 -11.129784
v 6.007124 -54.161839 -12.334019
v 6.735761 -59.558266 -13.119383
v 13.801910 -14.098846 10.688264
v 20.266758 -12.774071 -0.746296
v 20.129038 -9.587440 -0.235632
v 14.664089 -8.686119 -11.653335
v 15.212723 -13.665413 -11.766729
v 5.321129 -14.871552 -14.903062
v 16.651236 -23.363853 -11.410989
v 2.960459 -9.034409 -14.315321
v -31.262348 -0.475815 -2.804435
v -25.808512 -1.256226 12.768079
v 16.714945 -1.256226 12.768079
v 4.997817 -2.334389 19.674231
v -4.546783 -2.648979 22.518599
v -14.091384 -2.334404 19.674231
v 22.168783 -0.475822 -2.804435
v -4.546783 -12.757332 18.562355
v -13.381061 -8.558014 19.427498
v -12.449225 -12.175362 16.705976
v -23.508501 -8.675087 12.359958
v -25.283621 -5.669006 13.902470
v -30.151306 -3.529076 -0.232037
v -4.546783 -9.288017 21.969543
v 4.287494 -8.558014 19.427498
v 3.355659 -12.175362 16.705976
v 14.414934 -8.675087 12.359958
v 16.190056 -5.669006 13.902472
v 21.057735 -3.529076 -0.232037
v -25.734434 0.678825 -13.977275
v -12.305802 0.954521 -17.169369
v -4.546783 1.177094 -18.680933
v 3.212235 0.954521 -17.169369
v 16.640865 0.678825 -13.977275
v -24.949379 -3.123360 -11.839669
v -12.860168 -0.914330 -16.918905
v -12.470716 -3.810478 -13.933092
v -4.546783 -3.781929 -14.682896
v -4.546783 -0.818695 -18.115433
v 3.766601 -0.914307 -16.918909
v 3.377150 -3.810455 -13.933095
v 15.855812 -3.123344 -11.839669
v -4.546783 -8.542351 -15.623011
v -12.530218 -8.635704 -14.979509
v -24.567810 -8.241348 -12.113255
v -30.208063 -9.063980 -0.243327
v -23.502222 -13.911613 11.227695
v -12.968876 -16.924973 15.245152
v -4.546783 -18.423820 16.538126
v 3.875309 -16.924973 15.245152
v 14.408655 -13.911613 11.227695
v 21.114513 -9.063919 -0.243327
v 15.474243 -8.241348 -12.113255
v 3.436651 -8.635704 -14.979509
v -15.100690 -54.161850 -12.334021
v -15.470899 -50.775501 -11.129786
v -24.784067 -75.415207 -2.893481
v -20.323303 -75.567566 -2.508569
v -19.199142 -72.034348 3.817433
v -26.841064 -72.536957 4.737981
v -26.969555 -68.853416 3.585447
v -33.811325 -72.093155 -6.601931
v -31.474529 -66.253807 -6.013772
v -30.701775 -71.265945 -14.234397
v -29.342560 -65.562744 -12.900961
v -20.890373 -70.620834 -15.931485
v -20.856981 -68.052124 -17.326120
v -12.538733 -70.232437 -14.599963
v -15.829327 -59.558281 -13.119385
v -13.874831 -61.292744 -6.223168
v -13.280538 -55.903400 -3.735572
v -28.113590 -74.258614 -7.920448
v -26.957062 -73.435928 -13.767823
v -16.512024 -73.708832 -12.200973
v -20.883875 -72.830750 -16.290180
v -20.892807 -73.626411 -14.677847
v -11.406428 -70.571075 -6.547020
v -16.641388 -73.933563 -6.919002
v -32.132927 -54.027290 -4.576110
v -29.053907 -53.724964 -11.040108
v -22.072235 -54.985023 -14.974858
v -21.482794 -61.521820 -16.070921
v -30.405441 -61.585041 -13.680013
v -33.435028 -62.292248 -6.149307
v -27.030867 -66.352402 4.879854
v -27.372553 -61.691471 3.292635
v -19.709244 -61.580734 2.605669
v -26.643904 -54.766155 2.252822
v -19.189751 -55.036972 2.114839
v -20.351238 -86.859322 -13.202991
v -19.556866 -92.087837 -15.852994
v -25.402273 -92.569298 -14.242316
v -25.824438 -88.591454 -12.330375
v -28.123075 -93.076591 -8.608493
v -25.381409 -85.210197 -11.830154
v -20.407333 -84.642792 -13.474787
v -25.467640 -80.323250 -12.692996
v -21.186588 -79.136490 -14.206731
v -15.269374 -89.556763 -11.689087
v -14.107687 -92.360718 -12.831112
v -15.132141 -86.463104 -11.387126
v -16.260658 -83.645386 -11.998254
v -26.967300 -82.415947 -7.079484
v -26.919943 -85.337936 -6.888819
v -27.449287 -88.335274 -6.419693
v -30.725285 -93.509247 -1.155508
v -31.769957 -96.079628 -3.069853
v -35.938995 -96.374947 2.394210
v -34.413818 -93.178734 3.464954
v -35.884968 -93.619110 9.839895
v -36.553627 -95.244278 11.156199
v -32.922718 -92.732712 13.903020
v -33.434505 -94.717163 15.112532
v -32.908081 -96.630959 14.931863
v -37.076229 -96.919434 10.715463
v -36.084084 -97.654312 2.520028
v -31.943613 -97.590996 -3.174187
v -28.825199 -95.286774 -8.659431
v -25.406487 -95.164467 -14.441586
v -19.640245 -95.105209 -16.231464
v -14.044284 -95.185898 -13.054707
v -27.156115 -97.519249 15.330275
v -27.924381 -95.441452 15.752152
v -14.253906 -95.248657 -7.236078
v -24.513388 -81.136139 -3.608746
v -20.503979 -81.419594 -3.536268
v -24.766615 -84.285431 -3.078143
v -24.772192 -86.761719 -2.383886
v -26.408531 -89.586975 1.472517
v -29.125071 -92.601456 5.880332
v -28.418728 -93.379623 14.295952
v -20.369991 -84.760307 -3.434538
v -20.606676 -88.290176 -2.311566
v -22.825668 -91.019569 2.608551
v -24.245729 -94.579262 8.139746
v -29.013292 -96.566429 -8.634594
v -17.713757 -98.892548 -3.151243
v -17.875809 -96.530304 -3.245628
v -29.404461 -98.892548 -8.631202
v -26.489199 -98.892548 -15.112287
v -26.226021 -95.615257 -15.034863
v -19.925526 -98.892555 -16.990860
v -19.652832 -95.635002 -16.791607
v -13.452654 -98.892555 -13.913146
v -13.433528 -95.707153 -13.680341
v -13.601161 -98.892555 -6.971914
v -13.694594 -95.602585 -6.995604
v -22.432940 -97.951828 8.506021
v -26.949036 -98.892548 15.890624
v -21.432182 -98.892548 8.649225
v -20.669983 -98.892548 1.575081
v -21.147894 -97.647247 1.398084
v -18.126846 -95.412201 -3.136986
v -32.456566 -98.892548 -3.141901
v -37.072166 -98.892548 2.395200
v -37.550549 -98.892548 11.242634
v -33.260178 -98.151794 15.425359
v -17.132587 -83.577072 -7.633657
v -15.881548 -86.647034 -7.369146
v -15.743075 -89.977966 -7.247472
v -14.521791 -92.646919 -6.873896
v -18.028173 -93.778946 -3.211854
v -21.127979 -95.879433 1.615521
v -22.715225 -96.586052 8.707644
v -46.155411 49.421638 -28.286856
v -47.919510 39.442955 -23.495607
v -45.763142 45.439415 -20.136446
v -48.066658 44.047417 -31.396765
v -51.102261 28.566948 -36.061726
v -42.301624 36.167793 -40.885300
v -43.226978 26.686104 -41.474072
v -48.550903 22.518021 -40.727531
v -36.511959 22.545296 -42.368244
v -40.301697 46.455391 -37.634319
v -44.059536 36.611122 -19.108362
v -50.352180 25.386635 -30.463121
v -49.842167 20.503540 -37.146374
v -38.976990 15.185867 -43.598022
v -28.104908 11.914673 -43.358860
v -25.226608 16.228943 -41.786568
v -24.247971 20.543671 -36.671852
v -35.013577 26.800598 -35.793537
v -40.229019 29.542229 -37.447048
v -36.483692 35.168739 -38.123146
v -31.287510 5.742081 -37.488384
v -40.809368 9.228485 -39.045654
v -46.347122 10.414139 -30.645004
v -46.005070 25.582603 -24.367722
v -37.449142 33.884041 -16.758656
v -40.132534 23.371704 -22.866705
v -35.821457 24.064148 -25.319073
v -42.116383 16.117111 -23.766958
v -40.104019 22.429764 -26.530027
v -36.201118 17.596550 -22.876930
v -36.038841 22.802170 -25.689037
v -38.790607 26.527443 -29.808802
v -34.790024 29.797173 -30.756166
v -32.974251 33.804100 -18.517426
v -32.604874 38.135735 -28.369587
v -44.531910 12.726646 -26.661182
v -39.992916 10.928032 -24.731882
v -30.002335 8.506943 -21.843914
v -32.406662 3.246262 -26.009249
v -40.895760 6.506203 -28.360544
v -31.847082 4.494171 -31.748821
v -25.686180 18.365288 -26.474531
v -27.732519 14.612946 -22.593924
v -34.621475 43.546211 -36.472641
v -34.175529 46.928246 -36.997314
v -39.152134 51.483757 -35.563679
v -45.838367 51.669090 -26.659517
v -46.226448 47.538399 -18.538364
v -42.299755 43.513969 -15.283786
v -36.370049 39.269707 -14.691442
v -32.055740 37.059547 -16.378563
v -31.951948 40.080437 -27.528816
v 27.541405 -26.578438 -1.121102
v 21.895533 -28.270935 12.077317
v 30.960300 -6.415604 0.336443
v 23.466635 -8.662041 17.854483
v -3.772763 48.952858 -9.153009
v -4.791092 52.130211 -15.157455
v -11.905801 47.570580 -15.844075
v -11.002073 43.916512 -8.674454
v -12.324480 43.231453 -6.567780
v -3.678250 46.118950 -4.568882
v -7.724757 34.247505 -0.183972
v -0.353316 39.383522 0.530832
v -1.019630 39.854240 4.161888
v -7.527528 33.806389 4.950194
v -1.115739 40.234444 7.288339
v -7.180078 33.852226 9.475634
v 1.542635 39.469765 7.542592
v -3.773597 32.609520 11.136724
v 5.320623 37.972542 7.948419
v 1.274204 30.272758 10.281139
v 7.448851 36.047234 8.462542
v 5.651838 27.160957 9.921406
v 9.219812 35.559227 3.343054
v 8.530779 26.414696 4.480817
v -0.510069 42.362419 10.029668
v 3.236168 43.326103 7.510972
v 1.944511 44.837944 8.774388
v 1.277606 40.269325 8.278611
v -9.888245 32.308388 12.708412
v -7.950064 30.034813 10.803742
v 3.233838 45.786980 6.866368
v 0.703734 45.523567 6.892718
v -2.227285 43.310616 7.422942
v -11.752442 33.334267 9.875449
v 1.234594 41.368172 10.770015
v 4.730693 42.549309 7.997115
v 3.424907 43.987175 9.330439
v 3.041706 39.377480 8.922215
v -7.233350 30.738518 14.163187
v -5.274209 28.575890 12.153683
v 4.516784 44.995323 7.331679
v 2.018044 44.561211 7.530014
v -0.712607 42.161919 8.275745
v -9.347181 31.596657 11.452344
v 1.750391 42.634331 10.923882
v 4.524656 44.313972 7.639208
v 3.478446 45.520790 9.371060
v 3.197751 40.963631 8.524528
v -5.374584 31.200371 14.759100
v -3.806622 29.385384 12.151308
v 4.077940 46.797707 7.318341
v 1.698165 46.189766 7.980618
v -0.714117 43.559792 8.997040
v -8.050523 32.201866 12.663925
v 3.248528 42.082954 11.116418
v 5.116232 44.206047 7.467999
v 4.579229 45.166481 9.551138
v 3.990512 40.753548 8.231083
v -2.890967 30.163734 15.172011
v -2.089460 28.719589 12.037457
v 4.655868 46.704781 7.593760
v 2.515231 45.987526 8.766232
v 0.390719 43.219139 10.027843
v -5.994801 31.394447 13.986721
v 6.248093 40.270592 10.010795
v 7.603715 42.584175 6.253624
v 7.280350 43.453438 8.419291
v 6.694152 39.067421 7.011396
v 1.037137 27.995331 14.297192
v 1.517184 26.688156 11.039247
v 7.075363 45.057762 6.525161
v 5.111907 44.219948 7.908776
v 3.245485 41.331322 9.302128
v -2.224200 29.144203 13.524413
v 8.572887 39.229027 9.817014
v 9.417676 41.948479 6.184143
v 9.352432 42.584221 8.451710
v 8.661458 38.349236 6.676778
v 4.116641 26.443123 13.404718
v 4.208426 25.487053 9.994312
v 8.890361 44.366219 6.774044
v 7.126271 43.338463 8.291683
v 5.490151 40.272972 9.593618
v 0.767941 27.574089 13.158725
v 10.403624 38.538826 8.777078
v 10.411296 41.436592 5.184083
v 10.716703 41.985863 7.454620
v 9.978894 37.778648 5.633078
v 7.461132 25.357536 12.492582
v 6.995571 24.531105 9.078845
v 9.851295 43.789909 5.971362
v 8.456056 42.590096 7.727860
v 7.272841 39.375099 9.153671
v 4.059834 26.263046 12.898258
v 11.099709 37.999321 6.276296
v 10.395414 41.223732 3.049225
v 11.167496 41.558876 5.249648
v 10.028822 37.535622 3.229795
v 8.856344 24.497360 9.255173
v 7.689270 23.992775 5.948106
v 10.032828 43.486412 4.153880
v 9.017715 42.112190 6.038694
v 8.122087 38.765236 7.367226
v 5.620693 25.326782 10.436711
v -1.830421 43.507973 9.322183
v 2.130908 44.428062 7.138585
v 0.824160 45.924629 8.404644
v -0.021718 41.436150 7.567438
v -11.846964 33.811043 10.681409
v -9.885732 31.560936 8.772495
v 2.292741 46.920677 6.656857
v -0.242227 46.788460 6.489720
v -3.306146 44.702950 6.669405
v -13.448938 35.105019 7.798239
v 11.575157 37.469826 3.317304
v 10.813314 40.797905 0.210813
v 11.478497 41.071877 2.454195
v 10.652256 37.090721 0.211257
v 9.996036 23.739288 5.594964
v 8.989690 23.326279 2.223011
v 10.278659 42.982658 1.399285
v 9.271375 41.467308 3.177072
v 8.518214 38.017143 4.316564
v 6.674508 24.331345 6.676767
v -3.297286 45.098534 8.113221
v 1.022763 45.795280 6.644042
v -0.417136 47.378670 7.628837
v -1.303882 42.906502 6.747824
v -13.822270 35.858345 7.883300
v -11.659840 33.477730 6.396737
v 1.378332 48.264763 6.147374
v -1.091422 48.230919 5.538555
v -4.229921 46.277458 5.217829
v -14.834235 37.134804 4.736878
v -2.275639 44.453407 5.424333
v 2.216671 44.857811 4.443300
v 0.759310 46.562935 5.163664
v -0.257827 42.092735 4.425029
v -13.183174 35.720085 4.442667
v -10.993784 33.156197 3.353439
v 2.759276 47.273872 3.860486
v 0.378487 47.319756 2.965373
v -2.801874 45.500053 2.379567
v -13.753773 36.852730 1.134363
v 13.385092 34.475258 -4.186259
v 11.394277 38.252037 -5.941101
v 13.260509 38.164635 -4.505892
v 10.799693 34.596611 -6.172206
v 11.704149 20.655838 -2.634863
v 8.893651 20.786339 -4.788337
v 11.923038 40.265587 -4.479070
v 11.946699 38.560951 -2.590917
v 11.564253 35.024132 -1.535545
v 9.723109 21.250160 0.241874
v 13.600092 32.377525 -7.834498
v 11.573675 36.314278 -9.139236
v 13.659784 36.074745 -8.071033
v 10.710526 32.709526 -9.312048
v 11.333534 18.650711 -6.207587
v 8.193270 19.010109 -7.808516
v 12.488955 38.252220 -7.768789
v 12.744150 36.499901 -5.942384
v 12.330463 32.966423 -4.887602
v 9.950710 19.288818 -3.008528
v 12.705500 25.871887 -9.881137
v 11.555725 30.227516 -8.874492
v 13.666746 29.435661 -9.557755
v 9.782789 26.968307 -8.933197
v 8.124060 12.654823 -9.153872
v 4.950386 13.843582 -8.120434
v 13.635687 31.542931 -8.230344
v 14.458860 29.305473 -7.342828
v 13.800732 25.692207 -6.813374
v 9.309362 12.459167 -5.820684
v 12.092854 36.759972 -0.798722
v 10.319310 40.347115 -3.099558
v 11.905571 40.417839 -1.359136
v 9.894900 36.662361 -3.207550
v 10.619153 22.985489 1.275156
v 8.228931 22.878281 -1.338029
v 10.516100 42.457771 -1.693193
v 10.262871 40.860542 0.270536
v 9.816791 37.372948 1.456665
v 8.144193 23.649200 3.722077
v 10.161892 26.629066 -10.381601
v 9.841974 31.094688 -9.257907
v 11.711578 29.987968 -10.168985
v 7.573647 28.161354 -9.118258
v 3.627142 14.301331 -9.143267
v 0.816811 15.963356 -7.767366
v 12.163565 32.050529 -8.847935
v 12.708986 29.695778 -8.054729
v 11.541601 26.225266 -7.453061
v 5.121558 13.862930 -5.960833
v 14.333784 29.351631 -9.248714
v 12.428955 33.466057 -10.114752
v 14.622707 33.043739 -9.366838
v 11.295419 29.936729 -10.282638
v 11.347794 15.745689 -7.775140
v 8.046409 16.379921 -8.894049
v 13.664520 35.278236 -8.826002
v 14.049858 33.435158 -7.115411
v 13.538754 29.893990 -6.131541
v 10.480150 16.333557 -4.390618
v 13.609934 27.282104 -10.462189
v 11.671412 31.436012 -9.920015
v 13.960135 30.962593 -10.216493
v 10.440854 27.937721 -10.049784
v 11.005791 13.543900 -9.631768
v 7.564195 14.254181 -9.179794
v 13.397406 33.086845 -9.044105
v 14.390944 31.042503 -7.901692
v 14.204691 27.393105 -7.256426
v 11.647503 13.663353 -6.149342
v -0.597173 47.645836 -17.574104
v 1.609758 50.944145 -15.231614
v 2.492949 49.581276 -16.929138
v -1.819489 49.531914 -15.222156
v -12.401515 40.132011 -17.847757
v -13.729116 42.176918 -15.290696
v 4.117325 50.527641 -15.298493
v 3.443230 48.083015 -15.386299
v 0.718039 45.572121 -15.436241
v -10.976208 37.881004 -15.522955
v -0.502497 44.565742 -15.315092
v 1.562200 48.203529 -13.363111
v 2.514234 46.672585 -14.879722
v -1.820127 46.684746 -13.213529
v -12.054564 36.661507 -14.783979
v -13.485607 38.959740 -12.498442
v 4.083481 47.864983 -13.356827
v 3.490413 45.399467 -13.154454
v 0.848521 42.803932 -12.924746
v -10.590448 34.749504 -12.185146
v 2.681722 33.877113 -12.625659
v 3.635069 38.078835 -10.969286
v 5.073401 36.674614 -12.197978
v 0.690730 35.820992 -10.922626
v -6.760153 23.542984 -12.110294
v -8.922142 25.651382 -10.257236
v 6.150396 38.352989 -10.705741
v 6.113451 35.850243 -10.251452
v 4.120819 32.736610 -9.929141
v -5.200912 22.305191 -9.179417
v 0.731911 37.299706 -13.433509
v 1.973059 41.349800 -11.599648
v 3.277781 39.952812 -12.976746
v -1.074016 39.233452 -11.525050
v -9.175232 27.406799 -13.000150
v -11.136190 29.503990 -10.924156
v 4.508803 41.490181 -11.452061
v 4.369861 38.969917 -11.135127
v 2.243159 35.939674 -10.882150
v -7.537461 25.930641 -10.226691
v 0.414460 40.264763 -14.059472
v 2.069451 44.127754 -12.150251
v 3.201668 42.664162 -13.608419
v -1.152615 42.290627 -12.038795
v -10.327774 31.287224 -13.593488
v -12.029503 33.484337 -11.395724
v 4.610766 44.036400 -12.080362
v 4.254393 41.529854 -11.832074
v 1.871344 38.695122 -11.598439
v -8.748873 29.583641 -10.917988
v 7.542871 27.813713 -10.259874
v 7.921242 32.145622 -8.711287
v 9.553555 30.901161 -9.867621
v 5.283288 29.536507 -8.656999
v -0.536993 16.388962 -9.627400
v -2.990421 18.257446 -7.883028
v 10.375204 32.741951 -8.404770
v 10.641749 30.267830 -7.876384
v 9.048478 26.937653 -7.501496
v 1.094350 15.437981 -6.629449
v 5.507067 30.874199 -11.373559
v 6.251312 35.122444 -9.728775
v 7.762076 33.782448 -10.942148
v 3.415793 32.729210 -9.691734
v -3.443289 20.110718 -10.876011
v -5.714080 22.122643 -9.045966
v 8.749208 35.515297 -9.450035
v 8.826571 33.015358 -8.985436
v 6.979953 29.812981 -8.662948
v -1.847398 18.958893 -7.929856
v -12.218202 49.542641 -23.644176
v -4.055516 54.214867 -22.683151
v -11.758736 48.377251 -24.143402
v -3.717159 51.947212 -23.143341
v -11.641869 42.746284 -12.593073
v -3.528222 45.914238 -12.663401
v -6.828839 34.313606 -10.746817
v -0.128991 39.302406 -11.168412
v -3.603106 57.996925 -21.430635
v -0.864997 59.922173 -18.270830
v -0.343742 59.490044 -20.508741
v -4.324099 58.593758 -18.331173
v -15.714360 51.204735 -23.088642
v -16.497271 51.848610 -19.721622
v 1.569868 59.633018 -18.925049
v 0.748531 57.486885 -19.981205
v -2.090974 55.223305 -20.698338
v -14.074604 48.192070 -22.289711
v -1.065016 52.954552 -22.584295
v 1.174110 55.986794 -19.951752
v 2.070797 54.703773 -21.689903
v -2.306128 54.729942 -20.176146
v -13.140409 46.014198 -23.834105
v -14.488678 47.938744 -21.216261
v 3.662295 55.471062 -19.941889
v 2.893433 53.078407 -20.216623
v 0.073416 50.704720 -20.542730
v -11.907164 43.571907 -21.613960
v -4.978432 59.099174 -17.116056
v -1.174206 59.394585 -14.521175
v -1.685305 60.651024 -16.437868
v -4.269696 57.358101 -14.462939
v -16.403723 51.339653 -19.360407
v -15.633408 49.445168 -16.481525
v 0.726670 60.386742 -15.877099
v -0.424093 59.243248 -17.829613
v -3.231537 57.148659 -19.041822
v -14.507132 49.217964 -21.449051
v -8.086739 -2.980370 -24.840790
v -5.627759 -2.191856 -24.068232
v -4.494305 -1.109612 -26.370707
v -3.803369 0.266197 -29.024212
v -3.473313 1.742363 -31.218418
v -3.544280 3.363495 -33.169594
v -5.870518 2.636650 -34.351242
v 25.220797 -28.033165 5.614957
v 27.763332 -6.988899 9.401196
v 11.796886 22.845932 -0.621266
v 12.433561 32.201988 -1.749174
v 8.862575 18.751198 -8.707649
v 9.301336 28.227081 -10.424884
v 2.125579 18.946083 -6.362065
v 6.555498 25.724648 -7.092062
v -3.562246 27.323914 -8.935900
v 2.089454 33.528160 -9.738552
v -16.977272 -6.197433 -19.010698
v -16.888464 -6.354141 -19.080198
v -17.061459 -6.203117 -18.947357
v -17.248152 -2.844772 -16.732481
v -17.328146 -2.903572 -16.705212
v -17.183002 -2.709625 -16.604263
v -17.212763 -3.774094 -17.038933
v -17.365696 -3.866005 -17.022041
v -17.209244 -4.699951 -17.575235
v -17.323517 -4.715668 -17.566477
v -17.232006 -5.520805 -18.147110
v -17.070709 -5.532593 -18.234194
v -14.580897 -5.218597 -18.227859
v -14.719986 -5.658340 -18.683201
v -14.660849 -5.596031 -18.722464
v -14.689529 -5.671844 -18.792959
v -14.761399 -5.718742 -18.815643
v -15.462615 -5.966438 -18.743713
v -15.479092 -6.048531 -18.931376
v -17.007235 -6.289627 -18.748911
v -15.564633 -3.771454 -16.929472
v -14.934561 -3.024353 -16.908073
v -15.707273 -2.954552 -16.707996
v -14.714336 -3.581467 -17.125206
v -15.441496 -4.631729 -17.435101
v -14.511433 -4.444565 -17.586332
v -15.429723 -5.432144 -18.051756
v -17.165876 -5.705933 -17.903631
v -17.244081 -4.916046 -17.267963
v -17.300568 -4.037613 -16.769045
v -17.269444 -3.043594 -16.542580
v -15.746319 -2.758568 -16.707644
v -14.991891 -2.888809 -16.908209
v -14.913961 -2.917213 -16.936827
v -14.871938 -3.005432 -16.977083
v -14.619944 -3.532608 -17.216875
v -14.396067 -4.359093 -17.702271
v -14.488583 -5.143486 -18.301380
v -15.055141 4.909775 -38.692116
v -16.459867 5.629593 -38.113960
v -16.500235 4.969376 -37.405727
v -17.348198 6.010429 -37.831005
v -16.267872 1.874847 -36.093727
v -15.315238 0.865837 -36.470413
v -14.519871 2.507660 -37.901550
v -15.378511 3.347504 -37.304867
v -17.031736 3.639267 -36.266926
v -16.548927 4.249207 -36.794018
v -17.699352 4.916931 -36.554260
v -17.520382 5.474831 -37.146545
v -18.736620 6.242371 -37.640850
v -18.969208 5.938637 -37.114666
v -20.142920 6.151276 -37.940063
v -20.436371 5.450104 -37.283836
v -21.086313 4.946091 -38.223534
v -21.330532 4.208466 -37.620743
v -21.393211 4.041031 -38.007160
v -21.470486 3.442535 -37.308018
v -21.502918 3.509460 -37.401115
v -21.522305 3.344170 -37.365562
v -17.998775 4.277641 -36.121555
v -20.725439 4.693748 -36.692474
v -21.387306 3.499611 -37.140930
v -20.742027 4.084167 -36.277279
v -21.428410 3.244858 -37.220058
v -21.325417 3.287781 -37.064117
v -20.667580 3.847321 -36.185997
v -19.501474 4.328270 -36.002064
v -19.378031 4.915520 -36.238708
v -19.171322 5.452583 -36.642788
v -18.326620 3.561668 -35.734653
v -17.528870 2.954338 -35.823498
v -21.453096 4.069374 -38.041409
v -21.186451 4.699455 -38.602551
v -21.284365 4.739578 -38.595993
v -20.941364 5.350014 -39.137856
v -20.867931 5.355591 -39.132645
v -20.525780 5.954811 -39.494755
v -20.437756 6.027031 -39.520775
v -20.458591 6.006165 -39.644676
v -20.287724 6.099518 -39.664116
v -20.350006 6.183250 -39.394985
v -20.159107 6.214989 -39.547092
v -19.773808 6.600105 -38.447674
v -19.548050 6.657471 -38.568764
v -20.759945 5.636124 -38.842766
v -20.709677 2.400070 -38.130516
v -20.651537 2.501671 -38.165424
v -20.704483 2.287582 -38.030365
v -16.025986 -1.686516 -39.282688
v -16.904644 -1.036201 -39.014233
v -16.954350 -1.040970 -39.365078
v -17.615284 -0.600159 -39.143742
v -17.471867 -0.593063 -38.749603
v -19.012577 0.820511 -37.950775
v -17.750759 0.951988 -37.115856
v -18.606297 1.668152 -36.727673
v -19.569256 2.725487 -36.303017
v -20.346519 2.255104 -37.220425
v -20.582691 2.170059 -37.688278
v -20.256552 1.755890 -38.299656
v -16.022690 -1.673553 -39.622253
v -16.942472 -1.036011 -39.759232
v -17.650091 -0.512161 -39.513390
v -19.444492 0.990685 -38.269783
v -19.461674 1.301498 -37.675610
v -17.449846 -0.222794 -40.231827
v -19.879467 1.756821 -39.042801
v -19.989498 1.496971 -38.462502
v -20.136036 1.959862 -38.778248
v -20.209244 1.708076 -38.324444
v -20.189066 1.993958 -38.702969
v -19.812920 1.326950 -38.102074
v -19.608324 2.066231 -39.581463
v -19.804821 2.260605 -39.447739
v -20.113642 1.956573 -38.881168
v -19.475742 2.731842 -40.089485
v -20.005669 2.122055 -38.643093
v -19.947916 2.100723 -38.701450
v -19.913471 2.136238 -38.781990
v -19.706757 2.349258 -39.265163
v -19.408192 2.851631 -39.910549
v -19.319263 3.475739 -40.488091
v -19.121536 3.284470 -40.624474
v -19.023018 3.900162 -40.877861
v -16.591698 1.924812 -42.070530
v -16.380165 2.665932 -42.234364
v -15.544296 2.004921 -42.537716
v -15.394080 2.352478 -42.465664
v -19.142368 4.282524 -40.492817
v -19.227871 4.232605 -40.724079
v -19.106260 4.207054 -40.504810
v -19.244240 4.132332 -40.743973
v -19.121399 4.118446 -40.479080
v -19.212233 3.586807 -40.324711
v -19.663284 4.974846 -40.282852
v -19.259617 4.319984 -40.694431
v -19.020929 4.681915 -40.870541
v -18.798447 4.477753 -41.014427
v -14.352665 1.984009 -42.633770
v -15.217149 2.633919 -42.367599
v -16.183910 2.981941 -42.210606
v -18.058310 4.459702 -41.239841
v -18.446217 4.747238 -41.030392
v -19.071573 4.721367 -40.838600
v -19.655434 5.038368 -40.389343
v -19.567879 5.132019 -40.465668
v -19.297129 5.387276 -40.442760
v -18.974581 5.688477 -40.159958
v -17.995462 4.970787 -40.817131
v -14.383450 3.279953 -41.189110
v -12.209490 2.117989 -41.425674
v -17.517120 4.562996 -41.154968
v -15.930315 3.264763 -42.052551
v -14.597447 3.448029 -41.162731
v -13.657887 4.054726 -39.465950
v -11.783462 3.125984 -39.530910
v -10.040165 2.291092 -39.704254
v -13.903219 4.174789 -39.394840
v -16.240555 4.731384 -40.351646
v -17.114868 5.400551 -39.923244
v -18.213310 6.118805 -39.208271
v -14.490446 1.687508 -42.690830
v -12.768647 1.114349 -42.899364
v -10.097301 0.914474 -41.740845
v -10.001614 2.303116 -39.675632
v -9.969228 0.871590 -41.701656
v -9.911011 2.336548 -39.600456
v -9.840876 0.828766 -41.662270
v -9.746090 2.369156 -39.491375
v -6.260960 0.593826 -40.355762
v -7.081982 2.400467 -38.435452
v -5.559830 -1.062378 -41.722149
v -10.070510 -0.310387 -43.144249
v -9.186369 -0.593193 -42.967480
v -9.184076 -0.983376 -42.988708
v -5.547932 -1.425888 -41.869995
v -9.239242 -1.323730 -42.851456
v -10.277937 -1.040520 -43.106544
v -10.538003 -1.747520 -42.717888
v -11.122088 -1.540779 -42.801704
v -11.586781 -2.578033 -42.034309
v -13.937959 -1.207962 -41.735443
v -11.996982 -3.472672 -40.969124
v -14.337045 -2.175781 -40.619396
v -12.235713 -3.989128 -40.215248
v -14.481539 -2.603378 -39.968277
v -15.969288 -1.515511 -39.889156
v -11.418568 -3.689247 -40.886963
v -10.976183 -2.810555 -41.943707
v -9.452344 -2.015900 -42.477821
v -9.864607 -3.111801 -41.677021
v -5.592581 -1.790375 -41.800472
v -5.868951 -2.408577 -41.384315
v -6.449676 -3.483971 -40.444710
v -10.336485 -3.993340 -40.622021
v -11.684749 -4.163689 -40.161537
v -11.764408 -4.292816 -39.903858
v -12.304852 -4.122795 -39.956802
v -14.555152 -2.735474 -39.720741
v -10.747103 -4.542862 -39.699211
v -10.621544 -4.420906 -39.943546
v -7.497037 -4.961380 -38.260513
v -6.991561 -4.450554 -39.305378
v -7.330439 -4.882996 -38.548878
v -7.612731 -4.806366 -38.003876
v -10.848309 -4.430992 -39.476784
v -11.799013 -4.190025 -39.654430
v -12.283529 -4.041046 -39.699799
v -14.494495 -2.673546 -39.472084
v -8.336486 -3.093872 -36.720348
v -11.529072 -2.938522 -38.215870
v -11.660866 -2.896400 -38.252338
v -11.792648 -2.854263 -38.288784
v -13.894295 -1.557510 -38.064579
v -15.977486 -0.455505 -37.887714
v -16.214689 -0.341850 -37.813255
v -15.090599 0.697289 -36.498661
v -13.344032 -0.303642 -36.400379
v -11.556473 -1.137138 -36.432827
v -11.518946 -1.127441 -36.401974
v -11.429966 -1.097847 -36.323147
v -11.269228 -1.075874 -36.203823
v -9.141454 -0.846207 -35.128536
v 10.400816 6.879745 -22.089191
v 10.416883 6.997360 -22.035019
v 11.142834 5.871307 -23.011036
v 10.432917 7.114990 -21.980852
v 6.415943 11.217033 -20.005060
v 5.781809 11.728844 -20.343655
v 5.317935 11.310013 -19.907766
v 6.823749 11.595894 -20.553984
v 7.505915 10.706390 -20.320364
v 7.868317 11.088028 -20.988337
v 9.211869 9.475067 -19.800024
v 9.708241 9.709549 -20.410986
v 11.887398 6.863914 -21.027092
v 11.925154 7.018845 -21.261112
v 11.320164 5.622742 -23.037329
v 10.067261 5.323181 -23.424129
v 5.019876 5.963226 -23.795422
v 5.641080 3.773918 -25.033205
v 5.733295 3.428604 -25.092991
v 4.288294 8.258369 -22.212296
v 11.386281 5.398315 -22.832169
v 11.496307 4.763664 -22.149792
v 10.212628 4.146515 -22.696901
v 10.219707 3.198898 -21.533876
v 11.679749 6.374481 -20.297413
v 11.544403 3.848518 -20.974697
v 10.056189 2.563126 -20.218777
v 9.858233 2.248962 -19.036879
v 9.910572 2.303421 -19.421675
v 11.138397 2.900330 -18.901693
v 4.880331 0.535034 -20.419907
v 5.003736 0.517891 -20.880249
v 5.258135 0.828125 -21.694916
v 5.579490 1.505630 -23.018721
v 5.696767 2.473320 -24.261251
v 10.152109 4.782661 -23.303802
v 10.145456 5.037086 -23.486156
v 5.722550 3.116463 -24.914705
v 4.675194 0.728790 -19.974043
v 9.743048 2.379501 -18.640692
v 10.987397 2.821808 -18.540468
v 10.733454 2.912476 -18.182756
v 9.927010 4.273209 -17.541637
v 3.918813 3.007843 -18.897203
v 3.054079 6.005173 -17.902433
v 3.100113 6.753136 -22.624519
v 2.135910 8.886513 -21.133572
v 1.988881 7.846848 -23.162203
v 3.164923 8.017967 -20.651611
v 2.973680 9.446228 -19.493803
v 3.678067 9.048851 -19.082001
v 3.441164 7.816437 -20.587835
v 4.438192 8.439453 -18.708010
v 5.524811 5.802696 -19.729588
v 6.070460 6.891617 -17.968998
v 8.362356 4.262985 -18.122604
v 9.605801 4.150864 -17.464291
v 8.347054 4.149948 -18.178720
v 8.331623 4.036736 -18.234949
v 3.335712 6.502502 -22.520227
v 4.988240 4.821678 -21.961939
v 6.314179 7.199341 -17.834166
v 4.683099 8.687813 -18.588650
v 3.903726 9.321152 -18.920462
v 3.202136 9.776665 -19.257528
v 1.870813 10.331230 -20.159441
v 1.089809 9.798012 -21.656187
v 1.029372 9.167671 -23.737658
v -0.073594 10.984222 -22.428099
v 0.289372 10.163338 -24.018837
v -0.109435 11.444763 -23.998182
v -0.790365 12.160606 -22.883018
v 0.166622 11.844284 -21.247643
v 1.300850 11.408974 -20.248007
v 0.394557 12.245148 -20.864582
v 1.294146 10.794395 -20.525633
v 1.722154 11.028839 -20.026972
v 3.482324 10.062485 -19.170877
v 4.214281 9.579201 -18.773748
v 4.912466 8.908264 -18.660685
v 6.591295 7.436646 -17.881920
v 10.178444 4.448883 -17.731331
v 5.629896 9.322945 -18.843061
v 7.124884 7.953598 -18.107082
v 4.876708 10.026031 -18.933058
v 4.220481 10.470657 -19.234325
v 2.100422 12.187241 -20.181774
v 1.550787 11.799789 -20.129450
v 7.117052 10.363228 -19.792229
v 5.961024 10.831757 -19.589064
v 6.658079 10.061424 -19.421915
v 8.182654 8.828438 -18.791546
v 6.217837 9.700157 -19.084200
v 5.467007 10.451920 -19.215057
v 4.789914 10.927673 -19.513456
v 2.727125 12.453438 -20.371382
v 10.630859 4.889992 -18.275570
v 11.253406 5.610092 -19.205931
v 11.336512 3.205727 -19.707384
v 3.449052 12.808189 -20.745308
v 8.054267 11.173836 -21.243349
v 7.148886 11.945320 -21.216824
v 6.209545 12.077034 -20.899139
v 3.879169 13.344856 -21.306089
v 3.210359 13.009796 -20.847992
v 2.464550 12.639565 -20.521990
v 1.787363 12.389946 -20.332100
v 1.685108 12.351082 -20.368151
v 1.267183 12.010933 -20.287094
v 1.210098 12.060509 -20.321217
v 1.582475 12.368919 -20.407850
v -0.558136 12.909904 -21.714504
v -0.402575 13.027122 -21.592194
v 0.587573 12.598930 -20.777271
v 0.661461 12.722435 -20.839249
v 0.726438 12.753700 -20.946964
v 1.655881 12.263924 -20.636980
v 1.747021 12.240013 -20.618555
v 1.836982 12.278534 -20.633989
v 2.376715 12.509659 -20.726585
v 3.101585 12.922714 -21.066214
v -0.353179 13.237946 -21.582575
v 3.613663 13.528725 -21.454330
v 4.127302 13.755592 -21.826290
v 6.425638 12.440163 -21.634726
v 7.178521 11.961548 -21.646767
v 8.119739 11.154381 -21.607109
v 9.862098 9.698235 -20.928013
v 9.205574 8.534081 -22.640354
v 11.790794 7.082977 -21.414570
v 9.856697 9.810188 -20.653543
v 4.369622 13.980858 -22.416386
v 6.969619 10.663704 -23.532942
v 7.219849 11.904526 -22.030577
v 6.519596 12.456688 -22.034622
v 5.409947 13.069702 -23.030928
v 5.002689 13.567215 -22.688639
v 6.546573 12.332283 -22.484562
v 6.744774 10.906708 -23.639624
v 6.225691 9.275299 -25.233362
v 6.507100 9.061577 -25.167295
v 8.426867 7.358109 -24.670300
v 4.535278 13.911674 -22.872269
v 4.079426 14.186958 -22.568815
v 4.014449 14.230423 -22.596527
v 3.782112 14.070915 -22.192530
v 3.156411 14.652954 -22.863529
v 3.065224 14.563377 -22.844536
v 2.164185 15.185806 -23.625046
v 3.277449 14.680267 -22.959703
v 2.296975 15.115959 -23.782475
v 3.436986 14.599251 -23.333046
v 3.413371 14.356834 -23.882048
v 4.764066 13.479309 -23.340954
v 4.619426 12.529114 -24.519945
v 3.135356 13.467209 -25.031689
v 5.636157 11.713890 -24.063530
v 4.921344 10.215569 -25.616884
v 3.559272 11.125229 -25.790298
v 2.605089 11.955070 -25.897482
v 1.700660 12.845352 -25.466797
v 1.916172 14.263634 -25.084423
v 2.259094 15.098602 -24.005716
v 0.807113 10.526993 -24.681606
v 0.144013 11.810715 -24.509790
v 1.347061 10.895813 -25.240009
v 0.601085 12.179497 -24.942791
v 1.752727 9.388161 -24.407150
v 3.588137 8.738281 -24.514990
v 4.717661 7.914886 -23.959883
v 4.906468 7.751015 -23.892059
v 6.689380 6.062416 -23.365465
v 3.010571 10.361435 -25.427702
v 1.939254 11.403008 -25.600168
v 2.503863 9.651093 -24.981373
v 1.575332 14.271904 -25.028372
v 1.111540 12.559357 -25.294785
v 0.955492 14.034256 -24.624247
v 1.906163 15.091858 -23.942104
v 2.074190 15.111252 -23.706051
v 1.993727 15.124710 -23.608862
v 1.461601 14.837067 -23.024319
v 1.413983 14.894066 -22.983616
v 0.822587 14.414894 -22.478140
v 0.751073 14.514427 -22.479231
v 0.202919 13.956978 -22.001020
v 0.218479 13.875160 -22.015699
v -0.318771 13.335381 -21.732620
v -0.369866 13.220108 -21.723059
v -0.631646 13.225082 -21.962362
v -0.846624 12.517494 -23.089827
v -0.414662 12.974052 -23.512566
v 0.240188 13.502968 -24.107065
v 0.526490 14.311958 -22.968790
v 1.234905 14.790497 -23.505857
v -0.107020 13.752159 -22.417084
v 3.594677 7.173935 -19.868469
v 1.770542 12.346107 -20.611452
v 1.413041 13.411110 -21.080162
v 0.851374 12.892609 -20.934141
v 2.288540 12.623497 -20.703497
v 2.053772 13.883751 -21.482622
v 0.735100 14.802879 -22.245647
v 0.170508 14.297134 -21.831388
v -0.298044 13.566505 -21.591656
v 3.002967 13.082741 -21.034378
v 3.547025 13.415230 -21.676115
v 3.475146 13.541656 -21.666252
v 3.711485 13.728973 -22.154875
v 3.673549 13.818581 -22.155458
v 3.738895 13.781265 -22.234663
v 3.698972 13.844810 -22.294643
v 2.992807 14.549576 -22.671595
v 1.937571 15.296371 -23.405535
v 1.315821 15.183334 -22.760643
v 2.594663 14.325417 -22.038862
v -0.371424 13.430199 -21.757496
v 0.100247 14.109009 -22.075779
v 0.650600 14.583717 -22.535398
v 1.236097 14.987984 -22.997030
v 1.900289 15.188141 -23.599993
v 3.834360 14.014099 -22.111944
v 3.844886 13.982002 -22.001480
v 6.874637 6.949501 -13.027081
v 6.604944 6.036613 -10.907736
v 7.246941 7.328674 -10.473527
v 6.789968 6.789597 -13.113634
v 6.473407 5.806808 -10.996083
v 5.412336 4.073380 -11.982799
v 5.744789 5.098640 -14.185772
v 4.648609 3.026855 -12.504252
v 4.865004 4.029465 -14.818672
v 4.598146 3.028847 -12.509732
v 4.814820 4.032166 -14.825657
v 4.472720 3.041656 -12.521635
v 4.689816 4.046097 -14.840060
v 4.273001 3.032440 -12.555640
v 4.491189 4.039993 -14.880993
v 2.239042 4.397827 -15.049040
v 1.741040 3.174133 -12.870171
v 2.885234 5.410873 -17.382259
v 5.025019 5.072411 -17.063238
v 5.222845 5.075562 -17.015253
v 5.347492 5.060539 -16.998337
v 5.397456 5.057159 -16.989807
v 6.175293 6.060440 -16.400360
v 7.208488 7.714668 -15.239483
v 7.329406 7.916931 -15.089846
v 7.901318 9.021019 -14.238518
v 7.271494 8.114944 -12.435545
v 7.934292 8.983040 -10.913395
v 8.089651 8.622864 -10.020222
v 8.734888 10.040642 -10.400540
v 8.755298 10.430565 -11.136792
v 10.061990 11.158508 -10.583642
v 8.993022 10.708237 -11.885727
v 10.198420 11.407295 -11.228941
v 10.353365 11.461662 -11.858585
v 11.848524 11.713676 -11.129858
v 11.823029 11.871880 -11.873373
v 13.000055 11.141449 -12.082147
v 11.735481 11.794441 -12.199918
v 12.918232 11.055443 -12.373916
v 13.128954 10.883865 -12.148298
v 13.097099 10.873901 -12.364820
v 9.977817 10.836777 -9.959705
v 9.940660 10.394310 -9.484036
v 8.773479 9.567711 -9.649862
v 8.221180 9.724892 -12.563487
v 7.863940 9.279640 -11.809051
v 9.301495 10.933029 -12.687613
v 8.666482 10.114662 -13.339041
v 11.536119 10.905739 -9.332427
v 11.670656 11.347534 -10.217902
v 12.877438 10.606209 -10.341386
v 13.001730 10.969460 -11.241134
v 13.248774 10.459862 -11.332375
v 13.176577 10.089592 -10.502607
v 12.965334 9.726822 -9.701582
v 12.695761 10.178162 -9.480742
v 12.571699 9.442680 -8.942094
v 12.462576 9.743919 -8.826237
v 11.349907 10.498817 -8.739571
v 13.233740 10.823563 -12.216446
v 13.189104 10.841141 -12.050718
v 13.315670 10.465660 -11.292224
v 13.256012 10.150101 -10.466380
v 13.039541 9.751534 -9.703506
v 12.661848 9.477531 -9.017103
v 12.659771 9.339142 -8.914076
v 12.481592 9.282059 -8.823451
v 12.288034 9.382515 -8.796133
v 11.092371 10.105453 -8.768453
v 9.139577 1.624207 -18.187286
v 10.093140 3.724319 -16.951326
v 10.326677 3.561600 -16.883764
v 7.255728 2.875145 -17.799271
v 8.227338 4.760002 -16.676344
v 11.009558 5.916214 -15.692385
v 11.455711 6.326523 -15.251378
v 11.254481 5.661232 -15.544926
v 10.709584 5.130005 -16.113873
v 9.221470 6.666695 -15.656279
v 10.914313 4.884132 -15.943471
v 10.367599 3.385597 -16.653753
v 9.339779 1.408600 -18.145796
v 8.799938 1.253151 -18.391956
v 7.025719 2.787361 -17.891775
v 10.971002 4.714066 -15.681516
v 11.471710 5.349152 -15.367549
v 11.652386 6.057167 -15.029578
v 12.393513 8.453346 -14.044729
v 12.904594 8.693260 -13.474830
v 12.570675 8.865341 -13.791488
v 12.988230 8.974876 -13.328446
v 13.008089 9.032112 -13.292879
v 12.813339 9.754890 -13.194259
v 13.071074 9.555481 -12.954157
v 13.096626 9.510666 -12.812309
v 13.083958 8.741539 -12.921539
v 13.080467 8.643639 -12.925425
v 13.023468 8.241730 -13.017089
v 11.747105 5.460167 -14.493820
v 11.527199 4.819946 -14.782971
v 11.005061 4.180656 -15.060987
v 10.477742 2.982056 -15.975889
v 10.992875 3.771324 -14.474039
v 10.442887 2.280251 -14.616101
v 10.924545 3.512550 -13.890666
v 10.793530 3.252098 -13.318933
v 11.406221 4.096146 -13.526009
v 11.286557 3.832848 -12.883564
v 11.505808 4.403374 -14.152077
v 11.750353 5.058174 -13.851012
v 12.954296 7.774284 -12.532122
v 13.022396 8.036720 -12.399956
v 13.111992 8.545616 -12.889876
v 11.632486 4.729263 -13.200771
v 12.800013 7.285255 -11.847606
v 12.906834 7.512009 -11.727534
v 12.719984 7.676079 -11.685840
v 12.812880 8.180435 -12.388907
v 12.822870 8.606171 -12.764977
v 12.824532 8.677116 -12.827656
v 12.844467 8.758324 -12.829091
v 13.031652 9.490860 -12.706281
v 12.760399 7.359131 -10.892503
v 12.546040 7.490349 -10.853638
v 12.691622 7.094971 -11.020832
v 11.519423 4.461029 -12.522420
v 3.423009 -2.046280 -17.761709
v 3.630290 -1.179955 -19.095112
v 6.815852 -1.174828 -16.920189
v 6.555803 -1.605446 -15.586067
v 8.894417 -0.508537 -16.202818
v 8.587382 -0.946815 -14.916557
v 9.375404 -0.012787 -15.863017
v 9.044896 -0.476242 -14.608268
v 10.054873 1.745827 -13.282944
v 10.588973 3.096848 -12.651040
v 11.077568 3.649719 -12.180202
v 11.284048 4.262604 -11.829591
v 12.561333 7.046539 -10.358144
v 3.073379 -2.592346 -16.357910
v 6.375972 -1.737167 -14.789869
v 8.340066 -1.117561 -14.111914
v 8.757023 -0.695251 -13.812548
v 9.735913 1.538605 -12.631434
v 10.315408 3.006432 -11.884404
v 10.793564 3.585457 -11.444649
v 10.967137 4.284981 -11.086965
v 12.261864 7.031219 -9.777030
v 11.645535 6.518929 -9.741198
v 11.833210 6.958099 -9.548432
v 2.828377 -2.794815 -15.536721
v 10.683482 4.329269 -10.807560
v 10.497747 3.693100 -11.167271
v 10.166602 2.936577 -11.612855
v 9.557834 1.493477 -12.323617
v 8.555861 -0.716858 -13.469758
v 8.178441 -1.127525 -13.757803
v 6.310419 -1.736908 -14.413920
v 2.727495 -2.726799 -15.086919
v 10.190842 3.787674 -10.957832
v 9.893020 3.003128 -11.384537
v 9.229456 1.549995 -12.086856
v 8.239080 -0.597801 -13.177443
v 7.936039 -0.962128 -13.428603
v 6.216004 -1.546158 -14.045530
v 2.575738 -2.475449 -14.658114
v 8.403623 4.544014 -10.935095
v 7.403944 2.618401 -11.939794
v 6.412217 0.677994 -12.950219
v 6.202991 0.580719 -13.047329
v 5.962934 0.567467 -13.110731
v 2.145828 -0.154335 -13.559517
v 10.920032 6.124504 -9.835567
v 10.286099 4.452171 -10.610626
v 8.516411 4.738968 -10.785552
v 9.264479 6.359001 -9.989694
v 9.690180 7.284729 -9.535497
v 11.097049 6.751686 -9.578832
v 11.588522 8.166893 -9.037596
v 10.266211 8.799644 -9.013609
v 12.642859 7.332352 -10.190725
v 12.395473 7.500824 -10.305930
v 12.590431 7.376289 -10.105961
v 12.370375 7.502579 -10.214643
v 12.378632 7.553581 -10.148885
v 12.582426 7.444489 -10.035975
v 12.498396 8.111748 -9.638169
v 12.527756 8.039467 -9.539337
v 12.457769 7.969337 -9.425471
v 12.119654 7.960876 -9.203100
v 12.347021 7.316582 -9.639223
v 12.368687 7.378479 -9.614022
v 12.461187 7.530014 -10.258351
v 12.978836 8.247093 -10.429126
v 12.620878 8.115929 -9.774519
v 12.649452 7.543320 -10.798687
v 13.167175 8.528343 -11.225029
v 12.865505 7.743156 -11.630399
v 12.920010 8.243019 -12.355322
v 13.248259 8.943848 -11.979220
v 12.895086 8.652161 -12.754787
v 13.109135 9.378662 -12.583731
v 13.666243 10.438133 -11.205422
v 13.434246 10.771164 -11.977430
v 13.613083 10.089134 -10.445949
v 13.405249 9.763008 -9.702958
v 12.924515 9.452881 -9.044658
v 13.243826 10.887337 -11.983638
v 12.725388 9.548218 -9.003701
v 13.122917 9.896606 -9.678016
v 13.281500 10.249359 -10.416320
v 13.382132 10.566162 -11.167988
v 7.054554 0.381973 -18.989613
v 8.974282 0.785553 -18.162722
v 7.023391 0.157845 -18.787106
v 6.970859 -0.395515 -18.137844
v 8.986593 0.239616 -17.434757
v 9.431275 0.701416 -17.123993
v 9.383623 1.221413 -17.913387
v 8.943674 0.987373 -18.385513
v 7.022065 0.677376 -18.959396
v 6.767055 2.781685 -17.951092
v 3.406413 2.335808 -18.849989
v 3.703201 0.056374 -19.969961
v 3.744877 -0.296600 -20.009754
v 3.703692 -0.584335 -19.816217
v 12.328815 10.081444 -13.296898
v 11.888203 8.797783 -14.130802
v 11.726974 8.211418 -14.478347
v 11.117914 6.603409 -15.396492
v 9.346182 6.892563 -15.575505
v 10.494946 9.366035 -14.165780
v 10.997867 10.691864 -13.223233
v 10.079383 8.466499 -14.678261
v 8.407125 13.340988 -27.496895
v 8.516416 14.873665 -27.250368
v 8.254946 14.829742 -27.090992
v 8.641136 13.366035 -27.538795
v 8.768538 13.427277 -27.763491
v 8.653753 14.965981 -27.486174
v 9.085419 13.665688 -28.370869
v 8.975539 15.085320 -28.147202
v 9.206391 15.233231 -28.740923
v 9.503237 14.124947 -29.627506
v 9.329942 15.438461 -29.277618
v 9.300345 11.261436 -29.660252
v 9.522321 11.813217 -30.821835
v 9.083000 10.934334 -28.905458
v 8.988955 10.848167 -28.668337
v 8.786689 10.881157 -28.553656
v 7.264988 11.516289 -28.343132
v 6.731554 13.505302 -27.827921
v 6.728633 14.924057 -27.523321
v 7.974754 15.722176 -26.839964
v 8.262937 15.800156 -26.961767
v 8.567768 15.852814 -27.143190
v 8.906693 16.008759 -27.753740
v 8.728360 10.082382 -29.258213
v 7.196044 11.423012 -28.376253
v 8.857500 9.994003 -29.449186
v 8.901361 10.094032 -29.700172
v 8.967591 10.460014 -30.442608
v 8.979089 11.140465 -31.576595
v 8.803140 11.970444 -32.520649
v 8.279177 10.028877 -30.621428
v 8.258431 10.687744 -31.778307
v 8.086136 11.535110 -32.747601
v 7.940811 12.078255 -33.237404
v 5.462402 9.246193 -32.676437
v 5.234454 10.097633 -33.778709
v 5.514337 8.534065 -31.393291
v 8.241098 9.718620 -29.907501
v 8.233203 9.640862 -29.643785
v 8.154301 9.755997 -29.443741
v 7.127117 11.329727 -28.409374
v 6.128845 12.383011 -27.377098
v 6.235945 12.393471 -27.387770
v 6.278993 12.399979 -27.390778
v 4.813891 13.755165 -28.092588
v 5.046900 10.628273 -34.343838
v 5.418201 8.291527 -30.755930
v 5.406574 8.242302 -30.447462
v 5.309177 8.382034 -30.210735
v 4.638488 9.920372 -29.043064
v 5.957448 12.340225 -27.371740
v 3.762016 11.804291 -27.674799
v 2.749596 19.756866 -30.007816
v 2.578126 19.669762 -29.920229
v 2.612546 19.770042 -29.775848
v 2.305990 19.326790 -29.285597
v 2.348121 19.490013 -29.101078
v 2.100250 18.822372 -28.752495
v 2.152485 19.014824 -28.535494
v 1.979302 18.445450 -28.051271
v 1.940317 18.291084 -28.244370
v 1.892630 17.731064 -27.726646
v 1.846784 17.598366 -27.837776
v 1.938944 17.460938 -27.700377
v 2.653521 19.650314 -29.947550
v 2.448668 19.311508 -29.315254
v 2.195314 18.806396 -28.734411
v 2.058678 18.206978 -28.205181
v 1.908844 17.541229 -27.827894
v 3.422472 18.174866 -27.786818
v 4.170053 17.507423 -27.493286
v 4.430942 17.899483 -27.710947
v 3.202553 17.585426 -27.512150
v 3.150731 17.434410 -27.486046
v 4.108583 17.402840 -27.480598
v 4.179236 17.417755 -27.491047
v 4.227039 17.478485 -27.528297
v 4.513905 17.842903 -27.751801
v 4.732330 18.490120 -28.170908
v 4.832059 18.401611 -28.220894
v 4.890770 18.910263 -28.824528
v 4.813061 18.981712 -28.798607
v 4.830673 19.188110 -29.246490
v 4.782866 19.243042 -29.237602
v 4.820664 19.234413 -29.316814
v 4.766505 19.266220 -29.353319
v 3.892146 19.538483 -29.475012
v 3.903876 19.567459 -29.629808
v 3.802981 19.252533 -28.869905
v 3.657236 18.746513 -28.282412
v 2.270114 18.761238 -28.757437
v 2.086579 18.149399 -28.219894
v 2.008297 18.546486 -29.025415
v 2.486905 19.283188 -29.359364
v 2.692064 19.664513 -30.045223
v 2.825593 19.744049 -30.166119
v 2.640706 19.581467 -30.209288
v 2.837667 19.656113 -30.322128
v 2.544312 18.868065 -31.060284
v 2.351770 18.819717 -30.907255
v 2.663469 17.726883 -31.285933
v 1.984466 18.438004 -30.436323
v 2.262425 19.145050 -29.648809
v 5.059852 14.031143 -29.554958
v 5.877445 15.649979 -30.236078
v 5.430366 14.632217 -28.488594
v 5.658925 15.155693 -30.998106
v 4.136317 15.070625 -30.404718
v 4.464020 15.514099 -31.061892
v 3.198319 16.054665 -30.977564
v 4.541371 16.217819 -31.557673
v 3.400130 16.637253 -31.427277
v 4.649836 16.980812 -32.000450
v 3.652257 17.282906 -31.848921
v 2.372455 17.306366 -30.986309
v 1.734968 17.795868 -29.825871
v 1.827429 17.913094 -28.410240
v 1.905014 17.435440 -27.804974
v 5.984055 16.648712 -32.185642
v 3.035554 15.604706 -30.389538
v 1.827962 17.304955 -27.903666
v 1.540387 17.180283 -29.171873
v 1.559234 16.643013 -28.753450
v 1.956273 17.281975 -27.691681
v 1.912217 17.156273 -27.806715
v 1.654522 16.469170 -28.646328
v 2.080572 16.076012 -29.626781
v 2.060889 16.423943 -30.099464
v 2.191845 16.848396 -30.565691
v 2.906676 15.171021 -29.726351
v 3.835148 14.673454 -29.681509
v 6.325957 16.791405 -31.911947
v 5.971274 15.536949 -30.266672
v 6.456788 16.648026 -31.983021
v 5.609276 15.209274 -32.262371
v 5.165390 14.488052 -30.182953
v 5.823411 15.193214 -30.962749
v 5.912597 13.732666 -29.165699
v 5.780053 15.188606 -30.962181
v 5.869415 13.727135 -29.163904
v 5.672488 15.181267 -30.955456
v 5.762117 13.718239 -29.155197
v 5.500080 15.147285 -30.961012
v 5.590338 13.679947 -29.155251
v 3.361901 13.196060 -29.376404
v 3.034977 14.467834 -31.310341
v 5.548069 14.457230 -28.509481
v 5.166582 19.370094 -29.105366
v 4.887035 19.435234 -29.166847
v 4.950183 19.030014 -28.671524
v 4.850639 19.451340 -29.250368
v 4.785904 19.472763 -29.299440
v 3.988153 19.489601 -30.531120
v 4.049945 19.706337 -30.113028
v 5.347389 19.310318 -30.453339
v 5.305632 19.543648 -30.025114
v 5.740228 19.454453 -30.006529
v 5.385824 19.520340 -29.611975
v 7.627339 18.991783 -29.547264
v 5.110556 19.568192 -29.653294
v 5.050811 19.577110 -29.657526
v 3.994987 19.727287 -29.779346
v 3.939149 19.667458 -29.670795
v 3.800177 18.662804 -31.339054
v 5.258267 18.483429 -31.320084
v 5.942348 19.240150 -30.384638
v 7.616624 19.019409 -29.885046
v 9.021009 17.278290 -31.086113
v 8.794620 17.320824 -31.300558
v 9.100023 16.394730 -31.553162
v 7.739672 17.361511 -31.387970
v 7.585814 15.056946 -32.306385
v 7.625101 17.532059 -31.372950
v 7.583934 18.913918 -30.241470
v 6.189652 18.249382 -31.269482
v 4.224462 17.558701 -27.280888
v 4.158534 17.491150 -27.280348
v 4.580142 17.981979 -27.618233
v 4.925449 18.515518 -28.081457
v 5.202612 18.990219 -28.626904
v 7.687342 18.673447 -28.908686
v 9.247086 17.177361 -30.839092
v 9.290280 16.306702 -31.336329
v 9.261205 14.942505 -32.090084
v 7.527890 13.743401 -32.617970
v 3.070211 16.931549 -27.324312
v 4.264068 16.593735 -27.060389
v 4.147751 17.019440 -27.087025
v 4.204934 17.003326 -27.075552
v 4.513879 17.521500 -27.247499
v 4.831629 17.939522 -27.570925
v 5.155652 18.451210 -28.065193
v 7.580315 18.282066 -28.354092
v 9.357413 16.887566 -30.205877
v 9.332270 16.222473 -31.068769
v 9.482228 14.863647 -31.844980
v 9.021139 13.231277 -32.931076
v 7.459053 13.651047 -32.647236
v 9.551453 14.750015 -31.556477
v 9.406176 15.882790 -30.420996
v 9.261647 13.028656 -32.773926
v 8.335702 13.102371 -33.267914
v 7.389946 13.558624 -32.676552
v 9.609458 14.551453 -30.910093
v 9.412764 15.615486 -29.830742
v 9.379707 12.833557 -32.525719
v 8.526812 12.792824 -33.221325
v 7.758119 12.689880 -33.460316
v 3.970656 12.911102 -33.398331
v 4.760399 11.371780 -34.548786
v 4.940643 10.981667 -34.514629
v 7.878059 12.357895 -33.418732
v 8.643473 12.525993 -33.037952
v 9.481303 12.425339 -31.882793
v 9.141002 16.196701 -28.376940
v 9.268709 16.399803 -28.975620
v 6.599341 15.059052 -27.452042
v 6.409089 15.586624 -26.897491
v 6.525759 15.929924 -26.780060
v 6.659607 16.250656 -26.792465
v 7.033318 16.821198 -27.047123
v 7.254222 17.358414 -27.425766
v 7.444780 17.818840 -27.881998
v 9.360670 16.625008 -29.572056
v 5.038728 14.989731 -27.993467
v 2.942603 16.528397 -27.555040
v 2.766821 15.736130 -28.397686
v 4.121652 15.264282 -28.084803
v 4.229996 16.145630 -27.272764
v 4.683825 16.462494 -26.999550
v 4.478181 16.949554 -27.028217
v 4.802665 16.012337 -27.140617
v 3.128781 17.274025 -27.313774
v 4.077571 17.466621 -27.283232
v 3.135717 17.391975 -27.383898
v 9.088021 12.160904 -21.470564
v 9.042899 10.364914 -21.721634
v 9.255309 10.391319 -21.917400
v 9.319881 12.218689 -21.675303
v 9.813477 10.551666 -22.456308
v 9.879039 12.229721 -22.268518
v 10.327926 12.296417 -22.820538
v 10.714572 10.880600 -23.648506
v 10.657857 12.454071 -23.347824
v 6.953646 14.151726 -21.616383
v 4.583714 14.314095 -22.791979
v 6.821154 13.793968 -21.624098
v 8.931596 13.281876 -21.240362
v 9.313578 13.257385 -21.335505
v 9.881711 13.296051 -21.872671
v 10.351687 13.392281 -22.456457
v 10.706903 13.531830 -23.048231
v 10.945299 12.583809 -23.905355
v 11.293192 11.216583 -24.969347
v 10.936397 8.478935 -26.446438
v 11.167189 12.829231 -24.531853
v 11.028948 13.704857 -23.649109
v 8.129196 15.817184 -22.585403
v 7.777517 15.342140 -22.144001
v 7.425928 14.774521 -21.786810
v 9.179239 8.121742 -28.602396
v 10.062528 8.655365 -28.203531
v 10.142109 8.038445 -27.627670
v 11.008619 8.900978 -27.147917
v 11.465694 11.384064 -25.671234
v 11.349559 13.163544 -25.241457
v 11.271208 13.936951 -24.319717
v 8.425839 16.291077 -23.065948
v 5.415899 16.380020 -23.898903
v 4.905849 15.845169 -23.467384
v 4.460478 15.398468 -23.219383
v 4.127693 14.865707 -23.071701
v 11.501867 11.494614 -25.998898
v 10.958730 9.113625 -27.436029
v 9.973694 8.955322 -28.413307
v 9.161158 8.436539 -28.798063
v 9.075362 8.814957 -28.844473
v 9.793437 9.309761 -28.480808
v 10.763627 9.352997 -27.654865
v 5.665818 7.456665 -30.049900
v 5.000430 9.243134 -28.838543
v 9.055658 9.857292 -27.749834
v 9.140387 9.954002 -27.705185
v 9.224843 10.050667 -27.660643
v 11.360471 11.592949 -26.330011
v 11.402814 13.238297 -25.537750
v 11.407848 14.223381 -25.023724
v 8.726106 16.677475 -23.635536
v 5.643373 16.924629 -24.516079
v 5.163737 16.437241 -24.016602
v 5.378729 16.951317 -24.669485
v 5.119514 16.295280 -24.186377
v 5.758064 17.297653 -25.064440
v 8.877690 16.967758 -24.352184
v 11.268699 14.360069 -25.356161
v 11.286725 13.347809 -25.828718
v 9.700615 11.960403 -27.105568
v 7.077932 11.838654 -26.282215
v 7.028602 11.840752 -26.286013
v 6.906677 11.850754 -26.289663
v 6.707926 11.841492 -26.313011
v 5.468182 17.349281 -25.249008
v 5.458061 17.357758 -25.351685
v 5.932185 17.506851 -25.637674
v 5.640594 17.541489 -25.797873
v 5.403498 17.373627 -25.431013
v 9.854787 14.875504 -26.082073
v 11.107238 14.433014 -25.653984
v 8.989786 16.968002 -24.707684
v 6.683876 17.387932 -25.778225
v 6.205319 17.461670 -25.984516
v 5.575647 17.547813 -25.827599
v 4.808784 17.507393 -26.058922
v 4.907135 17.566414 -26.154356
v 5.093235 17.517136 -26.473610
v 7.097563 17.125496 -26.044205
v 9.092759 16.819443 -25.077242
v 9.742085 15.067596 -26.120504
v 8.769072 14.178543 -27.057554
v 7.653532 12.447510 -27.705553
v 7.797819 15.968086 -26.732304
v 5.377429 16.803535 -24.838739
v 5.450840 17.068329 -25.327833
v 5.463082 17.112457 -25.409342
v 5.414884 17.141357 -25.472490
v 4.760769 17.399467 -26.020447
v 3.614923 17.514496 -26.902040
v 3.758522 17.490555 -27.032795
v 5.193902 17.239685 -26.906765
v 6.461733 17.165688 -26.365671
v 3.796643 16.430717 -27.998983
v 3.797323 17.374802 -27.202095
v 6.736817 16.178345 -27.207495
v 5.337944 16.252449 -27.728376
v 4.120714 15.171692 -28.038603
v 5.449540 14.686646 -28.167511
v 6.410853 14.439209 -27.997528
v 8.010517 14.121613 -27.590300
v 8.620168 14.346573 -27.041298
v 4.386159 17.115189 -25.244869
v 2.850779 17.280235 -26.103079
v 2.453732 16.798294 -25.549463
v 3.321108 15.374084 -23.913267
v 4.106918 15.226990 -23.612679
v 4.173061 15.343773 -23.611761
v 3.263506 15.208038 -23.891459
v 2.003331 15.155754 -24.610502
v 1.945252 15.447365 -24.685272
v 3.629696 16.008018 -24.169245
v 2.117557 16.207085 -25.060509
v 4.037970 16.603912 -24.644997
v 5.277555 16.880142 -24.851383
v 5.391345 17.126892 -25.344055
v 4.692027 17.380600 -25.862587
v 4.985305 16.391586 -24.185032
v 4.517902 15.768295 -23.771225
v 3.376472 17.542137 -26.720346
v 4.628203 15.706955 -23.773407
v 4.250810 15.311928 -23.621477
v 4.187907 15.246086 -23.596159
v 3.398365 17.417747 -26.872568
v 3.492990 17.397919 -26.867840
v 3.052517 17.070930 -26.263752
v 2.882967 17.082893 -26.293125
v 2.587894 16.554512 -25.714813
v 2.488656 16.565544 -25.774015
v 2.155872 16.018875 -25.259062
v 2.277202 15.936172 -25.161331
v 1.944168 15.289726 -24.804426
v 2.012553 15.231117 -24.762798
v 2.551998 16.221573 -26.044149
v 2.317053 15.873177 -25.158958
v 2.681861 16.506828 -25.703163
v 3.112889 17.037987 -26.290579
v 3.571011 17.406967 -26.954279
v 3.564168 17.313683 -27.152227
v 3.551788 16.402199 -27.908676
v 3.056863 15.977615 -27.496193
v 3.027189 16.836372 -26.646095
v 6.767301 8.918648 -22.265841
v 5.291621 11.346107 -23.557526
v 6.427135 11.910118 -25.652424
v 6.607392 12.137840 -23.589493
v 7.663988 13.142632 -25.353498
v 6.489716 12.335335 -23.623337
v 7.564501 13.272743 -25.363729
v 6.173167 11.432426 -24.977745
v 7.302033 12.570847 -26.340168
v 5.331700 12.461540 -26.377565
v 5.910618 12.907547 -26.968231
v 4.700061 13.392021 -27.324114
v 6.136961 13.640144 -27.522564
v 5.054180 14.002220 -27.767202
v 3.713878 14.721542 -27.803940
v 2.594293 15.314133 -26.901054
v 4.329392 12.941422 -26.736616
v 4.791235 12.068703 -25.694582
v 3.967205 12.516983 -26.059526
v 2.961911 13.475647 -26.390884
v 3.094468 13.814987 -26.923212
v 3.386274 14.246605 -27.395437
v 2.162920 15.571632 -25.417023
v 2.006348 15.116890 -24.729477
v 2.030299 14.961090 -24.575409
v 1.990598 14.958458 -24.842365
v 2.039129 14.799446 -24.678169
v 2.109312 13.959076 -25.575819
v 2.053058 14.143639 -25.756779
v 2.174521 14.686432 -26.241407
v 3.995317 15.312584 -23.428703
v 3.840220 14.906425 -23.237904
v 4.082141 15.343925 -23.395239
v 3.780334 14.920151 -23.274817
v 3.283602 13.245682 -24.807293
v 3.115325 14.197426 -23.951204
v 3.145507 14.666412 -23.704123
v 3.185100 15.046013 -23.705780
v 3.211551 15.169640 -23.787785
v 4.150970 15.421387 -23.376047
v 4.643080 15.874603 -23.623457
v 4.134669 14.431030 -23.040228
v 4.240318 13.914406 -23.207029
v 4.477196 12.871109 -23.994518
v 4.831840 13.809341 -22.822556
v 5.509758 12.619225 -23.478878
v 6.757218 13.401077 -21.756300
v 7.301986 12.764046 -22.205770
v 8.579649 13.267113 -21.202646
v 7.449716 12.605057 -22.223526
v 6.395280 8.907059 -22.277241
v 4.923194 6.214401 -24.154106
v 7.637348 7.641121 -23.323101
v 6.595434 8.925491 -22.266115
v 7.721405 7.739059 -23.274492
v 6.717754 8.918770 -22.266897
v 7.805470 7.836945 -23.225885
v 7.165629 10.789207 -22.650570
v 5.529462 4.368164 -25.306477
v 4.078866 8.600655 -22.802576
v 5.820463 7.101028 -30.111128
v 5.878487 6.759811 -29.970118
v 5.935765 6.233070 -29.377665
v 5.972023 5.343025 -28.119463
v 5.831011 4.549622 -26.749563
v 5.682033 4.220184 -25.887344
v 8.938424 5.486603 -25.002790
v 5.636730 4.187706 -25.549782
v 8.898857 5.401344 -24.717314
v 8.810971 5.536285 -24.502119
v 9.587104 6.007263 -24.091148
v 9.740230 5.897736 -24.287434
v 9.821304 6.001480 -24.555920
v 9.078589 5.825256 -25.770945
v 8.758835 12.171341 -21.387058
v 8.781788 10.376610 -21.753571
v 9.356045 7.050476 -23.082369
v 9.586321 6.985809 -23.159025
v 9.742441 7.056488 -23.388819
v 9.996621 6.390007 -25.356234
v 9.233978 6.554367 -27.018757
v 9.230652 7.507324 -28.069529
v 10.160660 7.348770 -24.138439
v 10.692436 7.863731 -25.316732
v 10.175656 7.123749 -26.586712
v -17.576000 -4.502235 -17.976250
v -18.121387 -2.611298 -18.693802
v -18.071144 -3.614677 -19.389439
v -17.611866 -3.504646 -17.329330
v -17.527035 -2.641579 -16.863869
v -18.041164 -1.830826 -18.255022
v -17.352970 -3.217171 -21.413126
v -17.446808 -2.485550 -20.997948
v -16.218204 -1.896355 -21.770329
v -17.471447 -1.806450 -20.492498
v -17.320732 -1.265388 -19.966114
v -17.636551 -1.542915 -18.289207
v -17.199919 -2.366806 -16.822468
v -17.237446 -2.707283 -16.734015
v -17.177109 -3.710762 -17.082596
v -17.123116 -4.649185 -17.632071
v -17.031414 -5.514023 -18.308069
v -16.951305 -6.248367 -19.140005
v -17.142609 -2.489975 -16.652534
v -16.255152 -1.166489 -21.134098
v -16.240637 -0.442093 -20.404486
v -14.878831 -0.797951 -21.393183
v -14.658598 -1.546364 -22.110319
v -16.827164 -6.391991 -19.302649
v -16.914116 -6.357773 -19.516340
v -17.232979 -6.186104 -19.271317
v -17.740658 -5.331963 -20.593147
v -17.947628 -4.658630 -20.014633
v -17.097380 -3.902885 -21.671877
v -16.126987 -2.748314 -22.206041
v -14.739376 -2.504692 -22.539907
v -13.672604 -1.370201 -22.231461
v -13.916004 0.358170 -20.758236
v -15.061782 -0.084915 -20.579685
v -12.509722 0.668602 -20.856415
v -17.425014 -5.492485 -20.831278
v -15.978553 -3.674614 -22.594412
v -14.780656 -3.529083 -22.896053
v -13.606632 -3.401390 -23.265631
v -12.293642 -1.298515 -22.228186
v -12.159174 -1.286217 -22.226425
v -12.325815 0.705368 -20.855656
v -10.552328 0.799591 -20.920164
v -10.385062 -1.220116 -22.301313
v -10.204495 -3.302475 -23.584244
v -11.982506 -3.340683 -23.498425
v -12.168856 -3.349083 -23.484827
v -11.142240 -5.912048 -19.451115
v -9.753229 -6.073235 -19.413261
v -9.750351 -5.914452 -19.160089
v -10.069555 -2.153793 -16.747124
v -10.025138 -2.930374 -16.886278
v -9.924024 -4.315926 -17.475647
v -9.795309 -5.360909 -18.413143
v -9.776312 -5.806541 -19.954626
v -11.164427 -5.869133 -19.910488
v -11.760057 -5.916542 -19.642223
v -11.778763 -5.860474 -20.096024
v -12.158670 -5.912384 -19.840254
v -12.187479 -5.838173 -20.326435
v -11.086458 -4.794106 -17.936272
v -9.904406 -4.728706 -21.609705
v -11.743292 -4.783745 -21.715044
v -11.918325 -4.851570 -21.745312
v -13.308674 -5.060966 -21.715574
v -13.368486 -5.957047 -20.355457
v -14.109725 -5.223236 -21.664923
v -15.830332 -5.340370 -21.438057
v -15.530695 -6.223145 -20.100441
v -15.410079 -6.367722 -19.527845
v -15.417368 -6.292862 -19.092127
v -15.456268 -6.185066 -18.961203
v -14.751661 -5.956032 -18.690327
v -14.311644 -6.280800 -19.673277
v -14.406385 -5.249084 -18.089729
v -14.608527 -5.876633 -18.561264
v -14.270149 -5.791367 -18.571356
v -14.666563 -5.918442 -18.651232
v -14.395928 -6.221779 -19.151014
v -14.723855 -6.284485 -19.125557
v -14.794025 -6.294937 -19.114584
v -14.276444 -4.465393 -17.519228
v -14.535275 -3.668716 -17.025917
v -14.233022 -3.628143 -17.051271
v -14.497090 -3.009895 -16.699804
v -12.239363 -2.832253 -17.017393
v -12.460146 -1.978012 -16.959299
v -12.035477 -2.107353 -16.808565
v -12.120037 -1.684227 -16.977427
v -11.494367 -1.780182 -16.956635
v -11.540689 -1.439743 -17.075163
v -10.146537 -1.368790 -16.911972
v -12.526284 -1.582123 -17.037678
v -11.470721 -2.100517 -17.008877
v -11.883410 -2.957504 -16.897341
v -12.141113 -3.600845 -17.254162
v -14.002139 -4.399704 -17.579670
v -12.063322 -4.261871 -17.641106
v -11.774941 -3.717178 -17.127367
v -11.301850 -2.969460 -17.105759
v -11.709961 -4.350151 -17.475990
v -11.180955 -3.686821 -17.283951
v -11.145828 -4.264610 -17.576897
v -10.115568 -1.768829 -16.741812
v -11.669680 -4.952034 -17.872307
v -12.029882 -4.906891 -18.055826
v -14.104484 -5.202324 -18.109636
v -11.667179 -5.494141 -18.430698
v -11.104596 -5.280930 -18.465137
v -12.016195 -5.453468 -18.628807
v -12.129534 -5.864159 -19.380013
v -13.801003 -6.174240 -19.772236
v -11.159271 -5.750717 -19.162647
v -11.708944 -5.938683 -19.133184
v -13.940975 -6.002922 -20.352827
v -17.453648 -5.465439 -18.663538
v -22.763294 3.787544 -34.354252
v -23.600029 3.269485 -35.359177
v -23.830915 3.228058 -35.087833
v -22.993980 3.759682 -34.098549
v -21.757864 3.404152 -33.331364
v -23.373161 3.320686 -33.581337
v -24.210978 2.731438 -34.504185
v -24.536215 2.059723 -33.824249
v -23.848080 3.027130 -35.296799
v -23.686844 3.084671 -35.458618
v -23.881172 2.991234 -35.430344
v -23.946966 2.954269 -35.264946
v -24.319090 2.330635 -34.840485
v -24.403671 2.326935 -34.842949
v -24.645832 1.676498 -34.248672
v -24.755220 1.731506 -34.243069
v -24.906746 1.062614 -33.635170
v -24.835484 1.032837 -33.600727
v -24.907578 0.540108 -32.958721
v -24.863340 0.475616 -32.859375
v -24.926886 0.363190 -32.919811
v -24.808228 0.266434 -32.766392
v -24.766689 0.319206 -32.546413
v -24.916536 0.696159 -32.586704
v -23.883982 0.952835 -31.651894
v -24.069969 1.314926 -31.739050
v -22.509775 1.514473 -31.526190
v -23.942324 1.890274 -32.214901
v -24.768415 1.330521 -33.165905
v -12.904045 -1.202538 -35.956711
v -14.409966 -0.312836 -35.776157
v -15.236316 -1.883781 -33.973434
v -16.526234 1.035225 -35.293419
v -17.186630 -0.590790 -33.614880
v -16.815453 1.215477 -35.181087
v -17.384457 -0.439529 -33.545418
v -18.265190 0.405685 -32.947018
v -18.178770 -2.045738 -31.954287
v -19.189232 -1.135101 -31.549065
v -19.835129 0.730728 -31.836834
v -20.402573 0.077309 -31.316122
v -21.047546 1.591156 -31.599831
v -21.393547 0.860901 -31.167887
v -22.386797 2.128487 -31.786497
v -23.657875 2.639526 -32.862759
v -18.006086 2.041870 -34.505863
v -22.180122 2.666763 -32.233646
v -20.737471 2.233299 -32.080338
v -20.577257 2.773071 -32.728901
v -19.321751 1.322571 -32.427795
v -19.312614 2.043877 -33.091263
v -19.351645 2.718445 -33.839149
v -20.431623 3.278198 -33.477325
v -21.984882 3.138550 -32.751396
v -22.589748 1.533447 -36.695724
v -21.945982 1.583496 -36.874470
v -22.533997 1.484436 -36.732704
v -22.859840 2.381493 -36.226833
v -23.171598 2.109444 -36.240623
v -23.266159 2.018608 -36.154293
v -22.793985 1.116043 -36.532345
v -19.282429 1.436119 -36.287128
v -20.237059 2.291489 -35.773674
v -20.788698 1.249779 -37.094616
v -21.312670 1.755310 -36.706074
v -21.516331 1.228210 -37.119442
v -22.289267 1.234787 -36.899170
v -22.759655 1.015381 -36.566158
v -22.644474 1.092590 -36.318893
v -23.267128 1.960991 -36.038635
v -22.469360 2.730888 -35.933254
v -22.603844 1.006798 -36.333714
v -22.619146 0.912903 -36.305405
v -21.526354 3.279068 -34.932972
v -15.453334 -1.667366 -37.561249
v -17.975925 0.339165 -36.981777
v -18.232443 0.564880 -36.920116
v -19.855648 0.351074 -37.769810
v -20.152309 0.029022 -37.933933
v -20.370640 -0.318604 -37.956409
v -22.535692 0.624435 -36.742897
v -22.779745 0.903618 -36.587315
v -22.710964 0.349495 -36.135601
v -22.845678 0.213539 -36.308464
v -22.903641 -0.404350 -35.680027
v -19.377811 -0.820915 -38.413353
v -19.162558 -0.509209 -38.319717
v -18.256407 -1.308647 -38.622581
v -23.652458 -1.228355 -34.422741
v -23.377657 -1.491570 -34.721519
v -23.460199 -1.707840 -34.087986
v -23.634445 -1.244385 -34.535370
v -23.397821 -1.044029 -34.435997
v -23.197111 -0.872284 -34.968460
v -23.323011 -0.986099 -35.162479
v -22.994001 -0.552689 -35.872032
v -22.628801 -0.020020 -36.465595
v -20.571341 -1.125221 -37.787704
v -19.556549 -1.207565 -38.480789
v -18.455555 -1.616982 -38.670147
v -16.444130 -2.732964 -39.174110
v -18.346466 -6.135071 -36.027943
v -19.809807 -4.343437 -36.262409
v -18.238325 -5.755501 -36.696442
v -20.087612 -4.621368 -35.510410
v -20.720835 -3.875786 -36.117088
v -20.932728 -4.152931 -35.380798
v -21.373812 -3.280052 -35.782211
v -21.558174 -3.507401 -34.988621
v -23.107359 -1.222710 -35.316685
v -22.760984 -0.754860 -35.986000
v -20.827948 -1.759888 -37.407795
v -19.807770 -1.921623 -38.173866
v -18.623426 -1.864044 -38.536911
v -21.228136 -2.834389 -36.407658
v -21.005795 -2.325813 -36.929565
v -20.049526 -2.539505 -37.760452
v -18.880524 -2.593437 -38.183266
v -20.494539 -3.491928 -36.758034
v -20.265705 -3.037498 -37.277016
v -19.124535 -3.178711 -37.801426
v -17.173738 -3.772530 -38.810883
v -16.756603 -3.172668 -39.186119
v -16.627821 -2.926392 -39.303474
v -14.164001 -4.503143 -39.856335
v -13.441252 -3.277252 -38.196732
v -13.591409 -4.794685 -39.819122
v -13.271194 -3.326324 -38.174164
v -13.101110 -3.375397 -38.151577
v -19.569941 -4.017471 -36.880718
v -19.379025 -3.598236 -37.356441
v -17.833786 -4.858406 -37.873001
v -14.846278 -5.734879 -39.398159
v -15.429129 -6.801811 -38.525402
v -15.849093 -7.607857 -37.433834
v -15.106908 -7.955154 -37.416683
v -14.640285 -7.163948 -38.520653
v -14.108361 -6.075684 -39.388641
v -14.432750 -4.991623 -39.877697
v -14.296613 -4.737267 -39.993416
v -13.644909 -5.064621 -39.954037
v -13.764290 -5.328224 -39.839672
v -12.658798 -6.339294 -38.992020
v -13.144532 -7.449226 -38.107269
v -13.675482 -8.249924 -36.994877
v -13.994217 -8.604790 -36.290245
v -15.380314 -8.345695 -36.672115
v -16.071701 -8.041397 -36.677280
v -12.396804 -5.053123 -39.452049
v -12.345037 -5.334648 -39.551315
v -12.398628 -5.612198 -39.416653
v -7.907170 -6.844170 -37.317200
v -8.344300 -7.962997 -36.291920
v -8.752432 -8.775581 -35.072124
v -8.988190 -9.161606 -34.284702
v -9.184906 -9.197334 -33.851723
v -14.179311 -8.710869 -35.961205
v -15.471032 -8.452698 -36.298153
v -7.684248 -6.119041 -37.832741
v -7.660512 -5.789627 -37.975044
v -7.715458 -5.447701 -37.868282
v -8.567017 -3.414322 -36.507656
v -9.356135 -9.044205 -33.376713
v -14.370824 -8.627861 -35.582165
v -15.525931 -8.375298 -35.860394
v -16.124069 -8.152786 -36.288151
v -16.086891 -8.105423 -35.837273
v -18.395336 -6.256737 -35.684143
v -18.304996 -6.250809 -35.279076
v -14.630831 -4.599541 -32.507172
v -15.165284 -6.869156 -34.334824
v -14.502456 -4.588776 -32.425541
v -14.996787 -6.913681 -34.313957
v -10.030066 -6.871834 -32.052967
v -10.752930 -3.970154 -30.719221
v -14.275864 -4.597466 -32.311790
v -20.125465 -4.761719 -35.218414
v -20.913540 -4.107719 -34.954002
v -21.490810 -3.565132 -34.588875
v -20.080074 -4.742905 -34.853039
v -20.823494 -4.063972 -34.578323
v -21.297178 -3.519722 -34.167263
v -19.793888 -3.170334 -33.224308
v -19.514969 -3.342400 -33.339020
v -17.270496 -5.119423 -33.784721
v -15.333441 -6.824608 -34.355488
v -14.684129 -4.600853 -32.538948
v -16.113256 -3.521111 -32.255127
v -17.909525 -2.273781 -32.019306
v -20.694651 -2.355995 -32.757816
v -22.258862 -2.444969 -33.565086
v -22.879066 -2.196571 -33.847816
v -21.703270 -1.393318 -32.253647
v -22.859354 -0.070976 -31.732738
v -23.818153 -0.658630 -32.695267
v -22.754078 -1.867180 -33.245571
v -23.289568 -1.793159 -33.648811
v -23.702202 -1.451462 -33.928085
v -23.707708 -1.180305 -34.338684
v -23.754683 -1.394196 -33.898987
v -24.123665 -0.794693 -33.192669
v -23.431261 -1.072655 -34.347244
v -23.493166 -1.040337 -34.281345
v -24.238661 -0.480637 -33.706196
v -24.302561 -0.586052 -33.666111
v -24.288971 -0.698708 -33.558041
v -24.992296 0.612267 -32.959507
v -25.038111 1.209122 -33.612350
v -24.837057 1.819801 -34.183434
v -24.566479 2.394676 -34.745251
v -24.049009 2.983360 -35.225311
v -22.843664 0.408798 -36.146797
v -22.702230 0.960831 -36.321812
v -23.375725 1.808754 -36.019192
v -24.185499 2.869606 -35.364403
v -24.224054 -0.063881 -34.570751
v -23.492744 -1.025856 -34.423973
v -24.265274 -0.426826 -33.883579
v -23.336584 -0.829987 -34.963413
v -23.993298 0.492348 -35.228970
v -23.084526 -0.345566 -35.693203
v -23.733213 1.169693 -35.749168
v -24.755573 2.287239 -34.975677
v -25.062811 1.678406 -34.444527
v -25.231350 1.091576 -33.833485
v -25.114178 0.535683 -33.134853
v -13.583452 -9.865616 -34.882496
v -13.539375 -9.580017 -34.794262
v -11.719113 -9.706444 -34.097057
v -11.650233 -9.993561 -34.142540
v -13.692630 -10.103500 -34.731621
v -11.695494 -10.237907 -33.967964
v -11.918334 -10.870392 -33.438030
v -14.014231 -10.754051 -34.182571
v -12.359242 -11.795616 -32.406727
v -14.518752 -11.663391 -33.180332
v -8.641029 -10.838013 -32.043041
v -8.399858 -10.156792 -32.641300
v -8.383261 -9.854248 -32.814915
v -8.465433 -9.511238 -32.755791
v -9.508607 -7.432823 -31.692671
v -12.682547 -7.775749 -33.142056
v -12.929803 -7.756630 -33.230015
v -13.197077 -7.598839 -33.235001
v -12.881578 -12.382576 -31.216934
v -9.092674 -11.856590 -30.889803
v -10.799171 -4.598923 -30.214432
v -12.505832 -5.385338 -31.338860
v -12.683778 -5.427734 -31.428444
v -12.783046 -5.468796 -31.495117
v -21.597235 -4.083618 -27.781017
v -21.223011 -4.793007 -27.763641
v -21.361561 -4.388603 -27.476398
v -20.579172 -6.633598 -29.623619
v -21.572001 -3.783936 -28.361675
v -20.501945 -6.314285 -30.361534
v -19.821224 -7.954651 -30.048855
v -19.575630 -7.825783 -30.777384
v -19.059528 -8.532417 -30.214760
v -18.858982 -8.289604 -30.970785
v -18.029758 -9.842987 -30.734825
v -17.942026 -9.506622 -31.404373
v -16.102154 -12.021393 -31.380930
v -15.894173 -11.689926 -32.161018
v -15.244737 -12.491600 -31.221485
v -14.974730 -12.240921 -31.997385
v -13.206513 -12.606903 -30.490490
v -9.562159 -12.549736 -29.589722
v -9.836012 -12.834312 -28.802717
v -20.460291 -6.790916 -29.274899
v -19.738144 -7.924675 -29.641918
v -19.084576 -8.656807 -29.923807
v -18.053507 -9.950798 -30.393774
v -16.143757 -12.086922 -30.991718
v -15.340752 -12.528809 -30.845997
v -13.390067 -12.656113 -30.159527
v -10.055780 -12.823334 -28.391970
v -19.635042 -7.868546 -29.296261
v -18.995129 -8.642136 -29.572802
v -17.923019 -9.948914 -30.006405
v -16.088957 -11.996895 -30.559765
v -15.405315 -12.376823 -30.437109
v -13.595298 -12.514130 -29.814915
v -10.270702 -12.621796 -27.963875
v -18.293339 -7.384392 -28.307100
v -16.605213 -8.973747 -28.661747
v -15.046165 -10.707344 -29.238714
v -14.773835 -10.703262 -29.120806
v -14.521420 -10.596245 -28.943787
v -11.211941 -10.474243 -26.831867
v -12.172040 -7.289116 -26.025240
v -14.217768 -7.958664 -27.402773
v -14.389607 -7.993362 -27.504198
v -14.487210 -8.031525 -27.575285
v -14.527663 -8.043953 -27.603344
v -15.078680 -7.586876 -27.308378
v -16.552456 -6.627937 -27.098230
v -18.448948 -7.214821 -28.177122
v -20.186565 -6.904297 -28.922720
v -19.475113 -4.998619 -26.599703
v -21.090633 -3.585854 -26.444794
v -20.777584 -4.864357 -27.341873
v -20.665342 -5.409302 -27.767353
v -19.135044 -5.850220 -27.235020
v -16.689095 -6.407639 -27.016384
v -16.957645 -5.712692 -26.538700
v -17.556421 -4.368721 -25.886181
v -19.825256 -3.593307 -25.704367
v -20.308868 -2.188049 -25.215311
v -21.488317 -2.310242 -25.954897
v -21.664284 -2.309288 -26.086567
v -18.070108 -3.370064 -25.400055
v -18.925371 -2.216156 -25.299482
v -21.513168 -3.497688 -26.851770
v -21.691639 -3.287994 -27.148453
v -21.757576 -2.160622 -26.197990
v -21.679289 -3.166458 -27.237087
v -21.589579 -3.088470 -27.278612
v -21.641354 -3.520447 -27.927662
v -21.388374 -3.479034 -27.906071
v -21.632313 -3.556656 -28.018314
v -21.363245 -3.508286 -27.980278
v -21.341793 -3.473915 -28.065863
v -21.647678 -3.549294 -28.125906
v -21.662111 -3.839600 -27.571436
v -21.676668 -3.784035 -27.530981
v -21.213087 -3.267685 -28.579348
v -21.408934 -3.281525 -28.740986
v -21.357014 -3.503021 -28.939030
v -20.323593 -5.851463 -30.934921
v -19.366341 -7.505615 -31.429842
v -18.663479 -8.003868 -31.597013
v -17.555317 -8.716637 -32.604225
v -15.489965 -11.041817 -33.305996
v -20.920265 -2.802460 -29.253981
v -20.262821 -1.653206 -29.789860
v -20.395199 -1.469093 -29.995007
v -20.463354 -1.550804 -30.018244
v -20.539446 -2.130959 -29.655701
v -20.747505 -2.165382 -29.797838
v -21.099852 -2.855362 -29.422859
v -21.010239 -3.062561 -29.584982
v -20.031120 -5.382973 -31.424694
v -19.125210 -7.121033 -31.968567
v -18.471479 -7.635216 -32.086002
v -18.221418 -7.267326 -32.548805
v -16.879169 -7.765686 -33.594925
v -17.936682 -6.752800 -32.956524
v -18.880951 -6.696808 -32.475170
v -19.740627 -4.867950 -31.866446
v -20.693897 -2.384041 -29.998581
v -20.405319 -1.815216 -30.225821
v -18.579699 -6.166290 -32.922184
v -19.332943 -4.341660 -32.229385
v -14.909994 -10.125504 -34.267445
v -14.494694 -9.473991 -34.812851
v -17.606333 -6.111015 -33.343487
v -18.298111 -5.413361 -33.233391
v -18.849243 -3.714447 -32.387722
v -19.974777 -1.345787 -30.373545
v -20.043367 -1.108063 -30.157892
v -20.375237 -1.383942 -29.950686
v -20.062473 -1.060165 -30.110167
v -20.243187 -0.743103 -29.531721
v -20.143337 -0.675316 -29.622362
v -19.761940 -0.542580 -29.649914
v -19.499805 -1.246979 -30.451149
v -19.334717 -1.606621 -30.780777
v -17.427204 -5.895187 -33.492115
v -16.442318 -7.242142 -34.006691
v -16.294697 -7.026253 -34.137672
v -18.038372 -5.088791 -33.195545
v -17.185173 -5.626251 -33.469658
v -16.079666 -6.859352 -34.030495
v -14.210633 -9.012268 -34.844696
v -14.355075 -9.246330 -34.952354
v -18.510452 -3.500648 -32.390373
v -17.783569 -4.777191 -33.110657
v -16.354033 -4.131805 -31.907412
v -14.798118 -5.941864 -32.565765
v -12.824682 -5.482971 -31.520517
v -13.388264 -4.769432 -30.948408
v -14.809409 -3.704514 -30.334175
v -16.481379 -3.914833 -31.829838
v -18.086636 -3.360786 -32.278015
v -18.628199 -1.971725 -31.022333
v -18.780283 -1.494011 -30.533188
v -19.221752 -0.432213 -29.430923
v -20.110409 0.312790 -28.569365
v -18.805649 0.498940 -27.573618
v -19.909184 0.398315 -28.438128
v -17.443451 -1.570297 -29.845928
v -17.978168 -0.476433 -28.655668
v -17.883474 -0.458015 -26.964245
v -16.737284 -1.120987 -27.529850
v -16.100197 -1.911423 -28.212959
v -17.077818 -2.378746 -30.522102
v -14.971206 -3.526428 -30.205585
v -15.305655 -2.925041 -29.178280
v -20.308571 0.284492 -28.513235
v -20.243366 -0.816803 -29.429619
v -20.212364 -1.494583 -29.785124
v -20.216713 -1.573570 -29.812223
v -11.504496 -5.840729 -28.012562
v -13.196677 -6.642227 -29.324883
v -13.371624 -6.680763 -29.420399
v -13.470178 -6.720337 -29.489300
v -13.511130 -6.733711 -29.516047
v -14.199410 -6.149338 -29.090265
v -15.638315 -5.151733 -28.680912
v -15.740677 -5.005875 -28.600294
v -15.853638 -4.474136 -27.848469
v -16.912661 -3.871895 -26.425106
v -17.563705 -2.767059 -25.810675
v -17.134907 -2.215485 -26.265007
v -18.315760 -1.197205 -25.930317
v -16.912037 -1.667412 -26.851913
v -18.063541 -0.745087 -26.408741
v -19.426617 0.177338 -26.751848
v -19.014160 0.511215 -27.296738
v -20.094286 0.425339 -28.184696
v -20.236994 0.274231 -28.394772
v -18.620453 -1.684845 -25.518898
v -16.188633 -2.650154 -27.581961
v -16.355495 -3.394485 -27.022346
v -20.215290 -1.153503 -25.491697
v -19.799343 -0.468018 -26.087055
v -20.947603 -0.574776 -26.918447
v -20.536119 0.042419 -27.556162
v -20.830452 -0.270897 -27.935953
v -21.308535 -1.260994 -26.321987
v -20.440647 -1.748596 -25.108526
v -21.530226 -1.916443 -25.883162
v -21.643810 -2.099701 -26.146954
v -21.546005 -1.478371 -26.792631
v -21.254677 -0.853043 -27.377403
v -20.344658 0.234947 -28.351952
v -20.904440 -0.249336 -27.922506
v -21.323582 -0.777786 -27.347866
v -21.601538 -1.425644 -26.808674
v -21.675739 -2.011177 -26.225134
v -21.717880 -1.927338 -26.204918
v -21.890812 -1.915840 -26.347668
v -21.647331 -1.272522 -26.752958
v -21.907772 -1.264107 -26.926971
v -21.343664 -0.695221 -27.271790
v -21.650217 -0.688110 -27.477882
v -20.993824 -0.169380 -27.797714
v -21.248524 -0.151665 -27.980324
v -20.603983 0.255623 -28.403791
v -20.410866 0.278946 -28.294428
v -20.629974 -2.041679 -29.636850
v -20.316998 -1.586235 -29.785915
v -20.394997 -0.916000 -29.401766
v -21.587841 -2.551201 -28.044182
v -21.412382 -3.434639 -28.035698
v -21.627613 -2.995979 -27.432268
v -21.312984 -3.194237 -28.545515
v -21.300173 -2.007408 -28.652100
v -21.052397 -2.699448 -29.227900
v -20.907688 -1.403496 -29.130932
v -13.281796 7.074753 -43.860992
v -13.363220 7.002182 -43.908936
v -13.714993 7.670433 -43.303341
v -13.276245 7.013535 -43.899696
v -13.320769 6.942421 -43.911964
v -13.586894 7.753586 -43.263142
v -13.955962 8.486282 -42.347675
v -14.223594 8.452492 -42.348782
v -14.213611 7.216484 -43.337639
v -13.663498 6.593224 -43.976089
v -13.587893 6.515717 -43.985641
v -14.144352 5.954796 -43.918087
v -14.034210 5.864799 -43.925079
v -14.509001 5.321243 -43.589592
v -14.597430 5.382126 -43.574532
v -14.796122 5.029228 -43.277618
v -14.860999 5.059898 -43.264931
v -14.843967 4.980553 -43.225628
v -14.889834 4.989502 -43.169594
v -15.400422 5.484802 -42.578667
v -15.427666 5.366539 -42.471672
v -14.878125 8.038811 -42.284725
v -15.375426 7.481262 -42.124165
v -15.937273 5.916962 -41.495770
v -15.983157 6.170731 -41.592228
v -15.779555 6.869865 -41.897137
v -15.143622 6.010483 -42.937767
v -14.696027 6.606018 -43.207058
v -15.898196 6.121628 -41.442448
v -15.862692 6.047188 -41.462696
v -15.573385 6.704132 -41.767239
v -15.620758 6.833595 -41.707134
v -15.157741 7.372330 -41.964199
v -15.198801 7.427673 -41.894409
v -14.726716 7.992760 -42.091286
v -14.620206 7.940178 -42.177074
v -14.110121 8.439964 -42.210743
v -14.042619 8.407402 -42.245270
v -10.723471 4.107368 -42.439758
v -9.894577 5.595924 -42.219112
v -10.815037 3.979355 -41.685696
v -9.801291 5.753731 -43.328941
v -10.595110 4.014297 -42.485714
v -9.606266 5.650269 -43.397995
v -8.553228 5.657364 -43.558914
v -9.326616 3.980888 -42.281219
v -7.380239 5.231903 -43.889355
v -8.104200 3.607887 -42.403072
v -7.352625 5.245445 -43.858482
v -8.077208 3.620346 -42.371284
v -7.289327 5.281921 -43.778912
v -8.014821 3.655006 -42.290195
v -7.167751 5.322884 -43.658569
v -7.895728 3.690971 -42.165585
v -6.204266 4.202995 -40.707672
v -5.167404 5.775589 -42.091965
v -7.077365 2.527901 -39.514221
v -8.826144 2.063744 -40.901886
v -8.943021 2.032799 -41.030891
v -9.004547 1.999939 -41.113537
v -9.031040 1.988602 -41.146275
v -10.106045 2.253334 -41.081936
v -11.616940 2.360962 -41.653496
v -11.782946 2.511917 -41.609680
v -12.153456 2.666687 -41.247871
v -12.139126 4.219780 -40.754719
v -11.488368 4.740128 -40.958893
v -12.349715 5.618706 -40.336422
v -11.149129 5.503586 -41.180382
v -11.959626 6.216675 -40.605961
v -10.844612 6.283714 -41.478062
v -11.573763 6.837692 -40.957638
v -12.654396 7.339348 -40.688667
v -12.997198 6.970787 -40.375687
v -13.835196 7.835052 -40.909004
v -14.373720 7.138985 -40.639336
v -14.986223 7.341461 -41.568169
v -15.491411 6.625824 -41.356087
v -15.536964 6.651772 -41.751667
v -15.867326 5.950638 -41.413834
v -12.850695 5.061172 -40.222832
v -14.920911 6.427406 -40.442493
v -15.810336 5.909676 -41.247162
v -15.168666 5.799911 -40.347862
v -15.907289 5.757248 -41.418316
v -15.819221 5.714951 -41.271935
v -15.175792 5.575958 -40.371845
v -14.079048 5.491898 -40.076115
v -13.758699 5.983299 -40.048271
v -13.370763 6.481354 -40.175282
v -13.396276 4.474258 -40.174129
v -12.835797 3.701607 -40.621918
v -14.908867 -2.944115 -16.646803
v -14.712293 -2.343445 -16.540207
v -14.164861 -1.723770 -16.784075
v -13.790328 -1.210419 -17.276241
v -12.581626 -1.191429 -17.279724
v -12.162672 -1.337273 -17.141127
v -14.840275 -3.032387 -16.644897
v -14.326124 -1.291237 -17.188719
v -14.673711 -1.843170 -16.687456
v -15.041225 -2.387794 -16.498943
v -14.999993 -2.906548 -16.634581
v -15.741319 -2.675728 -16.589247
v -15.724502 -2.512199 -16.537096
v -15.757193 -2.095596 -16.641201
v -15.901872 -1.659492 -17.019972
v -15.110893 -2.403351 -16.490692
v -16.211264 -0.785072 -18.451199
v -14.502275 -0.436913 -18.461668
v -13.695754 -0.352013 -18.571449
v -12.307149 -0.268799 -18.749817
v -12.123795 -0.299583 -18.788532
v -10.294464 -0.239563 -18.700285
v 4.870382 -7.979729 -31.463514
v 5.649011 -6.548561 -33.946114
v 6.231633 -4.812355 -35.704002
v -9.777916 1.670143 -45.984489
v -10.981894 2.324341 -45.966660
v -10.762049 2.774910 -46.271297
v -11.898423 2.746330 -45.997616
v -11.687494 3.252617 -46.335403
v -10.215098 0.701309 -45.070770
v -11.422203 1.481895 -45.176369
v -11.166349 1.883247 -45.624851
v -12.124530 2.266479 -45.630753
v -12.754887 4.288200 -45.702332
v -12.365541 4.819458 -45.850662
v -10.578620 3.342186 -46.525162
v -11.472408 3.844963 -46.606602
v -11.914122 5.334610 -45.905903
v -13.585905 6.388596 -44.341343
v -13.274903 6.915039 -44.315720
v -13.986889 5.725090 -44.256229
v -13.162640 3.785789 -45.507992
v -12.369122 1.821594 -45.160801
v -11.735813 1.088913 -44.626850
v -10.404392 0.268051 -44.520660
v -8.576181 -0.690109 -44.378437
v -8.669201 -0.816833 -44.154747
v -8.219859 -0.918114 -43.897152
v -8.308697 -0.814819 -43.691235
v -8.111792 -0.807877 -44.123169
v -13.391693 7.096359 -44.116585
v -13.346619 7.157158 -44.063374
v -13.697321 6.531929 -44.156044
v -14.112651 5.869308 -44.112068
v -14.492628 5.212776 -43.951488
v -13.512559 3.261780 -45.218624
v -12.620811 1.446465 -44.605915
v -11.808273 0.926498 -44.400246
v -10.493896 0.128647 -44.313236
v -8.702090 -0.739426 -43.924297
v -8.691904 0.442749 -42.606434
v -10.482725 0.177017 -44.079380
v -11.856989 0.894760 -44.096359
v -12.673747 1.411491 -44.252964
v -13.842360 2.816177 -44.746758
v -14.870186 4.846329 -43.629810
v -14.601737 5.359100 -43.767174
v -13.346295 7.218666 -44.006142
v -15.011095 4.996368 -43.420292
v -15.038209 4.963562 -43.336048
v -15.104258 4.454605 -43.199345
v -15.129478 4.493599 -43.160530
v -15.020850 4.083954 -43.034618
v -14.981236 4.290894 -43.393906
v -14.814771 3.796562 -43.303047
v -13.878498 2.591103 -44.484051
v -12.670107 1.394295 -43.930935
v -12.349177 1.820129 -43.124443
v -10.250685 1.163063 -42.694473
v -12.538836 1.916847 -43.053425
v -13.796000 2.394035 -44.168369
v -14.564558 3.433945 -43.096699
v -14.798738 3.807785 -42.686096
v -15.527605 4.908760 -42.214882
v -15.555635 5.169922 -42.442539
v -15.077536 4.973648 -43.261768
v -15.512712 5.294800 -42.480564
v -15.349853 4.711624 -41.812813
v -14.064276 3.440567 -41.806545
v -13.582105 2.839851 -42.382221
v -14.641993 4.456123 -40.917171
v -15.090135 7.316704 -41.986580
v -14.558542 7.920555 -42.172359
v -13.943703 8.445137 -42.240925
v -13.782578 8.512520 -42.331875
v -13.826366 8.461220 -42.091175
v -13.635455 8.498146 -42.230061
v -13.079155 8.246170 -41.292511
v -13.304297 8.213280 -41.187366
v -14.427917 8.004646 -41.813030
v -11.476922 5.883606 -45.763809
v -12.762696 7.167854 -44.347725
v -12.232792 7.144806 -44.413204
v -12.475151 7.385139 -44.129173
v -12.067698 7.349312 -43.860352
v -13.133042 8.013962 -43.244465
v -12.794466 8.025558 -42.911552
v -7.095782 2.286629 -46.909714
v -7.372093 1.623459 -46.580997
v -9.273021 2.758759 -46.615524
v -8.996878 3.341103 -46.828175
v -10.406690 4.020012 -46.752003
v -11.269279 4.496124 -46.785042
v -12.890847 7.324905 -44.151043
v -12.922281 7.355827 -44.109543
v -13.438537 7.915314 -43.352825
v -13.549041 7.841232 -43.324883
v -11.286264 7.043022 -43.001007
v -12.116358 7.731300 -42.003109
v -11.779047 7.046120 -44.294380
v -11.212358 6.048477 -45.630405
v -11.165545 4.814690 -46.684708
v -10.292360 4.269394 -46.823994
v -8.888866 3.633759 -46.888435
v -6.983092 2.612373 -46.975063
v -6.508306 2.309601 -46.867710
v -6.600896 1.993843 -46.766895
v -5.808075 2.214478 -46.480721
v -5.861520 1.909599 -46.342045
v -10.924644 6.117538 -45.402962
v -11.038914 5.074944 -46.560932
v -10.201505 4.545456 -46.743252
v -8.770178 3.935257 -46.787624
v -6.899191 2.965660 -46.887009
v -6.482087 2.673416 -46.829395
v -5.837121 2.568520 -46.491695
v -2.731041 2.347992 -44.984665
v -2.774761 1.960655 -44.869110
v -3.070780 1.320320 -44.496891
v -6.686127 3.934555 -45.409550
v -6.793589 3.961723 -45.464466
v -6.900860 3.988976 -45.519157
v -8.575274 4.812798 -45.352760
v -10.112156 5.479774 -45.065418
v -10.269106 5.629822 -45.022511
v -10.769110 6.487648 -43.591709
v -2.751714 2.777893 -44.960449
v -3.675718 4.310493 -43.904930
v -8.282693 -0.202950 -45.028290
v -7.781631 -0.392693 -44.762043
v -7.072072 -0.470856 -44.335724
v -6.517398 0.306496 -45.263554
v -7.270983 0.387436 -45.699974
v -6.074988 1.286865 -45.991753
v -6.837248 1.349922 -46.404655
v -7.819138 0.642189 -45.939823
v -8.581009 0.416512 -42.553616
v -8.470161 0.390312 -42.500786
v -7.704533 -0.844742 -43.367622
v -7.568555 -0.950134 -43.540546
v -7.421195 -0.843231 -43.746742
v -4.277089 -0.564232 -42.706219
v -3.637179 0.293114 -43.712067
v -4.564893 -0.840134 -42.144657
v -4.752087 -0.926674 -41.909756
v -4.912015 -0.797180 -41.703102
v -5.919578 0.683098 -40.716515
v -16.476864 -0.269569 -41.003574
v -17.047321 0.754745 -41.281525
v -16.244862 0.205299 -41.468861
v -16.024738 0.713753 -41.902027
v -15.031840 0.128304 -41.930473
v -14.828377 0.717194 -42.267754
v -13.398793 -0.105438 -42.563717
v -13.079715 0.488861 -42.872677
v -10.814223 -0.839783 -43.202045
v -10.667939 -0.495491 -43.290142
v -10.157562 -0.698784 -43.209480
v -15.681036 -1.153206 -40.560123
v -16.713491 -0.695236 -40.425758
v -17.279461 0.241455 -40.805271
v -19.266279 2.566017 -40.186150
v -16.851536 1.312431 -41.722134
v -15.785834 1.322350 -42.269215
v -14.625809 1.431511 -42.579681
v -12.945914 0.794022 -42.972004
v -10.517710 -0.122192 -43.206161
v -15.260219 -0.323570 -41.538086
v -15.440501 -0.768204 -41.112030
v -14.352773 2.400208 -37.942593
v -12.551005 1.440666 -37.925060
v -10.660452 0.564018 -37.961956
v -10.622473 0.574913 -37.932220
v -10.532719 0.606430 -37.855236
v -10.370045 0.633751 -37.741070
v -8.089118 0.887405 -36.713551
v -19.192631 4.161232 -40.497196
v -19.759140 4.831322 -40.268391
v -20.727448 5.880394 -39.594364
v -20.087185 4.213593 -40.030937
v -19.326927 3.638031 -40.339798
v -19.564674 2.901169 -39.929142
v -19.828323 2.383247 -39.265495
v -19.996742 2.148888 -38.774292
v -20.663839 2.566673 -38.329578
v -21.247456 5.296791 -39.255302
v -21.547382 4.683037 -38.775978
v -21.672104 3.516327 -37.570324
v -20.586479 2.964081 -38.961151
v -21.731413 4.085678 -38.218388
v -20.345539 3.539909 -39.559879
v -21.574793 3.577332 -37.409523
v -21.565184 4.205307 -38.033009
v -21.358463 4.813194 -38.545353
v -21.085138 5.406456 -39.061081
v -20.614712 5.979614 -39.465652
v -7.351619 -1.803871 -27.466297
v -6.616158 -0.626923 -30.091719
v -6.256377 0.897644 -32.089119
v -13.167373 -2.889252 -33.972343
v -10.234837 -2.618011 -32.570393
v -13.396823 -2.885773 -34.080856
v -13.526182 -2.898407 -34.160583
v -13.580027 -2.900940 -34.191208
v -9.576221 -1.314400 -34.810364
v -12.486382 -1.182777 -35.746033
v -12.719085 -1.184387 -35.849396
v -12.849520 -1.198891 -35.927242
v 4.041743 11.208313 -27.151917
v 3.978785 10.005905 -24.956717
v 6.383558 10.327789 -24.296083
v 6.582870 10.341560 -24.278913
v 6.704952 10.333191 -24.277485
v 6.754353 10.332069 -24.275076
v -1.627589 12.223999 -19.619844
v 2.609973 15.620323 -24.314287
v 2.204991 14.525581 -23.424086
v 1.725790 14.287102 -24.286873
v 1.435047 13.933380 -22.647144
v 0.795012 13.567009 -23.443426
v 0.727045 13.306152 -21.849298
v -0.613779 12.861946 -23.639402
v -1.653601 12.504242 -22.804190
v -0.225932 12.778381 -20.884247
v -1.757930 12.467209 -22.726871
v -0.358222 12.720200 -20.765537
v -3.041717 11.963112 -21.606535
v -4.494116 11.811874 -23.576923
v -3.043851 12.389267 -24.766846
v -1.943084 12.976051 -25.493273
v -3.193715 12.325165 -24.674063
v 2.377614 15.455452 -25.036310
v 1.208820 14.116821 -25.079193
v 0.112524 13.287567 -24.195484
v -0.422515 13.423309 -25.100042
v -1.023378 13.645081 -25.990805
v 0.591562 14.160599 -25.824793
v -0.112365 14.266617 -26.566786
v 0.770605 15.349846 -26.855833
v 1.388547 15.316818 -26.398012
v 1.203110 17.320053 -26.906075
v 1.953888 17.395554 -25.944918
v 1.175501 18.894836 -25.525023
v 0.443260 18.782700 -26.455734
v 0.073193 18.995857 -26.124079
v -0.479858 18.659843 -26.968687
v 1.922527 15.343842 -25.741201
v -0.223311 18.587776 -27.153152
v -0.417231 18.747559 -26.882624
v -0.589996 18.747131 -26.978075
v -0.681880 18.566872 -27.084450
v -0.596554 18.376015 -27.144690
v 0.587947 17.156502 -27.540829
v 0.194128 16.861717 -27.464729
v 1.990719 19.011116 -23.621298
v 1.368409 19.137527 -24.369907
v 1.364144 19.213844 -24.408705
v 0.714785 19.141418 -25.256535
v 0.100961 19.075836 -26.119402
v 0.767176 19.235252 -25.297468
v 2.628834 17.532387 -24.934118
v 1.852693 18.935524 -24.547857
v 2.063256 18.938423 -23.524124
v 2.027265 19.033974 -23.433105
v 2.119747 18.874634 -23.289112
v 2.286742 18.711861 -23.292385
v 2.316201 18.865524 -23.700668
v 3.067165 17.458725 -24.138294
v 3.031763 17.304214 -23.742092
v -2.918717 16.405533 -18.930220
v -6.066472 16.446281 -23.032698
v -5.941480 16.667168 -22.739571
v -5.583445 17.026596 -22.133747
v -4.773551 17.404648 -20.917812
v -3.930676 17.304451 -19.792204
v -3.329878 17.067162 -19.122049
v -3.124655 16.973251 -18.926153
v -2.152744 17.164627 -19.913841
v -2.363811 17.288269 -20.136787
v -3.844761 17.576859 -21.701012
v -4.213519 17.453308 -22.220287
v -4.513036 17.177193 -22.848791
v -4.794192 16.757790 -23.582279
v -4.935166 16.606834 -23.833778
v -3.476846 17.615005 -21.175444
v -3.452710 17.834976 -22.040762
v -3.852498 17.726685 -22.636454
v -4.206673 17.461090 -23.304129
v -4.488066 17.043190 -24.011204
v -4.504766 16.675926 -24.293230
v -2.976503 17.516510 -20.668505
v -3.021281 17.893822 -21.465117
v -3.139294 17.737015 -22.269018
v -3.562078 17.643532 -22.905596
v -3.931034 17.375221 -23.575172
v -4.146976 16.947357 -24.318247
v -4.215765 16.661049 -24.602026
v -3.098595 17.315575 -25.647409
v -3.310385 16.543030 -25.581417
v -2.933640 16.781624 -25.901432
v -2.452157 15.335693 -26.143726
v -1.066586 15.948647 -27.007578
v -2.730947 17.578476 -25.927122
v -2.581079 18.004799 -25.664017
v -2.345079 18.138626 -25.859623
v -2.292332 18.170372 -25.896679
v -1.724202 17.496094 -26.722322
v -1.861394 18.016441 -26.467352
v -1.773856 18.342567 -26.200083
v -1.666773 18.406967 -26.081196
v -2.090964 18.343773 -25.432375
v -2.135742 18.336586 -25.344000
v -2.381363 18.242249 -25.016178
v -2.131641 18.293701 -24.301704
v -1.698565 18.312584 -23.441528
v -2.675308 17.809860 -21.661917
v -2.151251 18.376289 -25.240646
v -1.907971 18.407043 -24.477112
v -1.504430 18.461456 -23.594376
v -1.008240 18.425720 -22.773563
v -2.149865 17.707207 -21.078289
v -2.497478 17.802040 -20.896872
v -1.901710 17.551636 -20.372269
v -0.395418 18.474434 -22.315645
v -0.779328 18.538651 -22.942602
v -1.359506 18.285278 -23.678488
v -1.796348 18.198639 -24.556250
v -1.956776 18.115562 -25.161449
v -1.983813 18.101715 -25.262678
v -1.953971 18.123894 -25.342167
v -1.564661 18.369125 -25.986084
v -0.645820 18.332672 -22.992069
v -0.105673 18.330147 -22.645615
v -0.118850 18.611832 -22.478441
v -0.010123 18.582603 -22.455349
v 0.188731 18.327644 -21.898127
v 0.440071 18.460495 -22.075018
v 0.437407 17.948990 -21.618639
v 0.489638 18.491302 -22.116840
v 0.088800 18.595512 -22.470543
v 0.845625 18.692131 -22.671007
v -0.015347 18.329727 -22.587467
v 0.068662 18.357735 -22.593666
v 0.790713 18.636444 -22.789059
v 0.932591 18.650024 -22.526299
v 1.196552 18.364220 -22.316177
v 1.540400 17.869926 -22.288757
v 0.426504 17.179474 -21.328583
v 2.136202 16.385948 -22.606716
v 0.954257 15.747841 -21.501495
v 0.330252 15.426483 -21.079693
v -2.353221 14.522537 -19.158068
v -0.927621 14.898247 -20.263596
v -1.901899 16.795639 -19.794306
v -1.354101 16.790802 -20.128704
v -0.755506 14.956978 -20.319080
v -0.937686 16.696457 -20.324457
v -0.009508 17.018105 -20.991375
v 0.074936 17.691742 -21.328230
v -1.488720 17.415634 -20.605339
v -1.195425 17.103340 -20.427984
v -1.594034 17.164391 -20.239561
v -0.630789 18.894142 -24.258915
v -1.304104 18.451813 -23.735554
v -0.588206 18.455444 -23.026344
v -1.757792 18.319580 -24.616137
v -1.166108 18.779037 -25.102177
v -1.941160 18.193741 -25.213259
v -1.513738 18.479782 -25.827658
v 0.642510 18.724548 -22.900854
v -0.058735 18.411552 -22.655136
v -0.425381 19.017830 -26.828485
v 0.123785 19.461494 -26.092350
v 0.711545 19.608086 -25.281900
v 0.022701 18.914108 -23.488451
v 1.322594 19.591972 -24.469213
v 1.906348 19.272598 -23.670721
v -0.349879 18.822517 -26.903671
v 0.240782 19.179916 -26.161070
v 0.852334 19.277725 -25.363228
v 1.429637 19.309563 -24.551147
v 2.019872 19.081871 -23.693935
v -3.016432 15.015625 -25.644838
v -4.200567 16.251488 -24.817331
v -3.968311 14.511154 -24.746841
v -4.524147 16.349541 -24.498407
v -4.068793 14.458611 -24.594492
v -5.480029 14.069092 -23.492437
v -6.112330 16.079857 -23.264185
v -4.973984 16.319489 -24.052904
v 6.816351 6.274292 -16.847649
v 6.967390 7.700859 -19.032650
v 6.727669 7.640312 -19.090363
v 7.056228 6.339005 -16.796581
v 7.117155 7.720688 -19.011969
v 7.206118 6.360397 -16.778282
v 7.177356 7.731659 -19.001806
v 7.266438 6.372360 -16.769562
v 7.029948 9.111755 -21.155716
v 7.269683 9.168068 -21.091204
v 7.419396 9.186378 -21.068106
v 7.479575 9.196426 -21.056465
v -0.843955 84.009682 -0.781721
v -0.235720 83.536736 -1.183206
v -0.428395 83.640694 -0.641788
v -0.895235 82.940666 1.323113
v -0.995410 82.978233 1.130289
v -0.751870 83.780067 1.254479
v -0.792233 83.073921 1.003584
v -1.104489 82.995003 1.055853
v -1.171700 83.105110 0.557697
v -1.742436 83.195122 1.545181
v -1.006045 83.556358 -0.051736
v -1.459543 84.034767 0.444097
v -0.748735 83.568962 -0.589650
v -0.400276 83.469856 -0.556513
v -0.397550 83.349983 -0.504612
v -0.684651 83.272606 -0.496424
v -0.092726 83.316032 -0.293706
v -0.786965 83.276604 -0.191520
v -0.306473 83.281334 0.162068
v -0.677375 83.275520 0.158764
v -0.524843 83.248665 0.185159
v -1.559089 82.840691 1.473910
v -0.299587 84.059044 0.444078
v -0.460094 83.234245 0.403865
v -0.520372 83.845695 0.809216
v -0.800936 85.891045 1.554016
v 0.107520 86.167061 -0.116062
v -0.007180 83.948143 -0.401984
v -0.050077 83.803505 -0.631006
v -1.101918 83.704918 1.610743
v -1.374116 84.020790 1.910279
v -2.352974 84.986946 3.307955
v -1.752325 84.067909 2.816733
v -2.162097 83.760246 3.602390
v -1.820926 83.767433 3.276374
v -2.147868 82.746391 3.553542
v -1.765450 82.724220 2.938373
v -2.256621 82.850609 3.201367
v -1.932230 82.749153 2.729914
v -2.287601 83.149895 3.025330
v -1.736491 82.699226 2.075282
v -1.473675 82.790184 1.885100
v -1.278747 82.790199 1.861791
v -1.454578 82.920677 1.865380
v -1.359674 82.759193 2.052525
v -1.562932 82.724922 2.666838
v -1.759358 82.781654 2.766558
v -1.456184 83.784904 2.392081
v -2.244947 82.635414 3.652829
v -2.172055 82.777992 3.596773
v -2.283052 82.673286 3.624432
v -2.768135 83.365059 3.509731
v -2.915863 82.738213 4.104007
v -3.708078 82.640312 4.655985
v -3.280377 82.553230 4.457368
v -3.493351 82.550529 4.818776
v -3.169729 82.552528 4.603805
v -3.105523 83.540016 4.605939
v -2.889262 82.566963 4.371156
v -2.866677 82.587349 4.177283
v -2.591614 82.516502 3.984964
v -2.477005 82.523811 4.003022
v -2.523587 83.369438 4.056383
v -2.905184 83.630577 4.349985
v -3.471498 85.005608 4.642001
v -3.621253 83.708153 4.890656
v -4.641743 85.019554 5.118199
v -4.636868 83.837730 5.143717
v -5.651819 83.699806 4.892406
v -3.631070 82.690880 4.851269
v -2.831063 82.598137 4.295319
v -2.735806 82.595116 4.248178
v -4.072878 84.025841 4.307361
v -4.633689 82.981361 4.750977
v -4.435855 82.563225 5.001817
v -4.633078 82.866142 4.910799
v -4.639031 84.232201 4.512877
v -5.203824 84.021187 4.308336
v -4.631735 82.602730 5.213958
v -4.631670 82.562050 5.096128
v -4.399259 82.455803 5.140343
v -4.863124 82.453896 5.140743
v -4.865990 82.465050 5.243126
v -5.347860 82.457817 5.137476
v -5.142697 83.359230 5.225436
v -4.634655 83.304878 5.171342
v -4.126985 83.363396 5.224560
v -3.668535 82.540886 5.001960
v -3.679048 82.495430 4.955651
v -3.950065 82.536278 4.903905
v -4.827649 82.561638 5.002155
v -4.396308 82.466988 5.242721
v -3.914577 82.463707 5.136241
v -3.922251 82.458031 5.047693
v -5.594759 82.532997 5.003620
v -5.340292 82.452202 5.048915
v -5.313370 82.530663 4.905080
v -5.556628 82.632713 4.657601
v -5.583953 82.487617 4.957293
v -5.633716 82.682869 4.852984
v -5.770331 82.541176 4.820738
v -6.166641 83.527443 4.608578
v -6.094329 82.540535 4.606326
v -6.375306 82.552650 4.374160
v -5.983944 82.542137 4.459698
v -6.398393 82.572838 4.180328
v -6.350573 82.724098 4.106968
v -6.433890 82.583336 4.298424
v -6.673195 82.499733 3.988482
v -6.529200 82.579521 4.251447
v -6.368157 83.616341 4.352970
v -5.812654 84.995995 4.644019
v -6.933285 84.968132 3.311903
v -6.504469 83.349693 3.512952
v -6.983655 82.653969 3.628483
v -6.787828 82.506111 4.006738
v -6.748102 83.352089 4.060024
v -7.113572 83.739922 3.606658
v -7.527211 84.044182 2.821711
v -7.906582 83.993965 1.915910
v -7.821748 83.758751 2.397568
v -8.495717 85.859444 1.560648
v -7.910415 82.732292 2.058171
v -7.705825 82.699715 2.672132
v -7.533081 82.675423 2.080278
v -7.336629 82.726952 2.734572
v -6.984054 83.130608 3.029378
v -7.012271 82.831078 3.205466
v -7.119557 82.725975 3.557826
v -7.095555 82.757759 3.601017
v -7.021399 82.615791 3.656946
v -7.502840 82.700661 2.943319
v -7.455352 83.744301 3.281230
v -7.509699 82.758049 2.771514
v -8.983915 84.023354 0.451563
v -9.409286 86.127968 -0.107859
v -9.276859 83.910072 -0.393994
v -8.527959 83.748131 1.261181
v -8.176693 83.675865 1.616841
v -8.971128 83.245735 0.169536
v -8.752457 83.214882 0.192251
v -9.185938 83.278679 -0.285868
v -8.853547 83.606087 -0.634526
v -8.881767 83.315132 -0.497299
v -9.233170 83.765770 -0.623091
v -9.046295 83.500557 -1.175612
v -8.441274 83.978493 -0.775173
v -7.823800 84.008644 0.449583
v -8.274208 83.526512 -0.045471
v -8.532539 83.536995 -0.582941
v -8.880115 83.435036 -0.549204
v -8.594027 83.240120 -0.489606
v -8.491222 83.244957 -0.184879
v -8.600197 83.242989 0.165592
v -8.816708 83.199913 0.411067
v -8.760756 83.811836 0.816318
v -8.482231 83.042336 1.010212
v -8.103802 83.076637 0.563672
v -7.532123 83.171349 1.550171
v -7.796961 82.764229 1.890549
v -7.817164 82.894539 1.870864
v -7.991923 82.762627 1.867576
v -8.377586 82.909935 1.329562
v -8.278056 82.948326 1.136566
v -8.169247 82.965996 1.061942
v -7.712675 82.815422 1.479215
v -0.597347 85.813484 2.883850
v -0.033312 83.908592 1.992826
v 0.163135 84.078239 1.885897
v -1.971844 88.994392 3.750803
v -1.295863 89.011299 3.466354
v -1.270976 89.761986 3.368988
v -1.193387 88.271996 3.509841
v -2.100245 88.260536 3.831532
v -1.891635 87.736641 3.757735
v -2.526812 87.961800 4.056884
v -1.796096 87.383736 3.566991
v -1.832458 87.249107 3.565875
v -1.039406 87.085258 3.378512
v -1.137624 86.841240 3.284648
v -0.285699 86.867271 3.125989
v -0.452062 86.463722 2.914024
v -0.351713 86.034294 2.672211
v 0.359585 84.247993 1.778959
v 0.768046 82.358421 1.173612
v 0.711319 82.272240 1.352426
v -0.619883 89.028191 3.181911
v 0.386240 94.822594 0.531929
v 0.582335 92.294090 1.324472
v 1.519852 92.742287 -1.005625
v 0.973901 91.655968 0.516651
v 0.550873 91.454964 2.023397
v 1.085185 90.419762 1.082492
v 0.635002 91.051872 2.150607
v 0.521880 90.279900 1.744280
v 0.645207 89.052544 1.926572
v 0.250885 89.888161 2.005051
v -0.286528 88.283424 3.188150
v -1.005482 87.503685 3.547848
v -0.119328 87.270729 3.337961
v 0.290553 86.241234 2.066554
v -1.072399 95.776909 1.730014
v -3.472729 92.733940 5.047976
v -1.612532 93.019035 3.668490
v -0.823397 93.138405 3.032916
v -0.113094 93.115700 2.640217
v 0.073768 92.295799 2.988262
v 0.184839 91.683937 3.218722
v 0.356222 90.736626 2.511723
v -0.021834 90.285103 2.555961
v -0.160774 89.869728 2.501525
v -0.660399 89.744331 3.152751
v -2.446552 89.457832 3.628588
v -2.771303 88.826241 3.887115
v -1.988181 89.841408 3.462844
v -1.337528 89.840950 3.327564
v -0.805152 89.859306 3.096354
v -0.358698 89.965981 2.596796
v -0.343767 90.188683 2.776942
v -0.294575 90.681831 3.106865
v 0.190539 91.193092 3.279178
v -0.740864 91.130791 3.906618
v -0.795067 91.648186 4.081231
v -1.907030 90.590599 4.890102
v -2.064312 90.948341 5.375073
v -1.648094 91.005913 3.504447
v -1.916151 91.675148 5.324480
v -0.784769 92.348045 3.772015
v -2.947675 91.678352 5.673628
v -3.002028 90.781792 5.735012
v -3.821673 90.418587 5.611748
v -3.600433 90.393852 4.860596
v -3.279967 90.379021 4.928608
v -3.099619 90.452415 3.589577
v -2.593524 90.484749 4.909367
v -2.438678 90.770226 3.663950
v -1.703308 90.811394 3.435397
v -1.137477 90.669868 3.305968
v -0.939339 90.962334 3.205350
v -0.599213 90.507118 3.039702
v -0.558568 90.155235 2.828424
v -0.748194 90.351433 3.060966
v -1.192485 90.428505 3.244158
v -1.689319 90.549629 3.347196
v -2.292565 90.621956 3.391234
v -2.752712 90.311852 3.275856
v -2.882957 90.178017 3.416602
v -3.141960 89.798119 3.703711
v -2.921264 89.921257 3.506374
v -2.346174 89.923866 3.386850
v -2.217441 89.994499 3.269325
v -1.984612 89.881050 3.397589
v -2.234474 90.386345 3.304104
v -2.487119 90.177940 3.179484
v -2.755942 90.168678 3.287697
v -2.716205 89.966072 3.302644
v -2.450259 90.107674 3.141097
v -2.468621 90.126274 3.161192
v -7.405072 91.632668 5.335901
v -8.544517 91.616371 4.087911
v -7.246961 90.906273 5.386260
v -6.365260 91.648308 5.684346
v -6.296968 90.752327 5.746274
v -5.325452 91.664177 6.032777
v -5.346971 90.598183 6.106303
v -5.147400 90.651375 5.802098
v -5.503564 90.414803 5.614974
v -4.662233 90.611061 5.623277
v -4.662790 90.389977 5.626066
v -3.971236 90.315392 5.497153
v -3.836681 89.826439 5.047528
v -3.503220 89.551552 4.599159
v -3.167228 88.700478 4.617580
v -4.072928 89.258980 5.234487
v -3.982268 88.250771 5.714443
v -3.213136 88.197533 4.734205
v -8.594769 91.098534 3.913388
v -7.675017 90.964058 3.509304
v -7.411459 90.554314 4.895591
v -6.878704 90.723015 3.681645
v -6.727107 90.456779 4.921297
v -6.230890 90.439491 3.592763
v -6.042850 90.359230 4.946780
v -5.727608 90.386345 4.862930
v -5.354483 90.311043 5.498868
v -4.662080 90.147636 5.675292
v -4.133482 90.028008 5.550415
v -4.295702 89.740685 5.603742
v -4.260640 88.711769 6.428590
v -4.213914 87.551140 6.829530
v -4.650499 87.561623 7.072724
v -4.645650 86.425514 7.284239
v -4.656254 88.859367 6.578448
v -4.661368 89.905190 5.724548
v -5.190059 90.024422 5.551499
v -5.486397 89.820274 5.049204
v -5.818346 89.542046 4.601155
v -6.183161 89.785622 3.706333
v -6.545507 88.810753 3.890368
v -6.875880 89.439629 3.632406
v -7.346553 88.972298 3.755435
v -7.337773 89.819466 3.467456
v -5.025660 89.737907 5.604129
v -5.245159 89.254158 5.235497
v -6.147304 88.688225 4.620150
v -6.782596 87.944313 4.060552
v -7.211983 88.239555 3.835940
v -5.326708 88.245247 5.715601
v -6.097064 88.185677 4.736701
v -5.050901 88.708534 6.429271
v -5.087401 87.547539 6.830284
v -8.846935 86.429314 2.921251
v -8.696370 85.780235 2.890831
v -8.562385 86.327660 3.281103
v -8.163862 86.812370 3.290704
v -7.928935 86.670235 3.557064
v -6.370678 86.839348 4.551621
v -5.995640 86.989265 5.004792
v -5.716239 87.070305 6.027609
v -5.132541 86.363701 6.902458
v -5.828622 85.835518 5.249829
v -5.686753 85.942970 5.269068
v -5.310437 86.078178 5.823390
v -5.458046 85.986031 6.111850
v -5.775142 86.356102 6.287248
v -6.082717 86.740623 4.967259
v -6.214530 86.506371 4.279561
v -6.297592 86.082527 4.931878
v -7.486117 86.444420 3.743543
v -6.389060 85.780434 4.207243
v -5.911538 85.566689 4.678057
v -5.748642 85.802925 4.842205
v -5.497106 86.180397 5.230789
v -5.027516 86.141258 5.412700
v -4.906435 85.866982 5.678200
v -5.308027 85.916252 4.999713
v -5.366845 85.518028 5.040254
v -5.844622 85.120186 4.603116
v -5.275200 85.371376 5.079915
v -4.643409 85.522850 5.583673
v -7.861288 85.945320 3.527902
v -8.165188 86.208870 3.502301
v -8.448563 85.561531 3.102044
v -8.207111 85.233330 3.056034
v -9.246265 83.870720 2.000780
v -7.454206 85.236534 3.823164
v -6.963737 85.431374 3.902670
v -6.473267 85.626198 3.982178
v -7.127728 84.566032 4.312273
v -8.030695 84.328789 3.321781
v -8.978374 83.590828 2.232868
v -9.478535 82.242226 2.165921
v -9.920821 82.142601 1.540357
v -9.496222 80.698067 2.514534
v -9.827518 80.124535 2.062369
v -9.283520 79.343254 2.680840
v -10.089790 79.786476 1.765715
v -9.566872 78.491142 2.743294
v -8.809960 79.386131 3.417322
v -8.544330 82.788750 2.994730
v -9.094130 81.917946 2.114124
v -9.152092 81.313515 2.344637
v -9.978544 82.228325 1.361639
v -6.381124 83.288353 5.799089
v -7.695731 82.987434 4.498717
v -8.369193 82.449043 3.243303
v -9.035075 81.522804 2.286867
v -8.919607 81.614510 2.437218
v -8.869382 81.394722 2.598387
v -8.867472 80.519295 3.091151
v -7.814821 80.127235 4.679236
v -7.800760 81.694710 4.218090
v -8.144626 82.062904 3.835418
v -7.366632 82.294792 5.181440
v -7.368835 82.406700 4.859533
v -6.159453 82.603889 6.115011
v -8.615597 81.855980 2.833080
v -8.196095 82.189110 3.379271
v -8.675838 78.261009 4.180311
v -7.657289 79.011070 4.736965
v -6.928858 79.360878 5.628531
v -7.112028 80.563393 5.585634
v -7.200522 82.112251 5.404870
v -6.038724 82.621071 6.560248
v -4.631254 82.783287 6.632442
v -0.430335 79.420555 3.410099
v -1.429355 80.153481 4.673733
v -1.577610 79.036034 4.731726
v -0.382705 80.554131 3.083825
v -1.457080 81.720772 4.212622
v -1.116911 82.091774 3.829360
v -1.894462 82.317253 5.176724
v -1.893732 82.429192 4.854814
v -3.102527 82.616432 6.112377
v -3.222626 82.632637 6.557821
v -4.630643 82.721214 7.045616
v -6.027489 82.284798 6.680040
v -5.884801 80.683617 6.442351
v -5.836569 79.467674 6.325258
v -6.701615 77.385643 7.039102
v -2.134148 80.583824 5.581343
v -2.058681 82.133369 5.400438
v -3.360834 80.693977 6.440176
v -3.399279 79.477684 6.323157
v -3.230892 82.296288 6.677629
v -2.307351 79.379875 5.624547
v -2.515931 77.402840 7.035493
v -3.534236 77.410912 7.344290
v -4.617709 79.502174 6.713734
v -4.622491 80.706459 6.904152
v -4.629574 82.482491 7.148268
v -8.269820 76.466209 5.193237
v -5.766061 76.421684 5.891713
v -6.725994 76.673500 7.099284
v -5.677794 76.676460 7.334620
v -5.682879 77.402092 7.346142
v -4.608222 77.352730 7.479822
v -3.533382 76.685265 7.332771
v -2.485600 76.690910 7.095630
v -0.943409 76.496269 5.186935
v -3.445512 76.431206 5.889713
v -2.782051 75.919304 3.370263
v -4.604896 75.673775 3.337969
v -4.604955 75.256371 1.281118
v -8.709393 76.036308 1.353367
v -4.605310 76.279991 5.746075
v -4.605077 76.595207 7.518001
v -8.541718 77.135780 4.943309
v -0.677458 77.168053 4.936520
v 0.605586 77.058434 2.644922
v -0.506949 76.069939 1.346306
v -4.605443 75.291649 0.881831
v -11.342142 77.394814 -2.430661
v -11.188942 77.631432 0.175499
v -12.150552 78.381294 -1.849448
v -11.369511 78.695747 0.204963
v -12.097241 79.750114 -1.506590
v -11.145948 79.866508 0.322064
v -11.796726 81.102684 -1.048395
v -13.054435 76.573479 -4.869346
v -10.184487 74.906792 -1.784388
v -4.600636 74.146904 1.004866
v -17.468506 75.621346 -7.949395
v -14.743254 77.552528 -6.806363
v -15.895166 78.815300 -9.375375
v -13.609502 74.194176 -4.144257
v -9.570002 72.362938 -0.823099
v -4.595510 72.913597 1.075735
v 0.971968 74.952614 -1.794005
v 2.108033 77.450050 -2.442254
v 1.957388 77.685432 0.164168
v 0.623189 77.681877 2.796733
v -0.553895 78.294350 4.173311
v 0.332740 78.531792 2.734761
v 0.042291 79.381554 2.672801
v -7.005232 70.215462 0.277803
v -4.582591 69.826225 1.353778
v 4.085725 80.076317 -4.996572
v 4.808898 78.995140 -5.844948
v 2.909313 78.443169 -1.862430
v 2.129258 78.751167 0.193329
v 1.107836 79.495430 1.459188
v 0.843315 79.831383 1.756292
v 0.578794 80.167244 2.053408
v 0.243572 80.738060 2.506140
v -0.388823 81.429543 2.591066
v -0.645985 81.888695 2.826211
v -1.067266 82.218376 3.373126
v -0.340683 81.649742 2.429823
v -0.105896 81.350655 2.336840
v -0.224726 81.558998 2.279273
v 0.654611 82.186028 1.531242
v 1.896289 79.920082 0.310823
v 2.845353 79.811485 -1.519468
v 3.564944 81.478569 -3.637705
v 3.999764 83.013802 -5.425147
v 4.270548 82.711540 -6.282150
v 4.373547 84.876976 -6.423429
v 4.445804 84.956429 -7.645989
v 4.404199 85.184151 -6.486444
v 4.510613 85.408638 -7.543707
v 4.639109 85.536369 -6.946443
v 1.154030 82.683266 0.537132
v 2.534527 81.161507 -1.060742
v 0.852647 84.753456 0.673234
v 1.875856 83.313454 -0.577869
v 2.866252 83.003349 -2.347838
v 3.517030 83.319908 -3.811001
v 4.146366 85.187737 -5.692797
v 4.222041 85.352409 -5.922358
v 4.386280 85.421761 -6.119969
v 4.502166 85.432686 -6.443352
v 4.394557 85.568306 -6.080333
v 4.544646 85.669991 -6.441100
v 4.254925 86.363792 -5.931201
v 4.102867 87.219078 -6.224325
v 3.914833 87.338539 -5.407598
v 0.984872 87.381035 2.037804
v 1.047458 86.445808 1.143487
v 1.141232 85.180687 -0.342218
v 2.575936 84.359413 -1.988690
v 3.707816 85.523354 -4.239479
v 3.825105 87.312584 -5.143252
v 3.322989 87.167412 -3.663977
v 3.072968 88.942848 -3.634989
v 2.231802 87.130486 -0.813445
v 1.948915 90.788445 -1.782605
v 1.696607 88.998894 0.201871
v 1.422026 90.442192 -0.267872
v 1.993238 85.859718 -1.142283
v 3.554846 89.395607 -5.376742
v 2.636944 91.145103 -3.705257
v 4.124426 87.925545 -6.874267
v 3.859083 88.100822 -6.568496
v 4.261610 87.898476 -6.699476
v 4.037704 88.186287 -6.282810
v 3.639487 89.469551 -5.634174
v 3.243772 91.092064 -6.069228
v 3.152368 91.251610 -5.922459
v 2.120264 93.356224 -3.132563
v 4.498335 90.262917 -8.369494
v 4.493519 90.964699 -9.121334
v 4.344143 91.191978 -8.719335
v 4.101562 91.050529 -7.674056
v 3.777201 91.265999 -7.621328
v 3.931822 90.493645 -6.759946
v 3.858118 89.827675 -6.264986
v 3.930885 89.121437 -6.270320
v 3.961689 89.152534 -6.530568
v 3.725982 88.138329 -6.667869
v 3.554390 87.860802 -7.198523
v 3.652417 87.783028 -7.333220
v 3.602526 88.840431 -8.195363
v 3.836649 88.414619 -8.460051
v 4.534739 88.597359 -7.993800
v 4.289303 88.989708 -7.690299
v 4.127470 90.139961 -7.134286
v 3.881653 89.147118 -6.675612
v 3.511035 89.805656 -6.954935
v 3.929147 89.627739 -6.816999
v 3.956848 90.103371 -7.277007
v 4.131459 89.683662 -6.670612
v 4.270292 90.384422 -7.789198
v 4.141600 90.331001 -7.839993
v 3.678718 90.198586 -7.110598
v 3.705997 90.164787 -7.165352
v 3.647259 89.737846 -6.987302
v 3.995732 89.773552 -7.447385
v 4.054764 89.479469 -7.185203
v 3.783509 89.397041 -7.268670
v 3.420060 88.143394 -7.033479
v 3.263544 88.992683 -6.899605
v 3.665385 90.406593 -8.107546
v 4.370285 90.217491 -8.422870
v 3.614746 90.273369 -8.077291
v 4.106421 90.047096 -7.734801
v 4.393585 89.339409 -8.006185
v 4.655040 88.964745 -8.275714
v 4.777347 88.538612 -8.495939
v 4.798510 88.950157 -8.966483
v 4.616598 89.392159 -8.748994
v 4.074560 89.127647 -9.295453
v 3.958507 89.502892 -9.181870
v 4.265030 89.275185 -9.494206
v 4.092144 89.721382 -9.359914
v 4.633072 89.789680 -9.050968
v 4.472765 88.334129 -9.376781
v 4.323872 88.267830 -9.316848
v 4.746062 88.014137 -9.257130
v 4.760681 89.349617 -9.178086
v 4.429421 89.701317 -8.468156
v 3.813564 89.819923 -8.942037
v 3.606097 90.084419 -8.515361
v 3.724656 90.180367 -8.711098
v 3.896995 89.994682 -9.076778
v 4.513212 90.080742 -8.729523
v 4.699653 88.075203 -8.183048
v 4.917948 87.926567 -8.738023
v 4.784966 88.301628 -9.055814
v 4.585474 87.797173 -9.140090
v 4.990876 87.970772 -9.115422
v 4.874359 89.355629 -9.154417
v 4.815291 89.815788 -9.008249
v 4.655566 90.109474 -8.702036
v 4.859897 86.654808 -8.203259
v 4.983054 87.362709 -8.918435
v 4.868991 87.297264 -8.857710
v 4.765393 85.695839 -7.482684
v 4.707413 85.752907 -6.920431
v 4.834172 85.876900 -7.414577
v 4.582767 86.448967 -6.978750
v 5.007072 86.212181 -8.311817
v 5.046647 86.487312 -8.567691
v 5.091718 87.333580 -9.174889
v 5.069926 87.941963 -9.413825
v 4.886387 89.502205 -9.606569
v 4.796609 90.016319 -9.521682
v 4.764421 89.532753 -10.038194
v 4.637364 90.092888 -9.981847
v 4.279780 91.136360 -9.556004
v 4.144651 91.283424 -8.948426
v 5.934953 80.778389 -12.713257
v 5.113650 82.744011 -12.561224
v 5.839831 80.956245 -9.752494
v 5.055143 83.490257 -9.797481
v 4.757621 82.515602 -7.624999
v 4.341631 85.578804 -8.854557
v 4.442345 85.936455 -8.640151
v 4.899053 86.111290 -8.503139
v 4.922906 86.415810 -8.771312
v 5.007611 87.316628 -9.491786
v 4.968130 87.949593 -9.798096
v 4.437366 84.381020 -12.430379
v 3.911105 86.762901 -10.067016
v 4.181581 86.083427 -9.306582
v 4.400316 86.308113 -8.960306
v 4.347034 87.073143 -9.784716
v 4.272676 87.929604 -10.069977
v 4.035492 89.545586 -10.251765
v 3.906133 90.099220 -10.172950
v 3.863306 86.979240 -9.943412
v 3.566116 87.955132 -10.289191
v 3.260185 89.289452 -10.430208
v 3.226510 90.094582 -10.223209
v 3.341278 89.312004 -10.180732
v 3.573180 87.929253 -10.043867
v 3.078979 90.202538 -10.342853
v 3.164528 90.865913 -9.853045
v 3.617977 91.093208 -9.740109
v 3.506864 91.295265 -9.250991
v 3.461913 91.330910 -7.835043
v 3.190025 91.268639 -7.669147
v 3.095901 91.312599 -7.747928
v 2.533641 93.681999 -6.534675
v 1.004015 95.808250 -3.051670
v 3.160486 91.203377 -9.244005
v 3.039091 91.254036 -9.363887
v 2.486794 93.390434 -8.118783
v 1.225254 96.420830 -7.113719
v -0.676610 98.043343 -2.480810
v -0.408019 98.120857 -7.157559
v -0.471255 97.647408 -8.888276
v 1.142337 96.092491 -8.685483
v 2.369445 93.102455 -9.685869
v 2.247519 92.150368 -11.219945
v 3.022687 90.878166 -9.874534
v 2.467487 90.649681 -11.670848
v 2.807067 89.266899 -11.879569
v -2.625224 98.412849 -8.986910
v -2.503289 98.945091 -7.146873
v 3.167026 87.605965 -12.098282
v 0.764941 89.653648 -13.135962
v 0.739173 91.208153 -12.694740
v 0.754472 93.864830 -12.074593
v 1.059419 95.764198 -10.257247
v -0.534514 97.173958 -10.618996
v -2.621177 97.881371 -10.823092
v -4.709710 98.587349 -9.089498
v -4.710689 99.220131 -7.210274
v -2.623918 98.938332 -1.967261
v -2.884095 96.756783 2.474620
v -4.706006 99.253471 -1.617510
v -4.692406 96.966408 2.812962
v -4.670352 93.273888 5.129335
v -4.653964 91.682365 5.576784
v -4.233337 91.620934 5.583468
v -3.978765 91.681786 6.023195
v -6.792512 98.395744 -8.983318
v -6.915643 98.926964 -7.143071
v -6.786035 98.921242 -1.963674
v -6.499003 96.739510 2.481312
v -5.860776 92.712486 5.058435
v -5.072030 91.609566 5.589147
v -4.651417 90.699516 5.820515
v -4.147791 90.662834 5.792749
v -3.939305 90.615089 6.095049
v -7.737415 92.991081 3.675009
v -8.561096 92.316124 3.778717
v -8.530234 93.106758 3.039558
v -9.420524 92.256813 2.996446
v -9.757973 94.780937 0.540674
v -9.241003 93.078209 2.648086
v -8.304722 95.745979 1.737612
v -8.726809 98.010277 -2.473872
v -9.004089 98.085564 -7.150149
v -10.390000 95.761452 -3.041850
v -10.623264 96.372169 -7.103507
v -11.908112 93.622673 -6.522226
v -11.861603 93.331490 -8.106417
v -12.452982 91.248741 -7.734526
v -12.398479 91.190636 -9.350580
v -12.519247 91.138985 -9.230492
v -12.521566 90.801491 -9.839524
v -12.976672 91.025063 -9.725806
v -12.866379 91.228020 -9.236879
v -12.819283 91.264046 -7.821010
v -12.546606 91.204033 -7.655584
v -12.379869 90.814903 -9.861257
v -12.431417 90.138832 -10.329483
v -9.931928 92.250923 1.333535
v -10.877117 92.691429 -0.994943
v -11.486210 93.300362 -3.120835
v -12.505798 91.187294 -5.908963
v -12.596142 91.027000 -6.055574
v -13.133657 91.196541 -7.606752
v -13.503526 91.210945 -8.933215
v -13.638490 91.062782 -9.540560
v -13.257401 90.028725 -10.158157
v -13.701863 91.117882 -8.703781
v -12.686112 89.246193 -10.166919
v -12.906412 87.861565 -10.029663
v -13.605932 87.856178 -10.054567
v -13.382342 89.474037 -10.236752
v -13.988223 90.016396 -9.965794
v -13.850061 90.889381 -9.105523
v -13.847816 90.187569 -8.353683
v -13.456328 90.978401 -7.658924
v -13.619779 90.310951 -7.773778
v -13.473825 90.067680 -7.119115
v -13.280444 90.422966 -6.745110
v -13.473268 89.611366 -6.655438
v -13.200419 89.757622 -6.250283
v -13.267392 89.050789 -6.255497
v -12.577848 90.029671 -10.209588
v -12.605268 89.224312 -10.416535
v -12.899984 87.887505 -10.274998
v -12.977769 89.401299 -5.619851
v -13.366549 88.114799 -6.267809
v -13.298901 89.081642 -6.515690
v -13.270755 89.557091 -6.802174
v -13.303155 90.032478 -7.262129
v -13.490740 90.258583 -7.824796
v -13.719490 90.143211 -8.407277
v -13.861817 90.005272 -8.713685
v -13.074077 90.111382 -8.696619
v -13.160418 89.750221 -8.927405
v -12.954395 90.016411 -8.501088
v -13.015625 90.338081 -8.093169
v -12.963840 90.205299 -8.063002
v -13.025531 90.129967 -7.096199
v -13.245513 89.924278 -9.062001
v -13.303164 89.431999 -9.166992
v -13.774464 89.626549 -8.452467
v -13.453049 89.974983 -7.719666
v -13.052625 90.095985 -7.150908
v -12.854357 89.738441 -6.940829
v -13.219072 89.076881 -6.660872
v -13.608345 89.201790 -9.478802
v -13.416327 89.055824 -9.280377
v -13.959579 89.315880 -8.732985
v -13.734859 89.264946 -7.990559
v -13.339622 89.702370 -7.432444
v -12.990075 89.669518 -6.972962
v -12.600101 88.927528 -6.885931
v -13.055107 88.069405 -6.653406
v -13.187724 88.030815 -6.553803
v -13.588799 87.825142 -6.684090
v -13.423664 87.147102 -6.209219
v -13.621087 87.071068 -6.641984
v -13.452146 87.853355 -6.859118
v -13.616886 87.777351 -6.936716
v -12.979774 87.714714 -7.318884
v -12.882157 87.793312 -7.184356
v -12.940055 88.772499 -8.181106
v -12.749866 88.076988 -7.019543
v -13.124007 89.327599 -7.254097
v -13.395784 89.407814 -7.170161
v -13.627163 88.916115 -7.674856
v -13.993692 88.888161 -8.259641
v -14.138227 88.872383 -8.950162
v -13.658606 88.193977 -9.301348
v -13.808142 88.259056 -9.361026
v -14.078595 87.936821 -9.240905
v -13.916028 87.721184 -9.124143
v -14.322801 87.891457 -9.098776
v -13.869890 88.521767 -7.977936
v -14.112873 88.461021 -8.479656
v -13.171129 88.344780 -8.445391
v -14.030836 87.998283 -8.166903
v -14.248860 87.847847 -8.721503
v -14.119512 88.223976 -9.039519
v -14.082433 87.784401 -8.922805
v -14.194942 87.218971 -8.841278
v -14.208413 87.223213 -8.639198
v -14.179445 86.576622 -8.186850
v -14.215288 87.239830 -8.422016
v -14.017257 86.675514 -7.771537
v -14.077797 87.235573 -7.914163
v -14.309644 87.283470 -8.901808
v -14.365438 86.407600 -8.550961
v -13.898521 86.373070 -6.962822
v -14.323165 86.132790 -8.295156
v -14.214651 86.032799 -8.486664
v -14.418506 87.253456 -9.158072
v -14.241467 86.337105 -8.754794
v -13.756757 85.861717 -8.624466
v -14.075826 85.618446 -7.466444
v -14.145972 85.798958 -7.398217
v -14.017346 85.676003 -6.904292
v -13.807660 86.354637 -6.779134
v -14.351438 83.410561 -9.780752
v -14.408579 82.663857 -12.544399
v -15.115209 80.870186 -9.734432
v -13.745538 84.306404 -12.414711
v -13.234786 86.692482 -10.052237
v -13.653481 85.504936 -8.839049
v -13.498362 86.010857 -9.291348
v -13.718337 86.233711 -8.944690
v -14.334808 87.237190 -9.475116
v -14.402124 87.861992 -9.397042
v -14.217730 89.277199 -9.137961
v -14.104045 89.272118 -9.161824
v -13.438899 89.649406 -9.344803
v -13.979836 89.713249 -9.034926
v -14.162190 89.737862 -8.991891
v -14.231738 89.423698 -9.590093
v -14.301057 87.870445 -9.781486
v -13.672759 86.999123 -9.769183
v -13.188553 86.909203 -9.928714
v -14.004355 90.032845 -8.685953
v -14.146040 89.938515 -9.505354
v -14.110772 89.455223 -10.021926
v -12.154477 89.205437 -11.866673
v -12.501158 87.541618 -12.084776
v -12.908983 86.378746 -12.251058
v -10.579613 84.299416 -14.716484
v -10.804363 81.507973 -15.713120
v -15.213970 80.691505 -12.695028
v -12.538994 78.243980 -17.517178
v -17.568752 77.863625 -11.526842
v -7.725918 81.714912 -16.014498
v -4.634335 78.205925 -18.752094
v -10.464155 85.626900 -14.319010
v -10.348701 86.954185 -13.921522
v -10.117765 89.608955 -13.126581
v -11.825908 90.590996 -11.658527
v -11.617496 92.093407 -11.207995
v -11.744595 93.044502 -9.673704
v -10.540363 96.044518 -8.675414
v -8.939949 97.612617 -8.880978
v -7.411923 87.181145 -14.373205
v -7.056050 89.992622 -13.673249
v -6.871980 94.393852 -12.787501
v -4.708731 97.954552 -10.968745
v -4.696134 94.437096 -13.113309
v -8.456148 91.355598 -13.087399
v -10.104006 91.163612 -12.685393
v -10.140057 93.820091 -12.065203
v -10.457460 95.716896 -10.247320
v -8.875787 97.139687 -10.611805
v -6.795360 97.864220 -10.819494
v -8.543978 94.189796 -12.435575
v -2.165078 70.235283 0.273634
v -4.573759 67.879280 2.324252
v 0.204344 68.615974 0.140138
v 0.380055 72.403801 -0.831675
v 4.398649 74.268120 -4.159776
v 3.822807 76.642769 -4.883892
v 5.969243 72.305519 -4.245944
v 7.926059 75.677299 -8.386639
v 5.500186 77.635689 -6.823811
v -9.361509 68.576714 0.148381
v -15.345671 72.200676 -3.981554
v 8.009486 77.858315 -11.947814
v 6.637258 78.907829 -9.394794
v 5.064672 79.294777 -7.504113
v 3.271862 78.308876 -17.530804
v 1.513593 81.558556 -15.723739
v 1.267641 84.348076 -14.726695
v 3.584100 86.446465 -12.265272
v -2.519448 94.411736 -12.791254
v -2.300761 90.012154 -13.677346
v -4.678393 89.924797 -14.030656
v -4.667738 87.182579 -14.735087
v -1.923014 87.203697 -14.377934
v 1.016302 87.000847 -13.931320
v 1.141972 85.674522 -14.329012
v -4.662411 85.811470 -15.087279
v -0.910897 91.386604 -13.093904
v -0.845226 94.221413 -12.442210
v 0.061508 81.730705 -4.801501
v 0.618941 81.958900 -1.306815
v 0.516763 84.511421 -1.132184
v -0.771320 79.787361 -5.235316
v -0.739701 79.071617 0.449919
v -2.030439 86.249306 -5.957509
v -0.306453 86.465279 0.357937
v -1.810403 87.176674 1.890116
v -0.906637 85.519798 -5.479969
v -0.096014 85.096382 -4.891471
v -1.916623 79.310371 -5.572282
v -1.827608 78.732597 2.525989
v -3.294947 79.227791 -5.783269
v -3.290432 78.382545 4.400108
v -4.631837 79.213676 -5.887956
v -4.614258 78.290611 4.944468
v -5.970698 78.349617 4.528560
v -5.984899 79.216560 -5.767814
v -7.455648 78.735420 2.681071
v -7.288635 86.235176 -5.956946
v -8.398748 85.486458 -5.475045
v -6.011987 86.793709 -6.349551
v -4.659348 87.008171 -6.486224
v -3.309782 86.805885 -6.348527
v -8.502841 79.039742 0.456610
v -8.493522 79.762672 -5.231863
v -9.334711 81.686180 -4.794147
v -9.204107 85.040901 -4.882740
v -9.806538 84.437477 -1.121592
v -8.996962 86.429604 0.365427
v -7.496266 87.153328 1.895017
v -6.254837 87.543739 2.623477
v -4.654675 87.719551 2.979718
v -3.053740 87.556877 2.620718
v -9.888178 81.915749 -1.297758
v -5.440223 81.370140 3.524248
v -5.124496 81.629570 4.115110
v -5.649318 81.704948 3.712898
v -4.998916 81.954353 3.981791
v -5.456027 82.127556 3.135999
v -4.631793 82.208626 3.269161
v -4.629646 81.864037 4.117925
v -4.628041 81.460686 4.058159
v -4.628109 81.327827 3.347082
v -5.782746 81.337349 2.713078
v -6.376588 81.729485 2.702473
v -5.702628 82.279793 1.450484
v -4.628613 81.259789 2.438291
v -4.627748 81.011253 2.256504
v -5.851296 81.231422 1.507683
v -5.353353 80.640602 2.827745
v -4.625350 80.614845 3.149889
v -6.667521 80.729103 1.422335
v -7.620227 80.918098 -0.344227
v -6.389832 82.096779 1.372980
v -6.943105 81.692162 -0.917977
v -5.828292 82.273903 -1.749478
v -7.669898 81.850655 -2.357129
v -7.329726 82.355766 -3.798100
v -4.638922 82.351830 -4.319527
v -4.637162 82.510155 -1.523666
v -4.633660 82.245338 1.277344
v -5.060363 83.718071 -3.104590
v -4.643291 83.704781 -2.942636
v -4.645642 84.295235 -2.856927
v -4.642903 83.561195 -3.175893
v -4.643698 83.708977 -3.394039
v -4.877627 84.524666 -3.080423
v -4.647051 84.524574 -3.398860
v -4.649612 85.127266 -3.497571
v -4.924438 85.311577 -3.144981
v -4.650021 85.029182 -4.439832
v -6.717932 85.346733 -2.981861
v -4.651461 85.986214 -1.550390
v -6.086634 86.059135 0.591842
v -4.651783 86.338173 -0.247054
v -4.646259 85.758720 3.400709
v -5.518525 85.514046 2.808010
v -4.649981 85.442192 -2.424868
v -4.650584 84.866966 -5.865491
v -8.443786 83.775032 -3.166217
v -4.634178 80.746910 -6.462841
v -8.963821 80.737434 -2.834457
v -8.800621 81.483543 -1.823270
v -1.639093 80.942680 -0.349382
v -2.323538 81.711128 -0.921958
v -2.876165 82.111198 1.369952
v -1.600553 81.875572 -2.362360
v -3.898141 80.646584 2.826490
v -3.407342 81.241463 1.505576
v -2.587168 80.745857 1.418818
v -2.884101 81.743813 2.699463
v -3.564715 82.288567 1.448642
v -3.444524 82.283699 -1.751533
v -1.947346 82.377892 -3.802739
v -3.807152 82.134315 3.134578
v -4.261366 81.957390 3.981156
v -3.474682 81.346809 2.711089
v -4.132893 81.633644 4.114256
v -3.816065 81.376823 3.522848
v -3.609402 81.713341 3.711140
v -13.750455 84.881706 -7.630305
v -14.042176 82.438408 -7.608795
v -13.554415 82.638329 -6.266786
v -13.783988 86.355247 -6.428761
v -13.853078 85.594414 -6.425243
v -13.947310 85.460030 -6.930422
v -13.818799 85.333366 -7.527909
v -14.322555 79.215141 -7.487409
v -14.061474 78.917610 -5.828692
v -13.345738 80.004723 -4.981549
v -13.284647 82.942818 -5.410248
v -13.675440 84.802864 -6.407873
v -13.708723 85.109764 -6.470832
v -13.808655 85.357491 -6.427568
v -11.542610 87.073952 -0.801574
v -11.294184 85.805153 -1.130830
v -10.435261 85.133125 -0.332238
v -11.865988 84.300148 -1.976244
v -11.154915 83.259926 -0.566637
v -12.145784 82.941704 -2.334899
v -12.834152 81.411201 -3.623569
v -12.403494 88.879280 -3.621649
v -11.291449 90.734062 -1.771193
v -11.985699 91.085091 -3.692655
v -12.638975 87.101845 -3.650218
v -12.801661 83.252876 -3.796936
v -13.011278 85.454689 -4.225068
v -13.144816 87.242882 -5.128625
v -12.892078 89.328072 -5.362566
v -13.235209 87.268105 -5.392817
v -13.449561 85.115486 -5.677631
v -13.526981 85.279518 -5.907059
v -13.568186 86.290611 -5.915839
v -13.701535 85.494011 -6.064735
v -13.692124 85.347527 -6.104386
v -6.170964 82.096901 4.387303
v -6.976503 81.679390 3.591449
v -5.620788 81.601906 4.723652
v -6.648989 82.150398 3.934930
v -6.201181 82.525871 4.367130
v -6.562963 82.749229 4.056793
v -5.889570 82.610893 4.634789
v -5.864199 82.750114 4.528291
v -6.076890 82.567558 4.363679
v -5.851037 82.727364 4.419027
v -6.038729 82.558235 4.250670
v -6.163331 82.456459 4.283218
v -6.144243 82.435600 4.427816
v -5.630914 82.178108 4.826798
v -5.146344 82.151863 4.952589
v -5.648145 82.609901 4.681365
v -5.637911 82.643013 4.557034
v -5.548552 82.309212 4.421977
v -6.007101 82.220573 4.018569
v -6.120284 82.445671 4.150877
v -6.182015 82.542549 4.305831
v -6.497264 82.669334 3.851246
v -6.564285 82.445534 3.816383
v -6.729469 82.582253 3.863322
v -7.498517 82.668648 2.860039
v -8.189076 82.450554 1.356351
v -8.333315 82.936928 1.126281
v -9.040973 82.825691 -0.284353
v -5.602793 82.532143 4.719403
v -5.527289 82.607094 4.636817
v -5.312793 82.362083 4.538683
v -5.171423 82.587364 4.789135
v -5.120970 82.333641 4.658678
v -5.309523 82.020332 4.178061
v -6.176727 81.968803 3.592675
v -6.154710 82.260521 3.781098
v -6.436743 82.176628 3.481726
v -6.352196 82.537300 3.695392
v -5.539910 82.603249 4.742745
v -5.359812 80.640572 2.827750
v -6.673981 80.729073 1.422340
v -4.625329 80.616615 3.183120
v -4.629725 81.934288 4.361906
v -5.145536 82.499489 4.884076
v -5.081387 82.622612 4.907968
v -5.056381 82.626869 4.825530
v -4.683277 82.643654 4.873506
v -4.660990 82.603020 4.969481
v -5.173849 82.579597 4.871500
v -5.573806 82.489342 4.828708
v -5.618412 82.492332 4.803970
v -5.111491 82.505608 4.974053
v -5.176377 82.473946 4.940325
v -5.540193 80.668602 4.541183
v -7.019789 80.669624 3.030162
v -4.627175 81.442741 4.977490
v -4.630085 82.155815 4.999130
v -4.658033 82.502373 5.059632
v -4.623755 80.640953 5.124868
v -3.708583 80.676109 4.539604
v -2.231652 80.689308 3.026034
v -2.282262 81.698677 3.587403
v -3.635342 81.610054 4.721940
v -4.113892 82.156090 4.951699
v -4.151612 82.509544 4.973226
v -4.604880 82.502586 5.059586
v -4.602906 82.603264 4.969430
v -4.625237 82.535789 4.943020
v -4.182791 82.626305 4.907194
v -4.117673 82.503731 4.883190
v -1.459829 82.646065 0.773845
v -1.093555 82.793678 -0.514522
v -2.070875 82.146492 1.707750
v -2.142592 82.364601 2.489481
v -2.140055 82.708397 2.542498
v -2.739116 82.679207 3.433403
v -2.715801 82.677498 3.824972
v -2.700371 82.461403 3.813052
v -2.536236 82.599480 3.859708
v -2.613042 82.166969 3.931450
v -3.089831 82.109550 4.384647
v -3.629771 82.186333 4.825074
v -4.086527 82.478432 4.939385
v -4.090041 82.584038 4.870565
v -4.092673 82.591805 4.788206
v -3.724409 82.610710 4.741180
v -1.769654 82.692177 2.855102
v -2.703773 82.765083 4.053467
v -3.063173 82.538750 4.364425
v -3.737244 82.614433 4.635274
v -3.660984 82.540138 4.717729
v -3.689431 82.497078 4.827083
v -3.119263 82.448006 4.425209
v -3.375010 82.621223 4.632621
v -3.644893 82.500435 4.802269
v -3.616338 82.618248 4.679614
v -3.108473 82.273033 3.778472
v -2.913416 82.551414 3.692428
v -2.826277 82.191444 3.478614
v -2.769168 82.684654 3.848032
v -3.082581 82.555260 4.303160
v -3.100597 82.469032 4.280579
v -3.187809 82.579430 4.361189
v -3.401708 82.760231 4.526169
v -3.627058 82.651268 4.555301
v -3.713905 82.316734 4.420395
v -3.949889 82.367683 4.537508
v -3.084385 81.981499 3.590009
v -3.414870 82.737373 4.416927
v -3.226087 82.569801 4.248246
v -3.255340 82.231880 4.016197
v -3.143782 82.457909 4.148311
v -3.950974 82.025917 4.176890
v -4.141265 82.337669 4.657833
v -4.207973 82.630348 4.824798
v -4.581119 82.644066 4.873417
v -4.624516 82.325920 4.779827
v -3.891682 80.646599 2.826484
v -2.580709 80.745903 1.418813
v -1.632641 80.942696 -0.349388
v -1.594100 81.875618 -2.362365
v -0.462860 84.178535 -1.996105
v -1.940894 82.377907 -3.802745
v -0.338597 84.492287 -3.462037
v -0.082239 84.648628 -3.372356
v -0.218050 84.339241 -1.908230
v 0.152888 84.451790 -3.265572
v 0.145274 84.160866 -1.862850
v 0.245991 83.435936 -3.400124
v -0.142325 82.655128 -1.047458
v 0.239687 82.567787 -3.359462
v -0.087230 81.481697 -0.878319
v -1.011266 82.029991 1.119081
v -0.803154 80.865242 1.236297
v -0.233962 82.861855 -0.291944
v -0.571246 83.022774 -0.466630
v -1.012987 82.990303 -0.359916
v -1.480992 82.980553 0.794878
v -0.940077 82.967293 1.119910
v -1.079920 82.479774 1.350224
v -0.349236 83.243477 -0.055151
v -1.007517 83.254494 -0.371171
v -0.538993 83.283607 -0.307526
v -1.046074 82.197350 3.333034
v -1.878964 82.421791 4.808637
v -3.085338 82.604820 6.067372
v -4.631271 82.781883 6.606422
v -6.176624 82.592125 6.070037
v -7.383622 82.399193 4.813381
v -8.217182 82.167900 3.339214
v -7.194802 82.125435 1.712167
v -7.811540 82.619957 0.779320
v -7.123531 82.344154 2.493775
v -8.181234 82.764565 -0.508413
v -8.254432 82.000252 1.125324
v -9.132212 82.618233 -1.039709
v -9.433573 84.121529 -1.854594
v -8.705324 82.989372 -0.459619
v -9.071805 84.302895 -1.900599
v -8.825836 84.144173 -1.988897
v -8.263147 82.960533 -0.353667
v -7.793087 82.954628 0.800318
v -7.128800 82.687904 2.546798
v -6.527985 82.663643 3.436669
v -6.550611 82.661751 3.828277
v -8.270807 83.224663 -0.364910
v -7.626679 80.918083 -0.344222
v -7.676351 81.850639 -2.357123
v -7.336178 82.355751 -3.798095
v -8.955198 84.456902 -3.454609
v -9.212677 84.611153 -3.364486
v -9.445993 84.412376 -3.257299
v -9.530983 83.395775 -3.391696
v -9.517479 82.527718 -3.351052
v -9.177374 81.444359 -0.870484
v -8.452768 80.833839 1.242890
v -8.928431 83.208244 -0.047756
v -8.739444 83.249916 -0.300458
v -2.582278 85.363716 -2.985425
v -4.226624 83.721489 -3.105309
v -4.415936 84.526558 -3.080821
v -4.375701 85.313820 -3.145453
v -3.213245 86.070946 0.589365
v -3.773037 85.521202 2.806505
v -0.843894 83.806236 -3.172767
v -0.298355 80.773003 -2.841927
v -0.465935 81.517769 -1.830454
v -7.504724 82.690773 4.690456
v -6.240691 83.016457 5.991369
v -5.224331 84.096275 5.863717
v -5.242989 85.069023 5.080365
v -4.633753 83.411400 6.725747
v -4.632629 83.138435 6.728953
v -3.024894 83.029655 5.988597
v -1.760474 82.714378 4.685505
v -0.896543 82.479729 3.236862
v -0.169217 81.954582 2.106432
v 0.212610 82.282005 2.157558
v -4.636604 84.013725 6.287713
v -0.724643 82.820869 2.987980
v -1.572240 83.012581 4.493439
v -2.887031 83.302696 5.796078
v -4.050308 84.101051 5.862706
v -4.641357 85.017799 5.557638
v -0.298509 83.626457 2.225385
v -1.250334 84.356621 3.315937
v -2.153511 84.586464 4.307979
v -3.440622 85.130058 4.601044
v -4.040991 85.073921 5.079336
v -4.011265 85.376579 5.078825
v -3.920896 85.523964 5.039007
v -3.377247 85.577095 4.675872
v -3.541793 85.811989 4.840304
v -3.461382 85.845253 5.247787
v -3.604095 85.951530 5.267272
v -3.582562 87.079079 6.025770
v -4.158927 86.367653 6.901620
v -3.517347 86.365379 6.285301
v -3.831695 85.992714 6.110449
v -3.980553 86.083626 5.822243
v -3.795751 86.187386 5.229322
v -3.983052 85.921715 4.998570
v -4.383056 85.869133 5.677749
v -4.264689 86.144386 5.412043
v -3.215217 86.752403 4.964788
v -2.995005 86.096092 4.929031
v -4.643059 85.684578 6.760722
v -5.105166 85.767799 6.735619
v -4.851441 85.750023 6.301570
v -4.643421 85.633522 6.097782
v -4.436013 85.751732 6.301212
v -4.181695 85.771599 6.734822
v -4.643240 85.659081 6.429256
v 4.492376 86.429787 -6.794907
v 4.300162 87.144676 -6.657431
v 4.469305 86.430199 -6.444495
v 4.264383 87.223259 -7.118055
v 4.289652 87.850883 -6.952151
v 4.053108 86.456673 -7.122676
v 3.636414 87.395393 -7.671552
v 4.104745 86.460716 -7.215288
v 4.753313 87.312904 -7.930394
v 4.697620 86.752373 -7.787667
v 4.889887 87.318275 -8.438484
v 4.882774 87.301613 -8.655653
v 4.751701 87.861763 -8.939038
v 4.041691 87.249214 -8.296026
v 3.968950 87.957558 -8.511950
v -6.979852 89.904900 3.391695
v -6.405201 89.906960 3.509378
v -6.610972 89.950081 3.306001
v -6.445770 90.163368 3.419673
v -6.572926 90.153023 3.290988
v -6.577353 90.296333 3.279221
v -6.878350 90.089470 3.144914
v -7.110062 89.974419 3.273541
v -6.860106 90.108238 3.164977
v -6.842002 90.160042 3.183239
v -7.094705 90.364143 3.299989
v -7.037325 90.601707 3.388178
v -7.636971 90.515846 3.337192
v -7.988633 89.813622 3.333503
v -7.341781 89.859032 3.402206
v -7.624529 90.777016 3.425525
v -8.190536 90.632759 3.306573
v -8.133903 90.392982 3.242469
v -8.579132 90.316368 3.062633
v -8.731104 90.470039 3.045151
v -8.770912 90.121437 2.835506
v -8.396126 90.931709 3.211778
v -8.054565 89.734154 3.375145
v -8.503252 89.820396 3.069449
v -8.665039 89.711464 3.159651
v -8.969612 89.930626 2.604218
v -8.119458 88.243553 3.515805
v -8.023139 88.983681 3.472152
v -8.699725 88.995018 3.188875
v -9.166903 89.832756 2.509288
v -8.986061 90.153252 2.784374
v -9.038733 90.645927 3.114403
v -9.579565 89.847801 2.013524
v -9.309156 90.246971 2.563967
v -10.292868 87.334709 2.047524
v -10.349298 86.399010 1.153321
v -9.589161 86.200645 2.075069
v -11.021025 88.946724 0.212829
v -9.967134 89.008965 1.935718
v -10.419785 90.372612 1.092401
v -9.854208 90.237297 1.753224
v -9.972973 91.008339 2.159744
v -9.690983 90.695366 2.520383
v -9.526161 91.644096 3.227084
v -9.527732 91.153175 3.287554
v -9.026937 88.247581 3.195669
v -9.185551 87.233528 3.345774
v -10.141418 84.708305 0.682710
v -8.300987 87.473686 3.554143
v -9.892366 91.412086 2.032398
v -10.319622 91.609657 0.526387
v -10.759123 90.392159 -0.257374
v -8.263919 87.055580 3.384739
v -9.016245 86.831413 3.133514
v -8.944178 85.999016 2.679625
v -9.642315 84.206932 1.787581
v -10.426020 82.635719 0.547113
v -10.352060 79.448402 1.469063
v -10.036285 82.314049 1.182924
v -9.444292 84.038780 1.894178
v -13.586749 87.149956 -7.102669
v -13.369195 86.385124 -7.107658
v -13.421021 86.388756 -7.200181
v -13.366308 87.177727 -8.281022
v -13.299761 87.886635 -8.497066
v -12.961170 87.327232 -7.657246
v -2.098284 86.196632 3.696522
v -2.485538 86.695488 3.978720
v -2.756155 86.418892 3.868654
v -1.811543 86.467720 3.738652
v -1.432658 85.971703 3.522361
v -1.130977 86.237755 3.496238
v -3.082671 86.519218 4.276861
v -2.928793 86.853477 4.548654
v -3.304269 87.000313 5.002473
v -2.902308 85.794746 4.204237
v -2.817225 85.641228 3.979027
v -2.325310 85.450417 3.898672
v -1.833394 85.259621 3.818320
v -1.081806 85.262581 3.049888
v -0.842985 85.592735 3.095490
v -0.735151 86.359810 3.274357
v -1.370916 86.697166 3.551408
v -2.032843 86.964394 3.720020
v -7.618360 84.370003 -15.077998
v -7.515130 85.775459 -14.725591
v -4.657084 84.440590 -15.439505
v -4.647496 81.921806 -16.315899
v -1.694710 84.394310 -15.083100
v -1.808873 85.798897 -14.730509
v -1.566963 81.740181 -16.019808
v -1.337528 89.840950 3.327564
v -0.805152 89.859306 3.096354
v -0.358698 89.965981 2.596796
v -0.558568 90.155235 2.828424
v -0.748194 90.351433 3.060967
v -1.192485 90.428505 3.244159
v -1.689319 90.549629 3.347196
v -2.217441 89.994499 3.269324
v -1.984612 89.881050 3.397588
v -2.234474 90.386345 3.304104
v -2.487119 90.177910 3.179487
v -2.450259 90.107674 3.141097
v -2.468621 90.126274 3.161191
v -6.878350 90.089470 3.144913
v -7.110062 89.974388 3.273542
v -6.860106 90.108238 3.164976
v -6.842002 90.160027 3.183240
v -7.094705 90.364143 3.299987
v -7.636971 90.515846 3.337191
v -7.988633 89.813622 3.333503
v -7.341781 89.859032 3.402205
v -8.133903 90.392982 3.242469
v -8.579132 90.316368 3.062633
v -8.770912 90.121437 2.835506
v -8.521385 89.827614 3.103004
v -8.969612 89.930626 2.604218
v -7.098590 90.157555 3.397342
v -7.527397 90.181160 3.502364
v -8.098133 90.121864 3.417222
v -8.596912 90.058800 3.139773
v -2.225013 90.176292 3.397275
v -1.794326 90.204033 3.503248
v -1.224903 90.148735 3.414197
v -0.729056 90.088295 3.134108
v -6.429637 75.904320 3.373408
v -9.827761 77.015587 2.653915
v -9.850224 77.638863 2.805760
v -7.338303 79.288094 -5.567609
v -7.416417 87.713951 3.762496
v -7.509383 87.360283 3.571916
v -7.471919 87.225945 3.570736
v -7.197232 86.175682 3.700917
v -6.813601 86.677696 3.982451
v -7.268937 86.942894 3.724533
v -6.540913 86.403358 3.871916
v -1.916623 79.310371 -5.572282
vn -0.2261 -0.8666 0.4448
vn -0.2261 -0.8666 0.4447
vn -0.9200 0.0852 -0.3826
vn 0.4674 -0.8797 0.0871
vn 0.4864 -0.8728 0.0414
vn 0.2419 -0.7184 -0.6522
vn 0.2419 -0.7185 -0.6522
vn -0.9200 0.0852 -0.3825
vn -0.9200 0.0853 -0.3825
vn -0.9200 0.0853 -0.3826
vn 0.7509 0.6602 0.0157
vn -0.0426 0.7627 0.6454
vn 0.6305 0.0308 -0.7756
vn -0.3737 0.6932 0.6163
vn 0.3356 -0.1269 -0.9334
vn -0.8126 -0.3415 0.4723
vn -0.3783 -0.8131 -0.4424
vn -0.8586 -0.4961 -0.1291
vn 0.1204 0.1564 -0.9803
vn -0.1038 0.9817 -0.1597
vn 0.3628 0.2882 -0.8862
vn -0.4426 0.8688 -0.2221
vn -0.0107 0.0746 -0.9972
vn -0.4841 0.7667 0.4217
vn 0.8146 0.5467 -0.1935
vn 0.8375 -0.4713 -0.2765
vn 0.5798 -0.7285 -0.3648
vn 0.5133 -0.7960 0.3207
vn -0.2149 0.8230 -0.5259
vn 0.0446 0.8966 -0.4405
vn -0.3507 0.7548 -0.5543
vn -0.0959 0.6852 -0.7220
vn -0.0532 0.8943 0.4443
vn 0.1579 0.7637 -0.6260
vn -0.4090 0.8210 0.3984
vn -0.2331 0.6197 -0.7494
vn -0.8808 -0.1785 0.4386
vn 0.7932 0.6071 -0.0472
vn 0.7042 -0.1884 -0.6846
vn 0.4109 -0.3659 -0.8350
vn -0.3917 -0.8747 -0.2855
vn -0.4188 0.8840 0.2074
vn 0.2110 0.2127 0.9541
vn -0.1396 0.9621 0.2341
vn -0.1091 0.0924 0.9897
vn -0.5485 0.8158 0.1832
vn -0.5561 -0.7439 0.3706
vn 0.7047 0.6823 0.1948
vn 0.2711 0.6305 -0.7273
vn -0.0582 0.5517 -0.8320
vn -0.5175 -0.4748 -0.7119
vn -0.1977 0.4467 0.8726
vn 0.6938 -0.3025 0.6536
vn 0.0524 0.5716 0.8189
vn 0.4189 -0.5384 0.7312
vn -0.3288 0.3624 0.8721
vn -0.3113 -0.9502 0.0099
vn 0.7378 0.6307 0.2406
vn -0.1243 0.9747 -0.1857
vn -0.4762 0.8592 -0.1871
vn -0.8364 -0.0949 -0.5398
vn -0.2002 0.4891 0.8489
vn 0.6477 -0.3223 0.6904
vn 0.0548 0.6026 0.7962
vn 0.3507 -0.5243 0.7760
vn -0.3347 0.4109 0.8480
vn -0.3450 -0.9377 0.0409
vn 0.7523 0.6155 0.2352
vn -0.0833 0.9701 -0.2280
vn -0.4365 0.8692 -0.2322
vn -0.8311 -0.1201 -0.5430
vn -0.2479 0.5082 0.8248
vn 0.6227 -0.2891 0.7271
vn 0.0097 0.6196 0.7848
vn 0.3338 -0.5074 0.7945
vn -0.3821 0.4315 0.8172
vn -0.3498 -0.9360 0.0407
vn 0.7255 0.6266 0.2846
vn -0.0656 0.9650 -0.2537
vn -0.4169 0.8660 -0.2760
vn -0.7973 -0.1273 -0.5900
vn -0.1783 0.4567 0.8716
vn 0.6563 -0.3576 0.6644
vn 0.0799 0.5629 0.8227
vn 0.3650 -0.5712 0.7352
vn -0.3160 0.3846 0.8673
vn -0.3781 -0.9257 0.0002
vn 0.7637 0.5930 0.2551
vn -0.0479 0.9819 -0.1833
vn -0.4019 0.8960 -0.1889
vn -0.8380 -0.0651 -0.5418
vn -0.2812 0.4784 0.8319
vn 0.6230 -0.1158 0.7736
vn -0.0285 0.6703 0.7415
vn 0.2128 -0.6426 0.7361
vn -0.3855 0.4144 0.8244
vn -0.3571 -0.9339 0.0153
vn 0.6511 0.7381 0.1772
vn -0.0765 0.9697 -0.2319
vn -0.4075 0.8761 -0.2576
vn -0.7973 -0.1029 -0.5948
vn -0.2643 0.5093 0.8190
vn 0.5985 -0.3136 0.7372
vn -0.0036 0.6162 0.7876
vn 0.2980 -0.5158 0.8032
vn -0.4000 0.4347 0.8069
vn -0.3677 -0.9296 0.0256
vn 0.7275 0.6122 0.3099
vn -0.0132 0.9644 -0.2640
vn -0.3865 0.8842 -0.2622
vn -0.7972 -0.0946 -0.5963
vn -0.1981 0.6344 -0.7472
vn -0.6218 -0.3854 -0.6818
vn -0.5173 0.7670 0.3795
vn -0.5173 0.7667 0.3802
vn 0.1488 0.7325 -0.6643
vn -0.1065 0.9160 0.3867
vn 0.7095 0.6804 0.1835
vn 0.3584 0.0838 0.9298
vn 0.0309 -0.0760 0.9966
vn -0.4853 -0.8037 0.3442
vn -0.8638 -0.4910 -0.1127
vn -0.8224 -0.5407 -0.1770
vn -0.8140 -0.5750 -0.0816
vn -0.8335 -0.5443 -0.0950
vn -0.8269 -0.5510 -0.1125
vn -0.8424 -0.5272 -0.1115
vn 0.8316 -0.3113 -0.4599
vn 0.5480 -0.2169 -0.8079
vn 0.9266 -0.2154 -0.3083
vn 0.7900 -0.2787 -0.5461
vn 0.4438 0.8481 -0.2894
vn 0.4592 -0.0645 -0.8860
vn 0.6967 0.6424 -0.3194
vn -0.1891 0.4116 -0.8915
vn 0.0064 0.1482 -0.9889
vn 0.1221 0.1474 -0.9815
vn 0.9116 0.3679 -0.1834
vn 0.9710 0.1197 -0.2070
vn 0.6599 0.2512 -0.7081
vn 0.5922 0.2792 -0.7559
vn 0.6951 0.2003 -0.6904
vn 0.5112 0.7400 -0.4372
vn 0.2819 0.5806 -0.7638
vn 0.0169 0.2834 -0.9589
vn 0.8653 0.0224 -0.5007
vn 0.8780 0.3865 -0.2825
vn 0.9980 0.0601 -0.0181
vn 0.7975 0.4421 0.4106
vn 0.9228 0.3640 -0.1259
vn 0.7546 0.3139 0.5762
vn 0.7812 0.6160 -0.1010
vn 0.4281 0.7215 0.5442
vn 0.6781 0.2897 -0.6754
vn 0.1713 0.5275 -0.8321
vn 0.8115 0.0840 -0.5783
vn 0.6556 0.3416 -0.6734
vn 0.9527 -0.0864 -0.2913
vn 0.8952 -0.1796 -0.4079
vn 0.6329 0.4099 -0.6568
vn 0.8498 -0.1664 -0.5001
vn 0.6736 0.4751 -0.5662
vn 0.8020 -0.1678 -0.5733
vn 0.7507 -0.1733 -0.6375
vn 0.4582 0.8570 -0.2359
vn 0.7192 -0.1619 -0.6757
vn 0.5289 0.8263 -0.1937
vn 0.5599 0.0503 -0.8270
vn 0.2868 0.2292 -0.9301
vn 0.1541 0.2338 -0.9600
vn 0.8180 0.3571 -0.4510
vn 0.3632 0.8672 -0.3405
vn 0.7465 0.4680 -0.4730
vn 0.7724 0.4531 -0.4451
vn 0.8144 0.4142 -0.4063
vn 0.8550 0.3413 -0.3905
vn 0.1502 0.6497 -0.7452
vn -0.2886 0.6840 -0.6700
vn -0.1981 0.8928 -0.4046
vn 0.2200 0.7859 -0.5779
vn 0.2586 0.8418 -0.4738
vn -0.1325 0.9909 0.0233
vn -0.0805 0.9775 0.1952
vn -0.0020 0.9592 0.2828
vn -0.1773 0.9600 -0.2168
vn -0.0805 0.6851 0.7240
vn -0.2934 0.8342 0.4670
vn -0.2961 0.8961 0.3308
vn -0.3538 0.9321 0.0773
vn -0.3247 0.8594 -0.3950
vn -0.2541 0.4077 -0.8770
vn 0.1091 0.3514 -0.9298
vn -0.6369 0.4215 0.6455
vn -0.6446 0.5166 0.5635
vn -0.7530 0.5994 0.2716
vn -0.7849 0.3847 0.4857
vn -0.6297 0.0736 0.7734
vn -0.6835 -0.0711 0.7265
vn -0.4061 0.2184 0.8873
vn 0.2225 0.2567 0.9405
vn 0.0882 -0.0037 0.9961
vn -0.2907 -0.4379 0.8507
vn -0.5310 -0.2449 0.8112
vn -0.4466 -0.5490 0.7065
vn -0.6185 0.0141 0.7857
vn -0.8337 0.5091 -0.2137
vn -0.7349 0.4192 -0.5331
vn -0.3041 -0.7707 0.5599
vn -0.4575 -0.7577 0.4654
vn -0.3012 -0.8525 0.4272
vn -0.0800 -0.7836 0.6161
vn 0.1088 0.9896 0.0944
vn 0.1334 0.8537 0.5034
vn -0.1133 0.8347 -0.5390
vn -0.1360 0.9862 0.0942
vn -0.5548 0.8253 0.1056
vn -0.2429 0.7398 0.6275
vn 0.0064 0.8161 0.5779
vn 0.1361 0.9387 0.3168
vn 0.0422 0.8727 0.4864
vn -0.1470 0.8212 0.5513
vn -0.2352 0.1846 0.9542
vn -0.1685 -0.4588 0.8724
vn -0.7210 -0.4512 0.5259
vn -0.6323 -0.7006 0.3307
vn -0.7070 0.3653 -0.6055
vn -0.6254 0.2413 -0.7421
vn -0.4891 0.3134 -0.8139
vn -0.5784 -0.1858 -0.7943
vn -0.8748 -0.1632 -0.4562
vn 0.1467 0.9412 0.3042
vn -0.8625 0.0443 -0.5041
vn -0.8357 0.2229 -0.5019
vn -0.8372 0.2221 -0.4998
vn -0.5057 0.5549 -0.6606
vn -0.1503 0.9737 0.1710
vn 0.1949 0.9778 0.0767
vn -0.8847 0.0317 0.4651
vn -0.7865 0.5605 0.2593
vn -0.6860 0.7038 0.1845
vn -0.5197 0.8543 0.0034
vn -0.3646 0.9184 -0.1538
vn 0.3586 0.8551 -0.3746
vn -0.2521 0.8347 -0.4897
vn -0.2760 0.5387 -0.7960
vn -0.9629 -0.2669 -0.0405
vn -0.9053 -0.3624 -0.2216
vn -0.8210 -0.4139 -0.3931
vn -0.7200 -0.4638 -0.5162
vn -0.6601 -0.4911 -0.5684
vn -0.6579 -0.1708 -0.7335
vn -0.9684 0.0445 0.2455
vn -0.4249 -0.1098 -0.8985
vn -0.3325 -0.6977 -0.6345
vn -0.9646 -0.2115 0.1575
vn -0.9392 -0.3420 0.0290
vn -0.9053 -0.3618 -0.2226
vn -0.8215 -0.4120 -0.3942
vn -0.7442 -0.4393 -0.5032
vn -0.6202 -0.5342 -0.5745
vn -0.8903 -0.3338 0.3096
vn -0.8975 -0.2315 -0.3753
vn -0.9544 0.0328 -0.2968
vn -0.9432 0.1870 -0.2747
vn -0.9431 0.1870 -0.2748
vn -0.9431 0.1871 -0.2749
vn -0.9868 0.0360 -0.1578
vn -0.9866 -0.1603 0.0318
vn -0.9978 -0.0504 0.0420
vn -0.9126 0.0342 0.4075
vn -0.9148 0.3587 0.1855
vn -0.3250 -0.8108 -0.4868
vn -0.9937 0.0707 -0.0866
vn -0.8456 0.4605 0.2701
vn -0.9225 0.3819 0.0564
vn -0.8557 0.4556 -0.2454
vn -0.4570 -0.8783 -0.1403
vn -0.9938 0.0706 -0.0863
vn -0.8157 0.5542 0.1661
vn -0.6978 0.6878 -0.2001
vn -0.9252 0.2706 -0.2661
vn 0.2513 -0.8660 -0.4322
vn 0.1361 -0.9904 0.0247
vn 0.4020 -0.8852 -0.2342
vn -0.0851 -0.9931 0.0807
vn 0.3102 -0.7295 -0.6095
vn 0.0597 -0.9952 -0.0781
vn 0.0588 -0.8370 -0.5441
vn 0.3122 -0.8659 -0.3907
vn -0.2757 -0.7853 -0.5544
vn 0.3559 -0.8642 -0.3557
vn 0.4879 -0.7430 -0.4582
vn -0.2368 -0.7591 -0.6063
vn 0.4499 -0.7117 -0.5395
vn 0.1498 -0.9602 -0.2358
vn 0.7223 -0.6653 -0.1888
vn 0.7230 -0.6640 -0.1906
vn -0.2237 0.8844 -0.4096
vn -0.1167 0.5355 -0.8364
vn -0.0775 0.5671 -0.8200
vn 0.3973 0.5676 -0.7211
vn 0.4582 -0.1090 -0.8821
vn 0.3725 -0.7250 -0.5794
vn 0.7461 -0.6224 -0.2365
vn 0.9755 -0.1583 0.1529
vn 0.9850 -0.1318 0.1114
vn 0.8794 -0.0838 -0.4686
vn 0.6858 -0.6211 0.3794
vn 0.2115 -0.0802 -0.9741
vn 0.2740 -0.0598 -0.9599
vn 0.3713 -0.0678 -0.9260
vn 0.0991 0.5653 -0.8189
vn 0.1931 0.6329 -0.7498
vn 0.0085 0.9944 -0.1051
vn 0.0859 0.6776 -0.7304
vn -0.1572 0.9848 -0.0740
vn -0.0947 0.6666 -0.7394
vn -0.1901 0.9779 -0.0869
vn 0.5268 0.8498 -0.0207
vn -0.2122 0.7588 0.6158
vn 0.6208 0.6945 0.3638
vn -0.0759 0.0548 0.9956
vn 0.7473 0.3225 0.5810
vn -0.1182 0.8164 0.5653
vn -0.3201 0.7151 0.6214
vn 0.8804 0.4585 0.1213
vn 0.9866 -0.1434 0.0781
vn 0.9359 -0.1380 -0.3240
vn 0.8537 0.2567 -0.4532
vn 0.7341 -0.1492 0.6625
vn 0.0937 -0.5628 0.8213
vn 0.0187 0.8082 0.5887
vn -0.0167 0.9025 0.4303
vn -0.0071 0.8722 0.4890
vn -0.0143 0.9829 -0.1834
vn -0.2193 0.9289 -0.2985
vn -0.0928 0.9212 0.3779
vn 0.8553 0.4879 0.1742
vn 0.8912 0.4142 0.1847
vn 0.6377 0.6228 -0.4533
vn 0.9466 0.2859 0.1488
vn 0.7459 0.5089 -0.4298
vn 0.9540 0.1667 0.2492
vn 0.9207 0.3198 0.2239
vn 0.9238 0.1013 -0.3694
vn 0.6526 -0.2021 0.7303
vn 0.6792 0.3092 0.6656
vn -0.1182 -0.5087 0.8528
vn -0.2734 0.1794 0.9450
vn -0.0355 0.6792 0.7331
vn -0.3104 0.7943 0.5223
vn -0.0284 0.9230 0.3837
vn -0.0374 0.9959 -0.0819
vn -0.3121 0.8163 0.4860
vn 0.5226 0.7465 0.4119
vn 0.9320 -0.3007 -0.2026
vn 0.8949 0.3922 0.2130
vn 0.9440 -0.2526 0.2121
vn 0.9203 0.3438 0.1866
vn 0.7855 -0.1283 0.6054
vn 0.9466 0.2860 0.1487
vn -0.2548 0.9409 -0.2233
vn 0.6042 0.7957 -0.0430
vn -0.0673 0.5948 -0.8011
vn 0.4875 0.6766 -0.5519
vn 0.5791 0.6388 -0.5065
vn 0.5128 0.3882 -0.7657
vn -0.1088 0.0441 -0.9931
vn -0.4467 0.1954 -0.8731
vn 0.5841 0.5322 -0.6129
vn 0.4311 0.1660 -0.8869
vn 0.7017 0.4615 -0.5428
vn 0.1552 0.9822 -0.1059
vn 0.8783 0.2583 0.4023
vn 0.9856 -0.0731 -0.1522
vn 0.8986 0.2169 0.3814
vn 0.8858 0.3794 -0.2672
vn 0.4445 -0.2232 0.8675
vn 0.5076 0.2394 0.8277
vn -0.1930 -0.4256 0.8841
vn -0.2409 0.3244 0.9147
vn 0.4485 -0.2867 0.8465
vn 0.5211 0.8313 -0.1935
vn 0.3871 0.8915 -0.2353
vn 0.3078 0.7919 0.5273
vn -0.2759 0.0188 0.9610
vn 0.0060 0.2260 0.9741
vn -0.1557 0.3979 0.9041
vn 0.5949 0.2441 0.7658
vn -0.0519 0.8971 0.4388
vn 0.5550 0.6469 0.5230
vn 0.8856 -0.4637 0.0250
vn 0.9163 0.2433 0.3182
vn 0.8068 -0.4219 0.4136
vn 0.6166 -0.2673 0.7406
vn 0.7733 0.4903 -0.4020
vn 0.7467 0.6624 0.0600
vn -0.1053 0.9390 -0.3275
vn -0.2006 0.9015 0.3834
vn -0.0253 0.9615 0.2737
vn 0.9681 0.1724 0.1817
vn 0.5903 -0.2253 0.7751
vn 0.0500 0.9987 0.0036
vn 0.0544 0.5499 -0.8334
vn 0.6524 0.5740 -0.4949
vn 0.8475 0.3781 -0.3724
vn 0.4591 0.2661 0.8476
vn 0.9673 0.1547 -0.2011
vn 0.5769 -0.1051 0.8100
vn 0.9540 0.1667 0.2493
vn 0.9681 0.1725 0.1817
vn 0.1816 0.4022 -0.8974
vn 0.3115 0.8404 0.4436
vn 0.9474 0.2175 0.2348
vn 0.3627 0.8833 0.2970
vn 0.9473 0.2177 0.2349
vn 0.5267 0.8498 -0.0208
vn 0.6906 0.6387 -0.3393
vn 0.7359 -0.2300 0.6369
vn 0.0197 -0.6502 0.7595
vn 0.5141 -0.4050 0.7561
vn 0.8476 0.3781 -0.3724
vn 0.4943 -0.0878 -0.8648
vn 0.9997 0.0146 0.0191
vn 0.3478 0.5817 0.7353
vn 0.6629 -0.7487 -0.0036
vn 0.4618 -0.6285 -0.6259
vn 0.4501 -0.3795 -0.8083
vn 0.6093 -0.5421 -0.5787
vn 0.4481 -0.3133 -0.8373
vn 0.5418 -0.5946 -0.5941
vn 0.4557 -0.7360 -0.5006
vn 0.4842 -0.7668 -0.4214
vn 0.5401 -0.7612 -0.3589
vn 0.7052 -0.4264 -0.5664
vn 0.6448 -0.5220 -0.5583
vn 0.9871 0.0680 0.1449
vn 0.3113 0.7047 0.6375
vn 0.3643 0.7642 0.5323
vn 0.7046 -0.5920 -0.3913
vn 0.9848 -0.0482 0.1667
vn 0.6545 -0.6300 -0.4180
vn 0.6271 -0.7161 -0.3065
vn 0.4014 -0.7745 -0.4889
vn 0.3544 -0.8306 -0.4297
vn 0.9474 0.2176 0.2349
vn 0.9540 0.1667 0.2491
vn 0.4269 0.7653 0.4816
vn 0.5193 -0.8332 -0.1900
vn 0.3551 -0.8784 -0.3199
vn 0.4034 -0.8855 -0.2306
vn 0.4672 -0.8793 0.0922
vn 0.1990 -0.9296 0.3102
vn 0.9397 0.1691 0.2973
vn 0.9297 0.1628 0.3303
vn 0.7959 0.6001 -0.0804
vn 0.6708 0.7352 0.0978
vn 0.7229 -0.5507 0.4173
vn 0.3964 -0.9161 -0.0606
vn 0.8475 -0.4821 0.2221
vn 0.5618 0.7665 0.3112
vn 0.9198 0.1485 0.3632
vn 0.9397 0.1690 0.2973
vn -0.0715 -0.6808 0.7290
vn 0.3248 -0.4709 0.8202
vn 0.5717 0.4664 -0.6750
vn 0.5541 0.2419 0.7965
vn 0.9945 -0.1037 0.0129
vn 0.9714 0.0059 -0.2373
vn 0.8536 0.2567 -0.4532
vn 0.2170 0.2923 -0.9314
vn 0.1044 0.4404 -0.8917
vn 0.9642 0.1219 -0.2356
vn 0.5377 -0.6653 -0.5179
vn 0.2530 -0.8842 -0.3928
vn 0.1739 -0.9347 -0.3101
vn 0.5196 -0.8166 -0.2513
vn 0.3649 -0.9240 -0.1146
vn 0.9131 -0.3628 0.1862
vn 0.7871 -0.5732 0.2279
vn 0.6918 0.6847 0.2296
vn 0.6022 -0.6290 -0.4916
vn 0.9928 -0.0793 0.0898
vn 0.5021 -0.2169 -0.8372
vn 0.5774 0.7106 0.4021
vn 0.5079 0.7129 0.4835
vn 0.6004 -0.7137 -0.3606
vn 0.3664 -0.8091 -0.4594
vn 0.1223 -0.9739 -0.1912
vn 0.1830 -0.9825 0.0338
vn 0.6717 -0.5986 0.4364
vn 0.7801 0.6253 0.0199
vn 0.9737 0.0447 0.2234
vn 0.9737 0.0447 0.2233
vn 0.9562 0.0520 0.2880
vn 0.4760 0.6787 0.5593
vn 0.4969 0.5606 0.6624
vn 0.9871 0.0681 0.1449
vn 0.6023 -0.1341 0.7869
vn 0.8157 0.3520 -0.4591
vn 0.9871 0.0680 0.1448
vn 0.6165 -0.2673 0.7406
vn 0.9871 0.0681 0.1448
vn 0.6673 0.5756 0.4726
vn 0.8426 0.5385 0.0110
vn 0.0626 0.9392 -0.3376
vn 0.8033 -0.4640 0.3734
vn 0.8507 -0.5243 -0.0385
vn 0.9521 -0.2279 -0.2037
vn 0.9442 0.1097 0.3107
vn 0.9516 0.1363 0.2753
vn -0.8365 -0.5326 -0.1291
vn 0.0913 -0.9939 0.0617
vn -0.0325 -0.8649 0.5009
vn 0.0386 -0.9176 0.3957
vn -0.1389 -0.6508 0.7465
vn 0.5124 -0.4486 0.7323
vn -0.2209 -0.3490 0.9107
vn 0.8724 0.4618 -0.1602
vn 0.9172 0.2436 -0.3154
vn -0.1734 -0.3188 0.9318
vn -0.0992 -0.3154 0.9438
vn -0.2550 -0.3953 0.8824
vn -0.8328 -0.5354 -0.1409
vn 0.9466 0.2550 0.1972
vn 0.3298 0.7949 0.5093
vn 0.4031 0.7400 0.5384
vn 0.9466 0.2859 0.1487
vn 0.9467 0.2859 0.1486
vn 0.5083 0.5893 0.6280
vn 0.9203 0.3438 0.1867
vn 0.6176 0.3009 0.7267
vn 0.7330 0.0431 0.6789
vn 0.6347 0.5140 -0.5770
vn 0.0339 0.4612 -0.8867
vn 0.8567 0.4202 -0.2992
vn 0.9203 0.3439 0.1865
vn 0.1798 -0.6706 0.7197
vn 0.6915 -0.1793 -0.6998
vn 0.2532 0.0644 -0.9653
vn 0.8037 0.1994 -0.5607
vn 0.9245 -0.1015 -0.3675
vn 0.9840 -0.0222 -0.1769
vn 0.9965 0.0682 0.0490
vn 0.6713 -0.7359 0.0883
vn 0.7073 -0.6574 -0.2600
vn 0.6591 -0.7384 -0.1428
vn 0.4257 -0.8422 0.3310
vn 0.9132 -0.1822 0.3646
vn 0.9848 -0.0482 0.1668
vn 0.9939 0.0651 0.0887
vn 0.9807 0.1629 0.1085
vn 0.2616 0.8688 0.4204
vn 0.2891 0.8211 0.4922
vn 0.9798 0.1999 -0.0038
vn 0.7548 -0.5813 -0.3040
vn 0.7298 -0.6588 -0.1828
vn 0.6040 -0.6776 -0.4196
vn 0.5572 -0.7881 0.2615
vn 0.9578 -0.0769 0.2769
vn 0.5377 -0.6653 -0.5180
vn 0.7117 -0.5041 -0.4893
vn 0.9693 0.0854 -0.2305
vn 0.9246 0.3599 0.1250
vn 0.9207 0.3197 0.2238
vn 0.3009 0.9169 0.2624
vn 0.4372 0.8991 -0.0203
vn 0.8125 -0.1581 0.5611
vn 0.9048 0.4172 0.0858
vn 0.5815 0.7362 -0.3462
vn 0.9369 0.2913 0.1931
vn 0.9466 0.2551 0.1972
vn 0.4900 0.6272 0.6054
vn 0.9266 0.3674 0.0800
vn 0.9266 0.3675 0.0801
vn 0.1715 -0.8459 -0.5050
vn 0.4951 -0.5848 -0.6425
vn 0.5776 -0.4856 -0.6562
vn 0.8992 0.0257 -0.4368
vn 0.5980 0.4365 0.6722
vn 0.7435 0.1997 0.6382
vn 0.9047 0.4172 0.0858
vn 0.8539 -0.0512 0.5179
vn 0.9047 0.4173 0.0858
vn 0.4317 -0.5684 -0.7004
vn 0.4314 -0.4219 -0.7974
vn 0.7828 0.1658 -0.5997
vn 0.4211 -0.9009 -0.1056
vn 0.5063 -0.7984 -0.3258
vn 0.4631 -0.4780 -0.7464
vn 0.3005 -0.1262 -0.9454
vn 0.5917 0.5053 -0.6282
vn 0.4463 0.7440 -0.4973
vn 0.0705 0.3472 -0.9351
vn 0.3713 -0.0677 -0.9260
vn 0.7500 0.5889 0.3012
vn 0.6055 -0.3224 0.7276
vn -0.0228 0.9702 -0.2411
vn -0.3982 0.8849 -0.2415
vn 0.3093 -0.5282 0.7908
vn -0.7971 -0.0865 -0.5976
vn -0.3912 -0.9200 0.0242
vn -0.8570 -0.4975 -0.1345
vn -0.3716 0.4356 0.8198
vn -0.3711 0.4343 0.8208
vn 0.0290 0.6078 0.7936
vn -0.9228 0.2674 -0.2773
vn -0.7009 -0.5877 0.4041
vn -0.6833 -0.5491 0.4812
vn -0.9521 0.3049 0.0242
vn -0.7778 -0.6241 0.0737
vn -0.8396 -0.5105 -0.1859
vn -0.5894 -0.7938 -0.1499
vn -0.8437 -0.5236 0.1184
vn -0.5772 -0.5115 0.6365
vn -0.6574 -0.0378 0.7526
vn -0.4978 -0.6900 0.5255
vn -0.6833 -0.4459 0.5782
vn -0.9163 0.1679 -0.3635
vn -0.9187 0.2357 -0.3169
vn -0.9572 -0.2667 0.1127
vn -0.9548 -0.2870 0.0774
vn -0.9517 -0.3067 0.0110
vn -0.8595 0.3761 0.3462
vn -0.9124 -0.3996 -0.0888
vn -0.9390 0.1224 -0.3215
vn -0.6662 0.6887 0.2862
vn -0.5425 0.2660 0.7968
vn -0.4576 0.8060 0.3754
vn -0.9777 -0.0027 0.2099
vn -0.9338 0.3527 -0.0600
vn -0.6928 0.4717 0.5454
vn -0.9597 -0.0235 -0.2801
vn -0.7825 0.4473 0.4331
vn -0.9545 -0.2892 -0.0720
vn -0.9699 -0.2428 -0.0183
vn -0.7805 0.1737 0.6006
vn -0.7127 -0.6631 -0.2288
vn -0.4785 -0.6626 -0.5762
vn -0.7699 0.3595 -0.5272
vn -0.0740 0.9527 -0.2946
vn -0.5264 -0.3679 -0.7665
vn -0.9230 -0.1243 -0.3641
vn -0.9378 -0.0733 -0.3395
vn -0.9135 -0.0941 -0.3959
vn -0.8498 -0.4976 0.1739
vn -0.4126 0.2614 -0.8726
vn 0.3624 0.5532 -0.7501
vn -0.3454 0.8426 -0.4132
vn -0.7274 0.6168 -0.3008
vn -0.7306 0.2913 -0.6175
vn -0.8323 0.1666 -0.5288
vn -0.8421 -0.1452 -0.5193
vn -0.6765 0.3763 -0.6330
vn -0.1263 0.4540 -0.8820
vn -0.7851 -0.5019 0.3629
vn -0.5892 0.8080 0.0027
vn -0.5904 0.2430 -0.7697
vn -0.9597 -0.0234 -0.2800
vn -0.9378 -0.0733 -0.3394
vn -0.6221 -0.2328 -0.7475
vn -0.8111 -0.4432 0.3817
vn -0.9497 -0.0009 0.3133
vn -0.2955 -0.5208 0.8009
vn -0.4671 0.2093 0.8591
vn -0.3197 0.9069 0.2745
vn -0.5120 0.8103 0.2851
vn -0.6576 0.6758 -0.3329
vn -0.5394 0.8420 0.0006
vn -0.4729 0.8071 0.3535
vn -0.2908 0.7418 0.6043
vn -0.3770 0.9015 0.2125
vn -0.2726 0.7694 0.5776
vn 0.0915 0.9958 -0.0038
vn -0.9679 0.0171 -0.2507
vn -0.4251 0.0701 0.9024
vn -0.5970 0.5435 0.5900
vn -0.2904 0.9566 -0.0239
vn -0.3138 0.8476 0.4279
vn -0.8991 0.4347 0.0509
vn -0.5589 -0.6211 -0.5494
vn -0.9405 0.0092 -0.3397
vn -0.7508 -0.6296 -0.1999
vn -0.4511 0.3939 -0.8008
vn -0.7599 0.4896 -0.4277
vn 0.0450 0.9827 -0.1796
vn 0.3362 0.6590 -0.6728
vn -0.3246 0.5133 -0.7945
vn -0.8621 -0.4577 0.2176
vn -0.3110 -0.6103 0.7286
vn -0.8770 -0.0467 -0.4782
vn -0.9047 0.0979 -0.4146
vn -0.9067 -0.0607 -0.4173
vn -0.4182 0.4217 -0.8045
vn -0.4855 -0.0163 -0.8741
vn -0.8866 -0.4397 0.1434
vn -0.9950 0.0608 0.0792
vn -0.8314 0.5556 -0.0133
vn -0.6234 0.6626 -0.4151
vn 0.3956 0.7203 -0.5698
vn 0.0567 0.6553 -0.7532
vn -0.7547 0.0585 0.6534
vn -0.9797 -0.1494 -0.1338
vn -0.4041 -0.6697 0.6230
vn -0.6650 -0.0714 0.7435
vn -0.9812 -0.1048 -0.1621
vn -0.4606 0.6814 0.5688
vn -0.2791 0.5918 -0.7563
vn -0.7710 -0.4587 -0.4417
vn -0.4939 -0.4346 -0.7531
vn -0.8970 0.1747 -0.4061
vn -0.8874 0.1274 -0.4430
vn -0.9271 -0.3729 -0.0373
vn -0.8691 0.0727 -0.4892
vn -0.8442 -0.5360 -0.0054
vn -0.3036 -0.0500 -0.9515
vn -0.3168 0.3677 -0.8743
vn -0.8300 -0.0210 -0.5574
vn -0.7881 -0.1536 -0.5961
vn 0.1616 0.6919 -0.7037
vn 0.3400 0.0131 -0.9403
vn 0.3432 0.4407 -0.8295
vn 0.2298 0.7101 -0.6656
vn -0.1978 0.9781 -0.0647
vn -0.1253 0.9884 -0.0862
vn -0.5125 0.7191 0.4693
vn -0.5158 0.7652 0.3853
vn 0.4208 -0.0710 -0.9044
vn 0.4684 0.4259 -0.7741
vn 0.3071 0.7510 -0.5845
vn -0.2093 0.9706 -0.1190
vn -0.5962 0.6755 0.4339
vn -0.9005 0.3146 -0.3003
vn -0.6375 0.5434 -0.5462
vn -0.5946 -0.5453 -0.5909
vn -0.2183 0.5620 -0.7978
vn -0.1217 0.3077 -0.9437
vn 0.5224 -0.0925 -0.8476
vn 0.4027 -0.5069 -0.7622
vn -0.2876 -0.4584 -0.8409
vn -0.8299 0.0616 -0.5545
vn -0.7969 0.0329 -0.6033
vn -0.8551 -0.4750 -0.2079
vn -0.9702 -0.2225 -0.0958
vn -0.1235 -0.0803 -0.9891
vn 0.4571 -0.4346 -0.7760
vn 0.4160 -0.5762 -0.7035
vn -0.7708 -0.0087 -0.6370
vn -0.7605 -0.0615 -0.6464
vn -0.9988 0.0449 -0.0178
vn -0.2517 -0.2789 -0.9268
vn 0.2960 -0.5734 -0.7640
vn -0.7874 -0.0744 -0.6119
vn -0.7708 -0.0088 -0.6370
vn -0.8894 0.4568 -0.0197
vn -0.9622 0.2709 -0.0277
vn -0.7605 -0.0616 -0.6464
vn -0.4604 -0.2854 -0.8406
vn 0.1064 -0.6704 -0.7343
vn 0.3565 -0.6602 -0.6611
vn 0.2228 -0.5800 -0.7836
vn 0.3051 0.0109 -0.9522
vn 0.2901 0.6630 -0.6901
vn -0.1229 0.9843 -0.1267
vn 0.1145 0.9898 -0.0845
vn 0.4692 0.6781 -0.5658
vn 0.4037 0.0481 -0.9136
vn 0.3897 -0.7666 -0.5104
vn -0.0223 -0.9345 -0.3552
vn -0.1696 -0.9510 0.2586
vn 0.5464 -0.7708 0.3277
vn 0.2518 -0.8019 -0.5418
vn -0.2798 -0.7290 -0.6247
vn -0.2650 -0.7486 -0.6077
vn -0.2441 -0.6966 -0.6747
vn -0.7817 -0.3635 -0.5068
vn 0.0464 -0.8187 -0.5723
vn 0.5323 0.0551 -0.8447
vn 0.4748 0.6995 -0.5341
vn 0.2514 0.9536 -0.1654
vn -0.3957 0.8471 0.3549
vn -0.4835 0.8641 0.1401
vn -0.2634 0.9066 -0.3298
vn -0.0301 0.6689 -0.7427
vn 0.2394 0.0510 -0.9696
vn 0.2424 -0.6512 -0.7192
vn 0.6756 -0.7352 0.0550
vn 0.1177 -0.9879 -0.1010
vn -0.2880 0.8753 -0.3885
vn 0.4776 0.7247 -0.4967
vn 0.8136 0.1571 -0.5599
vn 0.7642 -0.4759 -0.4353
vn 0.7187 -0.6199 -0.3149
vn 0.7198 0.6451 0.2563
vn 0.6448 0.5276 0.5531
vn 0.5848 0.4700 0.6611
vn 0.6838 0.1591 0.7121
vn 0.2370 0.9437 -0.2310
vn 0.4608 0.6492 0.6051
vn 0.5034 0.8325 0.2315
vn 0.4609 0.5366 0.7068
vn 0.5612 0.1097 0.8204
vn 0.6819 -0.2296 0.6945
vn 0.7923 -0.0711 0.6059
vn 0.9000 -0.0792 0.4286
vn 0.1439 0.9836 0.1085
vn -0.4790 0.8776 0.0169
vn -0.2529 0.9362 0.2442
vn 0.9601 -0.1356 0.2446
vn 0.8600 -0.1623 0.4838
vn 0.1950 -0.8359 0.5131
vn -0.0863 -0.8589 0.5048
vn 0.5540 -0.6179 0.5579
vn 0.7868 0.6021 -0.1357
vn 0.5974 0.7545 -0.2718
vn 0.8424 0.4750 0.2543
vn 0.8620 0.2591 0.4356
vn 0.8625 0.2580 0.4353
vn 0.8307 0.1095 0.5458
vn 0.8542 0.0078 0.5199
vn 0.8302 0.1136 0.5458
vn 0.8987 0.2416 0.3661
vn 0.8856 0.4645 0.0041
vn 0.9596 -0.1349 0.2469
vn 0.9853 -0.1628 0.0522
vn 0.2091 0.9229 0.3234
vn -0.5627 0.7933 0.2325
vn -0.3090 0.9415 0.1343
vn -0.0674 0.9345 0.3494
vn 0.0542 0.9836 0.1720
vn 0.2090 0.8063 0.5533
vn -0.2907 0.9535 0.0791
vn 0.0129 0.7919 0.6106
vn -0.6772 0.7314 0.0802
vn -0.3381 0.7494 0.5693
vn -0.6766 0.7362 -0.0159
vn -0.7743 0.4017 -0.4890
vn -0.5221 0.6788 -0.5163
vn 0.0501 -0.5142 0.8562
vn -0.0024 -0.2685 0.9633
vn -0.2019 -0.3572 0.9120
vn -0.2546 -0.1647 0.9529
vn -0.2640 0.2864 0.9210
vn -0.3358 0.1144 0.9350
vn -0.3984 0.5511 0.7332
vn 0.1421 0.4660 0.8733
vn 0.2392 0.4916 0.8373
vn 0.0471 0.8107 0.5836
vn -0.5193 0.7279 0.4478
vn 0.2946 0.7699 0.5661
vn 0.9739 -0.2005 -0.1065
vn 0.9850 -0.1630 0.0572
vn 0.3810 0.6299 0.6767
vn 0.9564 -0.2263 -0.1845
vn 0.9797 -0.1817 -0.0849
vn 0.9381 -0.2723 -0.2140
vn 0.9928 0.0189 0.1186
vn 0.9398 0.2549 0.2278
vn 0.9399 0.2549 0.2273
vn 0.8801 0.4014 0.2535
vn 0.8814 0.3992 0.2525
vn 0.9933 0.1057 0.0468
vn 0.9139 0.1030 -0.3927
vn 0.9472 0.1007 -0.3046
vn 0.8176 0.4914 -0.3000
vn 0.4738 -0.4084 0.7802
vn 0.5130 0.0952 0.8531
vn 0.7182 0.5516 -0.4242
vn 0.9540 0.2997 0.0067
vn -0.3660 -0.9061 0.2122
vn -0.2260 -0.8142 0.5348
vn 0.1132 -0.6679 0.7356
vn 0.0774 -0.8491 0.5225
vn 0.2899 -0.7461 0.5994
vn 0.2845 -0.5409 0.7915
vn 0.1727 -0.5212 0.8358
vn -0.2090 -0.5871 0.7820
vn -0.3827 0.0208 0.9237
vn 0.2350 -0.5878 0.7742
vn -0.3810 0.6920 0.6132
vn 0.1478 0.1608 0.9759
vn 0.3264 -0.4458 0.8335
vn 0.0060 -0.7126 0.7016
vn -0.1695 -0.7744 0.6096
vn -0.1369 -0.6840 0.7165
vn 0.0492 -0.6257 0.7785
vn -0.1439 -0.5527 0.8209
vn 0.3075 -0.1489 0.9398
vn 0.2739 -0.4578 0.8459
vn 0.2637 -0.1624 0.9508
vn -0.4344 0.7449 0.5063
vn -0.7573 0.3729 0.5361
vn -0.7373 0.0485 0.6738
vn -0.7121 -0.1769 0.6794
vn -0.6864 -0.2974 0.6636
vn -0.8899 0.4560 0.0136
vn -0.7533 0.5276 0.3927
vn -0.8708 -0.3254 -0.3686
vn -0.8643 -0.1345 -0.4847
vn -0.8757 0.0249 -0.4823
vn -0.9047 0.0978 -0.4147
vn -0.8646 0.2221 -0.4507
vn -0.8689 -0.4695 -0.1567
vn -0.9950 0.0609 0.0793
vn -0.9962 0.0075 0.0870
vn -0.9903 -0.0164 0.1379
vn -0.9787 -0.0604 0.1962
vn -0.9653 -0.1782 0.1911
vn -0.8244 -0.3622 0.4349
vn -0.8297 0.0501 0.5559
vn -0.9842 0.0134 -0.1764
vn -0.9977 0.0656 0.0153
vn -0.9825 0.1035 0.1547
vn -0.8399 -0.5325 -0.1047
vn 0.0864 -0.6609 -0.7455
vn 0.0129 -0.6422 -0.7664
vn 0.1975 -0.1676 -0.9659
vn -0.7231 -0.2913 -0.6264
vn -0.5788 -0.1397 -0.8034
vn -0.9657 -0.0021 0.2596
vn -0.9203 0.3393 0.1948
vn -0.8422 -0.1453 -0.5192
vn -0.8421 -0.1454 -0.5193
vn -0.8705 0.4748 0.1295
vn -0.8748 -0.1783 -0.4505
vn -0.8562 0.5142 0.0511
vn -0.7755 -0.2798 -0.5659
vn -0.0713 -0.6653 -0.7432
vn -0.0983 -0.7616 -0.6405
vn -0.8248 -0.2610 -0.5016
vn -0.7711 -0.4587 -0.4417
vn -0.0602 -0.8738 -0.4826
vn -0.6477 -0.6641 -0.3735
vn -0.0279 -0.9520 -0.3049
vn 0.1536 -0.8650 -0.4777
vn 0.0642 -0.8957 -0.4400
vn 0.2262 -0.8331 -0.5047
vn -0.1843 -0.9550 -0.2324
vn -0.6036 -0.0263 -0.7968
vn 0.3402 0.3950 -0.8534
vn -0.4207 0.1610 -0.8928
vn -0.9013 -0.3736 0.2194
vn -0.8422 -0.1453 -0.5193
vn -0.6304 -0.6524 0.4207
vn -0.1065 -0.9886 0.1064
vn -0.2261 -0.7653 0.6026
vn -0.7484 -0.6141 0.2508
vn -0.6582 -0.7389 -0.1442
vn -0.7449 0.5682 -0.3497
vn -0.6942 0.4430 -0.5674
vn -0.9264 -0.0636 -0.3712
vn -0.8034 0.5840 -0.1157
vn -0.9264 -0.0637 -0.3712
vn -0.9471 -0.0906 -0.3079
vn -0.8079 0.5805 0.1015
vn -0.9067 -0.0608 -0.4173
vn -0.7922 0.5830 0.1805
vn -0.8028 0.5181 0.2950
vn -0.7605 -0.1788 -0.6243
vn -0.9326 0.0310 0.3597
vn -0.6355 -0.0008 -0.7721
vn -0.4966 0.2662 -0.8261
vn -0.9039 -0.3445 0.2536
vn -0.9068 -0.0607 -0.4173
vn -0.9067 -0.0608 -0.4174
vn -0.8980 -0.0212 -0.4395
vn -0.7900 -0.1312 -0.5989
vn -0.7600 0.6230 0.1850
vn -0.8189 0.5512 0.1602
vn -0.6185 -0.1791 -0.7651
vn -0.1347 -0.6424 -0.7545
vn -0.2014 -0.7278 -0.6556
vn 0.0921 -0.7648 -0.6377
vn 0.0104 -0.7803 -0.6253
vn 0.1060 -0.7364 -0.6682
vn -0.3037 -0.8500 -0.4305
vn -0.0685 -0.4534 -0.8887
vn 0.1879 -0.0365 -0.9815
vn 0.3180 0.5025 -0.8040
vn -0.0046 -0.5358 -0.8443
vn 0.1974 -0.7454 -0.6367
vn 0.1545 -0.7166 -0.6802
vn 0.1716 -0.8455 -0.5056
vn 0.2100 -0.8003 -0.5616
vn 0.7452 -0.6165 -0.2542
vn 0.5025 -0.7318 -0.4604
vn 0.2537 -0.9617 -0.1035
vn 0.3286 -0.6647 -0.6709
vn 0.2630 -0.9584 0.1112
vn 0.0488 -0.8997 -0.4337
vn -0.7698 -0.3328 -0.5447
vn -0.3448 -0.1709 -0.9230
vn 0.2554 0.0256 -0.9665
vn 0.8402 -0.0557 -0.5395
vn 0.9809 -0.1425 0.1326
vn 0.9643 -0.1688 0.2040
vn 0.9529 -0.2158 0.2129
vn 0.7417 -0.5901 -0.3189
vn 0.1818 -0.6744 -0.7156
vn -0.9847 0.0545 0.1656
vn -0.9764 -0.2091 0.0538
vn -0.2456 0.4720 -0.8467
vn -0.3026 0.1327 -0.9438
vn 0.3915 0.1732 -0.9038
vn 0.2592 -0.3198 -0.9113
vn 0.2865 -0.2560 -0.9233
vn 0.2179 -0.5866 -0.7800
vn 0.1321 -0.5637 -0.8153
vn -0.4363 -0.2133 -0.8741
vn 0.0395 -0.5452 -0.8374
vn 0.1546 -0.7166 -0.6801
vn -0.9147 0.3705 0.1612
vn -0.8875 0.1274 -0.4429
vn -0.8874 0.1274 -0.4431
vn 0.4067 0.5858 -0.7010
vn 0.4359 0.5890 -0.6805
vn -0.8691 0.0726 -0.4893
vn -0.8913 0.0347 -0.4521
vn -0.7194 -0.2420 -0.6511
vn -0.2083 -0.9770 -0.0450
vn 0.0257 -0.5870 -0.8092
vn 0.3686 0.4202 -0.8292
vn -0.6884 -0.3623 -0.6284
vn -0.0559 -0.8637 -0.5009
vn 0.0875 -0.7754 -0.6254
vn -0.7241 0.6612 -0.1960
vn -0.7910 0.6099 -0.0486
vn -0.7325 -0.2720 -0.6241
vn -0.0177 -0.7858 -0.6183
vn 0.2248 -0.7201 -0.6565
vn -0.6687 -0.2213 -0.7098
vn -0.8385 0.5449 -0.0076
vn -0.3435 -0.7865 0.5133
vn -0.7410 -0.5039 -0.4438
vn -0.6039 0.6325 -0.4850
vn -0.7881 -0.1535 -0.5961
vn -0.8150 -0.1516 -0.5592
vn -0.8377 -0.1240 -0.5319
vn -0.8179 -0.5608 -0.1286
vn -0.4015 0.4765 -0.7821
vn -0.8096 -0.1886 -0.5559
vn -0.2669 -0.6078 0.7479
vn 0.2137 -0.7772 -0.5918
vn 0.2762 -0.8392 -0.4685
vn -0.0454 -0.7455 -0.6650
vn -0.0269 -0.8477 -0.5298
vn -0.7044 -0.5551 -0.4424
vn 0.0309 -0.9448 -0.3263
vn -0.5834 -0.7418 -0.3309
vn 0.0895 -0.9913 -0.0962
vn -0.6198 -0.7787 -0.0970
vn -0.0428 -0.9606 0.2747
vn -0.7214 -0.6521 0.2332
vn -0.1941 -0.7264 0.6593
vn -0.3103 -0.4457 0.8397
vn -0.3895 -0.4727 0.7905
vn -0.4295 -0.5320 0.7297
vn -0.0680 -0.9134 0.4014
vn 0.2752 -0.9190 -0.2822
vn -0.8571 0.5120 -0.0562
vn -0.8293 0.4935 -0.2620
vn -0.7507 0.4539 -0.4801
vn -0.6671 0.3078 -0.6785
vn -0.8748 -0.1784 -0.4504
vn -0.9035 -0.1787 -0.3896
vn -0.9036 -0.1786 -0.3895
vn -0.5498 0.1135 -0.8275
vn 0.2716 -0.9344 -0.2304
vn 0.2967 -0.8867 -0.3546
vn 0.1434 -0.9895 -0.0162
vn -0.8980 -0.0213 -0.4396
vn -0.6765 0.7362 -0.0159
vn -0.7483 -0.6141 0.2507
vn -0.3102 -0.9504 -0.0220
vn -0.2175 -0.8163 -0.5351
vn -0.7172 0.6811 0.1471
vn -0.9134 -0.0136 -0.4068
vn -0.3206 -0.7580 0.5680
vn -0.8840 -0.4671 0.0181
vn -0.4712 0.5440 -0.6943
vn -0.5948 0.7195 -0.3585
vn -0.8599 -0.4098 -0.3044
vn 0.4750 0.2191 0.8523
vn -0.3632 0.7874 0.4980
vn -0.4253 0.3250 0.8447
vn 0.1868 0.9005 0.3926
vn 0.1235 0.9843 0.1264
vn -0.5329 0.7536 0.3848
vn -0.5464 0.6139 0.5697
vn 0.9885 0.0996 0.1136
vn 0.9875 -0.0672 0.1429
vn 0.4855 -0.0121 0.8742
vn 0.4920 -0.1269 0.8613
vn -0.3922 -0.1420 0.9089
vn -0.4169 0.0112 0.9089
vn -0.4298 0.1872 0.8833
vn 0.3989 0.6013 0.6923
vn -0.5468 0.3694 0.7513
vn 0.3171 0.8553 0.4098
vn 0.6655 0.7324 -0.1439
vn 0.5035 0.8344 -0.2241
vn 0.6723 0.7325 0.1067
vn 0.9251 0.2962 0.2375
vn 0.4543 -0.1607 0.8762
vn -0.4114 -0.0234 0.9112
vn 0.9400 0.3374 -0.0516
vn 0.9495 0.0638 0.3072
vn 0.8716 0.3351 -0.3578
vn 0.9152 0.1646 -0.3679
vn 0.8431 0.1564 -0.5145
vn 0.8250 0.3174 -0.4676
vn 0.8751 0.1883 -0.4457
vn 0.8937 0.2346 -0.3824
vn 0.6337 0.1307 -0.7624
vn 0.6474 0.2319 -0.7260
vn -0.1117 0.1033 -0.9884
vn -0.1082 0.2910 -0.9506
vn -0.8743 0.0839 -0.4781
vn -0.8503 0.2959 -0.4352
vn -0.8480 0.2675 -0.4575
vn -0.0736 0.2515 -0.9651
vn -0.8508 0.1051 -0.5150
vn -0.0377 -0.0481 -0.9981
vn -0.8507 0.1051 -0.5150
vn 0.6778 0.2241 -0.7003
vn 0.7071 0.0178 -0.7069
vn 0.6886 -0.1618 -0.7069
vn -0.0581 -0.1037 -0.9929
vn -0.8726 -0.0338 -0.4873
vn -0.1506 -0.1002 -0.9835
vn 0.6694 -0.1973 -0.7162
vn 0.9748 -0.1537 0.1615
vn -0.6589 0.6483 0.3814
vn -0.8307 0.3604 0.4243
vn -0.6912 0.2353 0.6833
vn -0.6924 0.3024 0.6551
vn -0.8206 0.4279 0.3789
vn -0.7707 0.5524 0.3176
vn -0.3766 0.4761 0.7946
vn -0.3767 0.4761 0.7946
vn -0.9183 0.0199 0.3954
vn -0.6707 0.0458 0.7403
vn -0.7372 0.5142 -0.4384
vn -0.8557 0.0303 -0.5166
vn -0.0892 0.4934 -0.8652
vn -0.0919 0.0550 -0.9942
vn 0.6098 0.4450 -0.6558
vn 0.6592 0.0996 -0.7453
vn 0.8669 0.3042 -0.3950
vn 0.9117 0.1117 -0.3954
vn 0.4026 0.3824 0.8317
vn 0.8634 0.4078 0.2970
vn 0.8634 0.4077 0.2970
vn 0.8364 0.4347 -0.3339
vn 0.8012 0.3376 -0.4942
vn 0.8011 0.3375 -0.4942
vn 0.8311 0.3975 -0.3889
vn 0.4929 0.7245 -0.4819
vn -0.0689 0.8181 -0.5710
vn -0.4764 0.8347 -0.2764
vn 0.4169 0.0112 0.9089
vn 0.4170 0.0112 0.9089
vn -0.1485 -0.9310 -0.3335
vn -0.0756 -0.9826 -0.1696
vn -0.1485 -0.9310 -0.3334
vn -0.0756 -0.9826 -0.1697
vn -0.0000 -0.9998 0.0206
vn 0.0675 -0.9858 0.1540
vn 0.1331 -0.9434 0.3036
vn -0.9183 0.0199 0.3953
vn -0.8951 0.1888 0.4040
vn -0.9195 -0.0627 0.3881
vn -0.9028 0.1244 0.4117
vn -0.7794 0.1124 0.6164
vn -0.7904 -0.0349 0.6116
vn -0.9028 0.1244 0.4118
vn -0.8713 0.2964 0.3911
vn -0.8472 0.4118 -0.3355
vn -0.5208 0.4398 -0.7317
vn -0.1379 -0.1056 -0.9848
vn -0.7632 0.6426 -0.0678
vn -0.5979 0.4935 0.6316
vn -0.2367 0.1787 0.9550
vn 0.0879 0.0014 0.9961
vn 0.2204 -0.3292 0.9182
vn 0.0184 -0.2152 0.9764
vn 0.4013 -0.8168 0.4145
vn 0.4506 -0.7786 0.4369
vn 0.5381 -0.8148 0.2156
vn 0.5593 -0.8287 -0.0215
vn 0.5181 -0.7704 -0.3715
vn 0.5204 -0.7579 -0.3933
vn 0.4080 -0.5841 -0.7017
vn 0.4227 -0.6333 -0.6482
vn -0.0379 -0.0379 -0.9986
vn -0.2120 0.7274 -0.6527
vn -0.4238 0.9020 0.0820
vn 0.0201 -0.0737 -0.9971
vn -0.7914 0.0528 -0.6090
vn -0.5429 0.4209 0.7267
vn -0.7226 0.5938 0.3539
vn -0.8770 0.4330 0.2083
vn 0.9393 0.1369 0.3146
vn 0.8838 0.2962 -0.3621
vn 0.8876 0.2845 -0.3622
vn 0.1885 0.1274 -0.9738
vn 0.0389 0.1433 -0.9889
vn 0.8975 0.2134 -0.3860
vn 0.7208 0.0075 -0.6931
vn 0.2332 0.0869 -0.9685
vn 0.5502 -0.4713 -0.6893
vn 0.6743 -0.7384 -0.0088
vn 0.9174 -0.2295 -0.3252
vn 0.9085 -0.4166 0.0337
vn 0.9538 -0.0813 0.2892
vn -0.8027 -0.2028 -0.5609
vn -0.6667 -0.2549 -0.7004
vn -0.6445 -0.1614 -0.7474
vn 0.4256 0.2739 -0.8625
vn 0.9006 0.2036 -0.3839
vn 0.9645 -0.0162 0.2635
vn 0.6640 -0.0820 0.7433
vn 0.7346 -0.2255 0.6399
vn 0.7422 -0.3310 0.5827
vn 0.4446 -0.4279 0.7869
vn 0.1050 -0.2737 0.9561
vn 0.0718 -0.4573 0.8864
vn -0.7944 -0.5309 0.2951
vn -0.7523 -0.4239 0.5043
vn 0.3837 -0.3144 0.8683
vn -0.7239 -0.1482 0.6738
vn -0.9094 -0.3825 -0.1635
vn -0.9101 -0.3826 -0.1594
vn -0.9142 0.1745 0.3658
vn -0.3280 0.5028 0.7998
vn 0.9601 -0.2039 0.1916
vn 0.7344 -0.1725 0.6565
vn 0.1423 -0.2398 0.9603
vn -0.7052 -0.3627 0.6092
vn -0.9611 -0.2523 -0.1120
vn 0.3670 0.5536 0.7475
vn 0.4529 0.4697 0.7578
vn 0.3666 0.5552 0.7465
vn 0.4472 0.4756 0.7576
vn 0.0133 0.8604 0.5094
vn -0.1022 0.8750 0.4731
vn 0.1442 0.9342 0.3263
vn 0.1134 0.8753 0.4702
vn 0.1133 0.8753 0.4702
vn 0.0599 0.9847 0.1635
vn -0.0040 0.9907 0.1358
vn -0.0677 0.9842 0.1636
vn -0.1513 0.9330 0.3266
vn 0.0133 0.8605 0.5094
vn -0.3714 0.5494 0.7484
vn -0.3714 0.5495 0.7484
vn -0.4642 0.4700 0.7508
vn -0.4663 0.4678 0.7508
vn 0.7056 0.5454 -0.4523
vn -0.0882 0.3697 -0.9249
vn 0.6557 0.6085 -0.4470
vn 0.0611 0.4179 -0.9064
vn -0.0822 -0.6926 -0.7166
vn 0.9232 -0.0973 -0.3717
vn 0.9897 -0.0084 -0.1427
vn 0.9849 -0.1003 -0.1408
vn 0.9836 -0.1243 0.1309
vn -0.7855 -0.3288 -0.5243
vn -0.1083 0.5720 -0.8130
vn 0.7940 0.4445 -0.4147
vn 0.8530 0.4474 0.2688
vn 0.7526 0.6162 0.2324
vn 0.6197 0.3280 0.7130
vn 0.6431 0.1239 0.7557
vn 0.6505 -0.0615 0.7570
vn 0.5648 -0.1813 0.8051
vn 0.9574 -0.2222 0.1843
vn 0.7834 -0.2249 0.5794
vn 0.9938 0.1055 -0.0351
vn -0.5205 0.8515 -0.0629
vn -0.5020 0.8196 0.2761
vn -0.3629 0.8817 0.3015
vn 0.9274 0.2306 0.2947
vn 0.6224 -0.0786 0.7787
vn 0.3827 -0.3911 0.8370
vn 0.7374 -0.2626 0.6224
vn -0.9051 -0.1489 0.3984
vn 0.7035 0.5448 -0.4564
vn 0.3721 0.9248 0.0795
vn 0.7996 0.5638 0.2067
vn 0.9546 0.1106 -0.2765
vn 0.4975 0.1581 -0.8529
vn 0.8364 -0.1250 -0.5336
vn 0.4404 -0.2176 -0.8711
vn 0.8402 -0.2813 -0.4635
vn 0.9808 0.1091 0.1618
vn 0.1215 -0.2180 -0.9684
vn 0.1294 -0.1474 -0.9806
vn -0.0000 -0.1255 -0.9921
vn 0.5605 -0.2249 -0.7970
vn 0.6046 -0.3615 -0.7098
vn 0.9972 -0.0656 -0.0356
vn 0.9905 -0.0958 -0.0988
vn 0.8602 -0.2651 -0.4356
vn -0.1345 -0.2544 -0.9577
vn -0.0169 0.2527 -0.9674
vn 0.1576 0.7217 -0.6740
vn 0.6940 0.6977 -0.1780
vn 0.3466 0.6048 -0.7170
vn 0.0390 0.5269 -0.8490
vn 0.1968 0.4396 -0.8764
vn 0.5823 -0.1523 -0.7986
vn 0.9905 -0.0958 -0.0987
vn -0.0044 -0.1760 -0.9844
vn 0.0378 -0.3230 -0.9456
vn -0.0000 -0.2680 -0.9634
vn -0.0378 -0.3230 -0.9457
vn -0.1550 -0.1058 -0.9822
vn -0.0851 0.2580 -0.9624
vn -0.0209 0.2614 -0.9650
vn -0.0050 0.4727 -0.8812
vn -0.0496 0.5194 -0.8531
vn 0.0646 0.2582 -0.9639
vn -0.1828 0.7136 -0.6763
vn 0.0338 0.2747 -0.9609
vn -0.7440 0.5373 -0.3972
vn -0.4531 0.2358 -0.8597
vn -0.9655 0.0460 -0.2564
vn -0.8279 -0.1140 -0.5492
vn 0.0029 0.4176 -0.9086
vn -0.1966 0.4399 -0.8762
vn -0.3246 0.6154 -0.7182
vn -0.6685 0.7257 -0.1627
vn -0.3987 0.8994 0.1790
vn -0.8494 0.4388 0.2930
vn -0.9816 0.0144 0.1902
vn 0.0029 -0.2125 -0.9771
vn 0.0029 -0.2084 -0.9780
vn -0.0002 -0.0693 -0.9976
vn 0.1515 -0.1025 -0.9831
vn 0.1042 -0.2492 -0.9628
vn -0.1215 -0.2181 -0.9683
vn -0.6050 -0.3628 -0.7088
vn -0.3724 -0.1658 -0.9131
vn -0.8277 -0.2814 -0.4854
vn -0.8598 -0.2642 -0.4370
vn -0.9936 -0.0829 -0.0761
vn -0.9977 -0.0593 -0.0340
vn -0.5605 -0.2249 -0.7970
vn -0.9905 -0.0958 -0.0987
vn -0.5824 -0.1523 -0.7985
vn -0.1294 -0.1474 -0.9806
vn -0.8504 -0.2103 0.4822
vn -0.6414 -0.3328 0.6913
vn -0.4188 -0.5895 0.6907
vn -0.5813 -0.2361 0.7787
vn -0.6211 -0.0472 0.7823
vn -0.9135 0.1528 0.3771
vn -0.8545 0.3590 0.3755
vn -0.8109 0.5085 -0.2895
vn -0.7134 0.6138 -0.3380
vn 0.0816 0.6309 -0.7715
vn 0.3222 0.7420 -0.5880
vn -0.1991 0.0322 -0.9795
vn 0.4269 0.7224 0.5440
vn 0.5618 0.8234 0.0795
vn 0.5387 0.7583 0.3670
vn -0.9438 -0.0239 -0.3298
vn -0.0465 -0.7433 -0.6673
vn 0.4095 0.4717 -0.7809
vn -0.6754 0.6401 -0.3663
vn -0.7836 0.5327 0.3196
vn -0.6324 0.1909 0.7508
vn -0.7281 -0.1489 0.6691
vn -0.9669 -0.2249 0.1207
vn -0.9976 0.0653 -0.0226
vn -0.8279 -0.2800 0.4860
vn 0.9456 0.2317 0.2286
vn -0.9927 -0.0061 -0.1208
vn -0.9884 -0.0913 -0.1212
vn -0.9155 -0.1139 -0.3858
vn 0.3461 0.7583 0.5524
vn 0.7167 0.5776 0.3908
vn 0.6167 0.4093 0.6724
vn 0.7033 0.2474 0.6665
vn 0.9121 -0.0570 0.4059
vn 0.9235 -0.0059 0.3834
vn 0.7319 0.3661 0.5746
vn 0.1690 0.3666 0.9149
vn 0.2036 0.2736 0.9400
vn 0.4669 0.2684 0.8426
vn 0.1774 0.4971 0.8494
vn 0.4451 0.3825 0.8097
vn 0.4122 0.4780 0.7756
vn 0.3739 0.5086 0.7756
vn 0.3135 0.5955 0.7397
vn 0.7937 0.1551 0.5882
vn 0.8722 0.1037 0.4780
vn 0.8339 0.1078 0.5414
vn 0.7951 0.0271 0.6059
vn 0.3647 0.0986 0.9259
vn -0.3647 0.0986 0.9259
vn -0.7951 0.0271 0.6059
vn -0.3758 -0.0275 0.9263
vn -0.0000 0.0877 0.9962
vn -0.0000 -0.0257 0.9997
vn 0.3700 -0.0359 0.9283
vn 0.7904 -0.0349 0.6116
vn 0.9488 0.0298 0.3145
vn 0.9013 0.0139 0.4329
vn -0.2036 0.2736 0.9400
vn -0.4651 0.1930 0.8640
vn -0.8339 0.1078 0.5414
vn -0.5954 0.3937 0.7004
vn -0.6538 0.6125 0.4442
vn -0.3586 0.6738 0.6461
vn -0.3124 0.4839 0.8175
vn -0.7498 0.2390 0.6170
vn -0.7643 0.2298 0.6025
vn -0.3954 0.4873 0.7786
vn -0.8027 0.1544 0.5760
vn -0.4226 0.4011 0.8127
vn -0.9032 0.0967 0.4183
vn -0.4672 0.2772 0.8396
vn -0.1693 0.3751 0.9114
vn -0.0000 0.2857 0.9583
vn -0.4402 0.4591 0.7717
vn -0.1921 0.4937 0.8481
vn -0.0022 0.3824 0.9240
vn -0.0154 0.4624 0.8866
vn -0.1881 0.5543 0.8108
vn 0.1614 0.5685 0.8067
vn -0.0060 0.5331 0.8460
vn -0.9076 -0.0875 0.4106
vn -0.9366 -0.0390 0.3482
vn -0.9231 -0.0540 0.3808
vn -0.9911 0.0417 0.1263
vn -0.0695 0.8780 0.4736
vn -0.0074 0.8223 0.5691
vn -0.1637 0.8583 0.4864
vn 0.0254 0.8849 0.4650
vn -0.0034 0.7938 0.6081
vn 0.0982 0.6703 0.7355
vn -0.0051 0.6739 0.7388
vn -0.1053 0.6685 0.7362
vn 0.0256 0.8186 0.5739
vn 0.0637 0.8747 0.4805
vn 0.1790 0.8534 0.4895
vn 0.9687 0.1850 0.1655
vn 0.8601 0.0442 0.5082
vn 0.8084 -0.0370 0.5875
vn -0.7943 -0.0271 0.6069
vn -0.8370 0.0817 0.5410
vn -0.9476 0.2518 0.1967
vn -0.8538 0.3483 -0.3869
vn -0.4010 0.3674 -0.8392
vn 0.0033 0.3148 -0.9492
vn 0.3952 0.3536 -0.8478
vn 0.8632 0.3239 -0.3872
vn 0.0022 -0.3489 0.9372
vn 0.4614 -0.2965 0.8362
vn 0.4661 -0.3042 0.8308
vn 0.9030 -0.2096 0.3749
vn 0.9285 -0.2433 0.2805
vn 0.9617 -0.1529 -0.2274
vn 0.9460 -0.1450 -0.2900
vn 0.8529 -0.0261 -0.5215
vn 0.8483 0.0088 -0.5295
vn 0.8032 0.0616 -0.5926
vn 0.7998 0.0844 -0.5943
vn -0.4597 -0.2995 0.8360
vn -0.4621 -0.3080 0.8316
vn -0.9091 -0.1950 0.3681
vn -0.9222 -0.1996 0.3312
vn -0.9799 -0.0716 -0.1863
vn -0.9721 -0.0732 -0.2230
vn -0.8761 0.0333 -0.4810
vn -0.8742 0.0505 -0.4829
vn -0.8792 0.0392 -0.4748
vn -0.8388 0.0606 -0.5410
vn -0.8809 0.0317 -0.4722
vn -0.8374 0.0701 -0.5420
vn 0.4738 -0.8718 0.1240
vn -0.0000 -0.9920 -0.1262
vn 0.3226 -0.8898 -0.3227
vn -0.0000 -0.9434 -0.3315
vn -0.0000 -0.5992 -0.8006
vn -0.1624 -0.5647 -0.8092
vn -0.1957 -0.1778 -0.9644
vn -0.0124 -0.5142 -0.8576
vn 0.7068 -0.3195 -0.6312
vn 0.8707 -0.4460 0.2073
vn 0.9105 -0.3643 0.1954
vn 0.7542 -0.0549 -0.6543
vn 0.9615 -0.0604 0.2680
vn -0.6262 -0.2157 -0.7492
vn -0.9974 0.0176 0.0696
vn -0.9991 -0.0334 0.0279
vn -0.6965 -0.0966 -0.7110
vn -0.6593 0.0996 -0.7453
vn -0.9969 0.0562 0.0552
vn -0.0588 0.1900 -0.9800
vn -0.6474 0.2319 -0.7260
vn -0.9952 0.0928 0.0326
vn -0.5666 -0.0654 0.8214
vn -0.5667 -0.0654 0.8214
vn -0.6248 -0.1396 0.7682
vn -0.6614 -0.1801 0.7281
vn -0.9969 0.0562 0.0553
vn -0.6272 0.1382 -0.7665
vn -0.1651 0.0794 -0.9831
vn -0.2182 -0.3825 0.8978
vn -0.0000 0.0674 -0.9977
vn -0.1444 0.1165 -0.9826
vn -0.0000 0.1026 -0.9947
vn -0.1663 -0.3316 0.9287
vn -0.0000 -0.4417 0.8972
vn -0.0634 0.3568 -0.9320
vn -0.6445 0.3506 -0.6795
vn -0.9691 0.2089 0.1310
vn -0.6215 -0.3020 0.7228
vn 0.4114 -0.4787 0.7756
vn 0.0202 -0.5738 0.8187
vn -0.0000 -0.3978 0.9175
vn 0.1663 -0.3316 0.9287
vn 0.2182 -0.3825 0.8978
vn 0.6248 -0.1396 0.7682
vn 0.5648 -0.0819 0.8212
vn 0.9974 0.0176 0.0696
vn 0.3628 -0.5541 0.7492
vn 0.3046 -0.9101 0.2809
vn -0.0000 -0.7276 0.6860
vn -0.0202 -0.5738 0.8187
vn 0.6215 -0.3020 0.7228
vn 0.9952 0.0928 0.0326
vn 0.9991 -0.0334 0.0279
vn -0.4170 -0.4869 0.7675
vn -0.3046 -0.9101 0.2809
vn -0.0000 -0.9870 0.1605
vn 0.3983 -0.4103 0.8204
vn -0.5499 -0.2447 0.7986
vn -0.9105 -0.3643 0.1954
vn -0.8707 -0.4460 0.2073
vn -0.4738 -0.8718 0.1240
vn -0.3628 -0.5541 0.7492
vn -0.3983 -0.4103 0.8204
vn 0.5225 -0.2741 -0.8074
vn 0.4196 -0.9068 -0.0398
vn 0.3234 -0.8233 -0.4665
vn 0.9022 -0.4290 0.0446
vn 0.9930 -0.1145 -0.0284
vn 0.5349 -0.1475 0.8319
vn -0.3211 -0.3297 0.8878
vn -0.4933 0.0736 0.8668
vn -0.9105 -0.3644 0.1954
vn -0.9728 0.0600 0.2236
vn -0.9630 0.0310 0.2678
vn -0.4170 0.0112 0.9089
vn -0.9615 -0.0604 0.2680
vn -0.3152 -0.8782 0.3597
vn -0.5813 -0.8077 0.0985
vn 0.1832 -0.9358 0.3012
vn 0.9691 0.2089 0.1309
vn 0.5499 -0.2448 0.7986
vn 0.4381 0.0644 0.8966
vn 0.4152 0.1476 0.8977
vn 0.9875 -0.0673 0.1429
vn 0.6262 -0.2157 -0.7492
vn 0.6446 0.3505 -0.6794
vn 0.6615 0.3159 -0.6802
vn 0.7542 -0.0549 -0.6544
vn 0.7071 0.0179 -0.7068
vn -0.0477 -0.5619 -0.8258
vn -0.4050 -0.7855 -0.4680
vn -0.0120 -0.8249 -0.5652
vn -0.6117 -0.3283 -0.7198
vn 0.0377 -0.0481 -0.9981
vn -0.0100 0.1631 -0.9866
vn 0.0190 0.3022 -0.9531
vn 0.0634 0.3568 -0.9320
vn 0.0588 0.1900 -0.9800
vn 0.1624 -0.5647 -0.8092
vn 0.1957 -0.1778 -0.9644
vn -0.7507 -0.0658 -0.6574
vn -0.7068 -0.3195 -0.6312
vn -0.3226 -0.8898 -0.3227
vn -0.7525 0.2625 -0.6040
vn -0.7517 0.2221 -0.6210
vn -0.7561 0.1736 -0.6310
vn -0.1541 0.7955 0.5860
vn -0.1482 0.7917 0.5926
vn -0.0111 0.7841 0.6206
vn -0.0114 0.7775 0.6287
vn 0.1240 0.7867 0.6047
vn 0.1285 0.7887 0.6012
vn 0.6614 -0.1801 0.7281
vn 0.9969 0.0562 0.0552
vn 0.9969 0.0562 0.0553
vn 0.6593 0.0996 -0.7453
vn 0.1651 0.0795 -0.9831
vn 0.6965 -0.0966 -0.7110
vn 0.1444 0.1165 -0.9826
vn -0.4431 -0.8918 -0.0912
vn -0.3927 -0.8777 0.2746
vn -0.3926 -0.8777 0.2746
vn 0.2534 -0.8332 0.4915
vn 0.3926 -0.8777 0.2746
vn -0.0000 -0.8240 0.5666
vn -0.2534 -0.8332 0.4915
vn 0.4431 -0.8918 -0.0912
vn -0.0000 -0.6725 0.7401
vn -0.3824 -0.3494 0.8554
vn -0.3474 -0.6335 0.6914
vn -0.6537 -0.6146 0.4416
vn -0.7450 -0.3368 0.5758
vn -0.9022 -0.4289 0.0446
vn -0.7584 -0.0141 0.6517
vn -0.9541 -0.2966 -0.0417
vn -0.0000 -0.0791 0.9969
vn -0.0000 -0.3986 0.9171
vn 0.3824 -0.3494 0.8554
vn 0.3474 -0.6335 0.6914
vn 0.6537 -0.6146 0.4416
vn 0.7450 -0.3368 0.5758
vn 0.9022 -0.4289 0.0446
vn 0.7583 -0.0141 0.6517
vn 0.9541 -0.2966 -0.0417
vn 0.3700 -0.0360 0.9283
vn -0.2605 -0.8655 -0.4279
vn -0.0947 -0.8029 -0.5886
vn -0.0000 -0.7736 -0.6337
vn 0.0947 -0.8029 -0.5885
vn 0.2605 -0.8655 -0.4279
vn 0.2605 -0.8655 -0.4280
vn -0.4509 -0.5549 -0.6991
vn -0.1660 -0.5264 -0.8339
vn -0.1141 -0.7296 -0.6743
vn -0.0000 -0.7408 -0.6718
vn -0.5508 -0.4684 -0.6908
vn -0.2067 -0.2851 -0.9359
vn 0.1660 -0.5264 -0.8339
vn 0.1141 -0.7296 -0.6743
vn 0.4509 -0.5549 -0.6991
vn 0.5508 -0.4684 -0.6908
vn 0.2067 -0.2851 -0.9359
vn -0.0000 -0.8658 -0.5005
vn -0.0000 -0.8659 -0.5002
vn -0.0854 -0.8653 -0.4939
vn -0.2772 -0.8832 -0.3782
vn -0.2772 -0.8832 -0.3783
vn -0.4225 -0.8865 -0.1887
vn -0.4226 -0.8865 -0.1887
vn -0.3900 -0.9207 0.0168
vn -0.2513 -0.9578 0.1397
vn -0.2514 -0.9578 0.1397
vn 0.2513 -0.9578 0.1397
vn 0.3900 -0.9207 0.0168
vn 0.4226 -0.8865 -0.1887
vn 0.2772 -0.8832 -0.3783
vn 0.2772 -0.8832 -0.3782
vn 0.0854 -0.8653 -0.4939
vn 0.7517 0.2221 -0.6210
vn 0.7525 0.2625 -0.6040
vn -0.1832 -0.9358 0.3012
vn 0.3152 -0.8782 0.3597
vn 0.3211 -0.3297 0.8878
vn -0.5667 -0.0655 0.8213
vn -0.9022 -0.4290 0.0446
vn -0.9930 -0.1145 -0.0284
vn -0.5225 -0.2740 -0.8074
vn -0.7021 -0.0061 -0.7120
vn 0.6117 -0.3283 -0.7198
vn 0.7561 0.1736 -0.6310
vn 0.9728 0.0600 0.2236
vn 0.9630 0.0310 0.2678
vn -0.4196 -0.9068 -0.0398
vn -0.3234 -0.8233 -0.4665
vn 0.4050 -0.7855 -0.4680
vn 0.0477 -0.5619 -0.8258
vn 0.9105 -0.3644 0.1954
vn 0.5813 -0.8077 0.0985
vn -0.9691 0.2089 0.1309
vn -0.6615 0.3159 -0.6802
vn -0.0189 0.3022 -0.9530
vn -0.7507 -0.0657 -0.6574
vn -0.9874 -0.0673 0.1429
vn -0.5349 -0.1475 0.8319
vn -0.4152 0.1476 0.8977
vn 0.4933 0.0736 0.8668
vn -0.4381 0.0644 0.8966
vn -0.9991 -0.0334 0.0280
vn -0.6181 0.0600 -0.7838
vn -0.1396 0.1633 -0.9767
vn -0.1396 0.1632 -0.9767
vn -0.0000 0.2035 -0.9791
vn 0.1396 0.1632 -0.9767
vn 0.1396 0.1633 -0.9767
vn 0.6181 0.0600 -0.7838
vn 0.9991 -0.0334 0.0280
vn 0.6819 -0.1352 0.7188
vn 0.3143 -0.2563 0.9141
vn 0.3143 -0.2564 0.9141
vn -0.0000 -0.3072 0.9516
vn -0.0000 -0.3073 0.9516
vn -0.3143 -0.2564 0.9141
vn -0.3143 -0.2563 0.9141
vn -0.6819 -0.1352 0.7188
vn 0.5291 -0.8021 -0.2768
vn 0.5025 -0.8282 -0.2482
vn 0.5116 -0.8521 -0.1101
vn 0.5468 -0.8362 -0.0412
vn 0.5450 -0.8126 -0.2065
vn 0.5672 -0.7346 -0.3724
vn 0.0736 0.2515 -0.9651
vn 0.1082 0.2910 -0.9506
vn -0.6778 0.2241 -0.7003
vn -0.8937 0.2346 -0.3824
vn -0.6886 -0.1618 -0.7069
vn 0.0577 -0.1036 -0.9929
vn 0.8480 0.2675 -0.4575
vn 0.8503 0.2959 -0.4352
vn 0.8622 0.0854 -0.4992
vn 0.8726 -0.0338 -0.4873
vn 0.1506 -0.1002 -0.9835
vn -0.6694 -0.1973 -0.7162
vn -0.9748 -0.1537 0.1615
vn -0.9875 -0.0672 0.1429
vn -0.9885 0.0996 0.1136
vn -0.9400 0.3374 -0.0516
vn -0.6655 0.7324 -0.1439
vn -0.8250 0.3174 -0.4676
vn -0.8716 0.3351 -0.3579
vn -0.5035 0.8344 -0.2241
vn -0.6723 0.7325 0.1067
vn -0.9251 0.2962 0.2375
vn -0.1868 0.9005 0.3926
vn -0.4614 0.2322 0.8563
vn -0.4543 -0.1607 0.8762
vn -0.9495 0.0638 0.3072
vn -0.9152 0.1646 -0.3679
vn -0.8431 0.1564 -0.5145
vn -0.8751 0.1883 -0.4457
vn -0.6272 0.1381 -0.7665
vn 0.1117 0.1033 -0.9884
vn 0.8623 0.0855 -0.4992
vn 0.4114 -0.0234 0.9112
vn 0.4253 0.3250 0.8447
vn 0.9183 0.0199 0.3953
vn -0.4855 -0.0121 0.8741
vn 0.3922 -0.1420 0.9089
vn -0.4920 -0.1269 0.8613
vn -0.4651 0.1931 0.8640
vn -0.3989 0.6013 0.6923
vn -0.3171 0.8553 0.4098
vn -0.1235 0.9843 0.1264
vn 0.3632 0.7874 0.4980
vn 0.4298 0.1872 0.8833
vn 0.5468 0.3694 0.7513
vn 0.5464 0.6139 0.5697
vn 0.5329 0.7536 0.3848
vn -0.8668 0.3042 -0.3950
vn -0.6592 0.0996 -0.7453
vn -0.9117 0.1117 -0.3954
vn -0.6098 0.4450 -0.6558
vn 0.0919 0.0550 -0.9942
vn 0.0891 0.4934 -0.8652
vn 0.8557 0.0303 -0.5166
vn 0.7372 0.5142 -0.4384
vn 0.9183 0.0199 0.3954
vn 0.8302 0.3604 0.4252
vn 0.6912 0.2353 0.6833
vn 0.6707 0.0458 0.7403
vn 0.7707 0.5524 0.3176
vn 0.3767 0.4761 0.7946
vn 0.3766 0.4761 0.7946
vn 0.8206 0.4279 0.3789
vn 0.6924 0.3024 0.6551
vn 0.6589 0.6483 0.3814
vn 0.4764 0.8347 -0.2764
vn 0.0689 0.8181 -0.5710
vn -0.4929 0.7245 -0.4819
vn -0.8311 0.3975 -0.3889
vn -0.8011 0.3375 -0.4942
vn -0.8364 0.4347 -0.3339
vn -0.8635 0.4077 0.2970
vn -0.8634 0.4077 0.2970
vn -0.4026 0.3824 0.8317
vn 0.9028 0.1244 0.4117
vn 0.9195 -0.0627 0.3881
vn 0.8951 0.1888 0.4040
vn 0.8950 0.1888 0.4040
vn 0.7794 0.1124 0.6163
vn 0.7904 -0.0348 0.6116
vn 0.9028 0.1244 0.4118
vn 0.8713 0.2964 0.3911
vn -0.9091 0.3252 -0.2603
vn -0.9266 0.0582 0.3716
vn -0.9495 -0.0882 0.3012
vn -0.9095 0.3227 -0.2621
vn -0.9385 0.1273 -0.3209
vn -0.0974 0.1921 -0.9765
vn 0.0120 0.2584 -0.9660
vn -0.6301 -0.1342 -0.7648
vn 0.1914 0.4659 -0.8639
vn -0.2469 0.3338 -0.9097
vn -0.6210 -0.2339 0.7481
vn -0.8976 -0.1587 0.4113
vn -0.9000 -0.3468 -0.2642
vn -0.2350 -0.2053 -0.9501
vn 0.0400 -0.2627 -0.9641
vn 0.3688 0.4131 -0.8326
vn 0.2539 0.0037 -0.9672
vn 0.6304 0.7452 -0.2177
vn 0.4109 0.0863 -0.9076
vn 0.5746 0.7910 -0.2102
vn 0.4803 0.8693 -0.1170
vn 0.7300 0.0743 -0.6794
vn 0.6510 -0.1904 -0.7348
vn -0.2166 -0.8060 -0.5509
vn -0.4419 -0.7018 -0.5587
vn -0.8220 -0.5500 0.1474
vn -0.5962 -0.2674 0.7570
vn -0.0494 -0.4626 0.8852
vn 0.1027 -0.4268 0.8985
vn 0.7940 -0.6068 0.0370
vn -0.5367 -0.0373 0.8429
vn 0.9302 0.1316 0.3426
vn -0.1488 0.2460 0.9578
vn 0.1715 0.6974 0.6959
vn 0.9568 0.0428 -0.2877
vn 0.7983 -0.4547 -0.3949
vn 0.7697 -0.4627 0.4400
vn 0.9498 -0.2321 -0.2098
vn -0.6815 -0.2425 0.6905
vn -0.3568 -0.3364 0.8715
vn -0.1814 -0.1525 0.9715
vn -0.3678 -0.8395 0.3999
vn -0.4843 -0.8584 0.1693
vn -0.3156 -0.9297 -0.1899
vn 0.4773 0.7223 0.5005
vn 0.2004 0.4318 0.8794
vn -0.0541 -0.1761 0.9829
vn -0.3306 -0.8694 0.3673
vn -0.3393 -0.9210 -0.1913
vn -0.2439 -0.8614 -0.4455
vn -0.1439 -0.7386 -0.6586
vn 0.5648 0.6832 0.4629
vn 0.3492 0.4835 0.8027
vn 0.3881 0.5463 0.7423
vn 0.6699 0.0030 -0.7424
vn 0.6078 -0.0041 -0.7941
vn -0.4731 0.4190 -0.7750
vn -0.9220 0.2495 -0.2960
vn -0.9459 -0.2592 0.1954
vn -0.6973 -0.3092 0.6467
vn -0.0889 -0.4165 0.9048
vn 0.7408 -0.4524 0.4966
vn 0.4676 0.0218 -0.8837
vn 0.4675 0.0218 -0.8837
vn -0.3054 -0.2114 0.9285
vn 0.4679 0.0212 -0.8835
vn 0.4672 0.0224 -0.8839
vn -0.3051 -0.2118 0.9285
vn -0.3056 -0.2111 0.9285
vn -0.4962 0.7593 0.4210
vn -0.5197 0.8007 0.2982
vn -0.5223 0.8007 0.2933
vn -0.5968 0.8013 0.0421
vn -0.5058 0.6393 0.5792
vn -0.3904 0.6142 0.6858
vn -0.5644 0.6755 0.4746
vn -0.5409 0.7504 0.3800
vn -0.6137 0.7772 -0.1388
vn -0.7013 0.7109 0.0521
vn -0.4171 0.7077 0.5703
vn -0.5272 0.6839 0.5044
vn 0.0406 0.3897 0.9200
vn 0.0031 0.4010 0.9161
vn 0.1124 0.3421 0.9329
vn 0.2190 0.2009 0.9548
vn 0.5940 0.1256 0.7946
vn 0.6905 0.0251 0.7229
vn 0.9276 -0.1367 0.3477
vn 0.9105 -0.1187 0.3961
vn 0.0970 0.3716 0.9233
vn 0.9377 -0.1807 0.2969
vn 0.2631 0.5409 0.7989
vn 0.7608 -0.4682 0.4493
vn -0.0071 0.2632 0.9647
vn -0.1170 -0.9927 0.0281
vn 0.6510 0.7585 0.0297
vn -0.3499 0.9366 -0.0175
vn -0.6480 0.7543 0.1054
vn -0.9460 -0.2734 -0.1742
vn 0.1323 0.3899 0.9113
vn 0.9655 -0.1126 0.2349
vn 0.2934 0.5733 0.7650
vn 0.8193 -0.4093 0.4016
vn 0.0388 0.2753 0.9606
vn -0.0465 -0.9979 0.0450
vn 0.5979 0.8013 -0.0210
vn -0.4138 0.9104 -0.0025
vn -0.6898 0.7100 0.1417
vn -0.9344 -0.3394 -0.1080
vn 0.3084 0.3005 0.9025
vn 0.9970 -0.0757 0.0145
vn 0.4273 0.5078 0.7480
vn 0.9015 -0.3968 0.1727
vn 0.2322 0.1758 0.9566
vn 0.0033 -0.9981 -0.0613
vn 0.5478 0.8350 -0.0526
vn -0.4649 0.8631 0.1971
vn -0.6709 0.6468 0.3626
vn -0.9219 -0.3841 0.0504
vn 0.5375 0.1853 0.8226
vn 0.9651 -0.0648 -0.2538
vn 0.6170 0.4123 0.6704
vn 0.9067 -0.4047 -0.1187
vn 0.4752 0.0537 0.8783
vn -0.0221 -0.9756 -0.2186
vn 0.5336 0.8414 -0.0855
vn -0.3574 0.8410 0.4062
vn -0.5403 0.5864 0.6035
vn -0.8857 -0.3986 0.2379
vn 0.6230 0.1784 0.7616
vn 0.9306 -0.0191 -0.3656
vn 0.6763 0.4132 0.6098
vn 0.9001 -0.3653 -0.2375
vn 0.5723 0.0433 0.8189
vn 0.4907 0.8637 -0.1148
vn -0.3363 0.8126 0.4760
vn -0.4862 0.5447 0.6833
vn -0.8377 -0.4401 0.3233
vn 0.7099 0.1173 0.6945
vn 0.8782 0.0438 -0.4762
vn 0.7405 0.3677 0.5626
vn 0.8690 -0.3144 -0.3821
vn 0.6686 -0.0248 0.7432
vn -0.0345 -0.9486 -0.3146
vn 0.4598 0.8841 -0.0832
vn -0.2868 0.7505 0.5954
vn -0.4058 0.4590 0.7904
vn -0.7845 -0.4936 0.3753
vn 0.8148 0.1414 0.5622
vn 0.7737 0.1210 -0.6219
vn 0.8057 0.3978 0.4389
vn 0.8036 -0.2400 -0.5446
vn 0.7919 -0.0045 0.6107
vn -0.0322 -0.9370 -0.3478
vn 0.3578 0.9272 -0.1107
vn -0.2204 0.7075 0.6715
vn -0.2841 0.4017 0.8706
vn -0.6723 -0.5594 0.4849
vn 0.9145 0.0956 0.3930
vn 0.6302 0.1869 -0.7536
vn 0.8827 0.3624 0.2991
vn 0.6718 -0.1795 -0.7187
vn 0.9005 -0.0548 0.4313
vn -0.1124 -0.9002 -0.4207
vn -0.0704 0.6386 0.7663
vn -0.1064 0.3330 0.9369
vn -0.5634 -0.6094 0.5579
vn 0.0471 0.3085 0.9500
vn 0.9039 -0.2473 0.3490
vn 0.2470 0.4798 0.8419
vn 0.7029 -0.5340 0.4698
vn -0.0648 0.2034 0.9769
vn 0.6656 -0.7140 -0.2171
vn 0.6825 0.7203 0.1242
vn -0.3027 0.9529 0.0192
vn -0.6173 0.7792 0.1088
vn -0.6086 0.5796 -0.5419
vn 0.8915 0.1278 0.4346
vn 0.6472 0.2567 -0.7177
vn 0.8481 0.3965 0.3514
vn 0.7085 -0.1080 -0.6974
vn 0.8847 -0.0248 0.4655
vn 0.0927 -0.1548 -0.9836
vn 0.3080 0.9498 -0.0542
vn -0.1367 0.5971 0.7905
vn -0.1493 0.2644 0.9528
vn -0.7468 0.2096 0.6312
vn -0.1064 0.3329 0.9369
vn 0.8166 -0.2738 0.5080
vn 0.1169 0.4928 0.8622
vn 0.5850 -0.5487 0.5973
vn -0.2259 0.2332 0.9458
vn -0.1996 -0.9784 -0.0531
vn 0.6818 0.6952 0.2278
vn -0.2583 0.9646 -0.0541
vn -0.5912 0.8063 -0.0177
vn -0.8917 -0.1811 -0.4149
vn -0.1962 0.3928 0.8984
vn 0.7364 -0.2811 0.6153
vn 0.0425 0.5373 0.8423
vn 0.4815 -0.5390 0.6911
vn -0.3211 0.2996 0.8984
vn -0.2442 -0.9694 -0.0238
vn 0.6871 0.6748 0.2695
vn -0.1982 0.9707 -0.1360
vn -0.5411 0.8307 -0.1311
vn -0.8460 -0.1635 -0.5075
vn 0.9862 0.0188 -0.1644
vn 0.1400 0.3253 -0.9352
vn 0.9369 0.2985 -0.1820
vn 0.1554 -0.0411 -0.9870
vn 0.9794 -0.1362 -0.1489
vn -0.4148 -0.8044 -0.4253
vn 0.3248 0.9354 -0.1398
vn 0.4274 0.5078 0.7480
vn 0.4627 0.1308 0.8768
vn -0.2339 -0.7033 0.6713
vn -0.0113 0.3408 -0.9401
vn 0.9057 0.2453 -0.3458
vn -0.0294 -0.0244 -0.9993
vn 0.9252 -0.1912 -0.3277
vn -0.5365 -0.7659 -0.3543
vn 0.3649 0.9122 -0.1866
vn 0.5839 0.4351 0.6853
vn 0.6218 0.0789 0.7792
vn -0.1534 -0.7052 0.6922
vn 0.4647 -0.0611 -0.8833
vn -0.5189 0.5566 -0.6488
vn 0.5070 0.2161 -0.8344
vn -0.6594 0.2211 -0.7185
vn 0.4254 -0.2117 -0.8799
vn -0.8064 -0.5911 0.0177
vn 0.3743 0.8822 -0.2856
vn 0.9693 0.1869 0.1597
vn 0.9689 -0.1833 0.1662
vn 0.1517 -0.8291 0.5381
vn 0.9986 0.0522 0.0088
vn 0.2918 0.2799 -0.9146
vn 0.9440 0.3282 -0.0342
vn 0.3280 -0.0879 -0.9406
vn 0.9970 -0.0757 0.0146
vn -0.3526 -0.0837 -0.9320
vn 0.3252 0.9356 -0.1371
vn 0.2630 0.5409 0.7989
vn 0.2966 0.1978 0.9343
vn -0.3833 0.1958 0.9026
vn 0.3522 -0.0288 -0.9355
vn -0.5009 0.6856 -0.5282
vn 0.4390 0.2337 -0.8676
vn -0.6950 0.3809 -0.6098
vn 0.2923 -0.1724 -0.9407
vn -0.8763 -0.4776 0.0634
vn 0.4639 0.8500 -0.2496
vn 0.9977 0.0392 0.0559
vn 0.9447 -0.3265 0.0293
vn 0.0886 -0.8938 0.4396
vn 0.8763 -0.0840 -0.4744
vn -0.1197 0.3814 -0.9166
vn 0.8628 0.2001 -0.4642
vn -0.1720 0.0210 -0.9849
vn 0.8536 -0.2374 -0.4637
vn -0.6344 -0.7129 -0.2988
vn 0.3989 0.8935 -0.2064
vn 0.7045 0.3656 0.6083
vn 0.7297 0.0039 0.6838
vn -0.1038 -0.7230 0.6830
vn 0.5956 -0.0033 -0.8032
vn -0.4760 0.4963 -0.7260
vn 0.5982 0.2766 -0.7521
vn -0.5653 0.1472 -0.8116
vn 0.5737 -0.1576 -0.8038
vn -0.7272 -0.6798 -0.0954
vn 0.3097 0.9206 -0.2378
vn 0.9067 0.2963 0.3003
vn 0.9476 -0.0717 0.3112
vn 0.1630 -0.8086 0.5653
vn 0.1225 0.1318 -0.9837
vn -0.0962 0.9783 -0.1836
vn 0.3366 0.2465 -0.9088
vn -0.4364 0.8662 -0.2434
vn -0.0083 0.0503 -0.9987
vn -0.9731 0.0137 0.2300
vn 0.8192 0.5355 -0.2053
vn 0.8352 -0.4826 -0.2636
vn 0.5776 -0.7392 -0.3463
vn -0.3686 -0.9093 0.1931
vn 0.1538 0.0032 -0.9881
vn -0.1255 0.9452 -0.3015
vn 0.3646 0.1794 -0.9137
vn -0.4633 0.8074 -0.3654
vn 0.0031 -0.0721 -0.9974
vn -0.9731 0.0264 0.2291
vn 0.8045 0.5338 -0.2603
vn 0.8549 -0.4805 -0.1954
vn 0.6095 -0.7526 -0.2493
vn -0.3419 -0.8915 0.2973
vn 0.2342 -0.0522 -0.9708
vn -0.3021 0.8530 -0.4257
vn 0.4066 0.1626 -0.8990
vn -0.5905 0.6330 -0.5007
vn 0.1311 -0.1689 -0.9769
vn -0.9730 -0.1833 0.1400
vn 0.7018 0.6654 -0.2543
vn 0.9580 -0.2801 -0.0606
vn 0.7883 -0.6069 -0.1014
vn -0.1618 -0.9128 0.3750
vn 0.1538 0.0031 -0.9881
vn -0.2856 0.9024 -0.3228
vn 0.3397 0.2223 -0.9139
vn -0.5916 0.7052 -0.3908
vn 0.0324 -0.0941 -0.9950
vn -0.9672 -0.1452 0.2084
vn 0.7059 0.6614 -0.2536
vn 0.9316 -0.3221 -0.1682
vn 0.7403 -0.6347 -0.2217
vn -0.1836 -0.9335 0.3079
vn -0.1828 0.9271 -0.3271
vn 0.3646 0.1795 -0.9137
vn -0.5086 0.7649 -0.3953
vn 0.0325 -0.0941 -0.9950
vn -0.9778 -0.0359 0.2062
vn 0.7720 0.5823 -0.2549
vn 0.8905 -0.4244 -0.1643
vn 0.6657 -0.7140 -0.2171
vn -0.2869 -0.9061 0.3110
vn 0.2525 -0.0173 -0.9674
vn -0.4032 0.8006 -0.4434
vn 0.4114 0.2052 -0.8881
vn -0.6556 0.5421 -0.5256
vn 0.1563 -0.1393 -0.9778
vn -0.9423 -0.3161 0.1102
vn 0.5932 0.7688 -0.2388
vn 0.9892 -0.1444 -0.0269
vn 0.8679 -0.4917 -0.0699
vn -0.0458 -0.9246 0.3783
vn -0.3426 0.8441 -0.4125
vn -0.6169 0.6101 -0.4972
vn -0.9633 -0.2404 0.1191
vn 0.6551 0.7207 -0.2268
vn 0.9731 -0.2248 -0.0499
vn 0.8228 -0.5594 -0.1005
vn -0.1163 -0.9286 0.3524
vn -0.3793 0.7635 -0.5227
vn -0.4026 0.7944 -0.4547
vn 0.2017 -0.3697 -0.9070
vn 0.1797 -0.2890 -0.9403
vn 0.2277 -0.5430 -0.8083
vn 0.2193 -0.5343 -0.8164
vn 0.0769 -0.1563 -0.9847
vn 0.0824 -0.1583 -0.9840
vn -0.0247 0.5636 -0.8256
vn -0.0745 0.9587 0.2745
vn 0.2222 0.6545 -0.7227
vn -0.4228 0.8765 0.2302
vn -0.1608 0.4959 -0.8533
vn -0.9164 -0.1010 0.3874
vn 0.8024 0.5922 -0.0739
vn 0.7524 -0.2985 -0.5872
vn 0.4680 -0.4962 -0.7313
vn -0.3849 -0.9060 -0.1760
vn 0.1705 0.1889 -0.9671
vn -0.0487 0.9913 -0.1224
vn 0.4000 0.2893 -0.8697
vn -0.4008 0.8913 -0.2121
vn 0.0365 0.1155 -0.9926
vn -0.9773 0.0565 0.2042
vn 0.8479 0.5121 -0.1369
vn 0.8237 -0.5032 -0.2614
vn 0.5563 -0.7436 -0.3708
vn -0.4233 -0.8978 0.1216
vn -0.4003 0.9068 -0.1325
vn 0.0677 0.4827 0.8732
vn -0.1392 0.9883 -0.0616
vn -0.3012 0.3434 0.8896
vn -0.5333 0.8308 -0.1594
vn -0.6482 -0.6114 0.4539
vn 0.6756 0.7274 0.1200
vn 0.4266 0.3980 -0.8122
vn 0.1162 0.2574 -0.9593
vn -0.4014 -0.6609 -0.6341
vn 0.4226 -0.0445 -0.9052
vn -0.2706 -0.2678 -0.9247
vn -0.7886 -0.3837 -0.4805
vn -0.8169 -0.4046 -0.4111
vn -0.8052 -0.4471 -0.3895
vn -0.4704 -0.8815 0.0412
vn 0.1416 -0.8765 0.4601
vn -0.8375 -0.5462 -0.0172
vn -0.5305 -0.7493 -0.3964
vn -0.5021 -0.7796 -0.3744
vn -0.5038 -0.8290 -0.2429
vn -0.5038 -0.8290 -0.2430
vn -0.5355 -0.8271 -0.1707
vn -0.5356 -0.8271 -0.1707
vn -0.5426 -0.7730 -0.3286
vn -0.5744 -0.6661 -0.4758
vn -0.5744 -0.6661 -0.4757
vn 0.0756 -0.9826 -0.1696
vn 0.1485 -0.9310 -0.3334
vn 0.0751 -0.9826 -0.1700
vn -0.0675 -0.9858 0.1540
vn -0.1331 -0.9434 0.3036
vn -0.2197 -0.9409 0.2578
vn -0.8274 -0.5387 -0.1589
vn 0.1643 -0.9848 -0.0560
vn 0.1014 -0.9911 0.0868
vn 0.1015 -0.9910 0.0868
vn 0.2231 -0.9546 -0.1973
vn 0.2231 -0.9546 -0.1974
vn -0.8606 -0.5076 -0.0416
vn -0.8710 -0.4826 -0.0918
vn 0.9044 -0.2340 0.3569
vn 0.9328 -0.2239 0.2823
vn 0.9328 -0.2240 0.2825
vn 0.9043 -0.2342 0.3568
vn 0.8701 -0.2427 0.4290
vn 0.8701 -0.2428 0.4289
vn -0.6339 -0.7731 0.0211
vn -0.5682 -0.8222 0.0339
vn -0.7850 -0.6179 0.0450
vn -0.7112 -0.7015 0.0443
vn -0.6756 -0.7356 0.0488
vn 0.1383 0.9728 0.1859
vn 0.1663 0.9782 0.1240
vn 0.1664 0.9782 0.1242
vn 0.1382 0.9728 0.1860
vn 0.1094 0.9628 0.2471
vn 0.1090 0.9628 0.2473
vn -0.8247 -0.5634 0.0501
vn -0.8421 -0.5393 -0.0059
vn 0.9184 0.0181 0.3952
vn 0.9427 0.0271 0.3324
vn 0.9427 0.0268 0.3326
vn 0.9184 0.0185 0.3952
vn 0.8900 0.0106 0.4558
vn 0.8899 0.0108 0.4560
vn 0.9745 -0.2185 -0.0513
vn 0.9687 -0.1686 0.1824
vn 0.3928 -0.2561 -0.8832
vn 0.8321 0.0479 -0.5526
vn -0.0551 -0.0803 -0.9952
vn -0.4552 0.2983 -0.8389
vn 0.1186 -0.1666 -0.9789
vn 0.1000 -0.1710 -0.9802
vn 0.0927 -0.2044 -0.9745
vn 0.0912 -0.2118 -0.9730
vn 0.0900 -0.2115 -0.9732
vn 0.1015 -0.1756 -0.9792
vn -0.1929 -0.9788 0.0691
vn -0.6694 -0.7209 0.1794
vn -0.6050 -0.7622 0.2305
vn -0.2236 -0.9684 0.1109
vn -0.4124 -0.9096 0.0514
vn -0.5115 -0.8184 0.2621
vn -0.1174 -0.9820 0.1477
vn -0.2915 -0.9512 0.1016
vn -0.1731 -0.9775 0.1201
vn -0.4441 -0.8515 0.2788
vn -0.3790 -0.8768 0.2960
vn -0.3263 -0.9124 0.2470
vn -0.1712 -0.9632 0.2074
vn -0.7142 -0.6947 0.0851
vn -0.1320 -0.9848 0.1126
vn -0.7747 -0.6271 -0.0811
vn -0.7486 -0.6625 -0.0280
vn -0.8304 0.1115 -0.5458
vn -0.3202 -0.8928 0.3168
vn -0.5226 0.3676 -0.7693
vn -0.8349 0.3767 -0.4013
vn -0.5241 0.5136 -0.6793
vn -0.3983 0.0193 0.9170
vn -0.6091 0.3201 -0.7256
vn -0.3199 0.3959 -0.8608
vn -0.5437 0.4414 -0.7139
vn -0.2794 0.5244 -0.8043
vn -0.3292 0.6170 -0.7148
vn -0.6186 0.4881 -0.6157
vn 0.5479 -0.6247 0.5564
vn 0.5242 -0.7574 0.3893
vn -0.2416 -0.6333 0.7352
vn -0.4705 -0.1378 0.8716
vn 0.0557 -0.4034 0.9133
vn 0.2504 -0.8519 0.4600
vn 0.0455 -0.5865 0.8087
vn 0.1789 -0.8746 0.4506
vn 0.1973 -0.3490 0.9161
vn 0.4646 -0.0096 0.8855
vn 0.1642 -0.0566 0.9848
vn 0.5170 -0.2174 0.8279
vn 0.2146 -0.5349 0.8172
vn 0.5412 -0.4388 0.7173
vn 0.2264 -0.6942 0.6832
vn 0.1686 -0.7037 0.6902
vn 0.1473 -0.5242 0.8388
vn 0.1389 -0.3601 0.9225
vn 0.1005 -0.0563 0.9933
vn -0.3784 -0.8208 0.4280
vn -0.2438 -0.4667 0.8502
vn -0.1639 -0.5214 0.8374
vn -0.1659 -0.5955 0.7860
vn 0.6084 0.7793 0.1500
vn 0.5229 0.8271 0.2063
vn 0.5402 0.5466 0.6398
vn 0.3722 0.8856 0.2777
vn 0.2175 -0.1853 0.9583
vn 0.2064 -0.1758 0.9625
vn 0.5717 0.3930 0.7202
vn 0.6092 0.3605 0.7063
vn 0.4490 0.3186 0.8348
vn 0.5160 0.4283 0.7418
vn 0.3307 0.5397 0.7742
vn 0.3479 0.6614 0.6644
vn 0.0885 0.9092 0.4068
vn -0.0078 0.7705 0.6373
vn -0.5295 0.7500 0.3964
vn -0.5958 0.6463 0.4769
vn -0.8793 0.4593 0.1260
vn -0.9086 0.3557 0.2190
vn -0.5974 0.6208 0.5076
vn -0.7904 0.3165 0.5245
vn -0.0787 0.5177 0.8520
vn -0.9483 -0.3148 0.0414
vn 0.2477 0.4162 0.8749
vn -0.6214 0.5255 0.5811
vn -0.8930 0.1360 0.4290
vn -0.6025 0.2878 0.7444
vn -0.8441 -0.3234 0.4276
vn -0.7280 -0.3281 0.6020
vn -0.4748 -0.1250 0.8712
vn -0.1828 0.2598 0.9482
vn -0.1072 0.5346 0.8383
vn -0.0736 0.6653 0.7430
vn 0.0177 0.0314 0.9994
vn 0.1467 -0.0983 0.9843
vn 0.3433 0.6195 0.7060
vn -0.5256 0.6672 0.5279
vn 0.4059 0.4958 0.7677
vn 0.2745 0.4570 0.8460
vn -0.5959 0.6462 0.4768
vn 0.0359 0.7649 0.6431
vn -0.6202 0.7807 0.0767
vn -0.6094 0.4964 -0.6182
vn -0.4000 0.7482 -0.5293
vn -0.6434 0.7508 -0.1496
vn -0.2089 0.8617 -0.4624
vn -0.3331 0.9146 0.2294
vn 0.0172 0.9974 -0.0701
vn -0.8346 0.5487 0.0489
vn -0.7404 -0.0747 -0.6680
vn -0.7494 -0.2700 -0.6045
vn -0.8100 -0.5596 -0.1754
vn -0.4637 -0.8027 0.3750
vn -0.4548 -0.8100 0.3703
vn -0.5638 -0.8250 -0.0373
vn -0.5997 -0.7978 0.0632
vn -0.4450 -0.7905 0.4207
vn -0.4525 -0.7528 0.4780
vn -0.2721 -0.6439 0.7150
vn -0.2766 -0.5919 0.7571
vn -0.3211 -0.4678 0.8234
vn -0.5148 -0.6496 0.5595
vn -0.6796 -0.6869 0.2577
vn -0.7790 -0.5998 -0.1827
vn -0.5515 -0.8189 -0.1590
vn -0.5435 -0.7644 -0.3469
vn -0.6519 -0.7078 -0.2721
vn -0.6286 -0.7645 0.1424
vn -0.4686 -0.7161 0.5173
vn -0.6225 -0.5727 -0.5334
vn -0.7197 -0.4887 -0.4931
vn -0.7183 -0.6585 -0.2245
vn -0.8569 0.1823 -0.4822
vn -0.7552 -0.6266 -0.1924
vn -0.7206 0.0974 -0.6865
vn -0.6568 -0.7320 0.1811
vn -0.6795 -0.3860 -0.6239
vn -0.9159 0.1846 -0.3565
vn -0.9228 0.2078 -0.3245
vn -0.9387 0.0904 -0.3328
vn -0.6521 -0.1512 -0.7429
vn -0.7467 0.3745 -0.5498
vn -0.9091 -0.1024 -0.4038
vn -0.8644 -0.1298 -0.4858
vn -0.8363 -0.1224 -0.5345
vn -0.9680 0.0425 -0.2473
vn -0.6277 -0.2549 -0.7356
vn -0.5697 -0.1109 -0.8143
vn -0.4698 -0.1804 -0.8642
vn -0.3314 0.0740 -0.9406
vn -0.2377 -0.0660 -0.9691
vn -0.0914 0.2322 -0.9684
vn -0.7369 -0.3793 -0.5595
vn -0.9596 -0.0858 -0.2678
vn -0.9749 -0.2067 -0.0828
vn -0.9706 0.0818 -0.2264
vn -0.8511 0.0225 -0.5246
vn -0.8345 -0.0703 -0.5464
vn -0.7207 -0.2043 -0.6624
vn -0.8848 -0.3164 -0.3420
vn -0.4386 0.1761 -0.8813
vn -0.4024 0.1377 -0.9051
vn 0.1508 0.5108 -0.8464
vn 0.1628 0.5433 -0.8236
vn -0.1108 0.3685 -0.9230
vn -0.1400 0.4476 -0.8832
vn -0.1698 0.4905 -0.8547
vn -0.4625 0.1958 -0.8647
vn -0.8233 -0.2816 -0.4929
vn -0.4968 0.2231 -0.8387
vn -0.1700 0.5751 -0.8002
vn 0.0733 0.7779 -0.6240
vn 0.1235 0.7299 -0.6723
vn 0.3508 0.7473 -0.5644
vn 0.3081 0.7626 -0.5688
vn 0.1422 0.6856 -0.7140
vn 0.1566 0.6213 -0.7678
vn 0.3325 0.7596 -0.5590
vn 0.4970 0.8529 0.1601
vn 0.4354 0.8871 0.1534
vn 0.0919 0.9946 0.0474
vn 0.6051 0.7841 0.1380
vn 0.3305 0.8089 -0.4862
vn 0.3145 0.8475 -0.4275
vn 0.2546 0.9129 -0.3191
vn -0.1372 0.0790 -0.9874
vn 0.1511 0.5115 -0.8459
vn 0.3072 0.7632 -0.5684
vn -0.2303 0.9711 -0.0626
vn 0.3583 0.7426 -0.5658
vn -0.1717 0.9846 -0.0337
vn 0.3036 0.7399 -0.6003
vn -0.0720 0.9973 -0.0133
vn 0.2729 0.7274 -0.6296
vn -0.0064 0.9999 -0.0154
vn 0.3218 0.4512 -0.8324
vn 0.2357 -0.0946 -0.9672
vn 0.3123 0.0163 -0.9498
vn 0.1521 -0.4316 -0.8891
vn 0.0524 -0.4068 -0.9120
vn -0.0048 -0.5357 -0.8444
vn -0.2025 -0.4612 -0.8639
vn -0.2694 -0.5917 -0.7598
vn -0.3916 -0.5165 -0.7615
vn -0.3225 -0.7011 -0.6360
vn -0.4702 -0.6300 -0.6180
vn -0.3481 -0.7596 -0.5494
vn -0.4994 -0.6776 -0.5399
vn -0.4997 -0.7265 -0.4717
vn -0.1287 -0.7725 -0.6219
vn -0.0720 -0.6654 -0.7430
vn 0.1126 -0.5806 -0.8064
vn 0.0707 -0.7074 -0.7032
vn 0.2360 -0.4278 -0.8725
vn 0.1852 -0.6343 -0.7506
vn 0.0177 -0.8143 -0.5801
vn -0.1554 -0.8315 -0.5334
vn -0.2551 -0.9627 -0.0902
vn -0.4135 -0.9047 -0.1031
vn -0.1792 -0.9832 -0.0345
vn -0.0258 -0.8814 -0.4716
vn -0.1410 -0.9889 0.0474
vn 0.1099 -0.8340 -0.5407
vn 0.0446 -0.9191 -0.3915
vn -0.3127 -0.8013 0.5100
vn -0.3642 -0.7834 0.5036
vn -0.4388 -0.7756 0.4537
vn -0.3436 -0.6679 0.6602
vn -0.3437 -0.6678 0.6602
vn -0.3060 -0.6692 0.6772
vn -0.2968 -0.6768 0.6737
vn -0.2769 -0.6908 0.6679
vn 0.0480 -0.1012 0.9937
vn -0.0421 -0.0726 0.9965
vn -0.3595 -0.0308 0.9326
vn -0.6367 0.0333 0.7704
vn -0.6367 0.0332 0.7704
vn -0.5366 0.0506 0.8423
vn -0.1176 0.5182 -0.8471
vn -0.2491 0.4051 -0.8797
vn 0.2991 0.5760 -0.7608
vn 0.1448 0.4251 -0.8935
vn 0.2799 0.5918 0.7559
vn 0.1861 0.6873 0.7021
vn 0.1283 0.6324 0.7639
vn 0.3830 0.6769 0.6285
vn 0.4119 0.6371 0.6515
vn 0.4792 0.7199 0.5021
vn 0.4701 0.5355 0.7016
vn 0.5500 0.5637 0.6163
vn 0.9486 0.1482 0.2797
vn 0.9543 0.2902 -0.0709
vn 0.6314 0.0642 -0.7728
vn 0.1792 0.4390 -0.8804
vn 0.1050 0.5680 -0.8163
vn 0.3733 -0.1397 -0.9171
vn -0.1383 0.9536 -0.2673
vn 0.8120 -0.2997 -0.5007
vn 0.8414 -0.3797 -0.3846
vn 0.4954 -0.6389 -0.5886
vn 0.9010 0.1806 0.3945
vn 0.8716 -0.4489 -0.1971
vn 0.4577 -0.8475 -0.2688
vn 0.3207 -0.9246 0.2054
vn 0.8690 -0.4630 0.1745
vn 0.2728 -0.9199 0.2818
vn 0.3535 -0.9324 -0.0755
vn 0.3959 -0.8736 -0.2830
vn 0.4187 -0.7917 -0.4449
vn 0.4622 -0.6645 -0.5872
vn 0.4905 -0.5411 -0.6831
vn 0.0374 -0.7165 0.6966
vn 0.0458 -0.6910 0.7214
vn 0.7654 -0.4834 0.4249
vn 0.4560 -0.3822 0.8038
vn 0.3884 0.0886 0.9172
vn -0.1364 -0.4516 0.8817
vn -0.2876 0.3102 0.9061
vn -0.5876 -0.7755 -0.2307
vn -0.7276 -0.5250 0.4416
vn -0.6221 -0.7444 -0.2428
vn -0.6895 -0.5275 0.4964
vn -0.6317 -0.3613 0.6859
vn -0.6101 -0.3222 0.7239
vn -0.5901 -0.2946 0.7517
vn -0.6091 -0.6122 0.5042
vn -0.5205 -0.3419 0.7824
vn -0.2431 -0.4248 0.8720
vn -0.1076 -0.2731 0.9559
vn -0.0793 -0.4297 0.8995
vn -0.1190 -0.3563 0.9268
vn -0.6221 -0.7443 -0.2428
vn -0.2497 -0.9634 -0.0971
vn -0.2073 0.0798 0.9750
vn -0.3085 0.0862 0.9473
vn -0.4091 0.0060 0.9125
vn -0.5103 -0.0874 0.8555
vn -0.6914 -0.3596 0.6266
vn -0.7685 -0.5354 0.3505
vn -0.6815 -0.6777 -0.2762
vn -0.8397 -0.4917 0.2307
vn -0.7924 -0.5035 -0.3443
vn -0.8659 -0.2573 -0.4290
vn -0.9501 -0.3074 0.0530
vn -0.7578 -0.3089 0.5747
vn -0.5935 -0.1160 0.7965
vn -0.6489 -0.0639 0.7582
vn -0.6915 -0.3596 0.6266
vn -0.5446 -0.1111 0.8313
vn -0.2832 0.2390 0.9288
vn -0.1755 0.2192 0.9598
vn -0.0673 0.2865 0.9557
vn 0.0256 0.3045 0.9522
vn 0.5727 0.2129 0.7916
vn 0.1042 0.3622 0.9262
vn 0.1581 0.3735 0.9141
vn 0.0336 0.3976 0.9170
vn -0.0789 0.4794 0.8741
vn -0.3237 0.1897 0.9269
vn 0.3214 0.5836 0.7457
vn 0.2156 0.5588 0.8008
vn 0.2424 0.5367 0.8082
vn 0.3167 0.4914 0.8113
vn 0.1763 0.4729 0.8633
vn 0.1455 0.4950 0.8566
vn 0.0551 0.5848 0.8093
vn 0.0550 0.5848 0.8093
vn 0.6880 0.2147 0.6932
vn 0.8166 0.2058 0.5392
vn 0.8790 -0.4767 0.0078
vn 0.1283 0.6324 0.7640
vn 0.5728 0.7947 0.2008
vn 0.4863 0.7829 0.3880
vn 0.2792 0.7722 0.5708
vn 0.1861 0.6873 0.7022
vn -0.3252 0.8515 0.4113
vn -0.2652 0.9024 0.3397
vn -0.3036 0.9067 0.2927
vn -0.1493 0.9228 0.3551
vn -0.3529 0.2400 0.9044
vn -0.3748 0.2695 0.8871
vn 0.0844 0.8904 0.4473
vn -0.8518 -0.0355 0.5226
vn -0.7871 0.1854 0.5883
vn -0.4249 0.3187 0.8473
vn 0.0359 0.8235 0.5661
vn -0.0319 0.6840 0.7288
vn 0.1977 0.7242 0.6606
vn -0.0137 0.9878 0.1550
vn -0.2572 0.7658 0.5894
vn -0.1819 0.7516 0.6341
vn -0.1067 0.7817 0.6144
vn -0.7064 0.3927 0.5888
vn -0.4198 0.7797 0.4645
vn 0.4434 0.8302 0.3377
vn 0.6143 0.7851 0.0792
vn 0.6815 0.6591 -0.3182
vn 0.7162 0.6109 -0.3373
vn 0.6377 -0.3235 -0.6990
vn 0.6205 0.5169 -0.5897
vn 0.6913 0.6667 0.2786
vn 0.4748 0.8313 0.2889
vn 0.6596 0.4983 -0.5626
vn 0.5916 0.8056 -0.0318
vn 0.6541 0.6290 -0.4201
vn 0.6058 0.7902 -0.0928
vn 0.6527 0.6761 -0.3418
vn 0.6373 0.4959 -0.5899
vn 0.2768 -0.0389 -0.9602
vn 0.2767 -0.0389 -0.9602
vn 0.6736 -0.4601 -0.5785
vn 0.5750 0.8099 -0.1162
vn 0.4469 0.8538 0.2672
vn 0.4036 0.8824 0.2418
vn -0.2917 0.5953 0.7487
vn -0.1638 0.6783 0.7163
vn 0.0432 0.7461 0.6645
vn 0.0729 0.9966 -0.0385
vn 0.3746 0.8982 0.2298
vn 0.1751 0.9551 -0.2389
vn 0.5317 0.8337 -0.1494
vn 0.5475 0.6931 -0.4689
vn 0.6198 0.6430 -0.4499
vn 0.5526 0.4984 -0.6681
vn 0.4205 0.4992 -0.7576
vn 0.5762 0.5103 -0.6385
vn 0.2768 -0.0389 -0.9601
vn 0.1970 -0.0045 -0.9804
vn 0.0148 0.1153 -0.9932
vn -0.2331 0.2420 -0.9419
vn 0.0893 0.5581 -0.8249
vn 0.2270 0.8754 -0.4268
vn -0.5674 -0.3905 -0.7249
vn -0.7414 -0.0603 -0.6683
vn -0.4429 -0.3095 -0.8415
vn -0.6532 0.0545 -0.7552
vn -0.3716 -0.5981 -0.7100
vn -0.1861 -0.5857 -0.7889
vn -0.2447 -0.5328 -0.8101
vn 0.3937 -0.7891 -0.4715
vn -0.1420 -0.4216 -0.8956
vn -0.3166 -0.1986 -0.9275
vn -0.2448 -0.5329 -0.8100
vn -0.3429 0.5638 -0.7514
vn -0.5112 0.0812 -0.8556
vn -0.6284 0.5132 -0.5846
vn -0.2495 0.9316 -0.2642
vn -0.4155 0.8417 -0.3448
vn -0.4659 0.0455 -0.8837
vn -0.7189 0.5573 -0.4154
vn -0.4921 -0.4086 -0.7687
vn -0.7462 0.4529 -0.4879
vn -0.3544 -0.4187 -0.8361
vn -0.3407 -0.3050 -0.8893
vn -0.7606 0.5215 -0.3867
vn -0.7102 -0.1566 -0.6864
vn -0.8615 0.5016 0.0789
vn -0.8317 0.4781 0.2822
vn -0.9703 0.0885 -0.2250
vn -0.8050 0.4017 -0.4366
vn -0.7462 0.4528 -0.4880
vn -0.6397 0.7664 -0.0575
vn -0.5355 0.8366 -0.1156
vn -0.6912 0.7221 0.0275
vn -0.2821 0.8643 0.4165
vn -0.0375 0.0935 0.9949
vn -0.0532 0.5077 0.8599
vn -0.2335 0.3033 0.9238
vn 0.1562 0.2410 0.9579
vn 0.0861 0.6337 0.7688
vn 0.0555 0.6875 0.7240
vn -0.1327 0.5648 0.8145
vn -0.3307 0.3087 0.8918
vn 0.3618 0.4102 0.8371
vn -0.0970 0.8113 0.5765
vn 0.5435 0.5357 0.6462
vn -0.1420 0.8555 0.4979
vn 0.6522 0.6156 0.4423
vn -0.5765 0.5706 0.5849
vn -0.0317 0.5875 0.8086
vn 0.4532 0.8125 0.3666
vn 0.3840 0.8774 0.2876
vn 0.1822 0.7935 0.5807
vn 0.2684 0.7500 0.6045
vn -0.3753 -0.4807 -0.7925
vn -0.0801 -0.4940 -0.8658
vn -0.1557 -0.6119 -0.7754
vn -0.2855 -0.6610 -0.6939
vn -0.2375 -0.3658 -0.8999
vn -0.3873 0.7300 0.5632
vn -0.4331 0.8208 0.3725
vn -0.9261 0.3700 0.0734
vn -0.9450 0.1664 0.2814
vn -0.7987 0.5630 -0.2123
vn -0.6986 0.6510 -0.2969
vn -0.6986 0.6510 -0.2968
vn -0.6231 0.7042 -0.3403
vn -0.3040 0.8423 -0.4451
vn -0.3041 0.8422 -0.4452
vn -0.0379 0.8762 -0.4804
vn -0.9027 0.4288 0.0363
vn -0.7555 0.0814 0.6500
vn -0.7393 0.1343 0.6599
vn -0.8600 0.5044 0.0773
vn -0.8409 0.5327 0.0958
vn -0.4159 0.3095 0.8551
vn -0.4616 0.8351 0.2992
vn -0.1135 0.4096 0.9052
vn 0.0453 0.9144 0.4022
vn -0.1557 0.3980 0.9041
vn -0.0166 0.9025 0.4303
vn -0.1135 0.4095 0.9052
vn 0.1234 0.9437 -0.3069
vn 0.1233 0.9437 -0.3068
vn -0.1785 0.8755 -0.4491
vn -0.4781 0.6818 -0.5537
vn -0.5290 0.6362 -0.5616
vn -0.5573 0.6102 -0.5631
vn -0.8669 0.4193 0.2694
vn -0.7114 0.1712 0.6816
vn -0.7122 0.6037 0.3582
vn -0.7004 0.6886 0.1878
vn -0.3876 0.8641 0.3210
vn -0.6526 0.7575 0.0164
vn -0.3683 0.9156 0.1617
vn -0.3020 0.9421 -0.1458
vn 0.1763 0.9452 0.2749
vn 0.1407 0.9884 -0.0570
vn 0.7070 0.7003 -0.0990
vn 0.0665 0.8652 -0.4971
vn 0.5104 0.6408 -0.5734
vn 0.5746 0.8175 0.0390
vn 0.6693 0.5838 -0.4597
vn -0.4221 0.7802 0.4617
vn -0.4558 0.4937 0.7406
vn -0.6033 0.3287 0.7266
vn -0.8090 0.5831 -0.0748
vn -0.8600 0.5045 0.0773
vn -0.4212 0.8211 -0.3853
vn -0.5060 0.7026 -0.5004
vn 0.1313 0.8249 0.5499
vn 0.1702 0.8874 0.4284
vn 0.7147 0.5830 0.3863
vn 0.7407 0.6284 0.2376
vn 0.3450 0.8553 0.3865
vn 0.2617 0.8688 0.4204
vn 0.3372 0.8135 0.4738
vn 0.7034 0.5071 0.4981
vn 0.4298 0.5134 0.7428
vn -0.0730 0.4793 0.8746
vn 0.8567 0.4202 -0.2993
vn -0.3317 0.9277 0.1713
vn -0.7041 0.6419 0.3037
vn -0.7558 0.6363 0.1547
vn -0.6626 0.7448 0.0785
vn -0.4221 0.7801 0.4617
vn 0.6666 -0.0313 0.7447
vn 0.3850 -0.0356 0.9222
vn 0.1438 -0.1119 0.9833
vn -0.2283 0.0671 0.9713
vn 0.2718 0.3443 -0.8986
vn 0.3564 0.3286 -0.8746
vn 0.7913 0.0263 -0.6109
vn 0.1471 0.4551 -0.8782
vn 0.4068 0.3039 -0.8615
vn 0.6507 0.1627 -0.7417
vn 0.6995 0.0708 -0.7111
vn 0.7720 0.0035 -0.6356
vn 0.9272 -0.2263 -0.2986
vn 0.6937 -0.0538 -0.7182
vn 0.8664 -0.2292 -0.4436
vn 0.8322 -0.1383 -0.5370
vn 0.8576 -0.0550 -0.5115
vn 0.5999 0.2073 -0.7728
vn 0.8451 -0.0270 -0.5338
vn 0.5982 0.2791 -0.7512
vn 0.8596 0.0385 -0.5094
vn 0.8661 0.1161 -0.4861
vn 0.5919 0.3344 -0.7334
vn 0.8949 0.1364 -0.4250
vn 0.9549 -0.1445 0.2593
vn 0.9044 -0.1039 0.4139
vn 0.9197 0.1036 0.3788
vn 0.9452 -0.2194 -0.2416
vn 0.8815 -0.3337 -0.3342
vn 0.8787 -0.3724 -0.2986
vn 0.9320 -0.3007 -0.2025
vn 0.8747 -0.4544 -0.1684
vn 0.9351 -0.3531 -0.0293
vn 0.8651 -0.4950 -0.0810
vn 0.8459 -0.5333 0.0049
vn 0.8651 -0.4951 -0.0811
vn 0.8533 -0.5199 0.0389
vn 0.9386 -0.3344 -0.0843
vn 0.9131 0.2087 0.3501
vn 0.8922 0.2749 0.3582
vn 0.9852 -0.0893 0.1462
vn 0.9964 -0.0439 0.0731
vn 0.8058 0.0427 0.5907
vn 0.9363 -0.3020 0.1791
vn 0.9854 -0.1684 0.0269
vn 0.9466 0.2551 0.1973
vn 0.9737 -0.1025 0.2035
vn 0.9123 -0.3987 0.0935
vn 0.9072 -0.4160 0.0622
vn 0.3122 -0.8659 -0.3908
vn 0.3125 -0.7834 -0.5373
vn 0.3272 -0.9292 -0.1716
vn 0.5934 -0.7609 -0.2625
vn 0.5470 -0.8334 -0.0796
vn 0.8422 -0.5333 -0.0793
vn 0.8118 -0.5802 0.0655
vn 0.8717 -0.4619 0.1639
vn 0.7990 -0.5815 0.1529
vn 0.8010 -0.5688 0.1865
vn 0.8482 -0.4649 0.2539
vn 0.8397 -0.4546 0.2971
vn 0.2780 -0.9375 -0.2095
vn 0.2922 -0.9564 -0.0004
vn 0.7335 -0.6378 0.2349
vn 0.8126 -0.4993 0.3007
vn 0.7324 -0.5976 0.3262
vn 0.6791 -0.5177 0.5203
vn 0.6565 -0.5150 0.5512
vn 0.3263 -0.5009 0.8016
vn 0.3216 -0.4363 0.8404
vn 0.2427 -0.9701 0.0090
vn 0.3915 -0.5198 0.7593
vn 0.4506 -0.5698 0.6872
vn 0.5600 -0.5848 0.5869
vn 0.6240 -0.5398 0.5650
vn 0.5427 -0.6646 0.5136
vn 0.3415 -0.8590 0.3814
vn 0.1567 -0.9254 0.3451
vn 0.0943 -0.5084 0.8560
vn 0.1343 -0.5112 0.8489
vn -0.2141 -0.3813 0.8993
vn -0.1844 -0.3547 0.9166
vn -0.1253 -0.3554 0.9263
vn -0.0930 -0.3319 0.9387
vn 0.0042 -0.4170 0.9089
vn 0.0514 -0.4626 0.8851
vn -0.2308 -0.2956 0.9270
vn -0.2531 -0.2454 0.9358
vn -0.0106 -0.3675 0.9300
vn 0.0152 -0.2811 0.9596
vn -0.2484 -0.1001 0.9635
vn 0.9207 0.3197 0.2239
vn 0.9532 -0.0398 0.2998
vn 0.9749 0.2092 0.0757
vn 0.9275 0.3573 -0.1098
vn 0.9763 -0.1924 -0.0995
vn 0.9900 0.1176 -0.0786
vn 0.9660 -0.2186 0.1384
vn 0.9996 -0.0291 0.0025
vn 0.7139 -0.3318 0.6167
vn 0.3058 -0.3574 0.8825
vn 0.6689 -0.4548 0.5879
vn 0.6896 -0.3848 0.6135
vn 0.5458 -0.7723 0.3250
vn 0.8769 -0.4225 0.2292
vn 0.7147 -0.5098 0.4790
vn 0.9415 -0.3368 0.0122
vn 0.7584 -0.6336 -0.1530
vn 0.7675 -0.4928 -0.4099
vn 0.7303 -0.3325 -0.5968
vn 0.9683 -0.1762 -0.1772
vn 0.8970 -0.0128 -0.4419
vn 0.9578 -0.2863 0.0268
vn 0.9022 -0.3668 0.2269
vn 0.7203 -0.4500 0.5279
vn -0.7464 0.6638 0.0472
vn -0.8016 0.5511 0.2320
vn -0.8604 0.4983 -0.1064
vn -0.9187 0.3946 0.0178
vn -0.9182 0.3675 0.1479
vn 0.3544 -0.2709 -0.8950
vn 0.6069 -0.5888 -0.5339
vn 0.3820 -0.6774 -0.6287
vn 0.3750 -0.7670 -0.5207
vn 0.8766 -0.4057 -0.2587
vn 0.8535 -0.3607 -0.3762
vn 0.5020 -0.2169 -0.8372
vn 0.3115 -0.2407 -0.9192
vn 0.3256 -0.6668 -0.6703
vn 0.3301 0.4883 -0.8078
vn 0.2989 0.4328 -0.8505
vn 0.3131 0.3828 -0.8692
vn 0.0544 0.5499 -0.8335
vn 0.0171 0.6367 -0.7709
vn 0.0792 0.5071 -0.8583
vn 0.1026 -0.2975 0.9492
vn 0.6291 -0.1284 0.7667
vn 0.1004 -0.2406 0.9654
vn 0.6236 -0.1806 0.7606
vn 0.8828 -0.0681 0.4648
vn 0.8305 -0.0643 0.5533
vn 0.9254 -0.0520 0.3755
vn 0.9209 -0.0198 0.3892
vn 0.9554 0.0038 0.2954
vn 0.9847 -0.0006 0.1742
vn 0.9773 0.0519 0.2055
vn 0.9604 -0.2532 0.1160
vn 0.9580 -0.2747 -0.0817
vn 0.9510 -0.2260 0.2109
vn 0.6902 -0.3952 0.6061
vn 0.1301 -0.5121 0.8490
vn 0.1428 -0.4324 0.8903
vn -0.1320 0.0098 0.9912
vn -0.3294 -0.3555 0.8747
vn 0.1105 0.1446 0.9833
vn 0.4512 0.3061 0.8383
vn 0.7016 0.2824 0.6542
vn 0.8117 0.3098 0.4952
vn 0.2257 -0.6697 0.7075
vn 0.1938 -0.4975 0.8455
vn 0.6670 -0.7082 0.2317
vn 0.8340 -0.5267 -0.1642
vn 0.8051 -0.5437 -0.2370
vn 0.7505 -0.5121 -0.4178
vn 0.6664 -0.4616 -0.5856
vn 0.5401 -0.7613 -0.3589
vn 0.5378 -0.6653 -0.5179
vn 0.5232 -0.5518 -0.6494
vn 0.4972 -0.4308 -0.7532
vn 0.5017 -0.6920 -0.5191
vn 0.5123 -0.7957 -0.3231
vn 0.4147 -0.8891 0.1940
vn 0.1578 -0.6799 0.7162
vn 0.1523 -0.5182 0.8416
vn 0.0417 0.1219 0.9917
vn 0.0401 0.1083 0.9933
vn 0.1386 0.0610 0.9885
vn -0.8907 -0.0516 0.4517
vn 0.4675 -0.4304 -0.7721
vn 0.4880 -0.8492 -0.2017
vn 0.3864 -0.8945 0.2246
vn 0.1643 -0.6971 0.6979
vn 0.1020 -0.5582 0.8234
vn -0.0517 0.1128 0.9923
vn -0.1608 0.0899 0.9829
vn -0.5650 0.7347 -0.3756
vn -0.7464 0.6077 -0.2711
vn -0.7464 0.6078 -0.2711
vn -0.9161 0.3893 -0.0965
vn -0.9540 0.2971 -0.0395
vn -0.9728 0.2275 0.0428
vn -0.9534 0.0112 0.3015
vn -0.9534 0.0112 0.3014
vn -0.8705 -0.1024 0.4814
vn -0.6952 -0.2155 -0.6858
vn -0.3228 -0.5158 -0.7936
vn -0.3098 0.9502 0.0334
vn -0.5093 -0.6025 -0.6145
vn -0.1984 -0.7609 -0.6177
vn -0.4219 -0.5567 -0.7156
vn -0.1283 -0.6800 -0.7219
vn -0.1448 -0.5830 -0.7995
vn -0.4461 -0.4451 -0.7764
vn -0.4090 -0.6511 -0.6394
vn -0.7823 -0.4248 -0.4556
vn -0.5831 0.2102 0.7847
vn 0.0039 0.5377 0.8431
vn 0.2110 0.1958 0.9577
vn 0.3276 0.3794 0.8653
vn -0.0553 0.2902 0.9554
vn -0.0820 0.5433 0.8355
vn -0.1260 0.2825 0.9510
vn -0.0716 0.6935 0.7169
vn 0.0252 0.8124 0.5826
vn -0.3856 0.8992 0.2067
vn -0.3526 0.6498 0.6734
vn -0.2300 0.6914 0.6849
vn 0.3699 0.5788 0.7267
vn -0.2126 0.7295 0.6501
vn -0.2241 0.7665 0.6019
vn 0.4542 0.7311 0.5091
vn -0.2889 0.7980 0.5289
vn 0.4604 0.8347 0.3020
vn 0.0052 0.7081 0.7061
vn -0.5487 0.3997 0.7342
vn -0.0554 0.6033 0.7956
vn 0.1702 0.9405 0.2942
vn -0.0473 0.7525 0.6569
vn 0.1102 0.9588 0.2617
vn 0.1043 0.8285 0.5502
vn 0.0485 0.8394 0.5413
vn 0.0574 0.6977 0.7141
vn -0.9668 0.1096 -0.2307
vn -0.9796 0.1291 -0.1537
vn -0.8735 0.4563 0.1698
vn -0.9591 0.1765 -0.2212
vn -0.8259 0.4900 -0.2789
vn -0.3397 0.8825 -0.3251
vn -0.6969 0.6772 -0.2360
vn -0.2975 0.7922 -0.5329
vn -0.4032 0.4668 -0.7871
vn -0.7496 0.3478 -0.5631
vn -0.5777 0.0308 -0.8156
vn -0.9124 0.2202 -0.3451
vn -0.8297 0.5565 0.0438
vn 0.1907 -0.9813 0.0267
vn 0.1466 -0.8435 -0.5167
vn -0.2116 -0.8776 0.4302
vn 0.4217 -0.6923 -0.5856
vn -0.2917 -0.7371 -0.6096
vn -0.2393 -0.6453 -0.7255
vn -0.4942 -0.5231 -0.6943
vn -0.2160 -0.5254 -0.8230
vn -0.4242 -0.4149 -0.8050
vn -0.1062 -0.0525 -0.9930
vn -0.2879 -0.0187 -0.9575
vn -0.7174 -0.1825 -0.6724
vn -0.9682 0.1402 -0.2074
vn -0.9070 0.3414 0.2468
vn -0.9796 0.0644 0.1904
vn 0.3772 -0.1349 -0.9163
vn -0.5078 -0.6433 -0.5730
vn -0.9082 0.0833 0.4102
vn -0.9932 0.0018 -0.1162
vn -0.9663 -0.2506 0.0589
vn -0.6937 -0.1133 0.7112
vn -0.7028 -0.3187 0.6360
vn -0.7738 -0.5610 0.2940
vn -0.7944 -0.5758 -0.1936
vn -0.7822 -0.4249 -0.4556
vn -0.7773 -0.2878 -0.5594
vn -0.5760 -0.8048 -0.1436
vn -0.4121 -0.9038 -0.1153
vn 0.3772 0.5003 0.7793
vn 0.3772 0.5004 0.7793
vn 0.3462 0.2902 0.8922
vn 0.4032 0.7400 0.5383
vn 0.4203 0.7982 0.4317
vn 0.4202 0.7982 0.4316
vn 0.4416 0.8365 0.3245
vn 0.4990 0.8666 -0.0009
vn 0.5104 0.8235 -0.2477
vn 0.2717 -0.0301 -0.9619
vn -0.9672 0.0800 -0.2411
vn -0.1602 0.0372 -0.9864
vn -0.7088 -0.3107 -0.6333
vn -0.8419 -0.2191 -0.4932
vn 0.4546 -0.2492 -0.8551
vn -0.9226 -0.2653 0.2800
vn -0.1229 0.9899 -0.0711
vn -0.0447 0.7843 0.6188
vn -0.1567 0.9822 -0.1035
vn -0.0938 0.7786 0.6205
vn -0.2161 0.9742 -0.0644
vn -0.2122 0.7587 0.6158
vn -0.2763 0.9601 -0.0422
vn -0.8145 0.1964 0.5460
vn 0.1301 0.8610 0.4918
vn -0.5838 0.6437 0.4947
vn -0.5556 0.6232 0.5504
vn -0.4941 0.6453 0.5826
vn -0.2632 0.5640 0.7827
vn 0.0670 0.7980 -0.5989
vn 0.0919 0.9610 -0.2607
vn 0.1576 0.7955 -0.5851
vn 0.1620 0.9696 -0.1832
vn 0.2077 0.9612 -0.1818
vn 0.1852 0.9623 0.1991
vn 0.5252 0.8255 0.2066
vn 0.1340 0.9760 0.1717
vn 0.1341 0.9759 0.1719
vn 0.0457 0.9798 0.1945
vn -0.1576 0.6433 0.7492
vn -0.0436 0.5290 -0.8475
vn 0.0985 0.5621 -0.8212
vn 0.2014 0.8049 -0.5583
vn 0.5061 0.8541 -0.1200
vn 0.7171 0.5499 -0.4282
vn 0.4000 0.5228 -0.7528
vn 0.4700 0.3534 -0.8089
vn 0.1581 0.3230 -0.9331
vn -0.1076 0.2091 -0.9720
vn 0.1372 0.5177 -0.8445
vn 0.4125 0.7732 -0.4817
vn 0.1706 0.5651 -0.8072
vn -0.5657 0.7055 0.4270
vn -0.4181 0.7886 0.4509
vn -0.5251 0.7491 0.4039
vn -0.5023 0.7039 0.5022
vn 0.1008 0.7516 0.6519
vn 0.5426 0.7084 0.4513
vn 0.8866 0.4237 -0.1858
vn 0.8592 0.2849 -0.4250
vn 0.4857 0.3224 -0.8125
vn -0.1867 0.4413 -0.8777
vn -0.3194 -0.1968 0.9270
vn -0.2331 -0.1537 0.9602
vn -0.1452 0.1894 0.9711
vn -0.1451 0.1894 0.9711
vn -0.0038 0.4846 0.8747
vn 0.0574 0.6284 0.7758
vn 0.1009 0.6688 0.7365
vn 0.4848 0.6174 0.6195
vn 0.9254 0.3762 0.0465
vn 0.9716 0.1742 -0.1604
vn 0.9015 0.1757 -0.3955
vn 0.4165 0.2193 -0.8823
vn -0.2126 0.5437 -0.8119
vn 0.9939 0.0630 -0.0909
vn 0.9951 0.0982 -0.0080
vn 0.7409 -0.1080 -0.6629
vn 0.1905 0.4761 -0.8585
vn -0.1394 0.6373 -0.7579
vn 0.9989 0.0272 0.0380
vn 0.9933 0.0719 0.0903
vn 0.8558 -0.2769 -0.4370
vn 0.4707 -0.0891 -0.8778
vn 0.1290 0.3530 -0.9267
vn -0.0533 0.6921 -0.7198
vn 0.1334 0.3336 -0.9332
vn 0.4028 -0.1675 -0.8998
vn 0.5837 -0.3758 -0.7197
vn 0.9185 -0.2861 -0.2729
vn 0.8814 0.2806 0.3799
vn 0.9036 0.3181 0.2870
vn -0.2129 -0.6412 0.7372
vn -0.1092 -0.5378 0.8360
vn -0.0636 -0.1556 0.9858
vn 0.0702 0.1816 0.9809
vn 0.2203 0.4261 0.8774
vn 0.3333 0.5193 0.7869
vn 0.4296 0.5673 0.7025
vn 0.9327 0.3074 0.1885
vn -0.2469 -0.7875 0.5647
vn -0.4038 -0.5044 0.7633
vn -0.5002 -0.7232 0.4763
vn -0.3681 -0.7438 0.5580
vn -0.3084 -0.5151 0.7997
vn -0.1873 -0.1615 0.9689
vn -0.0844 0.1970 0.9768
vn -0.2642 -0.5039 0.8224
vn -0.2132 0.2443 0.9460
vn -0.1630 0.8742 0.4574
vn -0.1051 0.8074 0.5806
vn 0.3534 -0.1795 0.9181
vn 0.3311 -0.2441 0.9115
vn 0.7002 -0.1554 0.6968
vn 0.6381 -0.1682 0.7513
vn 0.7673 -0.1536 0.6226
vn 0.7479 -0.1701 0.6417
vn 0.8225 -0.1237 0.5551
vn 0.8849 -0.1687 0.4343
vn 0.8760 -0.1153 0.4684
vn -0.2340 0.2446 0.9410
vn -0.4996 -0.1075 0.8596
vn -0.3630 -0.0856 0.9278
vn 0.2196 0.3736 0.9012
vn 0.5242 0.2700 0.8077
vn 0.6821 0.2303 0.6941
vn 0.7707 0.2113 0.6011
vn 0.8255 0.2099 0.5240
vn 0.9212 -0.0793 0.3809
vn 0.9469 -0.1513 0.2836
vn 0.9046 -0.4146 -0.0984
vn 0.9602 -0.0731 0.2697
vn 0.8617 0.2260 0.4543
vn 0.1912 0.6338 0.7495
vn 0.0830 0.5866 0.8056
vn -0.0454 0.4710 0.8810
vn 0.5370 -0.4607 -0.7066
vn 0.6837 -0.3689 -0.6297
vn 0.7380 -0.4652 -0.4888
vn 0.8716 -0.4060 -0.2747
vn 0.9805 -0.1253 0.1512
vn 0.9934 -0.0058 0.1142
vn 0.9081 0.2487 0.3369
vn 0.2583 0.6750 0.6911
vn -0.1858 0.7471 0.6383
vn -0.2355 0.6883 0.6861
vn -0.3172 0.5606 0.7650
vn -0.4188 0.2763 0.8651
vn 0.9907 -0.0243 -0.1339
vn 0.8286 -0.2177 -0.5159
vn 0.6176 -0.0697 -0.7834
vn 0.4599 -0.1562 -0.8741
vn 0.1967 0.4059 -0.8925
vn 0.2916 0.5303 -0.7961
vn 0.6002 0.2093 -0.7720
vn 0.0715 0.6358 -0.7686
vn -0.0519 0.6451 -0.7623
vn -0.1694 0.5897 -0.7896
vn 0.0445 0.5665 -0.8229
vn 0.7472 0.1692 -0.6427
vn 0.9793 0.1043 -0.1736
vn 0.9451 0.3084 0.1078
vn 0.3679 0.7562 0.5411
vn -0.1569 0.8042 0.5733
vn -0.6692 0.6999 0.2496
vn -0.7282 0.6238 0.2840
vn -0.4530 0.7613 0.4639
vn -0.0905 0.8936 0.4396
vn 0.4239 0.8557 0.2966
vn 0.8725 0.4549 -0.1782
vn 0.7264 0.2150 -0.6528
vn 0.2614 0.1946 -0.9454
vn -0.5360 0.0819 -0.8402
vn 0.0286 0.9920 -0.1228
vn -0.0323 0.9908 -0.1313
vn -0.1066 0.9827 -0.1516
vn -0.7462 0.6197 0.2434
vn -0.6924 0.5968 0.4054
vn 0.0608 0.9818 0.1800
vn 0.0126 0.9888 0.1490
vn -0.5579 0.5550 0.6170
vn 0.4444 0.1783 -0.8779
vn 0.6755 0.4240 -0.6033
vn 0.5108 0.8596 -0.0134
vn 0.2321 0.9544 -0.1877
vn 0.1864 0.9562 -0.2258
vn -0.0191 0.9908 0.1337
vn -0.4380 0.6694 0.6001
vn -0.0652 0.9916 0.1121
vn 0.1478 0.9370 -0.3167
vn 0.3611 0.7702 -0.5257
vn 0.5646 0.7469 -0.3511
vn 0.4345 0.4352 -0.7886
vn 0.1588 -0.0391 -0.9865
vn -0.4245 -0.0853 -0.9014
vn 0.4212 0.5204 -0.7429
vn -0.4536 0.7875 0.4172
vn -0.4920 0.8055 0.3303
vn -0.7754 0.4063 0.4833
vn -0.3169 0.6591 0.6820
vn -0.2799 0.7965 0.5360
vn -0.3082 0.9378 -0.1600
vn -0.2061 0.8564 -0.4734
vn 0.2450 0.7515 -0.6126
vn 0.3186 0.7565 -0.5712
vn -0.0995 0.3728 -0.9226
vn -0.0890 0.7570 -0.6473
vn 0.3504 0.5068 -0.7876
vn 0.2373 0.4601 -0.8556
vn -0.2513 -0.0914 -0.9636
vn 0.0595 -0.1060 -0.9926
vn 0.2329 -0.1260 -0.9643
vn 0.5755 -0.2174 -0.7884
vn 0.4170 -0.0538 -0.9073
vn -0.0915 0.8711 0.4824
vn -0.1452 0.8843 0.4437
vn -0.2532 0.7576 0.6016
vn -0.3706 0.3464 0.8618
vn -0.1899 0.8539 0.4846
vn -0.1125 0.2740 0.9551
vn -0.3225 0.7379 0.5929
vn -0.7953 0.2549 0.5500
vn -0.4558 0.3592 0.8144
vn -0.2840 0.5918 0.7544
vn -0.3737 0.6109 0.6980
vn -0.1856 0.7470 0.6384
vn 0.2353 0.7945 0.5598
vn 0.3146 0.8789 0.3585
vn 0.0598 0.9657 0.2527
vn 0.1148 0.6512 0.7502
vn -0.0011 0.4582 0.8888
vn -0.0079 0.9810 0.1940
vn -0.4994 0.7291 0.4680
vn -0.5812 0.6864 0.4371
vn -0.4416 0.8969 -0.0226
vn -0.0250 -0.6092 -0.7926
vn -0.3876 -0.3178 -0.8653
vn -0.2319 -0.6878 -0.6879
vn 0.0523 -0.8179 -0.5730
vn -0.0864 -0.6628 -0.7438
vn 0.1340 -0.7362 -0.6634
vn 0.1842 -0.6359 -0.7494
vn -0.1297 -0.5446 -0.8286
vn -0.1559 -0.7184 -0.6779
vn -0.5501 -0.5276 -0.6473
vn -0.8905 0.4028 -0.2118
vn -0.8514 0.0130 -0.5244
vn -0.8056 -0.0190 -0.5922
vn -0.8391 0.0468 -0.5419
vn -0.6900 0.4410 -0.5740
vn -0.5980 0.6339 -0.4905
vn -0.5334 0.2354 -0.8124
vn -0.7587 0.1212 -0.6401
vn -0.8283 0.4786 -0.2911
vn -0.0058 -0.1035 0.9946
vn -0.9926 0.0915 0.0804
vn -0.8934 0.1035 -0.4373
vn -0.8976 0.4405 -0.0192
vn -0.8494 0.1327 -0.5109
vn -0.2634 -0.9208 0.2876
vn 0.1971 -0.8619 -0.4672
vn 0.1485 -0.9809 0.1255
vn 0.5461 -0.7428 -0.3874
vn -0.0546 -0.7946 -0.6046
vn 0.0314 -0.7078 -0.7057
vn -0.1612 -0.6232 -0.7653
vn 0.0834 -0.5929 -0.8010
vn -0.1121 -0.4977 -0.8601
vn -0.4239 -0.2928 -0.8571
vn -0.8391 0.0467 -0.5420
vn -0.2627 -0.7144 -0.6485
vn -0.3261 -0.9312 -0.1629
vn -0.4643 -0.8492 -0.2514
vn -0.6478 -0.6496 -0.3981
vn -0.5707 -0.4988 -0.6523
vn -0.5156 -0.3895 -0.7632
vn -0.9447 0.3023 -0.1269
vn -0.9817 -0.0196 -0.1896
vn -0.8874 -0.1202 0.4450
vn -0.9985 0.0463 0.0286
vn -0.8689 -0.3183 0.3791
vn -0.8074 -0.5870 0.0600
vn -0.9190 -0.2936 -0.2630
vn -0.8930 -0.0704 -0.4445
vn -0.9997 -0.0140 -0.0214
vn -0.9997 -0.0139 -0.0214
vn -0.9699 -0.1426 0.1974
vn -0.9285 0.1848 -0.3222
vn -0.8920 0.2332 -0.3872
vn -0.8920 0.2333 -0.3872
vn -0.8176 0.3306 -0.4714
vn -0.8176 0.3307 -0.4714
vn -0.5964 0.5560 -0.5789
vn -0.3897 0.6848 -0.6157
vn -0.3129 0.9138 0.2590
vn -0.4706 0.2744 0.8386
vn -0.5409 0.8230 0.1733
vn -0.4999 0.2846 0.8180
vn -0.6006 -0.7197 0.3483
vn -0.6162 -0.4732 0.6296
vn -0.6102 -0.1598 0.7760
vn -0.5362 0.3040 0.7874
vn -0.3135 0.8509 0.4214
vn -0.6769 0.7239 0.1334
vn -0.6521 0.7410 0.1602
vn -0.5472 -0.1185 0.8286
vn -0.5462 -0.4776 0.6882
vn -0.5121 -0.7213 0.4663
vn -0.5082 -0.4625 0.7265
vn -0.3932 -0.7533 0.5272
vn -0.3836 -0.4802 0.7888
vn -0.4607 -0.6428 0.6120
vn -0.1338 0.1884 0.9729
vn -0.6049 -0.2334 0.7614
vn -0.1215 0.1604 0.9795
vn -0.0211 -0.5485 0.8359
vn 0.0177 -0.5215 0.8531
vn -0.0188 0.1328 0.9910
vn 0.0370 -0.5196 0.8536
vn -0.0253 0.1192 0.9925
vn -0.0563 -0.4657 0.8831
vn -0.4079 -0.0848 0.9091
vn 0.0591 -0.6944 0.7172
vn 0.4221 -0.8378 -0.3464
vn 0.3988 -0.8981 -0.1857
vn 0.2728 -0.9199 0.2817
vn 0.3423 -0.9069 0.2459
vn 0.0501 -0.6729 0.7380
vn 0.1373 -0.6712 0.7284
vn 0.6664 -0.6721 0.3228
vn 0.8562 -0.5165 -0.0109
vn -0.2238 -0.1902 0.9559
vn -0.2587 -0.2770 0.9254
vn -0.1321 -0.5495 0.8250
vn 0.4898 -0.4481 0.7479
vn 0.8667 -0.2401 0.4373
vn 0.8428 -0.5266 -0.1117
vn 0.5311 -0.7062 -0.4681
vn 0.5418 -0.5945 -0.5942
vn 0.8894 -0.3324 0.3139
vn 0.9180 -0.3829 0.1032
vn 0.8025 -0.5113 -0.3075
vn -0.8243 -0.3623 0.4350
vn -0.9974 -0.0551 -0.0461
vn -0.8077 -0.2739 0.5220
vn -0.7140 0.1466 0.6847
vn -0.8479 0.4962 0.1869
vn -0.7900 0.1069 -0.6037
vn -0.8154 0.2701 -0.5120
vn -0.4581 0.4687 -0.7553
vn -0.8071 0.4055 -0.4291
vn -0.7027 0.6923 -0.1641
vn -0.4172 0.6056 0.6776
vn -0.8820 0.0684 0.4662
vn -0.9809 -0.1243 0.1493
vn -0.9921 -0.1146 0.0505
vn -0.9739 -0.2042 0.0995
vn -0.8223 -0.5574 0.1148
vn -0.4800 0.3666 0.7970
vn -0.4666 0.6034 -0.6466
vn -0.4600 0.8537 -0.2443
vn -0.2729 0.6435 -0.7152
vn -0.2449 0.5271 -0.8137
vn -0.3428 -0.9390 0.0262
vn -0.3110 -0.9266 -0.2115
vn -0.6705 -0.7193 0.1819
vn -0.8470 -0.3847 -0.3669
vn -0.9806 -0.1491 -0.1273
vn -0.6800 -0.1174 -0.7238
vn -0.4519 0.3118 -0.8358
vn -0.2468 0.3898 -0.8872
vn -0.1875 0.5338 -0.8245
vn -0.2115 0.9398 -0.2685
vn -0.2924 0.9187 -0.2655
vn -0.4702 -0.6301 -0.6179
vn -0.3786 -0.1592 -0.9118
vn -0.1962 -0.1237 -0.9727
vn -0.1454 -0.1410 -0.9793
vn -0.0828 0.5357 -0.8403
vn -0.0496 0.9639 -0.2615
vn -0.1145 0.9639 -0.2403
vn -0.1283 0.5409 -0.8313
vn -0.0379 -0.1897 -0.9811
vn 0.0303 -0.1642 -0.9860
vn 0.0071 -0.9975 0.0700
vn -0.0332 -0.9961 0.0813
vn -0.0451 -0.8228 0.5665
vn -0.1190 -0.1595 0.9800
vn -0.0841 -0.2990 0.9505
vn -0.0480 -0.5306 0.8463
vn -0.0174 -0.7398 0.6726
vn 0.0113 -0.8877 -0.4602
vn 0.0447 -0.9191 -0.3915
vn 0.0239 -0.9996 -0.0120
vn 0.1577 -0.9257 -0.3438
vn 0.0548 -0.9967 -0.0591
vn 0.0975 -0.6328 0.7682
vn 0.0177 -0.8143 -0.5802
vn 0.1154 -0.8027 -0.5852
vn 0.1617 -0.7726 -0.6140
vn 0.1125 -0.9073 -0.4052
vn -0.1532 -0.7119 -0.6854
vn -0.0157 -0.9164 -0.4000
vn 0.0401 -0.9165 0.3981
vn -0.0940 -0.4405 0.8928
vn -0.2196 -0.3082 0.9256
vn 0.1242 -0.9908 -0.0537
vn -0.4812 -0.4432 0.7563
vn -0.5335 -0.4329 0.7266
vn 0.1515 -0.7496 0.6443
vn -0.3945 -0.3921 0.8310
vn 0.1829 -0.9254 0.3318
vn 0.1771 -0.9134 0.3665
vn 0.0971 -0.9223 0.3740
vn -0.4295 -0.5329 0.7290
vn -0.4689 -0.6031 0.6453
vn 0.1439 -0.4552 0.8787
vn 0.1250 -0.2555 0.9587
vn -0.1231 -0.2423 0.9624
vn -0.0279 0.0746 0.9968
vn -0.0213 0.3259 0.9452
vn -0.0387 0.2070 0.9776
vn -0.0255 0.6316 0.7748
vn -0.1234 0.6250 0.7708
vn -0.0177 0.4072 0.9131
vn 0.0388 -0.0316 0.9987
vn -0.0449 -0.1641 0.9854
vn -0.1665 -0.4379 0.8835
vn -0.1967 -0.5331 0.8228
vn -0.0843 -0.3889 0.9174
vn 0.0933 -0.1972 0.9759
vn -0.1149 -0.5197 0.8466
vn 0.0882 -0.3721 0.9240
vn -0.1355 0.1474 0.9798
vn -0.0962 -0.6409 0.7616
vn -0.1848 -0.6214 0.7614
vn 0.1376 -0.6108 0.7797
vn -0.0585 -0.7875 0.6135
vn 0.1225 -0.7686 0.6279
vn 0.1557 -0.9850 -0.0741
vn 0.0685 -0.8900 0.4508
vn -0.0161 -0.9471 0.3206
vn -0.7868 -0.4778 0.3907
vn 0.0321 0.9889 -0.1453
vn -0.2763 0.8018 -0.5298
vn -0.6660 0.7132 -0.2184
vn -0.2582 0.9490 0.1810
vn 0.1085 0.9436 0.3128
vn -0.4646 0.7933 0.3934
vn -0.8344 0.5506 0.0227
vn -0.8734 0.4698 0.1281
vn -0.6674 0.7445 -0.0156
vn -0.4431 0.6833 -0.5803
vn -0.6188 0.5371 -0.5732
vn 0.0799 0.8046 0.5884
vn -0.6216 0.6747 0.3979
vn 0.3235 0.4757 0.8179
vn -0.5350 0.6852 0.4943
vn 0.4409 0.5221 0.7301
vn 0.3947 0.6251 0.6734
vn -0.6342 0.6338 0.4427
vn -0.0123 0.5436 0.8392
vn -0.8830 0.2283 0.4101
vn -0.9399 -0.2726 0.2058
vn -0.8459 -0.3739 0.3802
vn -0.7049 -0.4270 0.5664
vn -0.9381 0.0402 0.3441
vn -0.3731 -0.1572 0.9144
vn -0.5334 0.2843 0.7967
vn -0.1475 0.2785 0.9490
vn -0.5571 0.6178 0.5550
vn -0.9105 0.3768 0.1703
vn 0.2607 0.9648 -0.0347
vn 0.5424 0.8399 0.0193
vn 0.4578 0.5229 0.7190
vn 0.5878 0.8082 0.0362
vn 0.5108 0.4888 0.7072
vn 0.5963 0.8020 0.0337
vn 0.6228 0.4035 0.6703
vn 0.6391 0.3838 0.6665
vn 0.2647 -0.1495 0.9527
vn 0.2465 -0.1431 0.9585
vn 0.4979 0.3232 0.8048
vn 0.1806 -0.0756 0.9806
vn 0.2477 0.4510 0.8575
vn 0.0264 0.0770 0.9967
vn -0.1042 0.5787 0.8089
vn -0.5350 0.6851 0.4943
vn 0.6084 0.7915 0.0587
vn -0.0925 0.7077 0.7005
vn 0.3166 0.5864 0.7456
vn 0.3530 0.7109 0.6082
vn 0.5718 0.4363 0.6948
vn 0.5937 0.5617 0.5762
vn 0.5463 0.8309 0.1057
vn 0.3630 0.9115 0.1931
vn 0.0161 0.8009 0.5986
vn -0.4686 0.2224 -0.8549
vn -0.1623 0.4851 -0.8593
vn -0.4347 0.1840 -0.8816
vn -0.1896 0.5277 -0.8280
vn -0.4913 0.2421 -0.8367
vn -0.8704 -0.2624 -0.4166
vn -0.9033 -0.3265 -0.2783
vn 0.2668 0.7823 -0.5629
vn 0.2770 0.8018 -0.5295
vn 0.1399 0.6504 -0.7466
vn 0.1231 0.6847 -0.7183
vn -0.1410 0.4535 -0.8800
vn -0.4124 0.1526 -0.8981
vn -0.9704 -0.0940 -0.2224
vn -0.7710 -0.3943 -0.5001
vn -0.7721 -0.1932 -0.6054
vn 0.0548 0.7300 -0.6813
vn -0.9827 -0.1849 0.0084
vn -0.8830 0.0144 -0.4691
vn 0.2378 0.8854 -0.3994
vn 0.3357 0.6598 -0.6723
vn 0.3256 0.6722 -0.6649
vn 0.3002 0.7176 -0.6284
vn 0.0749 0.5999 -0.7966
vn -0.1747 0.4026 -0.8986
vn -0.4365 0.1000 -0.8941
vn -0.6102 -0.1105 -0.7845
vn -0.9761 0.1184 -0.1823
vn -0.8608 -0.0776 -0.5030
vn -0.9804 0.0177 -0.1960
vn -0.8628 -0.1249 -0.4899
vn -0.1732 0.2436 -0.9543
vn 0.1177 0.5319 -0.8386
vn 0.1512 0.5122 -0.8454
vn -0.8710 0.1718 -0.4603
vn -0.7537 -0.5033 -0.4225
vn -0.7237 -0.6847 -0.0866
vn -0.9236 0.2245 -0.3106
vn -0.9297 -0.1045 -0.3532
vn -0.8951 -0.1537 -0.4185
vn -0.9185 0.1801 -0.3519
vn -0.9504 0.0955 -0.2959
vn -0.6644 -0.2622 -0.6999
vn -0.5887 -0.1239 -0.7988
vn -0.3636 -0.0213 -0.9313
vn -0.2124 0.1212 -0.9696
vn 0.1839 0.5332 -0.8258
vn -0.6562 -0.6367 -0.4050
vn -0.5294 -0.6716 -0.5183
vn -0.6100 -0.5851 -0.5343
vn -0.6052 -0.7151 -0.3498
vn -0.6035 -0.6329 -0.4850
vn -0.6413 -0.7320 -0.2300
vn -0.7360 -0.5210 -0.4324
vn -0.7285 -0.6684 -0.1503
vn -0.7185 -0.4003 -0.5688
vn -0.6880 -0.3406 -0.6409
vn -0.6439 -0.2788 -0.7125
vn -0.4480 -0.2801 -0.8490
vn -0.6970 -0.4205 -0.5809
vn -0.6651 -0.3625 -0.6528
vn -0.5108 -0.4219 -0.7491
vn -0.3949 -0.3344 -0.8557
vn -0.5706 -0.5455 -0.6139
vn -0.5445 -0.4744 -0.6917
vn -0.4573 -0.4332 -0.7767
vn -0.4847 -0.3022 -0.8208
vn -0.4366 -0.2131 -0.8741
vn -0.2123 0.1212 -0.9696
vn 0.2672 0.5614 -0.7832
vn 0.3362 0.6591 -0.6728
vn 0.3186 0.5571 -0.7669
vn 0.2900 0.6631 -0.6901
vn -0.5282 -0.5732 -0.6265
vn -0.5037 -0.5023 -0.7028
vn -0.5696 -0.4434 -0.6921
vn -0.3504 -0.4093 -0.8424
vn -0.4221 -0.5430 -0.7259
vn -0.1762 -0.8052 -0.5662
vn -0.1192 -0.6896 -0.7143
vn -0.0514 -0.5530 -0.8316
vn -0.3140 -0.3134 -0.8962
vn -0.0778 0.0903 -0.9929
vn 0.2078 -0.0048 -0.9782
vn 0.0003 -0.4590 -0.8885
vn 0.1549 -0.6156 -0.7727
vn 0.0375 -0.8627 -0.5043
vn -0.2205 -0.8804 -0.4199
vn -0.5156 -0.7455 -0.4223
vn 0.3234 -0.0552 -0.9446
vn 0.1924 -0.5045 -0.8417
vn 0.0992 -0.8742 -0.4753
vn 0.0174 -0.9572 -0.2890
vn -0.1410 -0.9889 0.0475
vn -0.1336 -0.9897 -0.0520
vn -0.2939 -0.9501 -0.1049
vn 0.2537 -0.5169 -0.8176
vn 0.3234 -0.0552 -0.9447
vn -0.2782 -0.8152 0.5080
vn -0.2792 -0.8411 0.4632
vn -0.3270 -0.8373 0.4382
vn -0.5394 -0.8365 -0.0963
vn -0.4664 -0.7717 0.4324
vn -0.6609 -0.7435 -0.1016
vn -0.4957 -0.7428 0.4501
vn -0.4958 0.1599 0.8536
vn -0.4248 0.1584 0.8913
vn -0.3160 -0.5567 0.7682
vn -0.3160 -0.5567 0.7683
vn -0.4233 0.2058 0.8823
vn -0.4248 0.1583 0.8913
vn -0.6320 -0.7737 -0.0429
vn -0.6337 -0.7686 0.0882
vn -0.6136 -0.7564 0.2266
vn -0.4954 -0.7421 0.4515
vn -0.4719 -0.7406 0.4784
vn -0.4252 -0.7415 0.5191
vn -0.2687 -0.6536 0.7076
vn -0.3000 -0.6218 0.7234
vn -0.3117 -0.6090 0.7294
vn -0.2060 0.0677 0.9762
vn 0.0924 -0.0458 0.9947
vn 0.1709 -0.0767 0.9823
vn -0.2588 -0.6152 0.7447
vn -0.4353 -0.6888 0.5797
vn -0.6072 -0.7452 0.2755
vn -0.2406 -0.5375 0.8082
vn -0.2600 -0.4089 0.8747
vn -0.4862 -0.6154 0.6204
vn -0.4353 -0.6889 0.5796
vn -0.6175 -0.7155 0.3269
vn -0.7652 -0.6384 -0.0836
vn -0.7515 0.0650 -0.6565
vn -0.7907 -0.6074 -0.0767
vn -0.6688 -0.6535 0.3544
vn -0.7481 0.3705 -0.5505
vn -0.6646 -0.2083 -0.7175
vn -0.8021 -0.2765 -0.5293
vn -0.7864 -0.0690 -0.6139
vn -0.8363 -0.5458 -0.0515
vn 0.4518 0.4540 0.7680
vn 0.6665 0.4963 0.5563
vn 0.6629 0.3621 0.6553
vn 0.5845 0.2732 0.7641
vn 0.5014 0.5983 0.6250
vn -0.3264 -0.3082 -0.8936
vn -0.2279 -0.0975 -0.9688
vn -0.4462 0.0773 -0.8916
vn -0.4967 0.1815 -0.8488
vn -0.7517 -0.4779 -0.4544
vn -0.5194 -0.8056 -0.2851
vn -0.7465 -0.6285 -0.2185
vn -0.4896 -0.7078 -0.5092
vn -0.7158 -0.3420 -0.6088
vn -0.4311 -0.5276 -0.7319
vn -0.6161 -0.1503 -0.7732
vn -0.6861 -0.1036 -0.7201
vn -0.7508 -0.2751 -0.6006
vn -0.8176 -0.4060 -0.4082
vn -0.7935 -0.5936 -0.1342
vn 0.1601 -0.1757 -0.9714
vn 0.3636 0.3755 -0.8525
vn 0.3410 0.3942 -0.8534
vn 0.3568 -0.1822 -0.9162
vn -0.0219 -0.5794 -0.8147
vn 0.2739 -0.6247 -0.7312
vn 0.2348 -0.7279 -0.6442
vn -0.0635 -0.6908 -0.7203
vn -0.1219 -0.7958 -0.5932
vn 0.2960 -0.7288 -0.6174
vn 0.3389 -0.5969 -0.7272
vn 0.3962 -0.1409 -0.9073
vn 0.3187 0.5571 -0.7669
vn 0.3402 0.5550 -0.7591
vn 0.3549 0.5424 -0.7615
vn 0.3442 0.5591 -0.7543
vn 0.0956 -0.9333 -0.3462
vn -0.1393 0.9406 -0.3097
vn -0.1393 0.9406 -0.3095
vn -0.1391 0.9409 -0.3088
vn -0.1407 0.9414 -0.3066
vn -0.9448 -0.3273 0.0166
vn -0.7805 -0.5221 0.3438
vn -0.7785 -0.4789 0.4057
vn -0.9113 -0.4015 -0.0907
vn -0.9643 -0.1281 -0.2318
vn -0.8858 -0.2823 -0.3684
vn -0.7677 -0.6260 -0.1370
vn -0.7253 -0.5510 -0.4129
vn -0.7371 -0.6249 -0.2573
vn -0.6892 -0.5803 -0.4338
vn -0.7768 -0.5450 -0.3157
vn -0.7505 -0.4812 -0.4531
vn -0.5939 -0.7344 -0.3286
vn -0.5704 -0.6519 -0.4996
vn -0.2055 -0.9500 -0.2351
vn -0.1701 -0.8900 -0.4231
vn 0.0227 -0.9811 -0.1922
vn 0.0572 -0.9865 -0.1534
vn -0.8095 -0.5389 0.2331
vn -0.7378 -0.6458 0.1966
vn -0.7439 -0.6664 0.0506
vn -0.7745 -0.6325 -0.0034
vn -0.6197 -0.7848 -0.0037
vn -0.3017 -0.9509 0.0686
vn -0.1064 -0.9886 0.1064
vn -0.0976 -0.9822 0.1602
vn -0.5655 -0.6175 0.5467
vn -0.5480 -0.6501 0.5265
vn -0.5459 -0.6612 0.5146
vn -0.5097 -0.6884 0.5161
vn -0.3730 -0.7319 0.5702
vn -0.3220 -0.7571 0.5684
vn -0.3005 -0.5867 0.7520
vn -0.3148 -0.5231 0.7920
vn -0.3622 -0.4607 0.8103
vn -0.3963 -0.4577 0.7959
vn -0.4272 -0.4704 0.7722
vn -0.4274 -0.4580 0.7795
vn -0.5776 0.2690 0.7707
vn -0.5779 0.2685 0.7707
vn -0.5435 0.2641 0.7968
vn -0.5781 0.2629 0.7724
vn -0.1405 0.0773 0.9871
vn 0.2776 -0.0577 0.9590
vn 0.1804 -0.2001 0.9630
vn -0.3310 -0.5961 0.7315
vn -0.6036 -0.5982 0.5271
vn -0.2900 -0.5786 0.7623
vn -0.5368 -0.5049 0.6760
vn -0.5229 -0.5821 0.6227
vn -0.5379 -0.6130 0.5787
vn -0.3076 -0.6159 0.7253
vn 0.3605 -0.3513 0.8641
vn 0.3585 -0.4137 0.8368
vn 0.3224 -0.3371 0.8845
vn -0.2703 -0.4586 0.8465
vn -0.2486 -0.3076 0.9185
vn -0.6138 -0.3116 0.7253
vn -0.7695 -0.1284 0.6256
vn 0.2496 -0.1684 0.9536
vn 0.1601 0.0317 0.9866
vn -0.7651 -0.4288 0.4803
vn -0.9778 -0.1632 0.1311
vn -0.9224 0.0419 0.3839
vn -0.8527 0.3889 -0.3486
vn -0.9364 0.1730 -0.3053
vn -0.7694 0.5345 -0.3498
vn -0.8262 0.2662 -0.4965
vn -0.8063 0.5646 -0.1762
vn -0.6413 0.7250 -0.2513
vn -0.9566 0.2774 -0.0888
vn -0.8025 0.5965 0.0137
vn -0.9574 -0.2804 0.0691
vn -0.9693 -0.2182 0.1137
vn -0.9444 0.2584 -0.2034
vn -0.8282 0.5586 -0.0452
vn -0.9154 0.0072 -0.4025
vn -0.8305 -0.1492 -0.5367
vn -0.7027 -0.4648 -0.5387
vn -0.6484 -0.5034 -0.5710
vn -0.7072 -0.3344 -0.6229
vn -0.5271 -0.5766 -0.6242
vn -0.9237 0.2907 -0.2495
vn -0.8476 0.4588 -0.2666
vn -0.9294 0.3657 0.0503
vn -0.8532 0.5085 0.1164
vn -0.8871 0.3550 -0.2949
vn -0.8838 0.4620 0.0740
vn -0.8624 0.5060 -0.0146
vn -0.8652 0.0904 -0.4933
vn -0.8072 -0.0492 -0.5883
vn -0.6508 -0.4179 -0.6340
vn -0.6191 -0.4489 -0.6444
vn -0.5813 -0.3920 -0.7131
vn -0.6135 -0.2451 -0.7507
vn -0.5185 -0.2864 -0.8057
vn -0.6185 -0.3509 -0.7031
vn -0.7832 0.0153 -0.6216
vn -0.8375 0.1234 -0.5324
vn -0.7397 0.2697 -0.6165
vn -0.5460 -0.1903 -0.8159
vn -0.6784 0.1755 -0.7135
vn -0.4923 -0.4160 -0.7646
vn -0.4225 -0.3323 -0.8432
vn -0.4479 -0.0994 -0.8885
vn -0.4249 0.0529 -0.9037
vn -0.4467 0.3669 -0.8160
vn -0.4687 0.4763 -0.7440
vn -0.4759 0.5321 -0.7002
vn -0.9855 0.1699 -0.0046
vn -0.4727 0.5956 -0.6494
vn -0.9654 0.1988 -0.1686
vn -0.5208 0.6080 -0.5992
vn -0.0693 0.7398 -0.6692
vn -0.0802 0.6995 -0.7101
vn -0.0895 0.6441 -0.7597
vn -0.2849 0.1465 -0.9473
vn -0.5624 -0.1524 -0.8127
vn -0.2922 0.1514 -0.9443
vn -0.2141 0.2743 -0.9375
vn 0.1254 0.4680 -0.8748
vn 0.1782 0.4860 -0.8556
vn 0.2906 0.4469 -0.8461
vn -0.1177 0.0242 -0.9928
vn -0.1165 0.5448 -0.8304
vn 0.0916 0.4915 -0.8661
vn 0.3776 0.6239 -0.6842
vn 0.3555 0.6078 -0.7101
vn 0.2447 0.9126 -0.3276
vn 0.7295 0.6838 0.0139
vn 0.7075 0.7067 0.0020
vn 0.4072 0.6432 -0.6484
vn 0.2034 0.6196 -0.7581
vn 0.2426 0.7040 -0.6675
vn 0.2584 0.7362 -0.6255
vn 0.2259 0.7853 -0.5765
vn -0.2008 0.9115 -0.3589
vn 0.3970 0.9155 -0.0648
vn 0.0015 0.9269 -0.3754
vn 0.4863 0.7314 -0.4781
vn 0.5103 0.7736 -0.3757
vn 0.5619 0.7312 0.3868
vn 0.7451 0.6437 0.1746
vn 0.8410 0.5381 0.0559
vn 0.4574 0.7155 -0.5280
vn 0.8292 0.5511 -0.0931
vn 0.8907 0.4546 -0.0071
vn -0.4763 0.8027 -0.3589
vn -0.8874 0.2556 -0.3836
vn -0.9517 0.0770 -0.2973
vn -0.9486 0.2064 0.2399
vn -0.4801 0.8059 0.3464
vn -0.4801 0.8060 0.3464
vn -0.4800 0.8060 0.3464
vn -0.5119 0.8103 0.2852
vn 0.1509 0.8013 0.5789
vn 0.6421 0.4366 0.6302
vn 0.6303 0.3932 0.6694
vn 0.8662 0.0305 0.4988
vn 0.8772 -0.1037 0.4688
vn 0.7110 -0.0718 0.6995
vn 0.5849 0.1274 0.8010
vn 0.6769 0.2533 0.6911
vn 0.3941 0.4980 0.7725
vn 0.7348 0.3807 0.5614
vn 0.4660 0.5950 0.6549
vn -0.0399 0.8150 0.5781
vn 0.1577 0.9303 0.3313
vn -0.3735 0.9274 -0.0197
vn -0.2972 0.9355 0.1911
vn 0.3357 0.3717 0.8655
vn 0.8659 0.1901 0.4628
vn 0.8173 0.0584 0.5732
vn -0.1620 0.6153 0.7714
vn -0.1218 0.7196 0.6837
vn -0.6387 0.6937 0.3329
vn -0.5791 0.7853 0.2192
vn -0.2578 0.7760 0.5757
vn -0.7012 0.5920 0.3974
vn -0.2301 0.1407 0.9629
vn -0.7589 0.1870 0.6238
vn -0.5839 0.4157 0.6973
vn -0.3031 0.7122 0.6332
vn -0.2000 0.7436 0.6380
vn 0.4336 0.6181 0.6557
vn 0.6136 0.1789 0.7691
vn 0.7260 0.1943 0.6596
vn 0.7107 0.3481 0.6113
vn -0.6402 0.1461 0.7542
vn -0.5600 0.3724 0.7401
vn -0.4077 0.6580 0.6332
vn -0.4077 0.6579 0.6332
vn -0.3568 0.7451 0.5635
vn -0.3568 0.7450 0.5635
vn -0.3146 0.8170 0.4833
vn -0.3145 0.8170 0.4833
vn -0.2020 0.9578 0.2045
vn -0.1062 0.9940 -0.0245
vn 0.7068 0.0799 0.7029
vn 0.9029 0.1042 0.4171
vn 0.8672 -0.0444 0.4960
vn 0.7986 -0.1040 0.5929
vn 0.7759 0.2520 0.5784
vn -0.5792 0.0060 -0.8151
vn -0.4192 0.1816 -0.8895
vn -0.5427 0.4231 -0.7256
vn -0.5522 0.4844 -0.6785
vn -0.9556 -0.0660 -0.2873
vn -0.8095 -0.5331 -0.2461
vn -0.9585 -0.2785 -0.0612
vn -0.7945 -0.3835 -0.4707
vn -0.8860 0.0955 -0.4537
vn -0.7283 -0.1914 -0.6579
vn -0.7656 0.2546 -0.5908
vn -0.7786 0.2986 -0.5520
vn -0.8939 0.1420 -0.4251
vn -0.9618 -0.0065 -0.2737
vn -0.9712 -0.2381 0.0036
vn -0.7705 0.2006 -0.6050
vn -0.1148 0.4083 -0.9056
vn -0.2875 0.6056 -0.7420
vn -0.9663 0.2346 -0.1059
vn -0.7143 0.5573 -0.4232
vn -0.6759 0.3792 -0.6320
vn -0.3462 0.8947 -0.2823
vn -0.2976 0.6560 -0.6936
vn -0.5157 0.4313 -0.7403
vn -0.2710 0.2392 -0.9324
vn -0.7325 0.4778 -0.4850
vn -0.4721 0.0536 -0.8799
vn -0.7596 0.4229 -0.4941
vn -0.7919 0.3831 -0.4756
vn -0.5781 -0.1546 -0.8012
vn -0.8450 0.3975 -0.3577
vn -0.6907 -0.3035 -0.6564
vn -0.5218 0.8089 -0.2708
vn -0.5839 0.4334 -0.6865
vn -0.8526 -0.1268 -0.5070
vn -0.7293 0.3143 -0.6077
vn -0.5412 0.4643 -0.7011
vn -0.6799 0.3031 -0.6677
vn -0.9977 0.0679 -0.0019
vn -0.8875 -0.1057 -0.4485
vn -0.8087 0.1438 -0.5703
vn -0.7659 0.1048 -0.6344
vn -0.6553 0.2719 -0.7047
vn 0.3901 -0.1357 0.9107
vn -0.0033 0.1145 0.9934
vn 0.4494 0.1064 0.8870
vn 0.6583 -0.1093 0.7448
vn 0.4305 -0.0207 0.9023
vn 0.6192 -0.2282 0.7513
vn 0.5075 -0.3130 0.8028
vn 0.3061 -0.0684 0.9495
vn 0.5432 0.0095 0.8396
vn 0.2008 0.3522 0.9141
vn 0.7827 -0.1969 0.5904
vn 0.9509 0.1751 0.2551
vn 0.7159 -0.4708 0.5156
vn 0.7642 0.6268 0.1520
vn 0.1774 0.3897 0.9037
vn 0.3235 0.7860 0.5269
vn 0.2732 0.9072 0.3200
vn 0.0544 0.5730 0.8178
vn 0.0839 0.9964 -0.0102
vn -0.2389 0.6980 0.6750
vn -0.2882 0.9478 -0.1366
vn -0.7096 0.6294 0.3167
vn -0.2387 0.9616 -0.1355
vn -0.6789 0.6440 0.3526
vn -0.2104 0.9753 -0.0676
vn -0.5178 0.6796 0.5197
vn -0.1811 0.9831 -0.0250
vn -0.6187 -0.0032 0.7856
vn -0.6906 0.0008 0.7233
vn -0.7672 -0.0084 0.6414
vn -0.7674 -0.0081 0.6411
vn -0.4368 -0.0779 0.8962
vn -0.1740 -0.1060 0.9790
vn -0.1833 -0.3714 0.9102
vn 0.2159 -0.5458 0.8096
vn 0.1035 -0.7842 0.6119
vn 0.4448 -0.2623 0.8563
vn 0.5545 -0.1572 0.8172
vn 0.3675 0.0251 0.9297
vn 0.6286 -0.0255 0.7773
vn 0.4802 0.1353 0.8666
vn 0.7562 0.3999 0.5179
vn 0.6204 0.4797 0.6205
vn 0.3347 0.5688 0.7513
vn 0.1718 0.3828 0.9077
vn -0.2648 0.6571 0.7058
vn -0.3959 0.5541 0.7322
vn -0.6980 0.6305 0.3396
vn -0.7618 0.5150 0.3930
vn -0.4443 0.5272 0.7243
vn -0.7143 0.3325 0.6157
vn 0.2795 -0.1202 0.9526
vn -0.4631 0.4102 0.7857
vn -0.8560 0.2327 0.4616
vn -0.5518 0.1176 0.8256
vn -0.9506 -0.1328 0.2807
vn -0.8631 -0.2708 0.4263
vn -0.5876 -0.3083 0.7481
vn -0.2003 -0.1142 0.9731
vn -0.0033 0.1147 0.9934
vn 0.0629 0.2699 0.9608
vn -0.0834 -0.4058 0.9102
vn 0.0006 -0.5599 0.8286
vn -0.3437 -0.6678 0.6603
vn 0.1353 0.0599 0.9890
vn 0.0699 0.4675 0.8812
vn 0.0044 0.7520 0.6592
vn -0.0098 0.7204 0.6935
vn 0.0412 0.6589 0.7511
vn -0.5034 -0.5580 0.6597
vn -0.0680 0.7585 0.6481
vn -0.0037 0.4617 0.8871
vn 0.0956 0.0087 0.9954
vn -0.1696 -0.7744 0.6095
vn -0.0626 -0.6670 0.7424
vn -0.0675 -0.0277 0.9973
vn -0.1466 0.4823 0.8637
vn -0.2030 0.7351 0.6469
vn 0.0108 0.0229 0.9997
vn -0.3165 0.8779 0.3593
vn -0.1540 0.9033 0.4004
vn -0.0821 0.8950 0.4384
vn 0.0078 0.8734 0.4870
vn 0.0079 0.8731 0.4875
vn -0.0751 0.8680 0.4909
vn 0.1532 -0.8830 -0.4437
vn 0.1535 -0.8650 -0.4777
vn 0.1535 -0.8650 -0.4778
vn 0.2099 -0.8005 -0.5614
vn 0.1681 -0.8071 -0.5659
vn 0.1890 -0.7182 -0.6697
vn 0.1768 -0.6855 -0.7063
vn -0.2537 -0.4970 -0.8298
vn -0.2548 -0.4911 -0.8330
vn -0.1963 -0.4072 -0.8920
vn -0.4363 -0.3955 -0.8083
vn -0.3856 -0.3008 -0.8723
vn -0.3007 -0.6457 -0.7019
vn -0.3157 -0.6374 -0.7028
vn -0.2754 -0.5731 -0.7719
vn -0.4189 -0.4856 -0.7673
vn -0.5530 0.0758 -0.8297
vn -0.5196 0.2329 -0.8220
vn -0.1522 -0.3253 -0.9333
vn -0.4003 -0.1249 -0.9078
vn -0.4492 0.4040 -0.7969
vn -0.5886 0.3266 -0.7395
vn -0.4586 0.4729 -0.7524
vn -0.6448 0.2228 -0.7312
vn -0.5339 -0.0421 -0.8445
vn -0.4471 -0.5802 -0.6808
vn -0.3815 -0.7401 -0.5538
vn -0.3321 -0.7018 -0.6302
vn -0.1103 -0.8109 -0.5747
vn -0.2830 -0.9413 -0.1840
vn -0.1290 -0.9914 -0.0238
vn -0.3687 -0.7885 0.4922
vn 0.1121 -0.8730 -0.4747
vn -0.8283 0.5496 -0.1087
vn -0.8497 0.4824 -0.2128
vn -0.8547 0.4994 -0.1420
vn -0.7979 0.5672 -0.2041
vn -0.6949 0.1887 -0.6939
vn -0.5905 -0.1918 -0.7840
vn -0.5278 -0.7085 -0.4685
vn -0.4552 -0.8445 -0.2820
vn -0.4444 -0.8478 -0.2892
vn -0.4291 -0.8026 0.4144
vn -0.4041 -0.6829 0.6086
vn -0.4490 -0.8373 0.3119
vn -0.4495 -0.8548 0.2595
vn -0.6036 -0.7790 -0.1698
vn -0.6994 -0.3758 -0.6080
vn -0.7877 0.0502 -0.6140
vn -0.7377 0.6534 -0.1700
vn -0.8705 0.2487 -0.4247
vn -0.7725 0.6222 -0.1266
vn -0.7219 0.6284 -0.2899
vn -0.9005 -0.1849 -0.3937
vn -0.9004 -0.1849 -0.3938
vn -0.8885 -0.4358 -0.1438
vn -0.8721 -0.2030 -0.4453
vn -0.8687 -0.4625 -0.1773
vn -0.7311 -0.5783 -0.3620
vn -0.5746 -0.7734 0.2677
vn -0.3566 -0.7838 0.5084
vn -0.3559 -0.7496 0.5580
vn -0.4596 -0.7507 0.4746
vn -0.6896 -0.7240 -0.0181
vn -0.7402 -0.6615 0.1203
vn -0.7450 -0.6455 0.1683
vn -0.9033 -0.4269 -0.0432
vn -0.9265 -0.1038 -0.3616
vn -0.5971 0.6047 -0.5271
vn -0.6546 0.4774 -0.5861
vn -0.7705 -0.5870 0.2487
vn -0.5468 -0.7167 0.4329
vn -0.4952 -0.7799 0.3827
vn -0.5577 -0.6180 0.5542
vn -0.2911 0.8910 0.3484
vn -0.1238 0.9739 0.1901
vn -0.4950 0.6985 0.5168
vn -0.5486 0.6119 0.5697
vn -0.6154 0.5269 0.5862
vn -0.7819 0.2331 0.5782
vn -0.8644 0.0344 0.5016
vn -0.3716 0.5376 0.7569
vn -0.3852 0.5870 0.7121
vn -0.3114 0.8246 0.4724
vn -0.0609 0.9953 -0.0759
vn -0.3025 0.9169 0.2605
vn 0.1456 0.9890 0.0262
vn 0.3428 0.8587 0.3809
vn -0.0156 0.7937 0.6081
vn -0.5862 0.7499 0.3067
vn -0.1890 0.6021 -0.7757
vn -0.2051 0.6573 -0.7252
vn 0.1176 0.8035 -0.5836
vn 0.0918 0.8278 -0.5535
vn 0.4429 0.8476 -0.2924
vn 0.1169 0.8777 -0.4648
vn 0.4029 0.8883 -0.2206
vn -0.0628 -0.3022 -0.9512
vn -0.1019 -0.4540 -0.8851
vn -0.2203 -0.3618 -0.9058
vn -0.1715 -0.2457 -0.9541
vn -0.1083 -0.1660 -0.9802
vn -0.3672 0.0538 -0.9286
vn -0.2137 0.6984 -0.6830
vn -0.2138 0.6983 -0.6831
vn -0.2822 0.7245 -0.6289
vn -0.7962 0.2903 -0.5309
vn 0.6375 0.7700 -0.0281
vn 0.5842 0.8046 0.1059
vn 0.4441 0.8286 -0.3410
vn 0.1566 0.7371 -0.6574
vn -0.3385 0.4025 -0.8505
vn -0.0100 0.1258 -0.9920
vn -0.0180 0.0644 -0.9978
vn 0.0791 -0.0071 -0.9968
vn 0.3127 -0.1618 -0.9359
vn 0.2183 -0.4455 -0.8682
vn 0.4453 -0.1785 -0.8774
vn 0.3901 -0.4763 -0.7880
vn 0.5091 0.7187 -0.4736
vn -0.0194 0.6554 -0.7550
vn 0.2241 0.5918 -0.7743
vn 0.2263 0.5716 -0.7887
vn 0.3494 0.4751 -0.8076
vn 0.4218 0.3688 -0.8283
vn 0.4329 0.3923 -0.8116
vn 0.4641 -0.1388 -0.8748
vn 0.4210 -0.4610 -0.7812
vn 0.3754 -0.6308 -0.6791
vn 0.3058 0.7543 -0.5809
vn 0.3991 0.7504 -0.5269
vn 0.3430 0.7841 -0.5173
vn 0.3009 0.8259 -0.4768
vn 0.3477 0.8600 -0.3735
vn 0.5585 0.7604 -0.3313
vn 0.6303 0.7706 -0.0942
vn 0.4342 0.3877 -0.8131
vn 0.2635 0.7538 -0.6019
vn -0.1471 -0.7319 -0.6653
vn 0.1231 -0.8260 -0.5501
vn 0.2210 -0.8512 -0.4759
vn 0.2951 -0.7397 -0.6048
vn 0.1520 -0.7161 -0.6813
vn 0.3500 -0.6116 -0.7095
vn 0.1880 -0.5787 -0.7936
vn -0.1295 -0.6056 -0.7852
vn -0.4061 -0.6715 0.6198
vn -0.4032 -0.6703 0.6230
vn -0.3069 -0.8023 0.5121
vn -0.0356 -0.9991 0.0241
vn 0.1807 -0.9090 -0.3756
vn 0.2266 -0.8763 -0.4251
vn 0.3282 -0.7485 -0.5762
vn 0.1783 -0.9330 -0.3127
vn -0.0376 -0.9971 0.0659
vn -0.3083 -0.8007 0.5137
vn -0.4034 -0.6697 0.6235
vn -0.4412 -0.5728 -0.6908
vn -0.5588 -0.4006 -0.7261
vn -0.4014 -0.5108 -0.7603
vn -0.3788 -0.4276 -0.8208
vn -0.3666 -0.4354 -0.8222
vn -0.3036 -0.3567 -0.8835
vn -0.3520 -0.3679 -0.8607
vn -0.2994 -0.2512 -0.9205
vn -0.1359 -0.3238 -0.9363
vn 0.0005 -0.0276 -0.9996
vn 0.1538 -0.1109 -0.9819
vn -0.4447 -0.6630 -0.6022
vn -0.4829 -0.6588 -0.5769
vn -0.5825 -0.4696 -0.6634
vn -0.6473 -0.3297 -0.6873
vn -0.5291 -0.3254 -0.7837
vn -0.3299 -0.3045 -0.8935
vn -0.2537 -0.2034 -0.9456
vn -0.1507 0.0177 -0.9884
vn 0.2393 0.4761 -0.8462
vn -0.3917 -0.5162 -0.7617
vn -0.4337 -0.5782 -0.6911
vn 0.3798 0.5177 0.7666
vn 0.2947 0.5717 0.7657
vn -0.1463 0.7112 0.6876
vn -0.5806 0.6818 0.4450
vn -0.5436 0.6928 0.4738
vn -0.4038 0.7300 0.5513
vn -0.2909 0.7418 0.6042
vn -0.1897 -0.0998 -0.9767
vn -0.4169 0.0648 -0.9066
vn -0.4656 0.1346 -0.8747
vn -0.5732 -0.1581 -0.8040
vn -0.2797 -0.3034 -0.9109
vn -0.3783 -0.5097 -0.7727
vn -0.4379 -0.6842 -0.5832
vn -0.4769 -0.7888 -0.3876
vn -0.7046 -0.6400 -0.3064
vn -0.6144 -0.1097 -0.7813
vn -0.7001 -0.2818 -0.6561
vn -0.7706 -0.5789 -0.2665
vn -0.7008 -0.4736 -0.5335
vn -0.7707 -0.4014 -0.4949
vn -0.6472 -0.3298 -0.6873
vn 0.3502 0.4266 0.8339
vn 0.6311 0.4696 0.6174
vn 0.6049 0.3643 0.7080
vn 0.5425 0.2656 0.7970
vn 0.4506 0.5497 0.7034
vn 0.3552 -0.8783 -0.3199
vn 0.3552 -0.8784 -0.3199
vn 0.3371 -0.8955 -0.2905
vn 0.3544 -0.8305 -0.4297
vn 0.3897 -0.8265 -0.4062
vn 0.4236 -0.7462 -0.5135
vn 0.4235 -0.7462 -0.5136
vn -0.7829 0.3030 0.5434
vn -0.9003 0.1364 0.4133
vn -0.9003 0.1365 0.4133
vn -0.9737 -0.0941 0.2077
vn -0.9737 -0.0940 0.2077
vn -0.9751 -0.1731 0.1387
vn -0.9751 -0.1730 0.1386
vn -0.9572 -0.2667 0.1126
vn -0.8485 -0.5284 -0.0286
vn -0.8485 -0.5285 -0.0286
vn -0.7004 -0.7079 -0.0913
vn -0.7922 -0.1125 0.5998
vn -0.8291 0.1691 0.5329
vn -0.7610 0.5068 0.4050
vn -0.7251 0.6196 0.3005
vn -0.6979 0.6805 0.2231
vn -0.5584 0.8258 -0.0790
vn -0.4095 0.8608 -0.3022
vn -0.8374 -0.0868 0.5397
vn -0.8553 0.1636 0.4917
vn -0.8552 0.1636 0.4917
vn -0.7916 0.4983 0.3538
vn -0.7619 0.5691 0.3092
vn -0.7140 0.6682 0.2092
vn -0.5851 0.8084 -0.0647
vn -0.4488 0.8535 -0.2648
vn -0.2641 0.8216 0.5052
vn -0.3380 0.7494 0.5694
vn -0.4039 0.7300 0.5513
vn 0.0486 0.7036 0.7089
vn 0.0287 0.9933 -0.1121
vn 0.0129 0.9968 -0.0789
vn -0.0308 0.9967 -0.0756
vn -0.0308 0.9967 -0.0755
vn -0.1752 0.9693 -0.1724
vn -0.1900 0.8110 0.5533
vn -0.0290 0.8096 0.5862
vn 0.0185 0.8081 0.5887
vn -0.8888 0.3683 0.2728
vn 0.6427 -0.6181 0.4526
vn 0.9421 -0.3202 -0.0999
vn 0.8416 -0.5061 0.1887
vn 0.6630 -0.7199 -0.2056
vn 0.7272 -0.6158 0.3032
vn 0.5095 -0.8536 -0.1087
vn 0.7006 -0.6219 0.3499
vn 0.3735 -0.9078 -0.1908
vn 0.3048 -0.9449 -0.1193
vn 0.5851 -0.6530 0.4809
vn 0.3310 -0.9308 -0.1552
vn -0.1744 -0.7453 -0.6435
vn -0.1697 -0.7889 -0.5907
vn -0.0782 -0.7296 -0.6794
vn -0.2103 -0.7762 -0.5944
vn 0.8659 -0.3413 -0.3656
vn 0.5598 -0.7535 -0.3447
vn 0.4123 -0.8823 -0.2269
vn 0.3316 -0.8725 -0.3589
vn -0.0121 -0.6958 -0.7181
vn 0.4519 -0.7517 -0.4803
vn 0.1252 -0.6016 -0.7889
vn 0.3241 -0.3865 -0.8635
vn 0.6619 -0.3877 -0.6415
vn 0.6951 0.2004 -0.6904
vn 0.7774 0.2276 -0.5864
vn 0.5112 0.7399 -0.4372
vn 0.4155 0.7481 -0.5174
vn 0.6861 0.4142 -0.5981
vn 0.3619 0.5136 -0.7780
vn 0.7683 -0.3657 -0.5253
vn 0.0876 0.5925 -0.8008
vn 0.6785 -0.3425 -0.6498
vn -0.2196 0.7740 -0.5940
vn -0.2343 0.4893 -0.8400
vn -0.3115 0.2384 -0.9199
vn 0.3171 0.0325 -0.9478
vn -0.1096 -0.1623 -0.9806
vn 0.8620 -0.2910 -0.4151
vn 0.7406 0.4236 -0.5216
vn 0.5928 -0.6229 -0.5104
vn 0.7446 0.3358 -0.5768
vn 0.7142 -0.6055 -0.3512
vn 0.6108 -0.6857 -0.3958
vn 0.8477 0.2197 -0.4829
vn 0.5547 0.7685 -0.3188
vn 0.7643 0.6164 -0.1895
vn 0.4218 0.8594 0.2891
vn 0.6165 0.6728 0.4091
vn 0.7185 0.4779 0.5053
vn 0.6818 0.7315 -0.0059
vn 0.9767 0.1518 -0.1519
vn 0.9380 0.0254 0.3457
vn 0.6033 0.1919 0.7740
vn -0.4979 0.6828 -0.5347
vn -0.3860 0.8668 -0.3156
vn -0.3389 0.9219 -0.1879
vn -0.2144 0.9763 0.0297
vn -0.0569 0.9657 0.2532
vn 0.0551 0.9426 0.3295
vn 0.3828 0.6784 0.6271
vn 0.3600 0.6615 0.6579
vn 0.0626 0.8700 0.4891
vn -0.2982 0.9513 0.0780
vn -0.4208 0.9070 -0.0182
vn -0.5238 0.8381 -0.1522
vn -0.5635 0.7666 -0.3079
vn -0.5916 0.6225 -0.5123
vn -0.2367 0.9463 0.2202
vn -0.1701 0.9852 -0.0207
vn -0.2842 0.9518 -0.1152
vn -0.4413 0.8568 -0.2669
vn -0.5565 0.7155 -0.4223
vn -0.6347 0.5212 -0.5705
vn -0.1230 0.9174 0.3784
vn -0.0881 0.9907 0.1038
vn -0.0917 0.9942 -0.0558
vn -0.1856 0.9750 -0.1226
vn -0.3398 0.9051 -0.2557
vn -0.6527 0.4464 -0.6122
vn -0.7237 0.3652 -0.5856
vn -0.6690 0.0382 -0.7423
vn -0.6126 0.0424 -0.7893
vn -0.4724 -0.2140 -0.8550
vn -0.3207 -0.1922 -0.9275
vn -0.6707 0.3901 -0.6308
vn -0.6657 0.6812 -0.3047
vn -0.6194 0.7265 -0.2977
vn -0.5655 0.7405 -0.3633
vn -0.5037 0.0868 -0.8595
vn -0.5616 0.3925 -0.7284
vn -0.4865 0.7875 -0.3783
vn -0.0916 0.9844 0.1499
vn 0.1029 0.9741 0.2014
vn 0.1594 0.9872 -0.0007
vn -0.5140 0.8535 -0.0861
vn -0.4031 0.9107 0.0901
vn -0.3558 0.9219 0.1534
vn -0.0310 0.9989 0.0337
vn 0.2323 0.9563 -0.1779
vn 0.2332 0.9650 -0.1198
vn 0.1293 0.9764 -0.1729
vn -0.2812 0.9324 0.2270
vn 0.1030 0.9741 0.2014
vn 0.0248 0.9596 0.2802
vn 0.2191 0.8257 0.5198
vn -0.1610 0.9116 0.3783
vn 0.1166 0.9541 -0.2758
vn -0.1214 0.9926 -0.0077
vn -0.1284 0.9906 -0.0478
vn -0.0992 0.9850 -0.1408
vn 0.3742 0.9129 0.1633
vn -0.2161 0.9395 0.2658
vn -0.2983 0.9513 0.0780
vn -0.0689 0.9974 0.0196
vn 0.0297 0.9994 0.0148
vn 0.1671 0.9373 -0.3059
vn -0.0085 0.9596 -0.2814
vn 0.0585 0.7753 0.6288
vn 0.0388 0.7955 0.6047
vn 0.3395 0.5369 0.7724
vn 0.0969 0.8250 0.5567
vn -0.2223 0.9397 -0.2598
vn -0.2427 0.9670 -0.0776
vn -0.0780 0.8521 -0.5175
vn -0.3786 0.9255 -0.0140
vn -0.2395 0.9606 0.1411
vn 0.1231 0.8528 0.5075
vn 0.3956 0.5524 0.7338
vn 0.6017 0.2613 0.7548
vn 0.5568 0.2000 0.8062
vn 0.7761 -0.0484 0.6288
vn 0.6996 -0.0371 0.7135
vn 0.6511 0.0015 0.7590
vn 0.6348 0.0548 0.7708
vn 0.5613 0.0214 0.8273
vn 0.5592 0.2447 0.7921
vn 0.4478 0.2698 0.8525
vn 0.5311 -0.0295 0.8468
vn 0.4478 0.2697 0.8525
vn 0.5070 0.2223 0.8328
vn 0.3252 0.5107 0.7959
vn 0.2693 0.8053 0.5281
vn 0.3935 0.5969 0.6992
vn -0.3889 0.8967 0.2115
vn -0.6119 0.6874 0.3912
vn -0.4533 0.6777 0.5790
vn -0.7444 0.6413 0.1860
vn -0.5057 0.8618 0.0389
vn -0.8218 0.5696 -0.0094
vn -0.6374 0.7426 -0.2055
vn -0.0909 0.8119 0.5767
vn -0.2907 0.6377 0.7133
vn -0.5956 0.7635 -0.2495
vn -0.4619 0.8869 0.0066
vn -0.3558 0.9219 0.1533
vn -0.2595 0.8900 0.3749
vn -0.2172 0.9144 0.3415
vn -0.0241 0.8351 0.5496
vn 0.5482 -0.7081 -0.4450
vn 0.5461 -0.8205 -0.1691
vn 0.4336 -0.8656 -0.2506
vn 0.3834 -0.8431 -0.3771
vn 0.6556 -0.6873 -0.3126
vn -0.5425 -0.1967 -0.8167
vn -0.6647 0.0867 -0.7421
vn -0.6262 -0.1673 -0.7615
vn -0.7087 0.1562 -0.6880
vn -0.6264 -0.1667 -0.7615
vn -0.5653 -0.1417 -0.8126
vn -0.5854 0.2296 -0.7775
vn -0.6619 0.2062 -0.7207
vn 0.3767 0.4360 -0.8173
vn 0.3768 0.4360 -0.8173
vn 0.1519 0.4057 -0.9013
vn 0.6366 0.4381 -0.6347
vn 0.6365 0.4381 -0.6347
vn 0.7076 0.4342 -0.5574
vn 0.7076 0.4343 -0.5574
vn 0.8504 0.4962 -0.1751
vn 0.8490 0.5245 0.0641
vn -0.2471 0.2181 0.9441
vn -0.2545 0.8132 0.5233
vn -0.3122 0.8163 0.4860
vn -0.2683 0.1866 0.9451
vn -0.1901 0.8110 0.5534
vn -0.1926 0.1863 0.9634
vn 0.6269 0.6572 0.4183
vn 0.5866 0.3880 0.7109
vn -0.1338 0.9605 -0.2439
vn -0.1096 0.9668 -0.2309
vn -0.1136 0.9652 -0.2354
vn 0.7646 0.5123 -0.3911
vn -0.6916 -0.6670 -0.2769
vn -0.5874 -0.7872 0.1875
vn 0.1695 -0.8709 -0.4613
vn 0.6256 -0.7792 0.0378
vn 0.5531 -0.8245 -0.1197
vn 0.8516 -0.1493 0.5025
vn 0.6215 -0.7660 0.1643
vn -0.1173 -0.9185 -0.3775
vn -0.1924 -0.9131 -0.3596
vn -0.7469 -0.5245 -0.4086
vn -0.7814 -0.4897 -0.3869
vn -0.7980 -0.4454 -0.4059
vn -0.5100 -0.4323 -0.7436
vn -0.1678 -0.3747 -0.9118
vn 0.2271 -0.6609 -0.7153
vn -0.1393 -0.7319 -0.6671
vn 0.5248 -0.7699 -0.3632
vn -0.4622 -0.8810 -0.1013
vn 0.5328 -0.8161 0.2238
vn -0.1840 -0.9444 -0.2726
vn 0.3999 -0.9147 -0.0574
vn -0.3324 -0.8933 -0.3026
vn 0.8894 -0.1626 0.4273
vn 0.6253 -0.7800 0.0230
vn 0.8824 -0.1919 0.4296
vn 0.8166 -0.0738 0.5724
vn 0.9117 -0.0685 0.4050
vn 0.9252 -0.3263 0.1938
vn 0.3566 -0.8538 0.3793
vn 0.7537 -0.0184 0.6570
vn 0.8476 0.0661 0.5265
vn 0.7918 0.1975 0.5779
vn 0.8575 0.2366 0.4569
vn 0.7314 0.1737 0.6595
vn 0.8324 0.1515 0.5330
vn 0.6931 -0.5701 0.4411
vn 0.6464 -0.7592 0.0762
vn -0.5017 -0.8230 -0.2663
vn -0.3246 -0.9439 -0.0610
vn -0.8164 -0.4845 -0.3142
vn -0.3287 -0.9030 -0.2766
vn -0.0228 -0.9868 -0.1602
vn 0.4576 -0.4768 0.7505
vn 0.8841 -0.0776 0.4607
vn 0.8584 -0.4789 -0.1840
vn 0.5424 -0.6433 0.5403
vn 0.6242 -0.6536 0.4281
vn 0.9280 0.1191 0.3529
vn 0.8328 -0.5039 0.2292
vn 0.8509 -0.3432 0.3977
vn -0.3057 -0.8035 -0.5108
vn -0.6597 -0.5156 -0.5468
vn -0.5051 -0.5106 -0.6959
vn -0.2684 -0.7558 -0.5974
vn -0.2091 -0.9213 -0.3278
vn 0.0895 -0.6764 0.7310
vn 0.4252 -0.7230 0.5445
vn 0.6230 0.1084 0.7747
vn 0.6160 -0.6659 0.4209
vn -0.1309 -0.9629 -0.2358
vn -0.2654 -0.9264 -0.2671
vn 0.4121 -0.8766 0.2484
vn 0.7296 0.0386 0.6828
vn 0.6691 0.1552 0.7268
vn 0.5907 0.1331 0.7958
vn 0.5035 0.1502 0.8508
vn 0.0005 0.0802 0.9968
vn 0.0001 0.1770 0.9842
vn -0.5033 0.1461 0.8517
vn 0.7864 -0.4316 0.4419
vn 0.5631 -0.6388 0.5243
vn 0.3743 -0.6426 0.6686
vn -0.4887 -0.4011 -0.7748
vn 0.0012 -0.4757 -0.8796
vn -0.3356 -0.7092 -0.6201
vn 0.0020 -0.6597 -0.7515
vn 0.0008 -0.3942 -0.9190
vn 0.4907 -0.3970 -0.7756
vn 0.0022 -0.3509 0.9364
vn 0.0033 -0.8968 -0.4424
vn -0.2216 -0.9621 -0.1588
vn 0.2292 -0.9603 -0.1592
vn 0.1803 -0.7725 0.6089
vn -0.2706 -0.6250 0.7322
vn -0.1980 0.0958 0.9755
vn 0.0006 0.0565 0.9984
vn 0.1989 0.0974 0.9752
vn 0.7485 -0.3792 0.5440
vn 0.5599 -0.8163 -0.1419
vn -0.0986 -0.8659 -0.4904
vn 0.3403 -0.7064 -0.6207
vn -0.1729 -0.7740 0.6091
vn 0.2770 -0.6228 0.7317
vn 0.1226 -0.9912 -0.0497
vn -0.7445 -0.3853 0.5453
vn -0.1146 -0.9922 -0.0495
vn 0.1049 -0.8650 -0.4907
vn 0.2736 -0.7535 -0.5978
vn -0.5536 -0.8208 -0.1410
vn -0.7821 -0.4377 0.4435
vn -0.0825 -0.6770 0.7314
vn -0.6225 0.1033 0.7758
vn -0.4183 -0.7264 0.5453
vn -0.6098 -0.6709 0.4219
vn 0.2161 -0.9196 -0.3281
vn 0.1384 -0.9618 -0.2360
vn 0.5081 -0.5064 -0.6967
vn -0.5568 -0.6435 0.5253
vn 0.2725 -0.9242 -0.2676
vn -0.3679 -0.6456 0.6692
vn -0.6691 0.1497 0.7279
vn -0.5904 0.1283 0.7969
vn -0.7924 0.1910 0.5793
vn 0.6629 -0.5102 -0.5479
vn 0.3113 -0.8010 -0.5113
vn -0.4044 -0.8800 0.2491
vn -0.7287 0.0326 0.6841
vn -0.7317 0.1677 0.6607
vn -0.8586 0.2296 0.4584
vn -0.8472 0.0592 0.5280
vn -0.9284 0.1114 0.3545
vn -0.8150 -0.0805 0.5738
vn -0.8547 -0.4860 -0.1825
vn -0.5362 -0.6477 0.5413
vn 0.3356 -0.9003 -0.2772
vn 0.3321 -0.9412 -0.0616
vn 0.8198 -0.4778 -0.3156
vn 0.5080 -0.8189 -0.2671
vn -0.6878 -0.5757 0.4423
vn -0.8474 -0.3501 0.3992
vn -0.8283 -0.5106 0.2307
vn -0.6401 -0.7644 0.0773
vn -0.8328 0.1446 0.5344
vn -0.6182 -0.6586 0.4291
vn -0.8873 -0.1699 0.4288
vn -0.9104 -0.0759 0.4066
vn -0.9221 -0.3339 0.1954
vn -0.8494 -0.1563 0.5040
vn -0.7524 -0.0245 0.6583
vn -0.5257 -0.8205 0.2247
vn -0.3924 -0.9180 -0.0566
vn -0.5191 -0.7741 -0.3623
vn -0.1631 -0.8723 -0.4610
vn -0.2229 -0.6628 -0.7149
vn -0.3488 -0.8567 0.3799
vn 0.5942 -0.7824 0.1865
vn 0.6966 -0.6613 -0.2781
vn 0.8010 -0.4388 -0.4073
vn 0.7847 -0.4832 -0.3883
vn 0.5123 -0.4281 -0.7445
vn 0.1695 -0.3739 -0.9119
vn 0.1441 -0.7307 -0.6673
vn 0.4692 -0.8772 -0.1021
vn 0.1912 -0.9428 -0.2729
vn -0.6188 -0.7852 0.0241
vn -0.8801 -0.1992 0.4311
vn -0.6149 -0.7710 0.1653
vn 0.1993 -0.9114 -0.3599
vn 0.7505 -0.5184 -0.4099
vn 0.0307 -0.9866 -0.1602
vn -0.8827 -0.0849 0.4623
vn -0.4523 -0.4806 0.7513
vn -0.6191 -0.7844 0.0389
vn -0.5461 -0.8293 -0.1187
vn 0.1243 -0.9175 -0.3777
vn 0.3392 -0.8905 -0.3031
vn 0.6998 -0.1769 0.6921
vn 0.6701 -0.0296 0.7417
vn 0.6615 -0.0913 0.7444
vn 0.2407 0.1897 0.9519
vn 0.3834 0.1067 0.9174
vn 0.2822 0.3908 0.8762
vn 0.3364 0.0933 0.9371
vn 0.3143 0.0890 0.9451
vn 0.2887 -0.1442 0.9465
vn 0.5798 0.0414 0.8137
vn 0.2321 -0.2941 0.9272
vn 0.4052 0.0196 0.9140
vn 0.1454 -0.3620 0.9207
vn 0.4218 0.0085 0.9066
vn 0.3092 -0.4942 0.8125
vn 0.5419 -0.2058 0.8149
vn 0.6064 -0.2581 0.7521
vn 0.7629 -0.0588 0.6439
vn 0.8283 0.0916 0.5528
vn 0.8647 0.1069 0.4908
vn 0.5585 0.1538 0.8151
vn 0.7919 0.4393 0.4242
vn 0.9210 0.1991 0.3349
vn 0.9214 0.1751 0.3468
vn 0.9342 0.1571 0.3204
vn 0.9354 0.2367 0.2627
vn 0.9064 0.1147 0.4067
vn 0.9143 -0.0823 0.3967
vn 0.7726 -0.1960 0.6039
vn 0.7292 0.1953 0.6558
vn 0.7311 0.0015 0.6823
vn 0.5277 0.2032 0.8248
vn 0.1998 -0.1381 0.9701
vn 0.4668 -0.2698 0.8422
vn 0.7458 -0.3155 0.5867
vn 0.5940 0.5229 0.6114
vn 0.2315 0.4704 0.8516
vn 0.4292 0.5889 0.6849
vn 0.5364 0.5118 0.6711
vn 0.7092 0.4355 0.5543
vn 0.7785 0.3804 0.4993
vn 0.8258 0.1294 0.5489
vn 0.7971 -0.3801 0.4692
vn 0.6821 -0.4053 0.6087
vn 0.6580 -0.0841 0.7483
vn 0.5032 0.4322 0.7483
vn 0.1508 0.3906 0.9081
vn 0.4975 0.3108 0.8099
vn 0.0928 0.6233 0.7765
vn 0.1795 0.5947 0.7836
vn 0.2904 0.6709 0.6823
vn 0.5103 -0.0449 0.8588
vn 0.3280 -0.5109 0.7946
vn 0.2962 -0.6540 0.6961
vn 0.7167 -0.3341 0.6121
vn 0.4436 -0.6597 0.6066
vn 0.7078 0.0303 0.7058
vn 0.4544 -0.8607 0.2296
vn 0.4886 -0.4068 0.7719
vn 0.1968 -0.7412 0.6418
vn 0.5454 0.2636 0.7957
vn 0.5617 0.4959 0.6622
vn 0.3308 0.3889 0.8598
vn 0.3483 -0.4910 0.7985
vn 0.2186 -0.7762 0.5914
vn 0.5364 -0.8122 0.2293
vn 0.0622 -0.9828 0.1741
vn 0.7332 -0.4876 0.4740
vn 0.2428 -0.9474 0.2087
vn 0.3219 -0.8761 0.3589
vn 0.2478 -0.5169 0.8194
vn 0.3162 -0.2125 0.9246
vn 0.0674 -0.6532 0.7542
vn 0.3670 -0.1740 0.9138
vn 0.3332 -0.3948 0.8562
vn 0.4767 -0.2828 0.8324
vn 0.2870 -0.2380 0.9279
vn 0.0494 -0.2960 0.9539
vn 0.1689 -0.5900 0.7896
vn 0.3713 -0.3441 0.8624
vn 0.6779 0.1246 0.7245
vn 0.6444 0.2668 0.7166
vn 0.4468 0.4729 0.7594
vn 0.0419 0.7140 0.6989
vn -0.0320 0.8467 0.5312
vn -0.0608 0.8063 0.5884
vn 0.0593 -0.2171 0.9743
vn 0.2533 -0.3958 0.8827
vn 0.5378 0.0781 0.8394
vn 0.3962 0.5421 0.7411
vn 0.2037 0.2847 0.9367
vn 0.5245 -0.2074 0.8258
vn -0.5612 0.2826 0.7779
vn -0.7084 0.0282 0.7052
vn -0.4801 -0.4154 0.7726
vn -0.3324 0.3828 0.8619
vn -0.3387 -0.4970 0.7989
vn 0.3246 0.3880 0.8626
vn 0.2764 -0.5979 0.7525
vn 0.4003 -0.5504 0.7327
vn -0.0707 -0.8704 0.4873
vn 0.0217 -0.5973 0.8017
vn 0.0014 0.0265 0.9996
vn 0.4754 -0.5897 0.6528
vn 0.8263 -0.1436 0.5446
vn 0.8221 0.1861 0.5381
vn 0.7484 0.2464 0.6158
vn 0.8289 0.1486 0.5394
vn 0.8632 0.2368 0.4459
vn 0.7564 0.0759 0.6497
vn -0.4425 -0.6567 0.6107
vn -0.1728 -0.7471 0.6418
vn -0.4489 -0.8643 0.2269
vn -0.2843 -0.8975 0.3372
vn -0.2274 -0.9507 0.2108
vn -0.7162 -0.5019 0.4849
vn -0.0348 -0.9850 0.1689
vn -0.5184 -0.8245 0.2269
vn -0.4714 -0.5911 0.6546
vn 0.0006 0.1627 0.9867
vn 0.5106 -0.1064 0.8532
vn 0.6809 0.1640 0.7138
vn 0.7575 0.3215 0.5682
vn 0.7264 0.2002 0.6575
vn -0.0004 0.2958 0.9552
vn 0.0013 -0.1129 0.9936
vn -0.0016 0.5496 0.8355
vn -0.0006 0.2995 0.9541
vn -0.5100 -0.1080 0.8534
vn -0.8242 -0.1496 0.5461
vn -0.8234 0.1801 0.5381
vn -0.6436 0.2624 0.7190
vn -0.4987 0.3067 0.8107
vn -0.1519 0.3892 0.9086
vn -0.2432 0.1895 0.9513
vn -0.1013 0.6070 0.7882
vn -0.6797 0.1579 0.7163
vn -0.8288 0.1417 0.5413
vn -0.7493 0.2403 0.6171
vn -0.5787 0.0366 0.8147
vn -0.3134 0.0864 0.9457
vn -0.8643 0.2297 0.4474
vn -0.7557 0.0699 0.6512
vn -0.7592 0.3154 0.5694
vn -0.7269 0.1942 0.6587
vn -0.5388 -0.2102 0.8158
vn -0.6971 -0.1826 0.6933
vn -0.6575 0.0573 0.7512
vn -0.4203 0.0050 0.9074
vn -0.4331 0.2534 0.8650
vn -0.4037 0.0162 0.9147
vn -0.5106 0.0436 0.8587
vn -0.6433 -0.3584 0.6765
vn -0.8950 0.0806 0.4387
vn -0.8690 0.2710 0.4140
vn -0.6427 -0.1866 0.7430
vn 0.1013 -0.9660 0.2378
vn 0.6908 -0.7191 -0.0755
vn 0.0856 -0.9520 -0.2937
vn -0.4308 -0.8882 0.1597
vn -0.8297 -0.2544 0.4968
vn -0.9419 0.2767 0.1907
vn -0.9195 -0.0754 0.3857
vn -0.9242 -0.2350 0.3010
vn -0.2845 -0.0730 0.9559
vn -0.3822 -0.3802 0.8423
vn -0.5817 -0.3062 0.7536
vn -0.8937 -0.1628 0.4181
vn -0.5491 -0.5240 0.6511
vn 0.2636 -0.6656 0.6982
vn 0.2809 -0.9308 0.2339
vn -0.5859 -0.7936 0.1640
vn -0.7958 -0.5368 0.2802
vn -0.5809 -0.2349 0.7794
vn -0.6250 -0.0857 0.7759
vn -0.5522 0.2237 0.8031
vn -0.6132 -0.1923 0.7662
vn 0.0031 -0.5902 0.8073
vn -0.2201 -0.0612 0.9736
vn -0.3768 -0.2024 0.9039
vn -0.4062 -0.1305 0.9044
vn -0.5257 -0.3020 0.7952
vn -0.6203 -0.1430 0.7712
vn -0.6685 -0.0351 0.7429
vn -0.5293 0.1592 0.8333
vn -0.2728 0.3686 0.8886
vn -0.5658 0.1200 0.8158
vn -0.5478 0.3547 0.7577
vn -0.7765 0.1481 0.6125
vn -0.7088 0.1063 0.6974
vn -0.4695 0.1128 0.8757
vn -0.8709 0.1367 0.4721
vn -0.6622 0.2060 0.7204
vn -0.8376 0.0445 0.5445
vn -0.7632 0.1060 0.6374
vn -0.8056 0.1286 0.5783
vn -0.7652 0.2588 0.5895
vn -0.7892 0.1881 0.5846
vn -0.7827 -0.0161 0.6222
vn -0.4421 0.0469 0.8958
vn -0.3575 0.4338 0.8271
vn -0.8647 0.0998 0.4923
vn -0.5718 0.3677 0.7334
vn -0.8042 0.1000 0.5858
vn -0.8272 -0.1084 0.5514
vn -0.5857 0.3871 0.7121
vn -0.7997 0.4485 0.3992
vn -0.7559 0.3450 0.5564
vn -0.7738 0.1520 0.6149
vn -0.7922 0.0382 0.6091
vn -0.8335 -0.0070 0.5525
vn -0.8366 0.3556 0.4167
vn -0.7628 0.4575 0.4569
vn 0.1511 0.9481 -0.2798
vn 0.0887 0.8647 -0.4944
vn -0.6040 0.7860 0.1317
vn 0.2470 0.8891 -0.3853
vn -0.7361 0.3222 0.5952
vn -0.7365 0.2213 0.6392
vn -0.6993 0.1109 0.7062
vn -0.7093 -0.0022 0.7049
vn -0.7686 0.0221 0.6393
vn -0.4685 0.7324 0.4940
vn -0.0042 0.9499 -0.3126
vn 0.7886 0.1946 0.5833
vn 0.7929 0.0447 0.6077
vn 0.7358 0.2274 0.6379
vn 0.7736 0.1584 0.6135
vn 0.8344 -0.0002 0.5511
vn 0.8338 0.3620 0.4168
vn 0.7598 0.4638 0.4556
vn -0.1509 0.9512 -0.2693
vn -0.1133 0.8690 -0.4817
vn 0.4653 0.7395 0.4864
vn -0.0029 0.6631 0.7485
vn -0.4855 0.0635 0.8719
vn -0.4805 -0.1068 0.8705
vn -0.4290 0.1782 0.8856
vn -0.5744 0.2204 0.7883
vn 0.7105 0.0036 0.7037
vn 0.7688 0.0206 0.6391
vn 0.4828 -0.1020 0.8698
vn 0.4292 0.1818 0.8847
vn 0.4853 0.0778 0.8709
vn 0.6995 0.1167 0.7050
vn 0.5739 0.2252 0.7873
vn 0.2193 0.2309 0.9479
vn 0.0003 0.1329 0.9911
vn 0.0015 -0.1569 0.9876
vn -0.0003 0.1375 0.9905
vn -0.6050 -0.6524 0.4564
vn -0.0801 -0.9764 0.2004
vn -0.3836 -0.6305 0.6747
vn -0.1926 -0.5288 0.8266
vn -0.2196 0.2291 0.9483
vn 0.0003 0.1251 0.9921
vn 0.1984 -0.5272 0.8263
vn 0.3899 -0.6274 0.6741
vn 0.6112 -0.6474 0.4553
vn 0.0884 -0.9757 0.2004
vn 0.2043 -0.9606 0.1884
vn 0.0042 -0.9744 0.2247
vn 0.0042 -0.9963 0.0863
vn -0.1961 -0.9622 0.1887
vn -0.3575 -0.9311 0.0721
vn -0.7284 -0.5857 0.3556
vn 0.0042 -0.9798 0.1998
vn 0.0032 -0.6254 0.7803
vn -0.7959 0.1179 0.5939
vn -0.8385 0.0862 0.5381
vn 0.7959 0.1244 0.5925
vn 0.7338 -0.5797 0.3543
vn 0.3653 -0.9281 0.0715
vn 0.0037 -0.7685 0.6399
vn -0.7641 -0.4990 0.4089
vn -0.8199 -0.4954 0.2869
vn -0.9262 -0.2738 0.2592
vn -0.8833 0.0028 0.4689
vn -0.9192 0.0298 0.3927
vn -0.8333 0.1227 0.5391
vn -0.8756 0.1079 0.4709
vn -0.7128 0.0760 0.6972
vn -0.5397 0.0553 0.8400
vn 0.0005 0.0823 0.9966
vn -0.6119 0.4977 0.6147
vn -0.7195 0.3578 0.5952
vn -0.7705 0.5113 0.3807
vn -0.5178 0.3716 0.7706
vn -0.4623 0.1966 0.8647
vn 0.0004 0.1181 0.9930
vn 0.5407 0.0598 0.8391
vn 0.7688 -0.4927 0.4076
vn 0.8245 -0.4886 0.2854
vn 0.8387 0.0931 0.5366
vn 0.7345 0.3282 0.5940
vn 0.7641 0.2651 0.5882
vn 0.7634 0.1122 0.6361
vn -0.3263 0.2412 0.9140
vn -0.0003 0.2757 0.9612
vn 0.9325 -0.0472 0.3581
vn 0.8777 0.0925 0.4703
vn 0.9289 -0.2662 0.2576
vn 0.8840 0.0100 0.4674
vn 0.7914 0.1675 0.5879
vn 0.8055 0.1353 0.5769
vn 0.8381 0.0514 0.5430
vn 0.6567 0.2083 0.7248
vn 0.7636 0.3430 0.5471
vn 0.5808 0.8090 -0.0898
vn -0.2433 0.8890 -0.3880
vn 0.0149 0.9681 -0.2500
vn 0.3603 0.4384 0.8234
vn 0.6936 0.4033 0.5968
vn 0.8706 0.1440 0.4705
vn 0.8332 0.1295 0.5376
vn 0.9196 0.0373 0.3911
vn 0.9380 0.0496 0.3432
vn 0.9563 0.0165 0.2919
vn 0.9553 0.0820 0.2842
vn 0.9734 -0.0385 0.2257
vn 0.9957 0.0212 0.0898
vn 0.9257 -0.3291 0.1866
vn 0.9107 -0.3988 -0.1076
vn 0.9004 -0.4179 0.1213
vn 0.8333 0.1099 0.5417
vn 0.8755 0.1151 0.4693
vn 0.8977 0.0062 0.4407
vn 0.8449 0.1606 0.5103
vn 0.8972 0.0940 0.4315
vn 0.9325 0.0257 0.3603
vn 0.9530 0.0055 0.3029
vn 0.8810 -0.0955 0.4635
vn 0.8476 -0.3335 0.4127
vn 0.9272 -0.2553 0.2740
vn 0.8685 -0.0910 0.4873
vn 0.9547 -0.0236 0.2966
vn 0.8813 0.1136 0.4587
vn 0.9255 0.1806 0.3328
vn 0.9379 0.1182 0.3261
vn 0.8323 -0.0710 0.5498
vn 0.8781 -0.2434 0.4120
vn 0.8706 -0.0715 0.4867
vn 0.8562 0.0567 0.5136
vn 0.9301 0.0418 0.3649
vn 0.9417 0.1048 0.3197
vn 0.9201 0.0341 0.3902
vn 0.9264 0.1623 0.3398
vn 0.9087 -0.0775 0.4102
vn 0.9285 0.1546 0.3377
vn 0.9174 0.1087 0.3829
vn 0.9305 0.1804 0.3187
vn 0.8330 -0.1513 0.5321
vn 0.9250 0.2189 0.3105
vn 0.9355 0.1897 0.2981
vn 0.2795 0.9065 -0.3164
vn 0.6049 0.6153 -0.5055
vn 0.7987 0.6005 0.0386
vn 0.9729 0.2181 0.0772
vn 0.9083 0.1915 0.3720
vn 0.7548 0.5824 0.3018
vn 0.9454 0.2933 0.1421
vn 0.9354 0.2433 0.2567
vn 0.7687 -0.4607 0.4437
vn 0.8824 0.4702 -0.0180
vn 0.7404 0.6594 0.1304
vn 0.8518 0.4031 0.3347
vn 0.3580 0.8982 0.2553
vn 0.8284 0.3821 0.4095
vn 0.8506 0.2146 0.4800
vn 0.9519 0.0209 0.3057
vn 0.8904 -0.1564 -0.4274
vn 0.6280 0.3919 -0.6724
vn 0.6634 0.7264 -0.1796
vn 0.8371 0.5165 -0.1802
vn 0.6479 -0.3493 0.6770
vn 0.2247 -0.2255 0.9480
vn 0.3830 -0.3506 0.8546
vn 0.6138 -0.2937 0.7328
vn 0.9458 -0.3010 -0.1217
vn 0.5677 -0.1917 -0.8006
vn 0.6778 -0.5362 -0.5031
vn 0.4978 -0.4943 -0.7127
vn 0.0643 -0.7839 -0.6175
vn 0.9909 -0.1340 0.0131
vn 0.7845 -0.6087 0.1183
vn 0.0282 -0.9989 -0.0373
vn 0.5834 -0.6850 -0.4364
vn 0.7655 0.4029 0.5017
vn 0.5158 0.0234 0.8564
vn 0.8379 0.2749 0.4716
vn 0.5769 -0.1758 0.7976
vn 0.4103 -0.5692 0.7125
vn 0.9794 0.2018 -0.0109
vn 0.9949 -0.1004 -0.0050
vn 0.4949 -0.8614 0.1143
vn -0.0153 -0.9499 0.3123
vn 0.9115 0.4070 -0.0585
vn 0.7689 0.6200 0.1560
vn 0.8841 0.2524 0.3932
vn 0.9077 0.2105 0.3629
vn 0.9415 0.1156 0.3167
vn 0.8882 0.2478 -0.3868
vn 0.8223 0.5196 -0.2320
vn 0.9125 0.4088 0.0165
vn 0.9211 0.3648 0.1358
vn 0.1420 -0.0983 0.9850
vn 0.3002 -0.3707 0.8789
vn -0.2309 -0.6102 0.7579
vn 0.0278 0.1605 0.9866
vn 0.8698 0.4917 0.0425
vn -0.2155 0.2447 0.9453
vn -0.3408 -0.1916 0.9204
vn 0.6937 0.6939 -0.1931
vn 0.9255 0.3454 0.1552
vn 0.9328 0.3603 -0.0041
vn 0.4831 -0.7251 0.4907
vn 0.4384 -0.5638 0.6999
vn -0.0359 -0.8647 0.5010
vn 0.3903 0.0618 0.9186
vn 0.9937 -0.0025 -0.1118
vn 0.7290 -0.0709 -0.6809
vn 0.6457 0.6032 0.4683
vn 0.4560 0.3046 0.8363
vn 0.5485 -0.0190 0.8359
vn 0.6600 -0.1900 0.7268
vn 0.7200 -0.3598 0.5933
vn 0.9202 0.2387 0.3102
vn 0.5380 0.4267 0.7270
vn 0.8684 0.4400 0.2288
vn 0.8214 -0.5658 -0.0714
vn 0.9573 -0.0726 0.2800
vn 0.9771 -0.0940 0.1907
vn 0.7572 0.5559 0.3430
vn 0.9880 -0.1245 0.0918
vn 0.9958 -0.0911 0.0063
vn 0.9991 -0.0400 0.0168
vn 0.9981 0.0511 -0.0341
vn 0.9860 0.1304 -0.1037
vn 0.9571 0.2770 -0.0845
vn 0.7157 0.1005 -0.6912
vn 0.6536 0.3448 -0.6738
vn 0.4132 0.7572 -0.5059
vn 0.3293 0.9426 -0.0559
vn 0.8130 0.4682 -0.3462
vn 0.8185 0.3623 -0.4458
vn 0.9288 0.3137 0.1972
vn 0.9549 0.2948 0.0354
vn 0.9426 0.1491 0.2987
vn 0.9854 0.0490 -0.1631
vn 0.7442 -0.4863 -0.4579
vn 0.7086 -0.6014 -0.3691
vn 0.6755 -0.4943 -0.5472
vn 0.7726 -0.3618 -0.5218
vn 0.7648 -0.1149 -0.6340
vn 0.8341 0.3611 -0.4169
vn 0.9488 0.2709 -0.1622
vn 0.8919 -0.1427 -0.4290
vn 0.6377 -0.4979 -0.5877
vn 0.5104 -0.3984 -0.7621
vn 0.1774 -0.1516 -0.9724
vn 0.1254 0.0560 -0.9905
vn 0.1056 0.2898 -0.9512
vn 0.7746 -0.0035 -0.6325
vn 0.9591 0.2227 -0.1749
vn 0.9033 0.1833 -0.3879
vn 0.5677 0.2398 -0.7876
vn 0.5039 0.0569 -0.8619
vn 0.6812 0.0860 -0.7270
vn 0.7734 0.3378 -0.5364
vn 0.2352 0.6404 -0.7312
vn -0.0565 0.7523 -0.6564
vn -0.0632 0.9741 -0.2169
vn -0.0673 0.9960 0.0585
vn 0.1135 0.9893 0.0919
vn 0.7793 0.6262 -0.0247
vn 0.9379 0.3451 0.0344
vn 0.8515 0.4870 0.1945
vn 0.0759 0.9716 -0.2241
vn 0.7847 0.5603 -0.2651
vn 0.9302 0.3516 -0.1057
vn 0.8197 0.5693 -0.0634
vn 0.6284 0.7487 0.2111
vn 0.5707 0.8162 -0.0901
vn 0.5279 0.8155 -0.2373
vn 0.8058 0.5677 -0.1683
vn 0.8903 0.3791 -0.2522
vn 0.8241 0.3133 -0.4719
vn 0.6982 0.4965 -0.5158
vn 0.7645 0.2791 -0.5811
vn 0.8393 0.2420 -0.4867
vn 0.2238 0.9329 -0.2822
vn 0.2827 0.9535 -0.1048
vn 0.7920 0.2903 -0.5371
vn 0.3843 0.2596 -0.8860
vn 0.4570 0.2461 -0.8548
vn 0.5498 0.3661 -0.7508
vn 0.6961 0.5324 -0.4816
vn 0.4899 0.6692 -0.5587
vn 0.2037 0.8389 -0.5047
vn -0.0042 0.9521 -0.3057
vn -0.0042 0.9881 -0.1536
vn 0.3262 0.9173 0.2283
vn 0.3441 0.6828 0.6445
vn -0.0038 0.9521 0.3059
vn -0.0024 0.7352 0.6778
vn -0.0026 0.4530 0.8915
vn 0.0025 0.3073 0.9516
vn -0.3769 0.3560 0.8551
vn -0.3248 0.3860 0.8634
vn -0.2319 0.9310 -0.2818
vn -0.2907 0.9511 -0.1043
vn -0.3331 0.9146 0.2291
vn -0.3484 0.6826 0.6424
vn -0.2108 0.5231 0.8258
vn 0.3634 0.3685 0.8557
vn 0.0121 -0.2708 0.9625
vn -0.3850 -0.5212 0.7617
vn -0.2531 -0.5925 0.7648
vn -0.4275 0.5829 0.6910
vn -0.5622 0.4912 0.6653
vn -0.5393 0.5057 0.6734
vn -0.7807 0.3740 0.5006
vn -0.7947 0.4328 0.4256
vn -0.7119 0.4297 0.5556
vn -0.6051 0.5089 0.6123
vn -0.6342 0.7435 0.2122
vn -0.5776 0.8115 -0.0891
vn -0.8553 0.4796 0.1960
vn -0.8245 0.5625 -0.0620
vn -0.9407 0.3374 0.0360
vn -0.9331 0.3443 -0.1040
vn -0.7843 0.6199 -0.0234
vn -0.7898 0.5538 -0.2637
vn -0.0843 0.9709 -0.2240
vn -0.2417 0.6384 -0.7308
vn 0.0494 0.7525 -0.6567
vn 0.0548 0.9746 -0.2170
vn 0.0592 0.9965 0.0584
vn -0.1212 0.9883 0.0921
vn -0.7031 0.4907 -0.5147
vn -0.7770 0.3314 -0.5351
vn -0.9220 0.1914 0.3365
vn -0.9222 0.1676 0.3484
vn -0.9369 0.2356 0.2583
vn -0.9475 0.2855 0.1437
vn -0.7591 0.5761 0.3031
vn -0.3650 0.8952 0.2559
vn -0.3371 0.9398 -0.0553
vn -0.4203 0.7538 -0.5052
vn -0.1096 0.2889 -0.9511
vn -0.7456 0.6533 0.1316
vn -0.5059 0.0528 -0.8610
vn -0.6832 0.0804 -0.7258
vn -0.1778 -0.1531 -0.9721
vn -0.1276 0.0550 -0.9903
vn -0.6576 0.3394 -0.6726
vn -0.8862 0.4630 -0.0165
vn -0.7641 -0.4670 0.4450
vn -0.8545 0.3961 0.3362
vn -0.7793 -0.6151 0.1196
vn -0.9435 -0.3088 -0.1201
vn -0.8308 0.3753 0.4110
vn -0.9897 -0.1421 0.0148
vn -0.8515 0.2076 0.4815
vn -0.9515 0.0131 0.3073
vn -0.5709 0.2351 -0.7866
vn -0.9054 0.1759 -0.3863
vn -0.9612 0.2148 -0.1732
vn -0.9092 0.1841 0.3735
vn -0.9745 0.2101 0.0788
vn -0.8899 -0.1637 -0.4258
vn -0.4950 -0.4983 -0.7118
vn -0.0590 -0.7844 -0.6174
vn -0.0201 -0.9991 -0.0373
vn 0.0238 -0.9497 0.3123
vn 0.0438 -0.8644 0.5009
vn -0.4762 -0.7291 0.4916
vn -0.9281 0.3378 0.1568
vn -0.9358 0.3526 -0.0025
vn -0.4876 -0.8654 0.1152
vn -0.9150 0.3995 -0.0569
vn -0.5785 -0.6899 -0.4351
vn -0.4326 -0.5674 0.7007
vn -0.9238 0.3573 0.1374
vn -0.6997 0.6882 -0.1918
vn -0.7738 0.6136 0.1573
vn -0.7680 0.3965 0.5030
vn -0.6742 -0.5418 -0.5019
vn -0.5675 -0.1963 -0.7996
vn -0.1395 -0.0994 0.9852
vn -0.9158 0.4013 0.0180
vn -0.8270 0.5128 -0.2306
vn -0.8855 0.2452 0.3947
vn -0.8393 0.2680 0.4731
vn -0.5145 0.0192 0.8573
vn -0.9941 -0.1086 -0.0033
vn -0.6323 0.3867 -0.6713
vn -0.6108 0.6103 -0.5045
vn -0.8035 0.5939 0.0400
vn -0.9264 0.1730 0.3344
vn -0.9786 0.1514 0.1393
vn -0.2874 0.9042 -0.3159
vn -0.7759 0.5162 -0.3626
vn -0.8419 0.5089 -0.1792
vn -0.6697 0.7208 -0.1785
vn -0.6438 -0.3546 0.6781
vn -0.9810 0.1937 -0.0092
vn -0.4044 -0.5725 0.7132
vn -0.5741 -0.1805 0.7986
vn -0.6101 -0.2987 0.7339
vn -0.9088 0.2030 0.3645
vn -0.8909 0.2405 -0.3853
vn -0.8737 0.4845 0.0440
vn -0.0274 0.1603 0.9867
vn 0.2151 0.2465 0.9450
vn -0.6498 0.5978 0.4694
vn -0.4570 0.3008 0.8370
vn -0.3787 -0.3538 0.8553
vn -0.9418 0.1079 0.3183
vn -0.2212 -0.2274 0.9483
vn -0.3892 0.0586 0.9193
vn -0.9939 -0.0106 -0.1101
vn -0.7295 -0.0769 -0.6796
vn -0.8532 -0.0683 -0.5172
vn -0.8715 0.4329 0.2303
vn -0.9858 -0.0346 -0.1646
vn -0.9216 0.2311 0.3118
vn -0.9804 0.0275 0.1952
vn -0.9644 0.0800 0.2522
vn -0.4939 0.4805 0.7247
vn -0.5402 0.4223 0.7279
vn -0.9950 -0.0993 0.0081
vn -0.7611 0.5497 0.3443
vn -0.9867 -0.1326 0.0935
vn -0.7042 -0.6072 -0.3679
vn -0.9987 -0.0482 0.0186
vn -0.6723 -0.4998 -0.5460
vn -0.7410 -0.4924 -0.4566
vn -0.8169 -0.5725 -0.0700
vn -0.9760 -0.1020 0.1924
vn -0.9561 -0.0805 0.2816
vn -0.9447 0.3258 0.0369
vn -0.9572 0.2869 0.0371
vn -0.8223 0.3555 -0.4444
vn -0.9311 0.3060 0.1988
vn -0.8378 0.3543 -0.4155
vn -0.9513 0.2631 -0.1606
vn -0.9860 0.0409 -0.1614
vn -0.8914 -0.1501 -0.4277
vn -0.6346 -0.5032 -0.5866
vn -0.7705 -0.3681 -0.5205
vn -0.9985 0.0427 -0.0334
vn -0.5469 -0.0235 0.8368
vn 0.3439 -0.1888 0.9198
vn -0.2957 -0.3731 0.8794
vn 0.2372 -0.6082 0.7575
vn -0.6572 -0.1954 0.7280
vn -0.9872 0.1223 -0.1020
vn -0.7649 -0.1212 -0.6327
vn -0.5084 -0.4026 -0.7612
vn -0.7756 -0.0099 -0.6311
vn -0.7161 -0.3657 0.5945
vn -0.9595 0.2691 -0.0828
vn -0.7177 0.0946 -0.6899
vn -0.8421 0.2351 -0.4853
vn -0.7953 0.2838 -0.5357
vn -0.7201 0.3324 -0.6091
vn -0.3851 0.3155 -0.8672
vn -0.3945 0.4342 -0.8098
vn -0.8081 0.4733 -0.3506
vn -0.3740 0.5406 -0.7535
vn -0.7993 0.5977 0.0625
vn -0.1202 0.4399 -0.8900
vn -0.0030 0.5449 -0.8385
vn -0.3181 0.2882 -0.9032
vn -0.3748 0.2941 -0.8792
vn -0.3878 0.2566 -0.8853
vn -0.7678 0.2728 -0.5797
vn -0.8275 0.3065 -0.4705
vn -0.8939 0.3718 -0.2506
vn -0.8108 0.5611 -0.1668
vn -0.5350 0.8111 -0.2364
vn -0.1522 0.2597 -0.9536
vn -0.1655 0.2246 -0.9603
vn -0.1865 0.3760 -0.9077
vn -0.0035 0.6936 -0.7204
vn -0.0021 0.3121 -0.9500
vn -0.2347 0.2189 -0.9471
vn -0.4604 0.2423 -0.8540
vn -0.5541 0.3616 -0.7499
vn -0.7013 0.5267 -0.4804
vn -0.4963 0.6652 -0.5579
vn -0.2115 0.8372 -0.5044
vn -0.3225 0.3983 -0.8587
vn 0.3258 0.2438 0.9134
vn -0.0010 0.4383 0.8988
vn 0.4096 0.2744 0.8700
vn 0.4622 0.2004 0.8638
vn 0.5659 0.3405 0.7509
vn 0.7134 0.0819 0.6960
vn 0.5211 0.3832 0.7626
vn 0.7166 0.4141 0.5613
vn 0.7551 0.3189 0.5729
vn -0.4009 0.2791 0.8726
vn -0.4297 0.4384 0.7894
vn 0.8560 0.5165 -0.0221
vn 0.8175 0.4562 0.3516
vn 0.8935 0.2539 0.3703
vn 0.3716 0.5419 -0.7538
vn 0.3895 0.4374 -0.8105
vn 0.3810 0.3187 -0.8679
vn 0.7163 0.3382 -0.6104
vn 0.1819 0.3775 -0.9080
vn 0.1623 0.2262 -0.9605
vn -0.0018 0.2251 -0.9743
vn -0.0019 0.2511 -0.9680
vn 0.1484 0.2610 -0.9539
vn 0.3709 0.2972 -0.8798
vn 0.3141 0.2907 -0.9038
vn -0.0019 0.2504 -0.9681
vn 0.2312 0.2208 -0.9475
vn 0.3177 0.4010 -0.8592
vn -0.8824 0.0650 0.4659
vn -0.9469 0.2086 -0.2445
vn -0.9466 -0.3055 -0.1034
vn -0.7371 0.4356 0.5166
vn -0.6769 0.6782 -0.2861
vn -0.4581 -0.5298 0.7138
vn -0.7918 -0.5998 -0.1151
vn -0.6143 -0.7379 -0.2795
vn -0.6387 -0.3667 0.6764
vn -0.8374 -0.3995 0.3731
vn -0.3194 0.6572 0.6827
vn -0.5705 0.7834 -0.2465
vn -0.1570 0.6980 0.6986
vn -0.4149 0.8266 -0.3803
vn -0.0027 0.7053 0.7089
vn -0.0227 0.7066 -0.7072
vn 0.4016 0.8255 -0.3967
vn 0.3831 0.6231 0.6819
vn 0.5787 0.7777 -0.2456
vn 0.2728 0.8037 0.5287
vn 0.5829 -0.5388 0.6082
vn 0.4774 -0.3456 0.8079
vn 0.4301 -0.5432 0.7211
vn 0.0033 -0.8546 0.5192
vn -0.2887 -0.6025 0.7441
vn 0.6935 0.6907 -0.2050
vn 0.5755 0.4616 0.6751
vn 0.8538 -0.0783 0.5146
vn 0.8188 -0.4700 0.3295
vn 0.9531 -0.2857 -0.0995
vn 0.7902 -0.6034 -0.1071
vn 0.6209 -0.7338 -0.2757
vn 0.3893 -0.8458 -0.3649
vn 0.0029 -0.8172 -0.5763
vn -0.3830 -0.8489 -0.3642
vn 0.8313 0.5265 0.1779
vn -0.3367 -0.8692 0.3622
vn -0.3285 -0.3979 0.8566
vn -0.7583 -0.0034 0.6519
vn -0.2638 0.7749 0.5744
vn -0.2821 0.9317 0.2288
vn -0.0038 0.9744 0.2247
vn -0.0012 0.4787 0.8780
vn 0.0035 -0.6817 0.7316
vn 0.0042 -0.9843 0.1766
vn -0.3066 -0.9082 0.2849
vn -0.8711 0.1640 0.4629
vn -0.2236 0.9720 0.0721
vn 0.0041 -0.8753 0.4836
vn 0.0003 0.1404 0.9901
vn -0.7435 -0.1263 0.6567
vn -0.2533 0.8524 0.4574
vn -0.0034 0.9140 0.4056
vn -0.5047 0.7464 0.4337
vn -0.7753 0.5221 0.3554
vn -0.5415 0.8349 0.0986
vn -0.4720 0.8735 0.1190
vn -0.2401 0.9670 0.0856
vn -0.3853 0.8754 0.2919
vn -0.1463 0.9784 0.1463
vn -0.0041 0.9999 -0.0109
vn -0.0041 0.9999 0.0149
vn -0.0041 0.9979 0.0654
vn -0.7841 -0.5330 0.3178
vn 0.0030 -0.5579 0.8299
vn 0.0011 -0.0471 0.9989
vn 0.0041 -1.0000 -0.0054
vn 0.0004 -0.3052 -0.9523
vn -0.9705 0.0199 -0.2402
vn -0.0005 -0.0844 -0.9964
vn 0.0023 -0.7036 -0.7106
vn -0.6704 -0.6787 0.2999
vn 0.0042 -0.9894 0.1451
vn 0.3073 -0.9242 0.2266
vn 0.0042 -0.9459 0.3245
vn 0.4866 -0.8666 -0.1104
vn 0.0041 -0.9988 0.0479
vn 0.0030 -0.8424 -0.5389
vn 0.6438 -0.5974 -0.4781
vn 0.0035 -0.7047 0.7094
vn 0.0038 -0.7819 0.6234
vn 0.8184 -0.4098 0.4029
vn 0.0012 -0.0919 0.9958
vn 0.9059 -0.1104 0.4089
vn 0.9882 -0.0761 0.1327
vn 0.7716 0.5285 0.3540
vn 0.4651 0.8774 0.1182
vn 0.5348 0.8393 0.0977
vn 0.3786 0.8785 0.2912
vn 0.2471 0.8545 0.4569
vn 0.7457 -0.1202 0.6554
vn 0.4993 0.7505 0.4328
vn 0.8705 0.1711 0.4614
vn 0.2157 0.9738 0.0717
vn 0.2323 0.9689 0.0852
vn 0.1386 0.9795 0.1461
vn 0.2748 0.9340 0.2283
vn 0.2585 0.7771 0.5739
vn 0.3146 -0.9056 0.2843
vn 0.3333 -0.3951 0.8560
vn 0.3444 -0.8664 0.3616
vn 0.7595 0.0029 0.6505
vn -0.9957 0.0130 0.0916
vn -0.9433 0.1414 0.3003
vn -0.9554 0.0742 0.2858
vn -0.9435 0.2048 0.2606
vn -0.9540 -0.0314 0.2983
vn -0.8967 -0.4253 0.1229
vn -0.9076 -0.4063 -0.1060
vn -0.8949 0.2466 0.3719
vn -0.8776 0.0853 0.4718
vn -0.9314 -0.0549 0.3597
vn -0.9559 0.0086 0.2936
vn -0.9727 -0.0465 0.2273
vn -0.9226 -0.3367 0.1882
vn -0.9246 -0.2630 0.2756
vn -0.9073 -0.0849 0.4118
vn -0.8309 -0.1581 0.5336
vn -0.8692 -0.0786 0.4883
vn -0.8557 0.0496 0.5151
vn -0.8453 0.1536 0.5118
vn -0.8972 0.0867 0.4331
vn -0.9378 0.0420 0.3447
vn -0.9270 0.1556 0.3414
vn -0.9291 0.1470 0.3393
vn -0.9365 0.1820 0.2997
vn -0.9197 0.0265 0.3918
vn -0.9320 0.0181 0.3620
vn -0.9298 0.0341 0.3665
vn -0.9420 0.0971 0.3213
vn -0.9263 0.2113 0.3121
vn -0.9383 0.1105 0.3277
vn -0.9525 -0.0023 0.3047
vn -0.8793 -0.1027 0.4650
vn -0.8814 0.1063 0.4602
vn -0.8669 -0.0981 0.4888
vn -0.8441 -0.3405 0.4142
vn -0.6134 -0.0538 0.7879
vn -0.7701 -0.1383 0.6227
vn -0.4561 -0.1864 0.8702
vn -0.6790 0.0571 0.7319
vn 0.2813 0.3700 0.8854
vn -0.6045 0.7892 0.1085
vn -0.5495 0.3720 0.7481
vn -0.1547 0.9454 0.2869
vn -0.7149 0.6974 0.0505
vn 0.1154 0.8359 -0.5367
vn -0.1886 0.7013 -0.6874
vn 0.2816 0.9315 0.2303
vn -0.8596 0.2987 0.4146
vn -0.3921 -0.0116 0.9199
vn -0.1781 -0.0407 0.9832
vn 0.3591 0.7635 0.5367
vn 0.7207 0.6889 -0.0776
vn 0.4255 0.5078 -0.7491
vn 0.5519 0.6305 -0.5458
vn 0.8321 0.5484 -0.0835
vn 0.7662 0.6283 0.1348
vn 0.0941 0.8683 -0.4870
vn -0.2167 0.9751 0.0477
vn -0.3078 0.2769 0.9103
vn -0.6554 0.6113 0.4436
vn -0.8935 -0.0933 0.4392
vn -0.6004 0.6778 0.4244
vn -0.9409 0.1081 0.3209
vn 0.0550 0.9515 0.3026
vn -0.2377 0.8263 -0.5107
vn 0.4335 0.3574 -0.8273
vn 0.5939 0.7569 -0.2729
vn 0.3335 0.5582 -0.7597
vn 0.3252 0.7065 -0.6286
vn 0.6346 0.5790 -0.5119
vn 0.7519 0.4031 -0.5216
vn 0.6740 0.4533 -0.5833
vn 0.2555 0.6531 -0.7129
vn -0.3776 0.8820 0.2820
vn 0.4486 0.6465 -0.6171
vn 0.7536 0.4833 -0.4455
vn -0.0034 0.6792 -0.7339
vn -0.0034 0.7063 -0.7079
vn -0.0075 0.4514 -0.8923
vn 0.0122 0.9047 0.4259
vn -0.4652 0.8190 0.3357
vn -0.3651 0.6882 -0.6269
vn 0.5225 0.8141 -0.2536
vn 0.3691 0.7224 0.5847
vn -0.1292 0.9896 0.0638
vn 0.3310 0.7366 0.5898
vn -0.5346 0.4282 0.7286
vn 0.3787 0.4948 0.7821
vn -0.4625 0.2796 0.8414
vn 0.2139 0.2574 0.9423
vn -0.5460 -0.1538 0.8236
vn -0.7975 -0.1197 0.5914
vn 0.0011 -0.0657 0.9978
vn -0.0015 -0.0736 0.9973
vn 0.5464 0.2739 0.7915
vn 0.0001 0.1808 0.9835
vn 0.5486 -0.1493 0.8226
vn 0.7994 -0.1131 0.5900
vn 0.7723 -0.1320 0.6214
vn 0.4591 -0.1826 0.8694
vn 0.1801 -0.0392 0.9829
vn 0.4616 0.2834 0.8406
vn -0.5836 0.2683 0.7665
vn -0.4351 0.6997 0.5667
vn 0.4591 0.8228 0.3350
vn -0.0189 0.9046 0.4259
vn -0.9102 0.2972 -0.2884
vn -0.8103 0.5749 -0.1132
vn -0.8075 0.5059 -0.3032
vn -0.8261 0.3876 -0.4092
vn -0.5583 0.8072 -0.1918
vn -0.9205 0.3290 -0.2107
vn -0.2844 0.8541 0.4355
vn 0.2087 0.9768 0.0473
vn 0.3071 0.2794 0.9097
vn 0.6798 0.0627 0.7307
vn 0.6152 -0.0488 0.7869
vn 0.3938 -0.0084 0.9192
vn -0.2144 0.2556 0.9427
vn -0.3360 0.7338 0.5905
vn -0.6005 0.7520 -0.2718
vn 0.3709 0.8850 0.2814
vn 0.6511 0.6167 0.4425
vn 0.5982 0.7941 0.1074
vn -0.2829 0.3677 0.8859
vn 0.2301 0.8282 -0.5111
vn -0.0623 0.9510 0.3027
vn 0.5323 0.4326 0.7277
vn 0.8578 0.3057 0.4131
vn 0.5477 0.3766 0.7471
vn -0.3815 0.4916 0.7828
vn -0.3644 0.7606 0.5373
vn -0.7561 0.3969 -0.5204
vn -0.2621 0.6510 -0.7124
vn -0.6786 0.4478 -0.5822
vn -0.1021 0.8675 -0.4869
vn -0.7711 0.6220 0.1361
vn -0.2888 0.9292 0.2307
vn 0.7093 0.7032 0.0493
vn 0.1473 0.9467 0.2866
vn -0.7264 0.6830 -0.0764
vn -0.4309 0.5042 -0.7484
vn -0.4378 0.3538 -0.8265
vn -0.6402 0.5738 -0.5108
vn -0.1233 0.8348 -0.5365
vn 0.1819 0.7028 -0.6878
vn -0.5580 0.6259 -0.5448
vn -0.8367 0.5415 -0.0820
vn -0.3319 0.7038 -0.6282
vn -0.3412 0.5555 -0.7583
vn 0.3573 0.6907 -0.6287
vn -0.5578 0.7923 -0.2472
vn -0.4549 0.6428 -0.6163
vn -0.7584 0.4771 -0.4442
vn -0.9258 0.3122 -0.2131
vn -0.9151 0.3694 0.1614
vn -0.7002 0.6685 0.2506
vn -0.8467 0.4922 0.2022
vn -0.6857 0.7215 0.0963
vn -0.2199 0.9579 0.1846
vn 0.0139 0.9172 0.3983
vn 0.7344 0.6595 0.1603
vn 0.7894 0.4742 0.3900
vn 0.9946 -0.0112 0.1035
vn 0.9748 -0.0841 0.2066
vn 0.9863 0.0349 0.1615
vn 0.9429 0.1237 0.3094
vn 0.9014 -0.0462 0.4306
vn 0.8423 0.2008 0.5002
vn 0.9406 0.1158 0.3193
vn 0.0614 0.9587 -0.2779
vn -0.7432 0.2548 -0.6187
vn -0.7155 0.6843 -0.1409
vn 0.5956 0.6827 0.4234
vn 0.8950 -0.0861 0.4377
vn 0.4756 0.8793 -0.0261
vn -0.3818 0.7447 -0.5474
vn 0.3518 0.7702 -0.5319
vn -0.5330 -0.8401 -0.1007
vn 0.1621 -0.9810 0.1063
vn -0.1268 -0.9246 -0.3592
vn 0.0023 -0.5752 0.8180
vn 0.1337 -0.9235 -0.3595
vn -0.1538 -0.9823 0.1066
vn 0.5318 -0.8389 -0.1154
vn 0.8028 0.5125 -0.3046
vn 0.9072 0.3047 -0.2900
vn 0.8222 0.3943 -0.4106
vn 0.8054 0.5816 -0.1146
vn -0.9002 -0.0536 0.4322
vn -0.9737 -0.0921 0.2083
vn -0.7925 0.4677 0.3913
vn -0.0698 0.9581 -0.2777
vn -0.0208 0.9170 0.3983
vn 0.6952 0.6742 0.2494
vn 0.7400 0.2609 -0.6200
vn 0.7096 0.6901 -0.1421
vn 0.5513 0.8117 -0.1928
vn 0.9175 0.3364 -0.2122
vn 0.2781 0.8564 0.4350
vn 0.3747 0.7479 -0.5480
vn 0.9228 0.3198 -0.2147
vn 0.9124 0.3769 0.1598
vn 0.8430 0.4991 0.2007
vn 0.6800 0.7271 0.0951
vn 0.2123 0.9597 0.1843
vn -0.7395 0.6534 0.1615
vn -0.9943 -0.0193 0.1052
vn -0.9862 0.0268 0.1633
vn -0.9433 0.1160 0.3110
vn -0.8431 0.1939 0.5017
vn -0.4828 0.8754 -0.0252
vn -0.3590 0.7673 -0.5313
vn -0.2993 -0.9267 0.2272
vn 0.7890 -0.5266 0.3164
vn 0.9699 0.0278 -0.2419
vn 0.6765 -0.6732 0.2987
vn -0.4796 -0.8706 -0.1096
vn -0.6397 -0.6026 -0.4770
vn -0.8143 -0.4165 0.4043
vn -0.9042 -0.1179 0.4104
vn -0.9873 -0.0842 0.1344
vn -0.7836 -0.0819 0.6159
vn -0.5565 0.0432 0.8297
vn -0.4588 0.5422 0.7039
vn -0.5887 0.2495 0.7689
vn -0.0009 0.4106 0.9118
vn 0.0015 -0.1605 0.9870
vn 0.5576 0.0478 0.8288
vn 0.7853 -0.0755 0.6145
vn 0.8296 -0.0996 0.5494
vn 0.4640 0.0497 0.8844
vn 0.4711 0.1178 0.8742
vn -0.0017 0.5881 0.8088
vn 0.7839 -0.0097 0.6208
vn 0.8044 0.1066 0.5844
vn 0.5700 0.3724 0.7324
vn 0.4555 0.5460 0.7031
vn -0.0004 0.3089 0.9511
vn 0.7091 0.1121 0.6961
vn 0.7763 0.1544 0.6111
vn 0.5421 0.3827 0.7481
vn 0.5613 0.2333 0.7940
vn 0.5879 0.2544 0.7679
vn 0.6160 -0.1873 0.7652
vn 0.6271 -0.0806 0.7748
vn 0.5545 -0.5195 0.6501
vn -0.2570 -0.6677 0.6987
vn -0.0929 -0.9668 0.2380
vn -0.6850 -0.7247 -0.0743
vn 0.8675 0.2781 0.4125
vn 0.6455 -0.1814 0.7419
vn 0.8321 -0.2485 0.4958
vn 0.4383 -0.8847 0.1589
vn -0.0783 -0.9527 -0.2936
vn -0.2728 -0.9331 0.2343
vn 0.5842 -0.2301 0.7784
vn 0.8007 -0.5303 0.2788
vn 0.5926 -0.7888 0.1629
vn 0.9399 0.2844 0.1890
vn 0.9266 -0.2274 0.2994
vn 0.0039 -0.8456 0.5338
vn -0.4878 -0.7792 0.3934
vn -0.3849 -0.9174 -0.1007
vn 0.0041 -0.9991 0.0419
vn 0.3923 -0.9142 -0.1014
vn 0.4949 -0.7752 0.3926
vn 0.0042 -0.9970 0.0767
vn 0.9421 0.3335 0.0353
vn 0.9776 0.1594 0.1376
vn 0.9422 0.2125 0.2590
vn 0.8059 0.1144 -0.5809
vn 0.7711 0.5225 -0.3639
vn 0.6162 0.7194 -0.3205
vn 0.9528 0.3022 0.0300
vn 0.1963 0.8563 0.4777
vn 0.4912 0.4845 0.7239
vn 0.9641 0.0880 0.2505
vn 0.9804 0.0356 0.1935
vn 0.9857 -0.0265 -0.1663
vn 0.8528 -0.0613 -0.5186
vn 0.0923 0.5359 0.8392
vn 0.5664 0.0748 0.8208
vn -0.0478 0.7132 0.6993
vn -0.4514 0.4708 0.7580
vn -0.4201 0.5423 0.7276
vn -0.6762 0.1155 0.7276
vn -0.5432 0.0702 0.8366
vn -0.3798 -0.3570 0.8534
vn -0.0526 0.4333 0.8997
vn 0.0176 0.8445 0.5353
vn -0.4591 -0.1704 0.8719
vn -0.1803 -0.2720 0.9453
vn 0.1361 -0.3111 0.9406
vn -0.1751 -0.6232 0.7623
vn -0.1041 -0.3081 0.9456
vn -0.1986 0.6060 0.7703
vn -0.1747 0.7354 0.6548
vn -0.1731 -0.6115 0.7721
vn -0.3288 -0.2189 0.9187
vn -0.1641 -0.2433 0.9560
vn -0.3950 -0.2922 0.8710
vn -0.3725 -0.1612 0.9139
vn -0.4148 -0.4971 0.7621
vn -0.0640 -0.6756 0.7345
vn -0.2965 0.4069 0.8640
vn -0.2301 0.7762 0.5870
vn -0.4930 0.4663 0.7345
vn -0.4973 -0.0505 0.8661
vn -0.2279 -0.2961 0.9276
vn -0.2859 -0.1465 0.9470
vn -0.3366 0.0924 0.9371
vn -0.3827 0.1033 0.9181
vn -0.5641 0.1347 0.8146
vn -0.6509 -0.0730 0.7556
vn -0.3172 -0.5168 0.7952
vn -0.2885 -0.6632 0.6906
vn -0.7298 -0.0120 0.6836
vn -0.6772 -0.4127 0.6091
vn -0.8307 -0.0778 0.5512
vn -0.8753 -0.2506 0.4135
vn -0.7421 -0.3217 0.5880
vn -0.9176 0.1012 0.3845
vn -0.7286 0.1944 0.6568
vn -0.9066 0.1074 0.4082
vn -0.7699 -0.2025 0.6051
vn -0.9129 -0.0897 0.3982
vn -0.7930 -0.3868 0.4706
vn -0.8259 0.1226 0.5503
vn -0.7129 -0.3398 0.6134
vn -0.5285 0.1942 0.8264
vn -0.4631 -0.2736 0.8430
vn -0.8969 -0.0012 0.4422
vn -0.1970 -0.1397 0.9704
vn -0.9368 0.2291 0.2643
vn -0.9349 0.1494 0.3220
vn -0.9314 0.1728 0.3203
vn -0.1409 -0.3632 0.9210
vn -0.3037 -0.4967 0.8131
vn -0.6029 -0.2631 0.7532
vn -0.7613 -0.0650 0.6452
vn -0.8333 0.1030 0.5432
vn -0.7917 0.1610 0.5893
vn -0.8280 0.0848 0.5542
vn -0.6595 -0.0966 0.7455
vn -0.8078 0.1078 -0.5795
vn -0.6226 0.7144 -0.3195
vn -0.2024 0.8547 0.4781
vn -0.0953 0.5351 0.8394
vn -0.5655 0.0702 0.8217
vn -0.9552 0.2943 0.0316
vn 0.2223 -0.0592 0.9732
vn 0.3866 -0.3772 0.8416
vn 0.5856 -0.3013 0.7525
vn 0.2867 -0.0707 0.9554
vn 0.3799 -0.1995 0.9033
vn 0.4088 -0.1272 0.9037
vn 0.9207 -0.0679 0.3842
vn 0.6474 -0.3531 0.6754
vn 0.8951 0.0879 0.4372
vn 0.8957 -0.1555 0.4166
vn 0.5650 0.1226 0.8159
vn 0.2715 0.3709 0.8881
vn 0.5294 0.1636 0.8324
vn 0.6228 -0.1379 0.7701
vn 0.5296 -0.2977 0.7943
vn 0.6583 0.0626 0.7501
vn 0.4324 0.2570 0.8643
vn 0.5118 0.0478 0.8577
vn -0.1249 0.2984 -0.9462
vn -0.1382 0.2573 -0.9564
vn -0.0020 0.2767 -0.9609
vn -0.0025 0.4073 -0.9133
vn 0.1208 0.2995 -0.9464
vn 0.1344 0.2584 -0.9566
vn 0.1150 0.4408 -0.8902
vn 0.3385 -0.4279 0.8380
vn 0.3329 -0.8010 0.4976
vn 0.5304 -0.6150 0.5834
vn 0.5329 -0.1259 0.8368
vn 0.5623 -0.2776 0.7790
vn 0.2478 0.3145 0.9164
vn 0.0627 0.0751 0.9952
vn -0.0618 0.4029 0.9131
vn -0.3729 0.4119 0.8315
vn -0.3846 0.0763 0.9199
vn -0.6553 0.2546 0.7112
vn -0.7291 0.0272 0.6838
vn -0.7669 0.2008 0.6095
vn -0.7438 -0.0291 0.6678
vn -0.6144 -0.2801 0.7376
vn -0.2548 -0.3328 0.9079
vn 0.3107 0.0637 0.9484
vn -0.5776 -0.5559 0.5977
vn -0.4714 -0.6710 0.5723
vn -0.3280 -0.4408 0.8355
vn -0.5324 -0.1494 0.8332
vn -0.5623 -0.1806 0.8070
vn -0.4350 0.1991 0.8781
vn -0.0581 0.0559 0.9967
vn 0.1193 0.3610 0.9249
vn 0.2692 0.3919 0.8797
vn 0.3845 0.0518 0.9217
vn 0.6124 0.2441 0.7519
vn 0.7330 0.0268 0.6797
vn 0.8587 0.1148 0.4995
vn 0.7415 -0.0247 0.6705
vn 0.6181 -0.2826 0.7336
vn 0.2564 -0.3419 0.9041
vn -0.1065 -0.0108 0.9943
vt 0.304741 0.951436
vt 0.325713 0.948328
vt 0.326796 0.950854
vt 0.304740 0.949223
vt 0.351431 0.951498
vt 0.375055 0.947373
vt 0.376037 0.950630
vt 0.351426 0.948328
vt 0.327788 0.947460
vt 0.398472 0.950998
vt 0.377122 0.947916
vt 0.399392 0.948926
vt 0.398290 0.969785
vt 0.421176 0.969167
vt 0.416928 0.915255
vt 0.399215 0.920443
vt 0.444141 0.965710
vt 0.438729 0.945959
vt 0.440929 0.947355
vt 0.434594 0.917703
vt 0.387228 0.908425
vt 0.389355 0.900846
vt 0.395068 0.907634
vt 0.397897 0.891448
vt 0.405807 0.900842
vt 0.434526 0.859991
vt 0.443109 0.870183
vt 0.445285 0.859652
vt 0.600069 0.663848
vt 0.604984 0.675931
vt 0.600069 0.674789
vt 0.607189 0.664684
vt 0.600069 0.622821
vt 0.608065 0.622850
vt 0.600069 0.681476
vt 0.595153 0.675931
vt 0.592948 0.664684
vt 0.592072 0.622850
vt 0.536098 0.663848
vt 0.541013 0.675931
vt 0.536098 0.674789
vt 0.543218 0.664684
vt 0.536098 0.622821
vt 0.544094 0.622850
vt 0.536098 0.681476
vt 0.531182 0.675931
vt 0.528977 0.664684
vt 0.528101 0.622850
vt 0.552091 0.663848
vt 0.557006 0.675931
vt 0.552091 0.674789
vt 0.559211 0.664684
vt 0.552091 0.622821
vt 0.560087 0.622850
vt 0.552091 0.681476
vt 0.547175 0.675931
vt 0.544970 0.664684
vt 0.519181 0.695354
vt 0.507087 0.700265
vt 0.508230 0.695354
vt 0.518344 0.702467
vt 0.560249 0.695354
vt 0.560219 0.703342
vt 0.501536 0.695354
vt 0.507087 0.690443
vt 0.518344 0.688240
vt 0.560219 0.687365
vt 0.485760 0.692276
vt 0.487004 0.705260
vt 0.482622 0.702758
vt 0.492341 0.695115
vt 0.497526 0.652969
vt 0.505179 0.655286
vt 0.480704 0.709165
vt 0.477585 0.702445
vt 0.478698 0.691039
vt 0.489856 0.650708
vt 0.699588 0.662498
vt 0.707643 0.672763
vt 0.702603 0.673016
vt 0.706664 0.661344
vt 0.688286 0.623056
vt 0.695982 0.620885
vt 0.704444 0.679445
vt 0.698191 0.675466
vt 0.692973 0.665260
vt 0.680606 0.625282
vt 0.656769 0.745111
vt 0.652604 0.757472
vt 0.649624 0.753403
vt 0.661620 0.750386
vt 0.683563 0.714019
vt 0.689603 0.719253
vt 0.645257 0.758470
vt 0.645153 0.751064
vt 0.650827 0.741104
vt 0.677483 0.708829
vt 0.649845 0.694706
vt 0.637751 0.699617
vt 0.638894 0.694706
vt 0.649008 0.701820
vt 0.690912 0.694706
vt 0.690883 0.702695
vt 0.632200 0.694706
vt 0.637751 0.689795
vt 0.649008 0.687593
vt 0.690883 0.686718
vt 0.584392 0.709108
vt 0.572297 0.714019
vt 0.573440 0.709108
vt 0.583555 0.716222
vt 0.625459 0.709108
vt 0.625430 0.717097
vt 0.566746 0.709108
vt 0.572297 0.704198
vt 0.583555 0.701995
vt 0.625430 0.701120
vt 0.584392 0.693131
vt 0.572297 0.698042
vt 0.573440 0.693131
vt 0.583555 0.700245
vt 0.625459 0.693131
vt 0.566746 0.693131
vt 0.572297 0.688220
vt 0.583555 0.686018
vt 0.625430 0.685143
vt 0.518344 0.704217
vt 0.560249 0.711331
vt 0.519181 0.711331
vt 0.507087 0.706420
vt 0.508230 0.711331
vt 0.501536 0.711331
vt 0.507087 0.716242
vt 0.518344 0.718444
vt 0.560219 0.719320
vt 0.681151 0.822883
vt 0.682346 0.822466
vt 0.683072 0.823959
vt 0.681668 0.824009
vt 0.681700 0.826361
vt 0.680786 0.826173
vt 0.680286 0.826066
vt 0.680491 0.831653
vt 0.676780 0.829442
vt 0.676228 0.828951
vt 0.676077 0.828836
vt 0.670151 0.831056
vt 0.670069 0.830139
vt 0.675471 0.828433
vt 0.678676 0.826007
vt 0.680575 0.824165
vt 0.680262 0.823189
vt 0.679346 0.822692
vt 0.679730 0.822158
vt 0.668464 0.824816
vt 0.680142 0.821303
vt 0.667030 0.824086
vt 0.661618 0.828172
vt 0.659116 0.828116
vt 0.660433 0.829440
vt 0.658180 0.829307
vt 0.669112 0.830340
vt 0.677338 0.824496
vt 0.678475 0.825028
vt 0.667704 0.830390
vt 0.667830 0.831622
vt 0.666192 0.831852
vt 0.665396 0.830303
vt 0.663322 0.831926
vt 0.664641 0.830004
vt 0.661973 0.831469
vt 0.660924 0.830735
vt 0.660369 0.830886
vt 0.660868 0.829759
vt 0.660071 0.829874
vt 0.661254 0.829340
vt 0.662094 0.828311
vt 0.668790 0.825168
vt 0.670293 0.825869
vt 0.661586 0.831611
vt 0.664780 0.829407
vt 0.665134 0.828947
vt 0.665339 0.828770
vt 0.666268 0.828207
vt 0.667559 0.831863
vt 0.667865 0.832415
vt 0.666185 0.832647
vt 0.665823 0.832098
vt 0.663002 0.832206
vt 0.661087 0.832229
vt 0.659495 0.831558
vt 0.658492 0.830488
vt 0.663175 0.832724
vt 0.657599 0.832861
vt 0.660610 0.833951
vt 0.662999 0.834457
vt 0.665390 0.834738
vt 0.670118 0.834728
vt 0.670425 0.831816
vt 0.670064 0.831250
vt 0.668958 0.841486
vt 0.671625 0.841941
vt 0.673584 0.842106
vt 0.683796 0.849403
vt 0.680186 0.849244
vt 0.676656 0.848898
vt 0.664336 0.840980
vt 0.655678 0.831217
vt 0.652059 0.828760
vt 0.661721 0.840493
vt 0.672449 0.848367
vt 0.680712 0.854310
vt 0.691309 0.855313
vt 0.687391 0.848911
vt 0.677235 0.841902
vt 0.656282 0.840287
vt 0.665406 0.847848
vt 0.671371 0.852704
vt 0.674783 0.857342
vt 0.726383 0.836467
vt 0.720187 0.849251
vt 0.719355 0.839600
vt 0.703546 0.844951
vt 0.704896 0.852612
vt 0.731622 0.834629
vt 0.740147 0.840471
vt 0.738221 0.846716
vt 0.723032 0.859086
vt 0.706809 0.860056
vt 0.691561 0.859805
vt 0.682961 0.857940
vt 0.683828 0.859224
vt 0.675703 0.858928
vt 0.676049 0.860285
vt 0.684182 0.860429
vt 0.684379 0.861760
vt 0.692785 0.863165
vt 0.693809 0.864390
vt 0.744275 0.857251
vt 0.684193 0.863725
vt 0.677118 0.863762
vt 0.676416 0.861891
vt 0.755486 0.845892
vt 0.757482 0.856821
vt 0.691707 0.860860
vt 0.706808 0.861089
vt 0.723646 0.860293
vt 0.745059 0.858178
vt 0.757619 0.857801
vt 0.769194 0.856983
vt 0.769045 0.857882
vt 0.783556 0.859444
vt 0.769011 0.858714
vt 0.757408 0.858741
vt 0.745029 0.859026
vt 0.723652 0.860927
vt 0.707644 0.861690
vt 0.692375 0.861948
vt 0.796756 0.860572
vt 0.796595 0.859922
vt 0.818358 0.859235
vt 0.783581 0.860155
vt 0.768613 0.859894
vt 0.757254 0.859910
vt 0.744402 0.860519
vt 0.723463 0.862507
vt 0.707754 0.863089
vt 0.783626 0.861427
vt 0.708848 0.864242
vt 0.723887 0.864094
vt 0.744389 0.862018
vt 0.756781 0.861732
vt 0.767592 0.861484
vt 0.783674 0.862787
vt 0.798096 0.863003
vt 0.797701 0.861780
vt 0.818664 0.860032
vt 0.837957 0.858665
vt 0.818622 0.862802
vt 0.818918 0.861409
vt 0.837931 0.859561
vt 0.858169 0.858792
vt 0.858896 0.857943
vt 0.869490 0.859950
vt 0.870201 0.859059
vt 0.869170 0.860959
vt 0.837884 0.862537
vt 0.838202 0.860965
vt 0.858131 0.859970
vt 0.857644 0.861621
vt 0.868474 0.863262
vt 0.837851 0.857789
vt 0.858833 0.856577
vt 0.870389 0.857866
vt 0.874571 0.850709
vt 0.860574 0.848387
vt 0.874201 0.842858
vt 0.863171 0.841414
vt 0.876166 0.834752
vt 0.862638 0.834236
vt 0.864279 0.820186
vt 0.851021 0.832617
vt 0.850910 0.819746
vt 0.837908 0.832189
vt 0.837539 0.819357
vt 0.826524 0.832299
vt 0.825832 0.819718
vt 0.876979 0.820467
vt 0.838103 0.848919
vt 0.849684 0.849207
vt 0.769579 0.845968
vt 0.782883 0.840467
vt 0.783108 0.846783
vt 0.783509 0.858119
vt 0.796365 0.858954
vt 0.818098 0.858311
vt 0.827348 0.848545
vt 0.828081 0.848156
vt 0.838216 0.848510
vt 0.849135 0.848779
vt 0.859361 0.847940
vt 0.818238 0.847088
vt 0.795505 0.848109
vt 0.792641 0.840958
vt 0.791260 0.833009
vt 0.782615 0.832894
vt 0.782261 0.822879
vt 0.774110 0.822805
vt 0.782045 0.816803
vt 0.773899 0.817431
vt 0.781676 0.806390
vt 0.773253 0.806458
vt 0.773328 0.802155
vt 0.762883 0.806542
vt 0.763166 0.802237
vt 0.755131 0.806605
vt 0.755745 0.802297
vt 0.791684 0.822245
vt 0.759309 0.820735
vt 0.762219 0.815847
vt 0.772334 0.796689
vt 0.772924 0.800328
vt 0.763216 0.800407
vt 0.755680 0.800468
vt 0.751571 0.802331
vt 0.750748 0.806641
vt 0.747766 0.815458
vt 0.744533 0.818938
vt 0.756657 0.833292
vt 0.775647 0.832193
vt 0.773461 0.839540
vt 0.755858 0.839646
vt 0.762853 0.796766
vt 0.755508 0.796825
vt 0.751506 0.800502
vt 0.751334 0.796859
vt 0.723476 0.800729
vt 0.723491 0.797085
vt 0.726630 0.797059
vt 0.726656 0.800703
vt 0.723744 0.802557
vt 0.726648 0.802533
vt 0.723817 0.806858
vt 0.727025 0.806833
vt 0.724176 0.813643
vt 0.734501 0.814027
vt 0.721517 0.819346
vt 0.742706 0.814598
vt 0.734960 0.806768
vt 0.734924 0.802466
vt 0.734913 0.800636
vt 0.734666 0.796994
vt 0.743059 0.800571
vt 0.742554 0.796930
vt 0.746045 0.800546
vt 0.745409 0.796907
vt 0.743594 0.806699
vt 0.743563 0.802396
vt 0.746801 0.806672
vt 0.745065 0.813596
vt 0.746252 0.813596
vt 0.746864 0.802369
vt 0.692320 0.826068
vt 0.706836 0.832060
vt 0.691014 0.837593
vt 0.695290 0.822999
vt 0.712247 0.828408
vt 0.695623 0.822257
vt 0.715160 0.826259
vt 0.709461 0.797198
vt 0.698781 0.800929
vt 0.698891 0.797284
vt 0.696510 0.800947
vt 0.696490 0.802819
vt 0.698347 0.802762
vt 0.696672 0.807203
vt 0.698502 0.807064
vt 0.696455 0.812455
vt 0.697898 0.814749
vt 0.694856 0.814189
vt 0.682785 0.816389
vt 0.670716 0.818704
vt 0.662471 0.822536
vt 0.669210 0.810463
vt 0.668097 0.806212
vt 0.681320 0.809311
vt 0.709723 0.802670
vt 0.709632 0.800841
vt 0.719709 0.797116
vt 0.720123 0.800756
vt 0.723331 0.800730
vt 0.723300 0.802560
vt 0.720085 0.802586
vt 0.719910 0.806890
vt 0.709864 0.806972
vt 0.709935 0.813822
vt 0.722848 0.797090
vt 0.723542 0.811227
vt 0.721526 0.813665
vt 0.723398 0.806862
vt 0.722522 0.811189
vt 0.838201 0.801629
vt 0.839628 0.799788
vt 0.839160 0.801622
vt 0.838856 0.799794
vt 0.839779 0.796143
vt 0.839051 0.796149
vt 0.838150 0.796156
vt 0.837961 0.799801
vt 0.837189 0.801638
vt 0.837382 0.805939
vt 0.838362 0.805931
vt 0.837919 0.810882
vt 0.830495 0.799862
vt 0.833768 0.796191
vt 0.833945 0.799834
vt 0.834873 0.796182
vt 0.835088 0.799825
vt 0.836185 0.799816
vt 0.836207 0.801646
vt 0.836959 0.801640
vt 0.837203 0.805940
vt 0.836481 0.805946
vt 0.837228 0.810880
vt 0.836729 0.811547
vt 0.838575 0.811640
vt 0.839229 0.805924
vt 0.840553 0.801610
vt 0.840792 0.799779
vt 0.835881 0.812611
vt 0.836844 0.799811
vt 0.836587 0.796169
vt 0.835952 0.796174
vt 0.820142 0.813485
vt 0.816151 0.806111
vt 0.819367 0.806085
vt 0.816181 0.813581
vt 0.813933 0.819874
vt 0.825065 0.812984
vt 0.830455 0.812757
vt 0.834404 0.812589
vt 0.839655 0.812788
vt 0.840623 0.805912
vt 0.844180 0.801581
vt 0.844187 0.799751
vt 0.849964 0.799704
vt 0.824862 0.806040
vt 0.850040 0.801534
vt 0.844437 0.805881
vt 0.850254 0.805835
vt 0.845286 0.812848
vt 0.850846 0.812907
vt 0.840748 0.812799
vt 0.840912 0.796133
vt 0.844152 0.796107
vt 0.849882 0.796061
vt 0.855584 0.799659
vt 0.855756 0.801487
vt 0.855927 0.805789
vt 0.856454 0.813282
vt 0.861148 0.813595
vt 0.862253 0.813593
vt 0.861350 0.805745
vt 0.860181 0.795978
vt 0.862199 0.795961
vt 0.862609 0.799602
vt 0.860537 0.799619
vt 0.863343 0.801426
vt 0.861140 0.801444
vt 0.859800 0.805757
vt 0.859482 0.801457
vt 0.859030 0.799631
vt 0.855444 0.796016
vt 0.858700 0.795990
vt 0.863410 0.805728
vt 0.863438 0.813166
vt 0.863807 0.812787
vt 0.864040 0.805723
vt 0.863971 0.801421
vt 0.863180 0.799598
vt 0.862735 0.795957
vt 0.864359 0.812853
vt 0.866582 0.799279
vt 0.867530 0.801138
vt 0.865970 0.801092
vt 0.865187 0.801068
vt 0.864915 0.805365
vt 0.864277 0.805345
vt 0.864988 0.813357
vt 0.865585 0.814280
vt 0.872438 0.814589
vt 0.878142 0.814931
vt 0.878170 0.805763
vt 0.884446 0.805952
vt 0.884647 0.801654
vt 0.888543 0.801771
vt 0.888182 0.799929
vt 0.867215 0.805433
vt 0.871680 0.801264
vt 0.865645 0.805386
vt 0.884582 0.799821
vt 0.878308 0.801463
vt 0.878344 0.799633
vt 0.871608 0.805566
vt 0.866715 0.814344
vt 0.883626 0.815393
vt 0.888427 0.806072
vt 0.890208 0.801821
vt 0.889692 0.799974
vt 0.889611 0.796326
vt 0.888128 0.796282
vt 0.884727 0.796179
vt 0.878549 0.795993
vt 0.871799 0.799436
vt 0.867890 0.799319
vt 0.872051 0.795798
vt 0.868302 0.795685
vt 0.867026 0.795646
vt 0.866013 0.799262
vt 0.864524 0.801048
vt 0.866475 0.795630
vt 0.865441 0.799245
vt 0.865930 0.795614
vt 0.680214 0.805060
vt 0.692547 0.803887
vt 0.693613 0.808142
vt 0.691487 0.802135
vt 0.679685 0.803257
vt 0.668081 0.804361
vt 0.667398 0.800736
vt 0.678734 0.799658
vt 0.690308 0.798557
vt 0.693886 0.801459
vt 0.694737 0.803187
vt 0.695642 0.807370
vt 0.695844 0.812487
vt 0.692673 0.797884
vt 0.888891 0.815862
vt 0.890020 0.815905
vt 0.889734 0.820501
vt 0.889862 0.815838
vt 0.890991 0.806149
vt 0.889981 0.806119
vt 0.891354 0.801855
vt 0.892533 0.806195
vt 0.892905 0.801902
vt 0.890788 0.800008
vt 0.892729 0.800066
vt 0.881834 0.842442
vt 0.886791 0.834975
vt 0.890683 0.796359
vt 0.892281 0.796407
vt 0.894422 0.796471
vt 0.894684 0.800125
vt 0.894976 0.801964
vt 0.894687 0.806260
vt 0.891238 0.815252
vt 0.894312 0.814906
vt 0.894451 0.819932
vt 0.891347 0.819977
vt 0.892474 0.825257
vt 0.890674 0.822860
vt 0.830457 0.796218
vt 0.824766 0.796264
vt 0.824766 0.799908
vt 0.819293 0.799953
vt 0.819343 0.796308
vt 0.816619 0.796330
vt 0.816394 0.799976
vt 0.815606 0.796339
vt 0.815358 0.799985
vt 0.814703 0.799990
vt 0.814246 0.801823
vt 0.813205 0.801832
vt 0.813579 0.806132
vt 0.814391 0.806125
vt 0.814095 0.811176
vt 0.814631 0.812169
vt 0.813406 0.811313
vt 0.815022 0.796343
vt 0.814142 0.796350
vt 0.813817 0.799997
vt 0.812288 0.806142
vt 0.813100 0.806136
vt 0.812780 0.812257
vt 0.815531 0.813856
vt 0.815079 0.806119
vt 0.814879 0.801818
vt 0.816047 0.801809
vt 0.819197 0.801783
vt 0.824752 0.801739
vt 0.830549 0.801692
vt 0.812141 0.813319
vt 0.830599 0.805994
vt 0.834477 0.805962
vt 0.835867 0.805951
vt 0.835181 0.801654
vt 0.834210 0.801662
vt 0.809673 0.801861
vt 0.806573 0.801886
vt 0.806597 0.800056
vt 0.800704 0.800103
vt 0.800620 0.801934
vt 0.806613 0.806188
vt 0.809977 0.806161
vt 0.811285 0.813419
vt 0.811456 0.806149
vt 0.811122 0.801849
vt 0.807252 0.813908
vt 0.800740 0.806235
vt 0.795095 0.801979
vt 0.795253 0.800147
vt 0.800875 0.796458
vt 0.806734 0.796411
vt 0.809494 0.800032
vt 0.810696 0.800022
vt 0.811972 0.801842
vt 0.795471 0.796502
vt 0.812761 0.801836
vt 0.811315 0.800018
vt 0.810673 0.796379
vt 0.809497 0.796388
vt 0.812711 0.800006
vt 0.811273 0.796374
vt 0.812620 0.796363
vt 0.792165 0.800173
vt 0.792554 0.796525
vt 0.791313 0.796535
vt 0.815954 0.833151
vt 0.803862 0.820790
vt 0.801961 0.814492
vt 0.795298 0.806280
vt 0.791766 0.802006
vt 0.790901 0.800183
vt 0.790092 0.800190
vt 0.790515 0.796542
vt 0.781458 0.800259
vt 0.781330 0.796616
vt 0.797054 0.815217
vt 0.791973 0.806307
vt 0.790378 0.802017
vt 0.815014 0.840275
vt 0.816887 0.847457
vt 0.791861 0.815922
vt 0.790679 0.806317
vt 0.789548 0.802024
vt 0.781524 0.802088
vt 0.789961 0.806323
vt 0.791027 0.816042
vt 0.790757 0.816248
vt 0.560249 0.727308
vt 0.560219 0.735296
vt 0.518344 0.734421
vt 0.519181 0.727308
vt 0.507087 0.732219
vt 0.508230 0.727308
vt 0.501536 0.727308
vt 0.507087 0.722397
vt 0.518344 0.720195
vt 0.670715 0.818704
vt 0.668463 0.824816
vt 0.680214 0.805060
vt 0.670292 0.825869
vt 0.677337 0.824496
vt 0.691486 0.802135
vt 0.679685 0.803257
vt 0.693885 0.801459
vt 0.682346 0.822467
vt 0.681151 0.822884
vt 0.695843 0.812487
vt 0.697899 0.814749
vt 0.696734 0.797301
vt 0.698782 0.800929
vt 0.698346 0.802762
vt 0.698502 0.807064
vt 0.744533 0.818938
vt 0.734501 0.814026
vt 0.709460 0.797199
vt 0.727025 0.806832
vt 0.724175 0.813643
vt 0.721525 0.813665
vt 0.723330 0.800730
vt 0.720084 0.802587
vt 0.723542 0.811227
vt 0.722847 0.797090
vt 0.726655 0.800703
vt 0.734923 0.802466
vt 0.746251 0.813596
vt 0.743059 0.800570
vt 0.734912 0.800636
vt 0.734665 0.796994
vt 0.742555 0.796930
vt 0.745408 0.796907
vt 0.751333 0.796859
vt 0.789962 0.806323
vt 0.762882 0.806542
vt 0.773327 0.802155
vt 0.790679 0.806317
vt 0.790516 0.796542
vt 0.791313 0.796535
vt 0.795096 0.801979
vt 0.800741 0.806235
vt 0.791260 0.833009
vt 0.782615 0.832894
vt 0.773461 0.839539
vt 0.816419 0.840318
vt 0.817412 0.833609
vt 0.837852 0.857790
vt 0.827349 0.848545
vt 0.769579 0.845969
vt 0.858833 0.856576
vt 0.837932 0.859561
vt 0.796755 0.860572
vt 0.769045 0.857882
vt 0.768612 0.859894
vt 0.874571 0.850709
vt 0.870390 0.857866
vt 0.818621 0.862802
vt 0.738220 0.846716
vt 0.703545 0.844951
vt 0.706837 0.832060
vt 0.680490 0.831653
vt 0.681699 0.826361
vt 0.712246 0.828408
vt 0.665389 0.834738
vt 0.666184 0.832647
vt 0.708848 0.864242
vt 0.693809 0.864390
vt 0.676049 0.860285
vt 0.674782 0.857342
vt 0.691706 0.860860
vt 0.676416 0.861891
vt 0.658180 0.829307
vt 0.682960 0.857940
vt 0.691309 0.855313
vt 0.657598 0.832861
vt 0.658492 0.830489
vt 0.661086 0.832228
vt 0.683795 0.849403
vt 0.673583 0.842106
vt 0.670065 0.831249
vt 0.665822 0.832098
vt 0.680785 0.826173
vt 0.666191 0.831852
vt 0.663321 0.831926
vt 0.680287 0.826066
vt 0.665395 0.830303
vt 0.680574 0.824165
vt 0.675472 0.828433
vt 0.867531 0.801139
vt 0.866583 0.799279
vt 0.844437 0.805882
vt 0.859483 0.801457
vt 0.856455 0.813282
vt 0.865187 0.801068
vt 0.864278 0.805345
vt 0.863411 0.805728
vt 0.860538 0.799619
vt 0.863181 0.799598
vt 0.862736 0.795957
vt 0.849883 0.796061
vt 0.844187 0.799751
vt 0.840792 0.799779
vt 0.839628 0.799788
vt 0.838201 0.801630
vt 0.838857 0.799795
vt 0.839779 0.796142
vt 0.837960 0.799801
vt 0.839052 0.796149
vt 0.835882 0.812611
vt 0.839229 0.805924
vt 0.838362 0.805931
vt 0.837908 0.832189
vt 0.876166 0.834751
vt 0.874201 0.842858
vt 0.861867 0.841372
vt 0.861243 0.834599
vt 0.850397 0.833014
vt 0.838053 0.832620
vt 0.827327 0.832743
vt 0.826525 0.832299
vt 0.825831 0.819718
vt 0.820143 0.813485
vt 0.816048 0.801809
vt 0.825066 0.812984
vt 0.813205 0.801832
vt 0.814631 0.812170
vt 0.819343 0.796309
vt 0.812780 0.812258
vt 0.815532 0.813856
vt 0.809977 0.806161
vt 0.813406 0.811313
vt 0.811123 0.801849
vt 0.810697 0.800022
vt 0.810673 0.796378
vt 0.813101 0.806136
vt 0.811316 0.800018
vt 0.811273 0.796374
vt 0.812762 0.801836
vt 0.886790 0.834975
vt 0.866716 0.814344
vt 0.872438 0.814589
vt 0.890207 0.801821
vt 0.889981 0.806118
vt 0.892534 0.806195
vt 0.891348 0.819976
vt 0.888183 0.799929
vt 0.890683 0.796359
vt 0.892729 0.800066
vt 0.888892 0.815862
vt 0.889862 0.815838
vt 0.834883 0.796183
vt 0.833946 0.799834
vt 0.837228 0.810879
vt 0.835089 0.799825
vt 0.488989 0.569740
vt 0.479991 0.561164
vt 0.486389 0.557368
vt 0.484359 0.572832
vt 0.465605 0.573891
vt 0.462006 0.558409
vt 0.450072 0.565036
vt 0.433086 0.579624
vt 0.435204 0.591040
vt 0.429138 0.591655
vt 0.425090 0.580888
vt 0.410006 0.582709
vt 0.409227 0.571484
vt 0.423640 0.570431
vt 0.430587 0.568491
vt 0.439151 0.578392
vt 0.436871 0.565661
vt 0.451096 0.575616
vt 0.458042 0.590912
vt 0.466831 0.590895
vt 0.481326 0.583941
vt 0.487776 0.584137
vt 0.493776 0.570326
vt 0.491600 0.554170
vt 0.440038 0.592672
vt 0.491847 0.585627
vt 0.487469 0.607114
vt 0.490693 0.607287
vt 0.482971 0.623060
vt 0.479344 0.621783
vt 0.473059 0.637204
vt 0.467124 0.636732
vt 0.468467 0.654389
vt 0.462293 0.652041
vt 0.462631 0.669330
vt 0.455641 0.666040
vt 0.453152 0.685224
vt 0.447645 0.679325
vt 0.442288 0.673818
vt 0.443531 0.657395
vt 0.437909 0.671091
vt 0.438266 0.655730
vt 0.433031 0.666235
vt 0.482939 0.587530
vt 0.478591 0.604577
vt 0.472762 0.616553
vt 0.455727 0.629932
vt 0.452801 0.645534
vt 0.443704 0.643440
vt 0.431168 0.640258
vt 0.424934 0.650567
vt 0.441798 0.628711
vt 0.448281 0.630287
vt 0.408384 0.660420
vt 0.410916 0.648014
vt 0.413762 0.633189
vt 0.422343 0.621041
vt 0.446700 0.700988
vt 0.448362 0.701771
vt 0.441861 0.714736
vt 0.438981 0.713696
vt 0.435498 0.728442
vt 0.438142 0.729976
vt 0.427061 0.744282
vt 0.430234 0.746449
vt 0.412919 0.761803
vt 0.411024 0.758507
vt 0.454556 0.705238
vt 0.446511 0.717760
vt 0.456052 0.686221
vt 0.462683 0.689167
vt 0.464377 0.670260
vt 0.471224 0.672900
vt 0.471397 0.654533
vt 0.478350 0.656412
vt 0.476413 0.637786
vt 0.481986 0.638016
vt 0.497375 0.569955
vt 0.494812 0.553714
vt 0.496655 0.585433
vt 0.495093 0.607509
vt 0.485812 0.623270
vt 0.849992 0.912189
vt 0.889454 0.919100
vt 0.850219 0.918013
vt 0.890801 0.913490
vt 0.851082 0.936175
vt 0.891134 0.939761
vt 0.842847 0.956295
vt 0.896306 0.961327
vt 0.884720 0.986362
vt 0.848046 0.984118
vt 0.866625 0.991041
vt 0.892047 0.891722
vt 0.843433 0.896558
vt 0.875817 0.878262
vt 0.853314 0.877434
vt 0.445816 0.684871
vt 0.440317 0.698675
vt 0.437942 0.684665
vt 0.397539 0.673572
vt 0.406604 0.694840
vt 0.393140 0.688121
vt 0.418945 0.686549
vt 0.404685 0.662284
vt 0.425211 0.676802
vt 0.431217 0.681784
vt 0.426399 0.690739
vt 0.433195 0.696020
vt 0.435707 0.711118
vt 0.431413 0.726385
vt 0.423986 0.742397
vt 0.405841 0.755883
vt 0.419059 0.738086
vt 0.403285 0.749814
vt 0.418527 0.722904
vt 0.419739 0.707767
vt 0.413393 0.699853
vt 0.821200 0.866113
vt 0.820037 0.901420
vt 0.802739 0.869404
vt 0.832637 0.901541
vt 0.728083 0.916452
vt 0.739448 0.915188
vt 0.745296 0.933442
vt 0.751075 0.911293
vt 0.741342 0.884697
vt 0.759327 0.875918
vt 0.764628 0.909304
vt 0.767733 0.872399
vt 0.776854 0.907731
vt 0.778709 0.870824
vt 0.789079 0.906159
vt 0.789685 0.869249
vt 0.808538 0.903589
vt 0.823841 0.929282
vt 0.838102 0.929026
vt 0.822495 0.943654
vt 0.835885 0.950216
vt 0.728409 0.887670
vt 0.719735 0.885473
vt 0.706429 0.917583
vt 0.710199 0.941884
vt 0.707326 0.883387
vt 0.784718 0.977259
vt 0.802834 0.979129
vt 0.802207 0.992659
vt 0.823634 0.982373
vt 0.822816 0.959858
vt 0.801051 0.957001
vt 0.805752 0.941908
vt 0.808009 0.926857
vt 0.792850 0.926998
vt 0.771018 0.927792
vt 0.796477 0.943197
vt 0.777019 0.941510
vt 0.786132 0.954606
vt 0.836159 0.960844
vt 0.837191 0.978709
vt 0.836655 0.985737
vt 0.823834 0.993819
vt 0.801360 0.998379
vt 0.783272 0.992621
vt 0.772553 0.977486
vt 0.770387 0.951294
vt 0.766215 0.942797
vt 0.760734 0.932452
vt 0.758443 0.978547
vt 0.756752 0.953452
vt 0.747237 0.955588
vt 0.749229 0.979796
vt 0.753675 0.945031
vt 0.743603 0.950243
vt 0.731431 0.962409
vt 0.728688 0.980166
vt 0.732595 0.955910
vt 0.733689 0.938505
vt 0.782997 0.998600
vt 0.771547 0.995466
vt 0.758830 0.991043
vt 0.749802 0.987809
vt 0.728635 0.984386
vt 0.709935 0.982094
vt 0.713726 0.965878
vt 0.714408 0.955370
vt 0.706311 0.987584
vt 0.200433 0.792918
vt 0.188733 0.799796
vt 0.197689 0.790493
vt 0.190961 0.802746
vt 0.218815 0.795726
vt 0.201972 0.789011
vt 0.219219 0.792673
vt 0.231011 0.792708
vt 0.232112 0.796993
vt 0.308475 0.794865
vt 0.318997 0.792965
vt 0.320402 0.796301
vt 0.308591 0.797885
vt 0.295194 0.796044
vt 0.294398 0.798904
vt 0.276261 0.797125
vt 0.276284 0.800008
vt 0.258154 0.799188
vt 0.257313 0.796341
vt 0.243946 0.798392
vt 0.244014 0.795371
vt 0.233465 0.793636
vt 0.333677 0.794824
vt 0.321436 0.791998
vt 0.333226 0.791778
vt 0.350413 0.787847
vt 0.352013 0.791728
vt 0.363820 0.798422
vt 0.354718 0.789261
vt 0.361637 0.801407
vt 0.564994 0.781291
vt 0.592266 0.779971
vt 0.564780 0.795614
vt 0.591340 0.766406
vt 0.616656 0.758003
vt 0.632181 0.748431
vt 0.642186 0.718574
vt 0.647977 0.716831
vt 0.638301 0.719977
vt 0.610786 0.744864
vt 0.593595 0.745901
vt 0.563399 0.749697
vt 0.540712 0.781259
vt 0.542005 0.799508
vt 0.521277 0.797405
vt 0.524189 0.780075
vt 0.506426 0.786956
vt 0.507338 0.773396
vt 0.491516 0.772754
vt 0.493133 0.763960
vt 0.480669 0.762481
vt 0.634416 0.721380
vt 0.609145 0.738380
vt 0.632338 0.717617
vt 0.540750 0.749248
vt 0.523407 0.746517
vt 0.502166 0.742108
vt 0.489711 0.751012
vt 0.489016 0.738273
vt 0.465177 0.721842
vt 0.467191 0.720248
vt 0.469381 0.717690
vt 0.463162 0.723437
vt 0.457182 0.722555
vt 0.014428 0.730341
vt 0.031546 0.762685
vt 0.006569 0.752771
vt 0.010205 0.728261
vt 0.025500 0.700509
vt 0.021942 0.697926
vt 0.036155 0.665858
vt 0.028094 0.666267
vt 0.001807 0.749978
vt 0.075933 0.614271
vt 0.077353 0.571076
vt 0.097563 0.573134
vt 0.041097 0.607172
vt 0.037452 0.644188
vt 0.005435 0.615239
vt 0.005816 0.623123
vt 0.032800 0.645488
vt 0.029978 0.663760
vt 0.056524 0.673219
vt 0.048616 0.710533
vt 0.042548 0.742670
vt 0.057496 0.774549
vt 0.069088 0.769412
vt 0.069810 0.746407
vt 0.080261 0.766004
vt 0.042589 0.568019
vt 0.004711 0.588298
vt 0.010896 0.557294
vt 0.097324 0.615486
vt 0.119943 0.655203
vt 0.097060 0.655210
vt 0.074204 0.654848
vt 0.075846 0.680241
vt 0.073242 0.719996
vt 0.096459 0.725383
vt 0.096245 0.748593
vt 0.122707 0.746865
vt 0.119769 0.720394
vt 0.150017 0.743623
vt 0.144559 0.711360
vt 0.178346 0.731832
vt 0.167844 0.701766
vt 0.182585 0.729833
vt 0.171424 0.700153
vt 0.096102 0.763643
vt 0.111884 0.766280
vt 0.122955 0.769873
vt 0.134423 0.775214
vt 0.160598 0.763861
vt 0.185748 0.754440
vt 0.190522 0.751747
vt 0.096969 0.668904
vt 0.096811 0.687695
vt 0.117902 0.680592
vt 0.137345 0.673892
vt 0.118718 0.614573
vt 0.156798 0.645074
vt 0.157826 0.666863
vt 0.170507 0.698312
vt 0.164008 0.665775
vt 0.161459 0.646512
vt 0.188535 0.624228
vt 0.189114 0.616422
vt 0.153613 0.607925
vt 0.190159 0.589470
vt 0.152565 0.568714
vt 0.184313 0.558308
vt 0.117789 0.571347
vt 0.741943 0.711347
vt 0.739237 0.728172
vt 0.719749 0.703140
vt 0.708572 0.721715
vt 0.732708 0.745068
vt 0.698806 0.736292
vt 0.722362 0.757992
vt 0.683763 0.753212
vt 0.705902 0.775828
vt 0.677079 0.785051
vt 0.660475 0.772787
vt 0.648043 0.784694
vt 0.644392 0.779089
vt 0.614742 0.786088
vt 0.613387 0.782010
vt 0.611074 0.787986
vt 0.653717 0.797920
vt 0.686421 0.794939
vt 0.716576 0.785394
vt 0.734899 0.771329
vt 0.747423 0.754695
vt 0.749822 0.736707
vt 0.749505 0.716129
vt 0.749317 0.701198
vt 0.734749 0.700047
vt 0.725857 0.690890
vt 0.724056 0.662513
vt 0.727422 0.662643
vt 0.729962 0.662247
vt 0.732501 0.661852
vt 0.735912 0.656867
vt 0.602193 0.792950
vt 0.607405 0.789884
vt 0.636143 0.802811
vt 0.351596 0.722546
vt 0.334763 0.733306
vt 0.328012 0.721422
vt 0.364625 0.694270
vt 0.368266 0.691361
vt 0.371994 0.706717
vt 0.369449 0.709857
vt 0.381495 0.720550
vt 0.378362 0.723894
vt 0.358859 0.735103
vt 0.336741 0.744282
vt 0.309728 0.655351
vt 0.310032 0.640289
vt 0.329615 0.639114
vt 0.331566 0.654137
vt 0.310584 0.679979
vt 0.335439 0.676216
vt 0.313612 0.704327
vt 0.341631 0.699205
vt 0.346084 0.711324
vt 0.360965 0.673202
vt 0.359687 0.654149
vt 0.358160 0.635290
vt 0.352245 0.596225
vt 0.321546 0.596139
vt 0.241990 0.560784
vt 0.273196 0.595830
vt 0.242502 0.595522
vt 0.274236 0.556225
vt 0.297371 0.596677
vt 0.297638 0.554965
vt 0.321025 0.556523
vt 0.353482 0.561668
vt 0.394510 0.570202
vt 0.393505 0.599047
vt 0.396902 0.625380
vt 0.366208 0.657326
vt 0.365852 0.672384
vt 0.397933 0.632505
vt 0.284135 0.640124
vt 0.264564 0.638703
vt 0.236074 0.634517
vt 0.265408 0.720958
vt 0.258629 0.732760
vt 0.241850 0.721892
vt 0.247415 0.710718
vt 0.224071 0.709097
vt 0.228964 0.693526
vt 0.251889 0.698645
vt 0.232808 0.672450
vt 0.258298 0.675726
vt 0.234307 0.653381
vt 0.262424 0.653699
vt 0.284254 0.655181
vt 0.297083 0.640777
vt 0.279871 0.704090
vt 0.283105 0.679784
vt 0.296992 0.655640
vt 0.296836 0.680386
vt 0.288886 0.690741
vt 0.304633 0.690853
vt 0.296775 0.688660
vt 0.256627 0.743701
vt 0.234541 0.734411
vt 0.215097 0.723101
vt 0.212000 0.719749
vt 0.221549 0.705942
vt 0.225367 0.690578
vt 0.227942 0.671589
vt 0.227732 0.656495
vt 0.197498 0.624029
vt 0.201279 0.597578
vt 0.201015 0.568342
vt 0.196397 0.631158
vt 0.312476 0.735246
vt 0.314766 0.728781
vt 0.330625 0.750427
vt 0.297358 0.729501
vt 0.297358 0.727398
vt 0.306788 0.713194
vt 0.297358 0.710372
vt 0.287928 0.713194
vt 0.279950 0.728781
vt 0.282241 0.735246
vt 0.264091 0.750427
vt 0.323440 0.805895
vt 0.337925 0.803856
vt 0.214709 0.804823
vt 0.229225 0.806634
vt 0.241058 0.808944
vt 0.252091 0.810079
vt 0.261967 0.812285
vt 0.276394 0.814117
vt 0.290791 0.812059
vt 0.300630 0.809698
vt 0.311645 0.808390
vt 0.277163 0.784446
vt 0.256640 0.770704
vt 0.277145 0.769659
vt 0.257048 0.785374
vt 0.242516 0.785345
vt 0.239243 0.772255
vt 0.231310 0.782930
vt 0.229331 0.770051
vt 0.217202 0.780976
vt 0.215100 0.766483
vt 0.196299 0.775976
vt 0.189971 0.762079
vt 0.297687 0.770704
vt 0.277181 0.769659
vt 0.297279 0.785374
vt 0.311810 0.785345
vt 0.315083 0.772255
vt 0.323016 0.782930
vt 0.324996 0.770051
vt 0.337125 0.780976
vt 0.339227 0.766483
vt 0.358027 0.775976
vt 0.364355 0.762079
vt 0.002169 0.945868
vt 0.011351 0.952026
vt 0.001291 0.951347
vt 0.015948 0.949225
vt 0.010862 0.955106
vt 0.010422 0.958741
vt 0.037081 0.958062
vt 0.034048 0.969688
vt 0.039722 0.950651
vt 0.019461 0.942160
vt 0.006194 0.940372
vt 0.006044 0.917205
vt 0.028219 0.918279
vt 0.007533 0.908499
vt 0.057264 0.951212
vt 0.078556 0.969048
vt 0.078437 0.952885
vt 0.053980 0.967671
vt 0.052035 0.988781
vt 0.078830 0.989546
vt 0.047613 0.920035
vt 0.058097 0.921074
vt 0.075760 0.924217
vt 0.102167 0.951423
vt 0.103859 0.962772
vt 0.104713 0.976701
vt 0.105903 0.987668
vt 0.078538 0.996763
vt 0.050715 0.998264
vt 0.029161 0.986091
vt 0.009875 0.969407
vt 0.132561 0.986715
vt 0.009168 0.985265
vt 0.024305 0.996325
vt 0.008989 0.995522
vt 0.134210 0.970999
vt 0.153166 0.986266
vt 0.043568 0.908783
vt 0.058371 0.909500
vt 0.075663 0.910743
vt 0.099012 0.911332
vt 0.126197 0.949467
vt 0.138612 0.960503
vt 0.153186 0.971933
vt 0.171723 0.971009
vt 0.173000 0.987013
vt 0.196736 0.976983
vt 0.198093 0.962782
vt 0.222183 0.969080
vt 0.113902 0.908558
vt 0.142290 0.956762
vt 0.153217 0.961813
vt 0.166930 0.960438
vt 0.199980 0.951544
vt 0.204534 0.912276
vt 0.222963 0.921388
vt 0.222280 0.952861
vt 0.180012 0.949566
vt 0.164692 0.956664
vt 0.153227 0.957936
vt 0.149756 0.946654
vt 0.149688 0.937577
vt 0.131640 0.912784
vt 0.115746 0.904209
vt 0.096148 0.906415
vt 0.174028 0.915652
vt 0.156774 0.938427
vt 0.157161 0.946793
vt 0.153258 0.947170
vt 0.193229 0.912648
vt 0.191561 0.907252
vt 0.242762 0.856897
vt 0.232697 0.844189
vt 0.245477 0.847281
vt 0.226325 0.855608
vt 0.225890 0.869208
vt 0.201612 0.866160
vt 0.200823 0.871753
vt 0.183675 0.862007
vt 0.187216 0.884810
vt 0.160196 0.866102
vt 0.165636 0.887914
vt 0.170404 0.899700
vt 0.189756 0.899887
vt 0.176479 0.907293
vt 0.174717 0.850676
vt 0.163745 0.853672
vt 0.185396 0.843705
vt 0.195251 0.842663
vt 0.199327 0.858740
vt 0.207524 0.843980
vt 0.220899 0.843365
vt 0.223081 0.909060
vt 0.207289 0.906205
vt 0.205738 0.896977
vt 0.203231 0.881692
vt 0.227093 0.878648
vt 0.225061 0.896701
vt 0.243351 0.951211
vt 0.240563 0.918647
vt 0.240552 0.908619
vt 0.240946 0.897119
vt 0.242930 0.878794
vt 0.243250 0.869887
vt 0.263279 0.860271
vt 0.264086 0.855498
vt 0.275885 0.852898
vt 0.264390 0.851536
vt 0.250377 0.851033
vt 0.282184 0.863658
vt 0.264918 0.866404
vt 0.261668 0.880795
vt 0.258129 0.895357
vt 0.255955 0.907785
vt 0.252456 0.918747
vt 0.260888 0.950651
vt 0.263528 0.958062
vt 0.289721 0.955022
vt 0.290186 0.958741
vt 0.266562 0.969688
vt 0.290734 0.969407
vt 0.269764 0.920582
vt 0.281344 0.941965
vt 0.284160 0.949044
vt 0.290140 0.951216
vt 0.298441 0.945868
vt 0.294415 0.940372
vt 0.288396 0.924607
vt 0.289120 0.914757
vt 0.270924 0.908704
vt 0.272896 0.900804
vt 0.274047 0.888177
vt 0.290357 0.888746
vt 0.297501 0.868734
vt 0.288496 0.852858
vt 0.299843 0.854584
vt 0.291426 0.902293
vt 0.299318 0.951347
vt 0.310797 0.706677
vt 0.303314 0.695118
vt 0.296751 0.692698
vt 0.290171 0.695012
vt 0.282610 0.706519
vt 0.195747 0.988104
vt 0.221853 0.989612
vt 0.222185 0.996828
vt 0.249894 0.998264
vt 0.248580 0.988783
vt 0.271449 0.986091
vt 0.246636 0.967672
vt 0.276304 0.996326
vt 0.291442 0.985265
vt 0.291621 0.995522
vt 0.203342 0.561583
vt 0.239778 0.556410
vt 0.351691 0.558063
vt 0.320806 0.553372
vt 0.297670 0.552313
vt 0.274559 0.553058
vt 0.244880 0.557489
vt 0.391060 0.564587
vt 0.355408 0.558195
vt 0.096246 0.777707
vt 0.076268 0.786926
vt 0.078199 0.777396
vt 0.052021 0.779954
vt 0.048930 0.787856
vt 0.019335 0.778254
vt 0.044240 0.794708
vt 0.012020 0.780984
vt 0.073837 0.799076
vt 0.096280 0.800242
vt 0.096261 0.787066
vt 0.115442 0.786794
vt 0.114284 0.777358
vt 0.140439 0.779815
vt 0.143437 0.787072
vt 0.172878 0.778412
vt 0.148065 0.794728
vt 0.181024 0.781731
vt 0.118631 0.798933
vt 0.151607 0.563783
vt 0.180101 0.551614
vt 0.117214 0.566197
vt 0.097587 0.567831
vt 0.077971 0.565945
vt 0.043576 0.563132
vt 0.013929 0.551750
vt 0.151083 0.800598
vt 0.116665 0.814130
vt 0.117535 0.802107
vt 0.096245 0.803209
vt 0.178390 0.796888
vt 0.178396 0.787251
vt 0.153616 0.811760
vt 0.117369 0.818453
vt 0.096467 0.814836
vt 0.074070 0.813057
vt 0.074981 0.802104
vt 0.041519 0.800161
vt 0.038928 0.811394
vt 0.075153 0.817994
vt 0.096220 0.820180
vt 0.013100 0.796613
vt 0.014762 0.785901
vt 0.010004 0.826138
vt 0.010169 0.823714
vt 0.027592 0.823749
vt 0.028129 0.825721
vt 0.055882 0.824339
vt 0.056325 0.826470
vt 0.086500 0.825469
vt 0.086289 0.828050
vt 0.118403 0.825341
vt 0.118451 0.823530
vt 0.144938 0.823700
vt 0.145529 0.821803
vt 0.164094 0.822776
vt 0.164094 0.818949
vt 0.182659 0.821803
vt 0.183249 0.823700
vt 0.209737 0.823530
vt 0.209784 0.825341
vt 0.241688 0.825469
vt 0.241900 0.828050
vt 0.271863 0.826470
vt 0.272306 0.824339
vt 0.300059 0.825721
vt 0.300595 0.823749
vt 0.318184 0.826138
vt 0.318019 0.823714
vt 0.025836 0.899085
vt 0.027333 0.907182
vt 0.104409 0.848314
vt 0.113773 0.850166
vt 0.116182 0.862910
vt 0.101618 0.860956
vt 0.099898 0.868315
vt 0.075221 0.856339
vt 0.074432 0.869902
vt 0.057531 0.856621
vt 0.056511 0.869425
vt 0.036034 0.859865
vt 0.035423 0.866000
vt 0.018597 0.861038
vt 0.024394 0.885994
vt 0.008256 0.884999
vt 0.006357 0.897385
vt 0.093832 0.846851
vt 0.082367 0.846037
vt 0.070650 0.845386
vt 0.059432 0.847978
vt 0.021117 0.851392
vt 0.036955 0.855394
vt 0.051621 0.849604
vt 0.038846 0.850656
vt 0.034452 0.850819
vt 0.015504 0.851473
vt 0.002683 0.865643
vt 0.005596 0.852879
vt 0.074447 0.897859
vt 0.058005 0.897498
vt 0.040578 0.895893
vt 0.037813 0.880569
vt 0.056707 0.879084
vt 0.073178 0.879567
vt 0.099798 0.873987
vt 0.097982 0.883588
vt 0.115987 0.883723
vt 0.097153 0.897774
vt 0.116583 0.896596
vt 0.129696 0.901987
vt 0.135376 0.858243
vt 0.134201 0.878615
vt 0.134145 0.890985
vt 0.116539 0.849678
vt 0.126169 0.849762
vt 0.084105 0.841014
vt 0.056445 0.838527
vt 0.028301 0.836880
vt 0.010210 0.837216
vt 0.317979 0.837216
vt 0.299887 0.836880
vt 0.271743 0.838527
vt 0.244084 0.841014
vt 0.210772 0.837594
vt 0.182986 0.835029
vt 0.164094 0.836469
vt 0.145202 0.835029
vt 0.117417 0.837594
vt 0.409679 0.598158
vt 0.539068 0.744294
vt 0.561772 0.744651
vt 0.521575 0.741952
vt 0.502799 0.740071
vt 0.490278 0.736484
vt 0.471967 0.717199
vt 0.608305 0.736181
vt 0.630630 0.716455
vt 0.593372 0.743367
vt 0.566475 0.745109
vt 0.384503 0.834479
vt 0.372531 0.825646
vt 0.383802 0.814999
vt 0.392930 0.822006
vt 0.396884 0.805678
vt 0.397735 0.830003
vt 0.387715 0.838967
vt 0.404637 0.840931
vt 0.396750 0.850040
vt 0.369253 0.840736
vt 0.362355 0.837348
vt 0.373202 0.844054
vt 0.379333 0.847188
vt 0.392486 0.868808
vt 0.403512 0.862569
vt 0.416746 0.855284
vt 0.425660 0.843377
vt 0.412347 0.827262
vt 0.408842 0.821590
vt 0.406879 0.814405
vt 0.414352 0.794085
vt 0.407338 0.789448
vt 0.418792 0.777195
vt 0.423952 0.784846
vt 0.438837 0.775447
vt 0.440571 0.769803
vt 0.452391 0.769557
vt 0.442751 0.775871
vt 0.453903 0.764201
vt 0.451865 0.759836
vt 0.437895 0.766397
vt 0.417632 0.774185
vt 0.405003 0.786396
vt 0.394601 0.800185
vt 0.379660 0.809858
vt 0.367238 0.820020
vt 0.355037 0.833938
vt 0.467918 0.756909
vt 0.466484 0.762849
vt 0.357640 0.840798
vt 0.342024 0.844939
vt 0.463035 0.828359
vt 0.473439 0.826506
vt 0.476890 0.840525
vt 0.465963 0.843252
vt 0.451534 0.827840
vt 0.461768 0.820370
vt 0.450246 0.821887
vt 0.461067 0.814228
vt 0.447198 0.817797
vt 0.460019 0.802020
vt 0.443310 0.800148
vt 0.457176 0.787702
vt 0.440610 0.791792
vt 0.464847 0.770101
vt 0.451357 0.848338
vt 0.473139 0.819305
vt 0.473891 0.812461
vt 0.470407 0.799724
vt 0.473028 0.786337
vt 0.393010 0.797178
vt 0.374679 0.801093
vt 0.391069 0.791954
vt 0.378617 0.807118
vt 0.361186 0.812959
vt 0.365814 0.818648
vt 0.348339 0.826101
vt 0.353192 0.831491
vt 0.335550 0.838789
vt 0.340765 0.843603
vt 0.330431 0.853786
vt 0.326115 0.850302
vt 0.306877 0.876978
vt 0.298292 0.896611
vt 0.294568 0.895829
vt 0.303834 0.874633
vt 0.317072 0.862028
vt 0.319349 0.864066
vt 0.332312 0.856200
vt 0.403924 0.783762
vt 0.416061 0.770073
vt 0.436594 0.761768
vt 0.451106 0.756300
vt 0.467360 0.753717
vt 0.364346 0.866849
vt 0.391853 0.872898
vt 0.383315 0.883176
vt 0.371689 0.857883
vt 0.365091 0.853716
vt 0.358054 0.861061
vt 0.360270 0.848217
vt 0.360268 0.881136
vt 0.370824 0.891852
vt 0.353397 0.876234
vt 0.343902 0.872651
vt 0.350927 0.856236
vt 0.346198 0.850290
vt 0.335778 0.858515
vt 0.322571 0.867313
vt 0.309622 0.879317
vt 0.302390 0.900725
vt 0.315248 0.882666
vt 0.308959 0.901277
vt 0.329866 0.878481
vt 0.796059 0.771193
vt 0.812612 0.754792
vt 0.814960 0.770042
vt 0.794636 0.757724
vt 0.795112 0.735530
vt 0.773554 0.739662
vt 0.772919 0.723467
vt 0.789530 0.720739
vt 0.770729 0.709199
vt 0.774064 0.762186
vt 0.824768 0.754302
vt 0.809865 0.732261
vt 0.798866 0.721480
vt 0.786390 0.705847
vt 0.784491 0.682650
vt 0.772884 0.681161
vt 0.788266 0.648183
vt 0.772280 0.648414
vt 0.759821 0.681678
vt 0.756477 0.709782
vt 0.759940 0.730805
vt 0.760292 0.741431
vt 0.804068 0.684071
vt 0.801532 0.705097
vt 0.818190 0.718652
vt 0.825388 0.728029
vt 0.838916 0.754532
vt 0.839126 0.729381
vt 0.848750 0.730953
vt 0.841702 0.720793
vt 0.852063 0.725405
vt 0.849383 0.708732
vt 0.861268 0.713103
vt 0.863387 0.730415
vt 0.864932 0.736834
vt 0.848189 0.755237
vt 0.868716 0.754399
vt 0.829053 0.719302
vt 0.833913 0.708652
vt 0.842309 0.686961
vt 0.828662 0.685773
vt 0.823372 0.704605
vt 0.816365 0.684922
vt 0.882810 0.739255
vt 0.881509 0.728805
vt 0.884916 0.715095
vt 0.865564 0.690759
vt 0.854144 0.690166
vt 0.850458 0.659839
vt 0.831987 0.652133
vt 0.823388 0.649115
vt 0.812338 0.648188
vt 0.801288 0.647261
vt 0.887248 0.690615
vt 0.872072 0.659343
vt 0.863543 0.662047
vt 0.884338 0.656530
vt 0.760314 0.759325
vt 0.761264 0.766309
vt 0.774539 0.773624
vt 0.797243 0.776853
vt 0.815587 0.775994
vt 0.826832 0.772193
vt 0.839266 0.767029
vt 0.848089 0.763270
vt 0.869017 0.758607
vt 0.887550 0.755220
vt 0.891491 0.760487
vt 0.382368 0.922668
vt 0.320583 0.923633
vt 0.304741 0.921464
vt 0.377986 0.967738
vt 0.324878 0.967776
vt 0.304740 0.969969
vt 0.394264 0.987593
vt 0.386362 0.987745
vt 0.386101 0.995379
vt 0.394266 0.995039
vt 0.405369 0.994643
vt 0.406117 0.987474
vt 0.417837 0.994511
vt 0.417943 0.987531
vt 0.429022 0.987412
vt 0.429039 0.994651
vt 0.436631 0.987165
vt 0.436409 0.994646
vt 0.447094 0.986898
vt 0.447809 0.994460
vt 0.455082 0.985364
vt 0.456529 0.992695
vt 0.463179 0.982274
vt 0.466087 0.989649
vt 0.471111 0.976944
vt 0.474287 0.984230
vt 0.551118 0.596782
vt 0.556033 0.608865
vt 0.551118 0.607723
vt 0.558238 0.597619
vt 0.551118 0.555756
vt 0.559114 0.555785
vt 0.551118 0.614411
vt 0.546202 0.608865
vt 0.543997 0.597619
vt 0.543121 0.555785
vt 0.567110 0.596782
vt 0.572025 0.608865
vt 0.567110 0.607723
vt 0.574231 0.597619
vt 0.567110 0.555756
vt 0.575107 0.555785
vt 0.567110 0.614411
vt 0.562194 0.608865
vt 0.559990 0.597619
vt 0.583103 0.596782
vt 0.588018 0.608865
vt 0.583103 0.607723
vt 0.590223 0.597619
vt 0.583103 0.555756
vt 0.591099 0.555785
vt 0.583103 0.614411
vt 0.578187 0.608865
vt 0.575983 0.597619
vt 0.599096 0.596782
vt 0.604011 0.608865
vt 0.599096 0.607723
vt 0.606216 0.597619
vt 0.599096 0.555756
vt 0.607092 0.555785
vt 0.599096 0.614411
vt 0.594180 0.608865
vt 0.591975 0.597619
vt 0.615089 0.596782
vt 0.620004 0.608865
vt 0.615089 0.607723
vt 0.622209 0.597619
vt 0.615089 0.555756
vt 0.623085 0.555785
vt 0.615089 0.614411
vt 0.610173 0.608865
vt 0.607968 0.597619
vt 0.629145 0.596865
vt 0.633490 0.609003
vt 0.628629 0.607803
vt 0.636224 0.597785
vt 0.631080 0.555850
vt 0.639073 0.555973
vt 0.628313 0.614488
vt 0.623661 0.608887
vt 0.621987 0.597618
vt 0.645134 0.597053
vt 0.649478 0.609191
vt 0.644617 0.607992
vt 0.652212 0.597973
vt 0.647068 0.556038
vt 0.655062 0.556162
vt 0.644302 0.614677
vt 0.639649 0.609075
vt 0.637975 0.597806
vt 0.661121 0.597242
vt 0.665466 0.609379
vt 0.660606 0.608180
vt 0.668201 0.598162
vt 0.663057 0.556226
vt 0.671049 0.556350
vt 0.660290 0.614865
vt 0.655637 0.609263
vt 0.653963 0.597994
vt 0.535125 0.596782
vt 0.540040 0.608865
vt 0.535125 0.607723
vt 0.542245 0.597619
vt 0.535125 0.555756
vt 0.535125 0.614411
vt 0.530209 0.608865
vt 0.528004 0.597619
vt 0.527128 0.555785
vt 0.677110 0.597430
vt 0.681454 0.609567
vt 0.676594 0.608368
vt 0.684188 0.598350
vt 0.679045 0.556414
vt 0.687038 0.556538
vt 0.676279 0.615053
vt 0.671626 0.609452
vt 0.669952 0.598182
vt 0.519132 0.596782
vt 0.524047 0.608865
vt 0.519132 0.607723
vt 0.526252 0.597619
vt 0.519132 0.555756
vt 0.519132 0.614411
vt 0.514216 0.608865
vt 0.512012 0.597619
vt 0.511136 0.555785
vt 0.616062 0.663848
vt 0.620977 0.675931
vt 0.616062 0.674789
vt 0.623182 0.664684
vt 0.616062 0.622821
vt 0.624058 0.622850
vt 0.616062 0.681476
vt 0.611146 0.675931
vt 0.608941 0.664684
vt 0.632054 0.663848
vt 0.636970 0.675931
vt 0.632054 0.674789
vt 0.639175 0.664684
vt 0.632054 0.622821
vt 0.640051 0.622850
vt 0.632054 0.681476
vt 0.627138 0.675931
vt 0.624934 0.664684
vt 0.664040 0.663848
vt 0.668955 0.675931
vt 0.664040 0.674789
vt 0.671160 0.664684
vt 0.664040 0.622821
vt 0.672036 0.622850
vt 0.664040 0.681476
vt 0.659124 0.675931
vt 0.656919 0.664684
vt 0.656043 0.622850
vt 0.648047 0.663848
vt 0.652963 0.675931
vt 0.648047 0.674789
vt 0.655167 0.664684
vt 0.648047 0.622821
vt 0.648047 0.681476
vt 0.643131 0.675931
vt 0.640927 0.664684
vt 0.384298 0.976099
vt 0.391703 0.984000
vt 0.384818 0.983693
vt 0.392064 0.976388
vt 0.398227 0.983874
vt 0.398444 0.976670
vt 0.411206 0.983381
vt 0.411247 0.976862
vt 0.418908 0.983271
vt 0.418369 0.976815
vt 0.568083 0.663848
vt 0.572998 0.675931
vt 0.568083 0.674789
vt 0.575204 0.664684
vt 0.568083 0.622821
vt 0.576080 0.622850
vt 0.568083 0.681476
vt 0.563167 0.675931
vt 0.560963 0.664684
vt 0.584076 0.663848
vt 0.588991 0.675931
vt 0.584076 0.674789
vt 0.591196 0.664684
vt 0.584076 0.622821
vt 0.584076 0.681476
vt 0.579160 0.675931
vt 0.576956 0.664684
vt 0.520105 0.663848
vt 0.525020 0.675931
vt 0.520105 0.674789
vt 0.527225 0.664684
vt 0.520105 0.622821
vt 0.520105 0.681476
vt 0.515189 0.675931
vt 0.512985 0.664684
vt 0.512109 0.622850
vt 0.861243 0.834598
vt 0.850396 0.833014
vt 0.816419 0.840319
vt 0.696307 0.731695
vt 0.681159 0.748593
vt 0.706460 0.717272
vt 0.717823 0.702220
vt 0.723685 0.690601
vt 0.721939 0.664077
vt 0.678302 0.752354
vt 0.658764 0.770904
vt 0.643346 0.776980
vt 0.613693 0.779968
vt 0.351454 0.894350
vt 0.331407 0.916674
vt 0.329484 0.895916
vt 0.351389 0.916670
vt 0.371372 0.916692
vt 0.373419 0.896036
vt 0.351419 0.997379
vt 0.378112 0.971541
vt 0.380713 0.997394
vt 0.351488 0.970079
vt 0.324942 0.971319
vt 0.322125 0.997149
vt 0.463658 0.968257
vt 0.466872 0.975463
vt 0.459465 0.978471
vt 0.456949 0.971516
vt 0.452530 0.981045
vt 0.450416 0.974355
vt 0.442280 0.982687
vt 0.439839 0.975911
vt 0.426609 0.983160
vt 0.425492 0.976769
vt 0.259355 0.111407
vt 0.260658 0.115245
vt 0.259085 0.112774
vt 0.228945 0.111293
vt 0.229156 0.112661
vt 0.227603 0.115120
vt 0.235991 0.110350
vt 0.236106 0.110949
vt 0.243966 0.109824
vt 0.243971 0.110656
vt 0.251737 0.111006
vt 0.251943 0.110411
vt 0.251168 0.138840
vt 0.255730 0.137404
vt 0.255538 0.138183
vt 0.256288 0.137875
vt 0.256639 0.137110
vt 0.257532 0.129542
vt 0.258820 0.129551
vt 0.258812 0.113603
vt 0.236305 0.129637
vt 0.231900 0.137323
vt 0.230258 0.129446
vt 0.236359 0.138790
vt 0.243802 0.130056
vt 0.243725 0.139915
vt 0.251342 0.129690
vt 0.251582 0.111677
vt 0.243996 0.111331
vt 0.236445 0.111620
vt 0.229367 0.113492
vt 0.229027 0.129446
vt 0.231035 0.137023
vt 0.231367 0.137791
vt 0.232102 0.138105
vt 0.236487 0.139986
vt 0.243738 0.141434
vt 0.251056 0.140035
vt 0.204451 0.472630
vt 0.203413 0.481985
vt 0.195885 0.481933
vt 0.202319 0.491800
vt 0.172119 0.472372
vt 0.171453 0.465212
vt 0.187332 0.465339
vt 0.187339 0.472487
vt 0.179125 0.481822
vt 0.187351 0.481875
vt 0.187366 0.491735
vt 0.195319 0.491769
vt 0.200941 0.503805
vt 0.195187 0.502966
vt 0.198158 0.519699
vt 0.188630 0.519699
vt 0.188630 0.537547
vt 0.180271 0.537547
vt 0.181403 0.544239
vt 0.172543 0.541605
vt 0.173223 0.543836
vt 0.171638 0.543278
vt 0.179680 0.491702
vt 0.179592 0.519699
vt 0.172573 0.537547
vt 0.172800 0.519699
vt 0.170506 0.541047
vt 0.169856 0.537547
vt 0.170083 0.519699
vt 0.175077 0.503804
vt 0.180831 0.502966
vt 0.188009 0.502966
vt 0.173950 0.491678
vt 0.173006 0.481784
vt 0.181403 0.546471
vt 0.188630 0.544798
vt 0.188630 0.547586
vt 0.198158 0.546470
vt 0.198385 0.544239
vt 0.205856 0.543682
vt 0.206536 0.541451
vt 0.207441 0.543124
vt 0.208347 0.540893
vt 0.206536 0.537547
vt 0.209026 0.537547
vt 0.204951 0.519699
vt 0.207441 0.519699
vt 0.199064 0.537547
vt 0.367928 0.402579
vt 0.368535 0.393023
vt 0.369059 0.402608
vt 0.366516 0.402863
vt 0.365309 0.394253
vt 0.356660 0.442401
vt 0.356660 0.437837
vt 0.359940 0.437897
vt 0.359940 0.430478
vt 0.356660 0.430589
vt 0.356536 0.422931
vt 0.349335 0.425525
vt 0.350202 0.415623
vt 0.340231 0.412263
vt 0.352309 0.404229
vt 0.342544 0.400337
vt 0.347854 0.391388
vt 0.354375 0.392664
vt 0.358821 0.404260
vt 0.361187 0.394165
vt 0.363006 0.403289
vt 0.365112 0.410762
vt 0.359940 0.442589
vt 0.363967 0.438655
vt 0.363967 0.431235
vt 0.361183 0.417661
vt 0.356398 0.416969
vt 0.370940 0.431867
vt 0.370294 0.416160
vt 0.364807 0.414973
vt 0.369635 0.412677
vt 0.364998 0.411981
vt 0.369315 0.411676
vt 0.361183 0.413152
vt 0.377630 0.418087
vt 0.377630 0.415500
vt 0.370274 0.413216
vt 0.384532 0.417261
vt 0.370400 0.411764
vt 0.370656 0.412715
vt 0.371678 0.413318
vt 0.377630 0.415111
vt 0.384532 0.416563
vt 0.391617 0.415916
vt 0.391617 0.418669
vt 0.399621 0.417013
vt 0.397500 0.431867
vt 0.405210 0.431235
vt 0.405210 0.438655
vt 0.408982 0.437897
vt 0.400261 0.413007
vt 0.400722 0.413668
vt 0.399863 0.413667
vt 0.399954 0.414248
vt 0.398839 0.414099
vt 0.391617 0.415590
vt 0.402924 0.403612
vt 0.401167 0.412923
vt 0.405668 0.413307
vt 0.405559 0.416176
vt 0.412200 0.442237
vt 0.412293 0.437805
vt 0.408915 0.430478
vt 0.408915 0.419298
vt 0.408916 0.414704
vt 0.405645 0.412652
vt 0.404050 0.403615
vt 0.404949 0.394095
vt 0.405421 0.403942
vt 0.406338 0.394775
vt 0.408095 0.404503
vt 0.411276 0.403970
vt 0.412507 0.416922
vt 0.408747 0.393976
vt 0.414376 0.392635
vt 0.420620 0.438477
vt 0.421739 0.467368
vt 0.412359 0.423012
vt 0.412262 0.430658
vt 0.420283 0.435585
vt 0.430832 0.437797
vt 0.432206 0.465912
vt 0.431852 0.481254
vt 0.430672 0.434585
vt 0.419489 0.425543
vt 0.418763 0.415664
vt 0.416579 0.404248
vt 0.421003 0.391506
vt 0.426335 0.400431
vt 0.428566 0.412471
vt 0.430224 0.426630
vt 0.408982 0.442141
vt 0.412231 0.467674
vt 0.421188 0.484851
vt 0.431815 0.484850
vt 0.421423 0.487563
vt 0.431769 0.487563
vt 0.421576 0.490587
vt 0.431755 0.490587
vt 0.420440 0.530933
vt 0.430419 0.530933
vt 0.430468 0.535057
vt 0.420502 0.535057
vt 0.412262 0.530933
vt 0.412262 0.535057
vt 0.408982 0.535057
vt 0.412262 0.487563
vt 0.412262 0.490587
vt 0.408982 0.490374
vt 0.408982 0.530933
vt 0.405210 0.490374
vt 0.405210 0.487313
vt 0.397500 0.487313
vt 0.397500 0.484851
vt 0.384472 0.484851
vt 0.384532 0.467647
vt 0.370940 0.484851
vt 0.370940 0.467647
vt 0.363967 0.484851
vt 0.363967 0.467647
vt 0.363967 0.443348
vt 0.370940 0.487313
vt 0.384472 0.487313
vt 0.397500 0.490374
vt 0.384472 0.490374
vt 0.405210 0.530933
vt 0.397500 0.530933
vt 0.384472 0.530933
vt 0.370940 0.490374
vt 0.363967 0.487313
vt 0.359940 0.487313
vt 0.359940 0.484851
vt 0.359940 0.467647
vt 0.359940 0.490374
vt 0.363967 0.490374
vt 0.359940 0.530933
vt 0.370940 0.530933
vt 0.363967 0.530933
vt 0.359940 0.535057
vt 0.356696 0.535057
vt 0.356646 0.530914
vt 0.356646 0.490464
vt 0.356625 0.487498
vt 0.356625 0.484888
vt 0.356604 0.467598
vt 0.348552 0.530896
vt 0.347283 0.490622
vt 0.347453 0.487616
vt 0.347580 0.484928
vt 0.347283 0.467415
vt 0.348322 0.438423
vt 0.348425 0.435693
vt 0.338619 0.426401
vt 0.338165 0.434593
vt 0.337916 0.437738
vt 0.336719 0.465742
vt 0.337057 0.481197
vt 0.337057 0.484794
vt 0.337057 0.487549
vt 0.336972 0.490420
vt 0.338367 0.530962
vt 0.338452 0.534971
vt 0.348298 0.534971
vt 0.356597 0.535105
vt 0.309385 0.345823
vt 0.309213 0.341928
vt 0.300086 0.341928
vt 0.309079 0.338433
vt 0.279440 0.281205
vt 0.279440 0.271648
vt 0.272356 0.272787
vt 0.285323 0.279741
vt 0.285323 0.286218
vt 0.293033 0.284393
vt 0.285323 0.316273
vt 0.293033 0.316273
vt 0.293033 0.338433
vt 0.296805 0.338433
vt 0.296805 0.341606
vt 0.300086 0.345823
vt 0.308177 0.397796
vt 0.300086 0.397796
vt 0.308363 0.403108
vt 0.300086 0.403108
vt 0.296805 0.397796
vt 0.296805 0.403108
vt 0.318273 0.403108
vt 0.318278 0.397796
vt 0.293033 0.341605
vt 0.285323 0.341606
vt 0.285323 0.345548
vt 0.272326 0.345548
vt 0.285323 0.338433
vt 0.272326 0.341606
vt 0.258763 0.345548
vt 0.247763 0.345548
vt 0.251790 0.345548
vt 0.251790 0.341606
vt 0.247763 0.397796
vt 0.251790 0.397796
vt 0.258763 0.397796
vt 0.272326 0.397796
vt 0.285323 0.397796
vt 0.293033 0.345548
vt 0.296805 0.345548
vt 0.293033 0.397796
vt 0.293033 0.403108
vt 0.285323 0.403108
vt 0.272326 0.403108
vt 0.258763 0.403108
vt 0.251790 0.403108
vt 0.247763 0.403108
vt 0.244469 0.397772
vt 0.244470 0.345665
vt 0.247763 0.341606
vt 0.244449 0.341844
vt 0.247763 0.338433
vt 0.244520 0.403108
vt 0.226276 0.402997
vt 0.236376 0.397747
vt 0.226191 0.397834
vt 0.236122 0.402997
vt 0.244421 0.403170
vt 0.225988 0.273668
vt 0.237158 0.262033
vt 0.226442 0.263331
vt 0.236249 0.275084
vt 0.244483 0.268491
vt 0.244483 0.277900
vt 0.236146 0.278619
vt 0.244483 0.283784
vt 0.235107 0.315974
vt 0.244428 0.316210
vt 0.235403 0.338533
vt 0.244449 0.338483
vt 0.235276 0.341997
vt 0.235107 0.345868
vt 0.225740 0.277756
vt 0.224542 0.313819
vt 0.247763 0.316273
vt 0.247763 0.283995
vt 0.247763 0.277951
vt 0.247763 0.268393
vt 0.244359 0.258684
vt 0.238026 0.249151
vt 0.228054 0.244822
vt 0.240133 0.234581
vt 0.230368 0.229568
vt 0.235677 0.218039
vt 0.242199 0.219682
vt 0.246619 0.234614
vt 0.249007 0.246094
vt 0.250827 0.233385
vt 0.244223 0.250878
vt 0.249007 0.251948
vt 0.251790 0.269370
vt 0.251790 0.278927
vt 0.251790 0.284971
vt 0.251790 0.316273
vt 0.251790 0.338433
vt 0.258763 0.285784
vt 0.258763 0.316273
vt 0.258763 0.279741
vt 0.258763 0.270184
vt 0.258117 0.249966
vt 0.252582 0.248388
vt 0.279440 0.287249
vt 0.272356 0.282344
vt 0.272356 0.288388
vt 0.272356 0.316273
vt 0.265454 0.287249
vt 0.265454 0.281205
vt 0.265454 0.271648
vt 0.265454 0.252438
vt 0.258763 0.338433
vt 0.272326 0.338433
vt 0.258763 0.341606
vt 0.272356 0.254588
vt 0.296805 0.283417
vt 0.293033 0.278927
vt 0.285323 0.270184
vt 0.279440 0.253067
vt 0.272356 0.251412
vt 0.265454 0.249051
vt 0.258067 0.246118
vt 0.257461 0.245508
vt 0.252793 0.244684
vt 0.252934 0.242980
vt 0.257150 0.244150
vt 0.249014 0.221583
vt 0.253126 0.221701
vt 0.254343 0.232817
vt 0.255750 0.232464
vt 0.256909 0.232463
vt 0.258186 0.244310
vt 0.258518 0.245562
vt 0.259534 0.246314
vt 0.265454 0.248623
vt 0.272356 0.250547
vt 0.256347 0.220128
vt 0.279440 0.249678
vt 0.287450 0.251072
vt 0.293033 0.269370
vt 0.296805 0.277951
vt 0.300024 0.283549
vt 0.300055 0.316308
vt 0.309575 0.315914
vt 0.300086 0.338433
vt 0.296805 0.316273
vt 0.293375 0.249926
vt 0.308338 0.278468
vt 0.300116 0.277959
vt 0.296739 0.268393
vt 0.300181 0.258755
vt 0.296739 0.253968
vt 0.300086 0.268539
vt 0.308139 0.274891
vt 0.318507 0.273530
vt 0.318736 0.277610
vt 0.320102 0.314039
vt 0.296739 0.248089
vt 0.293493 0.246219
vt 0.293470 0.245421
vt 0.288984 0.245755
vt 0.291857 0.233826
vt 0.290756 0.233739
vt 0.292778 0.221501
vt 0.293271 0.234284
vt 0.294134 0.222446
vt 0.295960 0.234905
vt 0.299069 0.234288
vt 0.300301 0.250975
vt 0.306584 0.249312
vt 0.304419 0.234564
vt 0.307338 0.262119
vt 0.318017 0.263481
vt 0.316393 0.244956
vt 0.314141 0.229857
vt 0.308830 0.218222
vt 0.302253 0.219622
vt 0.296527 0.221393
vt 0.144941 0.475712
vt 0.150628 0.490857
vt 0.144295 0.490139
vt 0.151942 0.475752
vt 0.153035 0.463107
vt 0.136987 0.475667
vt 0.137007 0.490135
vt 0.145506 0.463040
vt 0.154072 0.451056
vt 0.136960 0.450872
vt 0.154859 0.441876
vt 0.136953 0.441665
vt 0.136953 0.440536
vt 0.121075 0.441501
vt 0.120994 0.440371
vt 0.136942 0.419919
vt 0.119531 0.419745
vt 0.121741 0.450724
vt 0.154955 0.440751
vt 0.156707 0.420175
vt 0.128747 0.462899
vt 0.129301 0.475625
vt 0.136972 0.462967
vt 0.122628 0.462849
vt 0.123571 0.475594
vt 0.124774 0.491573
vt 0.120702 0.511690
vt 0.118214 0.511690
vt 0.129945 0.490131
vt 0.127489 0.511690
vt 0.119118 0.534681
vt 0.116629 0.534681
vt 0.119118 0.539710
vt 0.117308 0.538992
vt 0.118213 0.541866
vt 0.119797 0.542584
vt 0.127263 0.543303
vt 0.127489 0.546176
vt 0.137010 0.544021
vt 0.137009 0.547614
vt 0.144232 0.546176
vt 0.144232 0.543303
vt 0.152405 0.542782
vt 0.153084 0.539908
vt 0.153988 0.542064
vt 0.155120 0.539190
vt 0.155769 0.534681
vt 0.153054 0.534681
vt 0.155543 0.511690
vt 0.152828 0.511690
vt 0.146041 0.511690
vt 0.137010 0.511690
vt 0.137009 0.534681
vt 0.126584 0.534681
vt 0.145362 0.534681
vt 0.116394 0.373744
vt 0.136947 0.376687
vt 0.116584 0.376603
vt 0.136948 0.373818
vt 0.160342 0.376943
vt 0.160581 0.374069
vt 0.318043 0.142600
vt 0.324113 0.130704
vt 0.316935 0.130097
vt 0.324113 0.144889
vt 0.331015 0.130704
vt 0.331015 0.114608
vt 0.324113 0.114583
vt 0.317006 0.116094
vt 0.315005 0.117633
vt 0.315567 0.129968
vt 0.316845 0.141814
vt 0.317176 0.143067
vt 0.318192 0.143819
vt 0.324113 0.146128
vt 0.331042 0.146969
vt 0.331015 0.148052
vt 0.338099 0.146765
vt 0.338099 0.145536
vt 0.345320 0.144841
vt 0.345534 0.144044
vt 0.346334 0.144240
vt 0.346745 0.143420
vt 0.347926 0.131265
vt 0.349415 0.131243
vt 0.351437 0.119006
vt 0.349360 0.117313
vt 0.338099 0.115208
vt 0.338099 0.130704
vt 0.317380 0.114809
vt 0.316545 0.113429
vt 0.324113 0.112861
vt 0.324113 0.113702
vt 0.331015 0.112295
vt 0.331015 0.113682
vt 0.338099 0.114119
vt 0.338099 0.113318
vt 0.349249 0.116049
vt 0.350011 0.114691
vt 0.288086 0.245915
vt 0.287676 0.246735
vt 0.288565 0.246681
vt 0.286662 0.247337
vt 0.287791 0.247457
vt 0.279440 0.249261
vt 0.078499 0.460814
vt 0.096405 0.460979
vt 0.095618 0.468105
vt 0.078498 0.459938
vt 0.096501 0.460104
vt 0.098253 0.444132
vt 0.078489 0.443933
vt 0.099551 0.432219
vt 0.078487 0.432010
vt 0.099685 0.430977
vt 0.078487 0.430767
vt 0.099820 0.429735
vt 0.078487 0.429526
vt 0.099955 0.428493
vt 0.078487 0.428284
vt 0.078493 0.410372
vt 0.101888 0.410571
vt 0.078494 0.408145
vt 0.102128 0.408340
vt 0.057940 0.408088
vt 0.058130 0.410307
vt 0.059682 0.428166
vt 0.059792 0.429407
vt 0.059902 0.430647
vt 0.060011 0.431887
vt 0.061077 0.443799
vt 0.062539 0.459810
vt 0.062621 0.460687
vt 0.063287 0.467847
vt 0.078506 0.467962
vt 0.087053 0.477409
vt 0.094581 0.477460
vt 0.086487 0.487245
vt 0.078533 0.487210
vt 0.078554 0.498442
vt 0.070848 0.487178
vt 0.071490 0.498438
vt 0.066321 0.499557
vt 0.069036 0.515175
vt 0.062248 0.515175
vt 0.060665 0.533023
vt 0.059759 0.515175
vt 0.058176 0.533023
vt 0.060665 0.536926
vt 0.058854 0.536369
vt 0.085841 0.498445
vt 0.092174 0.499002
vt 0.093488 0.487276
vt 0.070293 0.477298
vt 0.078519 0.477351
vt 0.065118 0.487153
vt 0.064174 0.477260
vt 0.087587 0.515175
vt 0.078555 0.515175
vt 0.078555 0.533023
vt 0.068131 0.533023
vt 0.068809 0.539715
vt 0.078555 0.540273
vt 0.085777 0.539715
vt 0.086909 0.533023
vt 0.094630 0.537081
vt 0.094601 0.533023
vt 0.094375 0.515175
vt 0.059759 0.538600
vt 0.061343 0.539158
vt 0.069036 0.541946
vt 0.078555 0.543062
vt 0.085777 0.541947
vt 0.093951 0.539311
vt 0.095535 0.538754
vt 0.096666 0.536523
vt 0.097316 0.533023
vt 0.097090 0.515175
vt 0.190132 0.282924
vt 0.190100 0.265748
vt 0.186851 0.265721
vt 0.199124 0.282924
vt 0.199620 0.265441
vt 0.190162 0.235977
vt 0.186785 0.228551
vt 0.186851 0.235971
vt 0.190070 0.240317
vt 0.198385 0.236373
vt 0.186851 0.240215
vt 0.183080 0.265721
vt 0.186851 0.282924
vt 0.190132 0.285637
vt 0.199259 0.285637
vt 0.183080 0.240972
vt 0.183080 0.236728
vt 0.183080 0.229309
vt 0.186785 0.217370
vt 0.183419 0.214211
vt 0.186785 0.212773
vt 0.183543 0.211353
vt 0.183526 0.210707
vt 0.185995 0.202553
vt 0.183301 0.202055
vt 0.181895 0.201709
vt 0.179031 0.210966
vt 0.178597 0.211709
vt 0.177505 0.215089
vt 0.175370 0.229941
vt 0.175370 0.237360
vt 0.175370 0.242389
vt 0.175370 0.265721
vt 0.169487 0.243189
vt 0.162402 0.265721
vt 0.162402 0.244074
vt 0.155500 0.243189
vt 0.162402 0.239382
vt 0.155500 0.238497
vt 0.169487 0.238497
vt 0.169487 0.231078
vt 0.169487 0.216659
vt 0.169487 0.214036
vt 0.177840 0.212300
vt 0.162402 0.231963
vt 0.162402 0.217841
vt 0.162402 0.215359
vt 0.162402 0.214695
vt 0.169487 0.213700
vt 0.176711 0.212181
vt 0.177725 0.211730
vt 0.178122 0.211107
vt 0.180799 0.201678
vt 0.155500 0.213526
vt 0.155500 0.213203
vt 0.155500 0.216162
vt 0.155500 0.231078
vt 0.162372 0.329007
vt 0.175370 0.333130
vt 0.175370 0.329007
vt 0.162372 0.288447
vt 0.148810 0.288447
vt 0.162372 0.285387
vt 0.148810 0.285387
vt 0.162372 0.282924
vt 0.148810 0.282924
vt 0.148810 0.265721
vt 0.148810 0.242052
vt 0.148810 0.237360
vt 0.148810 0.229941
vt 0.148150 0.214252
vt 0.162372 0.333130
vt 0.148810 0.329007
vt 0.141836 0.288447
vt 0.141836 0.285387
vt 0.141836 0.282924
vt 0.141836 0.265721
vt 0.141836 0.241421
vt 0.141836 0.236728
vt 0.141836 0.229309
vt 0.142652 0.213088
vt 0.139053 0.215793
vt 0.139053 0.211292
vt 0.141836 0.329007
vt 0.137809 0.228551
vt 0.137809 0.235971
vt 0.137809 0.240663
vt 0.137809 0.265721
vt 0.137809 0.282924
vt 0.137809 0.285387
vt 0.137809 0.288447
vt 0.137809 0.329007
vt 0.137809 0.333130
vt 0.141836 0.333130
vt 0.148810 0.333130
vt 0.134530 0.235932
vt 0.134530 0.240499
vt 0.134474 0.265671
vt 0.134495 0.282962
vt 0.134495 0.285572
vt 0.134516 0.288538
vt 0.134516 0.328988
vt 0.134566 0.333130
vt 0.126192 0.236489
vt 0.125153 0.265489
vt 0.125449 0.283001
vt 0.125323 0.285690
vt 0.125153 0.288695
vt 0.126421 0.328969
vt 0.134406 0.221000
vt 0.134530 0.228627
vt 0.126295 0.233746
vt 0.115786 0.235820
vt 0.114588 0.263816
vt 0.114926 0.279719
vt 0.114926 0.282867
vt 0.114926 0.285623
vt 0.114842 0.288494
vt 0.116237 0.329036
vt 0.116322 0.333045
vt 0.126168 0.333044
vt 0.134466 0.333178
vt 0.127204 0.223613
vt 0.128072 0.213614
vt 0.134268 0.214965
vt 0.136678 0.202313
vt 0.116034 0.232646
vt 0.116489 0.224621
vt 0.118101 0.210252
vt 0.130179 0.202303
vt 0.132245 0.190738
vt 0.139055 0.192215
vt 0.143167 0.192326
vt 0.120414 0.198411
vt 0.125724 0.189462
vt 0.148126 0.211265
vt 0.149577 0.211399
vt 0.147516 0.210782
vt 0.148546 0.210817
vt 0.148253 0.209890
vt 0.147178 0.209722
vt 0.146947 0.200688
vt 0.145807 0.200635
vt 0.146389 0.191087
vt 0.144387 0.200899
vt 0.140866 0.201370
vt 0.142840 0.210143
vt 0.142986 0.208819
vt 0.272314 0.142352
vt 0.278387 0.130389
vt 0.271220 0.129754
vt 0.278387 0.144690
vt 0.285289 0.130389
vt 0.285316 0.146783
vt 0.292374 0.145368
vt 0.292374 0.130389
vt 0.299803 0.143824
vt 0.302202 0.130932
vt 0.292374 0.114769
vt 0.303639 0.116879
vt 0.285289 0.114173
vt 0.278387 0.114167
vt 0.271298 0.115641
vt 0.269276 0.117217
vt 0.269834 0.129684
vt 0.271140 0.141632
vt 0.271433 0.142835
vt 0.272464 0.143591
vt 0.278387 0.145933
vt 0.285289 0.147870
vt 0.292374 0.146578
vt 0.299597 0.144606
vt 0.300612 0.144020
vt 0.301008 0.143212
vt 0.303686 0.130969
vt 0.305692 0.118601
vt 0.303516 0.115632
vt 0.304297 0.114243
vt 0.271661 0.114349
vt 0.270818 0.112978
vt 0.278387 0.112401
vt 0.278387 0.113256
vt 0.285289 0.111853
vt 0.285289 0.113252
vt 0.292374 0.113681
vt 0.292374 0.112843
vt 0.186851 0.288447
vt 0.183080 0.285387
vt 0.183080 0.288447
vt 0.175370 0.288447
vt 0.175370 0.285387
vt 0.175370 0.282924
vt 0.183080 0.282924
vt 0.186851 0.285387
vt 0.190132 0.288661
vt 0.199431 0.288661
vt 0.198224 0.329007
vt 0.190132 0.329007
vt 0.186851 0.329007
vt 0.183080 0.329007
vt 0.209706 0.279776
vt 0.209672 0.282924
vt 0.209682 0.285637
vt 0.209691 0.288661
vt 0.208325 0.329007
vt 0.208319 0.333130
vt 0.198408 0.333130
vt 0.190132 0.333130
vt 0.186851 0.333130
vt 0.183080 0.333130
vt 0.182805 0.192153
vt 0.184189 0.192885
vt 0.189116 0.202081
vt 0.190348 0.215040
vt 0.190227 0.221056
vt 0.190132 0.228664
vt 0.198185 0.233596
vt 0.208782 0.235707
vt 0.210149 0.263986
vt 0.196631 0.213739
vt 0.186570 0.192061
vt 0.192300 0.190691
vt 0.194465 0.202290
vt 0.198876 0.189604
vt 0.204188 0.198635
vt 0.206439 0.210357
vt 0.197384 0.223680
vt 0.208554 0.232539
vt 0.208063 0.224738
vt 0.360199 0.258750
vt 0.363595 0.237609
vt 0.360283 0.237479
vt 0.363585 0.258792
vt 0.367614 0.258792
vt 0.367533 0.238156
vt 0.374509 0.258792
vt 0.374612 0.238819
vt 0.381325 0.239679
vt 0.388007 0.258792
vt 0.388258 0.240471
vt 0.374509 0.273342
vt 0.388007 0.273342
vt 0.367614 0.273342
vt 0.363585 0.273342
vt 0.360220 0.273374
vt 0.351186 0.273408
vt 0.350891 0.258596
vt 0.351929 0.234074
vt 0.360283 0.233578
vt 0.363650 0.233625
vt 0.367533 0.234168
vt 0.374558 0.234853
vt 0.360220 0.275582
vt 0.351060 0.275682
vt 0.363585 0.275425
vt 0.367614 0.275425
vt 0.374509 0.275425
vt 0.388006 0.275425
vt 0.401073 0.275425
vt 0.374509 0.278014
vt 0.388006 0.278014
vt 0.401073 0.278014
vt 0.408828 0.278014
vt 0.388007 0.312319
vt 0.401073 0.312319
vt 0.374509 0.312319
vt 0.367614 0.278014
vt 0.363585 0.278014
vt 0.360242 0.278090
vt 0.350890 0.278223
vt 0.340664 0.275625
vt 0.340664 0.273294
vt 0.340664 0.269699
vt 0.340326 0.257180
vt 0.408828 0.312319
vt 0.408828 0.315806
vt 0.412588 0.315806
vt 0.401073 0.315806
vt 0.388007 0.315806
vt 0.374509 0.315806
vt 0.367614 0.312319
vt 0.363585 0.312319
vt 0.360242 0.312303
vt 0.352158 0.312286
vt 0.340580 0.278053
vt 0.367614 0.315806
vt 0.363585 0.315806
vt 0.360279 0.315806
vt 0.351906 0.315734
vt 0.360204 0.315847
vt 0.342059 0.315734
vt 0.341975 0.312343
vt 0.437403 0.121618
vt 0.435212 0.119259
vt 0.435458 0.120299
vt 0.424161 0.117709
vt 0.424044 0.118844
vt 0.417067 0.117153
vt 0.417096 0.118092
vt 0.410081 0.118099
vt 0.410099 0.117374
vt 0.402989 0.119294
vt 0.403404 0.118294
vt 0.401037 0.120539
vt 0.436042 0.118096
vt 0.424122 0.116928
vt 0.417039 0.115881
vt 0.410125 0.116610
vt 0.402529 0.117152
vt 0.410146 0.131196
vt 0.404086 0.140926
vt 0.410146 0.142761
vt 0.402957 0.130808
vt 0.401580 0.130536
vt 0.402865 0.140238
vt 0.403152 0.141251
vt 0.404205 0.141910
vt 0.410143 0.143766
vt 0.417069 0.144487
vt 0.417020 0.145324
vt 0.424124 0.144289
vt 0.424133 0.143335
vt 0.431365 0.142743
vt 0.431557 0.142071
vt 0.432372 0.142214
vt 0.432768 0.141614
vt 0.433898 0.131734
vt 0.435382 0.131727
vt 0.424274 0.131311
vt 0.417072 0.131120
vt 0.246897 0.545119
vt 0.246897 0.547477
vt 0.256425 0.546534
vt 0.239669 0.546534
vt 0.239669 0.544646
vt 0.231490 0.544306
vt 0.246897 0.538986
vt 0.256651 0.544646
vt 0.264122 0.544175
vt 0.264801 0.542288
vt 0.265707 0.543703
vt 0.266613 0.541816
vt 0.264801 0.538986
vt 0.267292 0.538986
vt 0.265707 0.523890
vt 0.263217 0.523890
vt 0.259265 0.510332
vt 0.256425 0.523890
vt 0.257330 0.538986
vt 0.230501 0.483632
vt 0.245714 0.477684
vt 0.229836 0.477577
vt 0.245721 0.483729
vt 0.237506 0.491626
vt 0.245733 0.491670
vt 0.245748 0.500010
vt 0.254268 0.491719
vt 0.253702 0.500039
vt 0.261795 0.491763
vt 0.260702 0.500065
vt 0.253512 0.509624
vt 0.246897 0.523890
vt 0.238538 0.538986
vt 0.230811 0.542418
vt 0.262833 0.483850
vt 0.238062 0.499982
vt 0.230840 0.538986
vt 0.237858 0.523890
vt 0.231067 0.523890
vt 0.229906 0.543833
vt 0.228774 0.541947
vt 0.228124 0.538986
vt 0.228350 0.523890
vt 0.233402 0.510332
vt 0.239155 0.509624
vt 0.246334 0.509623
vt 0.232333 0.499961
vt 0.231388 0.491593
vt 0.263619 0.477823
vt 0.245713 0.476943
vt 0.263715 0.477084
vt 0.265468 0.463574
vt 0.245703 0.463406
vt 0.266765 0.453498
vt 0.245701 0.453322
vt 0.266900 0.452448
vt 0.245701 0.452272
vt 0.267034 0.451397
vt 0.245701 0.451220
vt 0.267169 0.450347
vt 0.245701 0.450170
vt 0.245708 0.435020
vt 0.269102 0.435188
vt 0.269342 0.433301
vt 0.245709 0.433137
vt 0.225155 0.433089
vt 0.225345 0.434965
vt 0.226897 0.450071
vt 0.227006 0.451119
vt 0.227116 0.452169
vt 0.227226 0.453218
vt 0.228292 0.463292
vt 0.229754 0.476834
vt 0.403242 0.215930
vt 0.403557 0.213616
vt 0.395227 0.215058
vt 0.404355 0.213080
vt 0.404751 0.212532
vt 0.403864 0.212619
vt 0.403468 0.213102
vt 0.402462 0.213527
vt 0.395220 0.214773
vt 0.388116 0.215606
vt 0.417982 0.195346
vt 0.412342 0.196482
vt 0.414869 0.204935
vt 0.411693 0.205386
vt 0.416136 0.215874
vt 0.412492 0.214035
vt 0.412510 0.217873
vt 0.409174 0.215299
vt 0.408768 0.228099
vt 0.409273 0.212811
vt 0.409291 0.212259
vt 0.409038 0.204966
vt 0.407609 0.204691
vt 0.408499 0.196515
vt 0.406478 0.204656
vt 0.409922 0.197175
vt 0.432173 0.212123
vt 0.429940 0.201940
vt 0.420185 0.205169
vt 0.424610 0.194392
vt 0.422369 0.214824
vt 0.415940 0.220991
vt 0.412478 0.227483
vt 0.412588 0.233676
vt 0.415899 0.233531
vt 0.415806 0.237322
vt 0.424226 0.234120
vt 0.425345 0.258556
vt 0.435813 0.257324
vt 0.435458 0.269747
vt 0.434439 0.233544
vt 0.423890 0.231673
vt 0.415869 0.227539
vt 0.423096 0.223180
vt 0.433830 0.224099
vt 0.434279 0.230828
vt 0.373873 0.212723
vt 0.374248 0.212326
vt 0.373279 0.212362
vt 0.375301 0.212857
vt 0.381252 0.214675
vt 0.381239 0.214352
vt 0.388159 0.216226
vt 0.395227 0.217380
vt 0.401105 0.228604
vt 0.408768 0.234243
vt 0.412588 0.237322
vt 0.415838 0.258814
vt 0.424795 0.273342
vt 0.366597 0.204371
vt 0.364761 0.212745
vt 0.368693 0.210768
vt 0.368585 0.211814
vt 0.373913 0.215241
vt 0.381254 0.216875
vt 0.388185 0.218275
vt 0.395349 0.229553
vt 0.401153 0.234774
vt 0.408862 0.237925
vt 0.412588 0.258792
vt 0.415868 0.273342
vt 0.425029 0.275637
vt 0.408828 0.258792
vt 0.401059 0.239218
vt 0.412588 0.273342
vt 0.415868 0.275637
vt 0.425182 0.278195
vt 0.401073 0.258792
vt 0.395259 0.239851
vt 0.408828 0.273342
vt 0.412588 0.275425
vt 0.415868 0.278195
vt 0.424046 0.312319
vt 0.415868 0.312319
vt 0.412588 0.312319
vt 0.412588 0.278014
vt 0.408828 0.275425
vt 0.401073 0.273342
vt 0.381296 0.235756
vt 0.388258 0.236726
vt 0.341524 0.233495
vt 0.352032 0.231764
vt 0.360283 0.227484
vt 0.363595 0.227405
vt 0.367533 0.227879
vt 0.374502 0.228614
vt 0.381259 0.229369
vt 0.388258 0.230107
vt 0.395199 0.235742
vt 0.341772 0.230834
vt 0.352942 0.223164
vt 0.342226 0.223905
vt 0.343838 0.211947
vt 0.362432 0.205166
vt 0.355916 0.205153
vt 0.353809 0.214790
vt 0.360021 0.215862
vt 0.364786 0.216641
vt 0.368396 0.214286
vt 0.360161 0.220937
vt 0.346151 0.201861
vt 0.351461 0.194292
vt 0.357983 0.195370
vt 0.364801 0.196611
vt 0.368856 0.196721
vt 0.370160 0.203990
vt 0.372945 0.211460
vt 0.373961 0.211510
vt 0.372133 0.195646
vt 0.371557 0.203715
vt 0.372676 0.203696
vt 0.370940 0.443979
vt 0.377630 0.445116
vt 0.384532 0.446000
vt 0.370940 0.439287
vt 0.377630 0.440424
vt 0.384532 0.441308
vt 0.391617 0.445116
vt 0.397500 0.467647
vt 0.397500 0.444315
vt 0.391617 0.440424
vt 0.384532 0.433889
vt 0.377630 0.433004
vt 0.405210 0.484851
vt 0.405210 0.467647
vt 0.405210 0.442898
vt 0.397500 0.439287
vt 0.391617 0.433004
vt 0.384532 0.419793
vt 0.408982 0.467647
vt 0.408982 0.484851
vt 0.408982 0.487313
vt 0.412262 0.484851
vt 0.431852 0.482321
vt 0.381733 0.130077
vt 0.381733 0.115129
vt 0.374648 0.114559
vt 0.360565 0.129501
vt 0.360516 0.140763
vt 0.361652 0.141503
vt 0.359175 0.129394
vt 0.358651 0.117493
vt 0.360620 0.115991
vt 0.367745 0.130077
vt 0.367745 0.114564
vt 0.374648 0.130077
vt 0.381733 0.144405
vt 0.389189 0.142879
vt 0.391538 0.130587
vt 0.374675 0.145749
vt 0.367745 0.143739
vt 0.393033 0.117185
vt 0.395065 0.118824
vt 0.393040 0.130641
vt 0.390377 0.142307
vt 0.389979 0.143127
vt 0.388955 0.143663
vt 0.381733 0.145514
vt 0.374648 0.146721
vt 0.367745 0.144919
vt 0.361795 0.142693
vt 0.360772 0.141943
vt 0.392871 0.115959
vt 0.393655 0.114619
vt 0.381733 0.113271
vt 0.381733 0.114118
vt 0.374648 0.112371
vt 0.374648 0.113631
vt 0.367745 0.113672
vt 0.367745 0.112804
vt 0.360991 0.114776
vt 0.360163 0.113408
vt 0.168844 0.436411
vt 0.169909 0.448323
vt 0.187322 0.448458
vt 0.171372 0.464335
vt 0.187331 0.464463
vt 0.205237 0.465503
vt 0.337057 0.482264
vt 0.397500 0.535057
vt 0.384472 0.535057
vt 0.370940 0.535057
vt 0.363967 0.535057
vt 0.030265 0.536002
vt 0.038052 0.521696
vt 0.030084 0.521542
vt 0.038019 0.535884
vt 0.044333 0.535391
vt 0.043827 0.521378
vt 0.024425 0.507601
vt 0.030246 0.506986
vt 0.030246 0.500260
vt 0.035417 0.507241
vt 0.040521 0.508827
vt 0.045084 0.520726
vt 0.045828 0.535143
vt 0.044333 0.537161
vt 0.037628 0.539364
vt 0.030543 0.539914
vt 0.023375 0.539368
vt 0.023562 0.540691
vt 0.017103 0.538592
vt 0.016345 0.537174
vt 0.045762 0.536949
vt 0.044772 0.538158
vt 0.043602 0.538581
vt 0.037463 0.540688
vt 0.030513 0.541167
vt 0.035826 0.500260
vt 0.040521 0.500260
vt 0.036636 0.491622
vt 0.030260 0.491616
vt 0.015967 0.538174
vt 0.014925 0.536972
vt 0.014363 0.535201
vt 0.016317 0.535426
vt 0.016296 0.521702
vt 0.022124 0.522194
vt 0.019346 0.509583
vt 0.024442 0.500260
vt 0.024234 0.491607
vt 0.030285 0.483163
vt 0.041588 0.483180
vt 0.041054 0.491624
vt 0.042136 0.474732
vt 0.014428 0.521467
vt 0.019346 0.500260
vt 0.018808 0.491596
vt 0.018307 0.483130
vt 0.030317 0.474704
vt 0.030321 0.473862
vt 0.042192 0.473890
vt 0.042997 0.461856
vt 0.030387 0.461811
vt 0.030467 0.450490
vt 0.017159 0.461774
vt 0.016618 0.450467
vt 0.043780 0.450554
vt 0.017787 0.473822
vt 0.017832 0.474665
vt 0.071948 0.365526
vt 0.073124 0.382184
vt 0.070691 0.382074
vt 0.044445 0.382049
vt 0.044334 0.397201
vt 0.040934 0.397634
vt 0.048677 0.381200
vt 0.049290 0.396735
vt 0.057356 0.380510
vt 0.057296 0.396367
vt 0.065542 0.381391
vt 0.065727 0.396887
vt 0.071118 0.397484
vt 0.073599 0.397725
vt 0.075614 0.382926
vt 0.075032 0.366124
vt 0.072366 0.359735
vt 0.075249 0.360455
vt 0.072847 0.356148
vt 0.075763 0.356798
vt 0.060747 0.365587
vt 0.076043 0.398413
vt 0.087933 0.382534
vt 0.087509 0.363320
vt 0.087951 0.358492
vt 0.087746 0.348695
vt 0.099970 0.347879
vt 0.098835 0.337779
vt 0.088559 0.399173
vt 0.101300 0.399038
vt 0.101588 0.380947
vt 0.100946 0.360330
vt 0.101110 0.358594
vt 0.075807 0.344967
vt 0.087401 0.339115
vt 0.086186 0.321868
vt 0.097253 0.323522
vt 0.092955 0.310757
vt 0.084321 0.308060
vt 0.075499 0.322501
vt 0.073769 0.307643
vt 0.072805 0.322465
vt 0.071651 0.307971
vt 0.070175 0.321762
vt 0.069880 0.307041
vt 0.069208 0.321356
vt 0.068440 0.321348
vt 0.067474 0.328309
vt 0.066733 0.328906
vt 0.073179 0.334202
vt 0.062424 0.332263
vt 0.066658 0.330131
vt 0.066467 0.333194
vt 0.067195 0.329157
vt 0.070030 0.334225
vt 0.070127 0.330805
vt 0.070115 0.330070
vt 0.066459 0.329672
vt 0.065871 0.329980
vt 0.062362 0.331831
vt 0.056633 0.333231
vt 0.056591 0.333879
vt 0.050987 0.332317
vt 0.051018 0.335132
vt 0.046772 0.333111
vt 0.047803 0.356405
vt 0.043395 0.355806
vt 0.043685 0.359489
vt 0.040779 0.359790
vt 0.041409 0.365764
vt 0.038974 0.365951
vt 0.038557 0.382894
vt 0.040330 0.356074
vt 0.044523 0.365456
vt 0.048148 0.359471
vt 0.052337 0.356280
vt 0.056574 0.336835
vt 0.056836 0.356433
vt 0.052620 0.359452
vt 0.049108 0.365582
vt 0.056854 0.359465
vt 0.053211 0.365678
vt 0.056982 0.365404
vt 0.041165 0.382346
vt 0.061083 0.359380
vt 0.061332 0.356227
vt 0.062161 0.335179
vt 0.065542 0.359329
vt 0.064834 0.365387
vt 0.065865 0.356304
vt 0.070278 0.355709
vt 0.073181 0.339650
vt 0.069379 0.365162
vt 0.069985 0.359289
vt 0.075827 0.338815
vt 0.022513 0.535878
vt 0.118466 0.404401
vt 0.319659 0.334478
vt 0.224880 0.338360
vt 0.224880 0.341910
vt 0.224796 0.345609
vt 0.224880 0.334406
vt 0.114926 0.279089
vt 0.209706 0.279145
vt 0.046125 0.329066
vt 0.043225 0.333584
vt 0.039958 0.341295
vt 0.037609 0.343792
vt 0.038053 0.356821
vt 0.038527 0.360243
vt 0.050955 0.331782
vt 0.047522 0.329901
vt 0.046726 0.330113
vt 0.046946 0.329587
vt 0.046686 0.328819
vt 0.037367 0.338350
vt 0.039930 0.335843
vt 0.043181 0.330163
vt 0.045870 0.328215
vt 0.045114 0.321243
vt 0.044325 0.321244
vt 0.043999 0.306917
vt 0.043369 0.321642
vt 0.041826 0.307839
vt 0.040301 0.322329
vt 0.039358 0.307934
vt 0.038329 0.322408
vt 0.043203 0.329426
vt 0.032396 0.306667
vt 0.028901 0.321494
vt 0.027899 0.337407
vt 0.027616 0.348090
vt 0.027051 0.359673
vt 0.026796 0.361754
vt 0.024865 0.383657
vt 0.024067 0.399722
vt 0.038309 0.398355
vt 0.008510 0.399539
vt 0.009166 0.382672
vt 0.012930 0.361756
vt 0.013412 0.359283
vt 0.014668 0.348265
vt 0.016570 0.335306
vt 0.019066 0.320700
vt 0.024512 0.308972
vt 0.014047 0.274271
vt 0.013101 0.236701
vt 0.054699 0.239412
vt 0.053505 0.202916
vt 0.012155 0.199132
vt 0.052312 0.166419
vt 0.011209 0.161563
vt 0.010263 0.123993
vt 0.051119 0.129924
vt 0.091977 0.135856
vt 0.093416 0.171277
vt 0.094857 0.206699
vt 0.096297 0.242121
vt 0.097739 0.277545
vt 0.055893 0.275908
vt 0.340664 0.270147
vt 0.435361 0.278195
vt 0.435375 0.275637
vt 0.435421 0.273342
vt 0.435458 0.270196
vt 0.434026 0.312319
vt 0.434074 0.315806
vt 0.424109 0.315806
vt 0.415868 0.315806
vt 0.205334 0.464630
vt 0.207085 0.448656
vt 0.208383 0.436743
vt 0.187320 0.436535
vt 0.208517 0.435501
vt 0.187320 0.435292
vt 0.208653 0.434260
vt 0.187320 0.434050
vt 0.208787 0.433018
vt 0.187320 0.432808
vt 0.187326 0.426606
vt 0.210720 0.426804
vt 0.187327 0.424378
vt 0.210960 0.424574
vt 0.166773 0.424322
vt 0.166963 0.426541
vt 0.168515 0.432691
vt 0.168624 0.433932
vt 0.168734 0.435171
vt 0.405210 0.535057
vt 0.136941 0.399759
vt 0.158408 0.400029
vt 0.136941 0.401359
vt 0.158274 0.401629
vt 0.136941 0.402960
vt 0.158139 0.403229
vt 0.136941 0.404560
vt 0.158004 0.404829
vt 0.118136 0.399608
vt 0.118246 0.401205
vt 0.118355 0.402803
vt 0.319625 0.338433
vt 0.319636 0.341928
vt 0.319644 0.345823
vt 0.319659 0.334713
vt 0.224880 0.334640
vt 0.818427 0.514819
vt 0.830947 0.517887
vt 0.822096 0.521428
vt 0.773830 0.527865
vt 0.777519 0.527092
vt 0.777626 0.534495
vt 0.781270 0.527944
vt 0.778317 0.525294
vt 0.786266 0.523386
vt 0.767720 0.520983
vt 0.799192 0.520729
vt 0.788296 0.515274
vt 0.812223 0.520950
vt 0.816795 0.525276
vt 0.813257 0.527843
vt 0.808918 0.524147
vt 0.805095 0.529312
vt 0.803285 0.523841
vt 0.798496 0.528640
vt 0.796076 0.525290
vt 0.795592 0.527587
vt 0.770148 0.523528
vt 0.792118 0.534876
vt 0.791076 0.528131
vt 0.785037 0.533264
vt 0.775014 0.543069
vt 0.801408 0.543064
vt 0.804723 0.534377
vt 0.809772 0.530445
vt 0.807547 0.533708
vt 0.811928 0.532488
vt 0.770205 0.532907
vt 0.764700 0.534113
vt 0.743640 0.543038
vt 0.750441 0.534148
vt 0.733015 0.534472
vt 0.742096 0.533135
vt 0.734414 0.526573
vt 0.747797 0.526710
vt 0.740882 0.525020
vt 0.750353 0.524909
vt 0.744837 0.521369
vt 0.759250 0.524333
vt 0.763808 0.525474
vt 0.766533 0.527931
vt 0.763581 0.527311
vt 0.761440 0.528008
vt 0.754393 0.527600
vt 0.750640 0.526977
vt 0.758148 0.532787
vt 0.728660 0.526693
vt 0.731680 0.527133
vt 0.730108 0.525833
vt 0.733192 0.518344
vt 0.720081 0.521807
vt 0.696544 0.524281
vt 0.705784 0.525989
vt 0.701186 0.526942
vt 0.706295 0.527084
vt 0.705703 0.532520
vt 0.713411 0.526992
vt 0.714728 0.526081
vt 0.722879 0.526250
vt 0.723589 0.526855
vt 0.724484 0.532905
vt 0.715587 0.534284
vt 0.701986 0.542940
vt 0.695432 0.534327
vt 0.675165 0.542903
vt 0.675165 0.537474
vt 0.654897 0.534327
vt 0.696529 0.527629
vt 0.715676 0.527326
vt 0.717813 0.527351
vt 0.691576 0.515186
vt 0.675165 0.519733
vt 0.678025 0.525648
vt 0.675165 0.522898
vt 0.675165 0.515301
vt 0.658754 0.515186
vt 0.675165 0.528763
vt 0.675165 0.526778
vt 0.678257 0.527179
vt 0.672073 0.527179
vt 0.672254 0.527749
vt 0.666265 0.527401
vt 0.665299 0.533268
vt 0.675165 0.533603
vt 0.685030 0.533268
vt 0.691446 0.526635
vt 0.684860 0.525907
vt 0.672305 0.525648
vt 0.678076 0.527749
vt 0.684065 0.527401
vt 0.659072 0.526949
vt 0.665470 0.525907
vt 0.653786 0.524281
vt 0.653800 0.527629
vt 0.649144 0.526942
vt 0.644627 0.532520
vt 0.644035 0.527084
vt 0.636919 0.526992
vt 0.644545 0.525989
vt 0.635602 0.526081
vt 0.630249 0.521807
vt 0.634653 0.527326
vt 0.627451 0.526250
vt 0.632517 0.527351
vt 0.634743 0.534284
vt 0.648344 0.542940
vt 0.606690 0.543038
vt 0.617137 0.518344
vt 0.620222 0.525833
vt 0.626741 0.526855
vt 0.625846 0.532905
vt 0.617315 0.534472
vt 0.599889 0.534148
vt 0.585630 0.534113
vt 0.592182 0.532787
vt 0.575316 0.543069
vt 0.588890 0.528008
vt 0.595936 0.527600
vt 0.591080 0.524333
vt 0.599977 0.524909
vt 0.605493 0.521369
vt 0.609448 0.525020
vt 0.615916 0.526573
vt 0.618649 0.527133
vt 0.621670 0.526693
vt 0.602532 0.526710
vt 0.608234 0.533135
vt 0.599690 0.526977
vt 0.558212 0.534876
vt 0.548922 0.543064
vt 0.545607 0.534377
vt 0.572703 0.534495
vt 0.580125 0.532907
vt 0.551833 0.528640
vt 0.554738 0.527587
vt 0.545234 0.529312
vt 0.540557 0.530445
vt 0.537073 0.527843
vt 0.542782 0.533708
vt 0.538401 0.532488
vt 0.531903 0.514819
vt 0.562034 0.515274
vt 0.551138 0.520729
vt 0.538107 0.520950
vt 0.528234 0.521428
vt 0.533535 0.525276
vt 0.541412 0.524147
vt 0.547045 0.523841
vt 0.554253 0.525290
vt 0.559253 0.528131
vt 0.565292 0.533264
vt 0.569059 0.527944
vt 0.564064 0.523386
vt 0.519382 0.517887
vt 0.582609 0.520983
vt 0.586521 0.525474
vt 0.586749 0.527311
vt 0.583797 0.527931
vt 0.576499 0.527865
vt 0.572810 0.527092
vt 0.572012 0.525294
vt 0.580182 0.523528
vt 0.720377 0.299679
vt 0.730865 0.279289
vt 0.732867 0.281461
vt 0.703888 0.329948
vt 0.709470 0.331214
vt 0.709607 0.334704
vt 0.710902 0.324492
vt 0.703497 0.323221
vt 0.705876 0.318758
vt 0.699803 0.319722
vt 0.707893 0.314104
vt 0.709013 0.311519
vt 0.713924 0.312316
vt 0.714513 0.309368
vt 0.720036 0.311772
vt 0.720182 0.307151
vt 0.723084 0.302538
vt 0.734870 0.283634
vt 0.741777 0.262515
vt 0.739996 0.261389
vt 0.715052 0.332480
vt 0.722652 0.390136
vt 0.726037 0.367020
vt 0.742865 0.377063
vt 0.734454 0.363956
vt 0.723562 0.357734
vt 0.733939 0.351010
vt 0.723607 0.354857
vt 0.727345 0.347869
vt 0.729266 0.335886
vt 0.724992 0.343572
vt 0.718305 0.325764
vt 0.712885 0.317520
vt 0.719894 0.316282
vt 0.731101 0.305879
vt 0.708551 0.400081
vt 0.687240 0.377636
vt 0.701597 0.371928
vt 0.707357 0.371826
vt 0.713116 0.371725
vt 0.713455 0.364284
vt 0.713662 0.358943
vt 0.720539 0.351528
vt 0.719439 0.346444
vt 0.719864 0.342201
vt 0.714179 0.336651
vt 0.700512 0.333566
vt 0.698045 0.328184
vt 0.703909 0.334641
vt 0.708997 0.335524
vt 0.713069 0.338035
vt 0.717979 0.342598
vt 0.716415 0.345372
vt 0.714172 0.349068
vt 0.713989 0.354973
vt 0.706435 0.353830
vt 0.704907 0.357858
vt 0.698882 0.352687
vt 0.696152 0.356773
vt 0.704947 0.346452
vt 0.697594 0.362997
vt 0.705525 0.363641
vt 0.690565 0.361604
vt 0.690141 0.354943
vt 0.681817 0.345905
vt 0.687108 0.341690
vt 0.689893 0.344669
vt 0.696692 0.340715
vt 0.694538 0.348857
vt 0.699939 0.343911
vt 0.704597 0.345023
vt 0.709033 0.346052
vt 0.709560 0.347760
vt 0.712729 0.347511
vt 0.715209 0.344741
vt 0.712391 0.346035
vt 0.709257 0.344784
vt 0.705149 0.343990
vt 0.700899 0.343055
vt 0.698889 0.340025
vt 0.698173 0.338932
vt 0.696128 0.336190
vt 0.697825 0.337217
vt 0.701342 0.336218
vt 0.702129 0.336910
vt 0.703924 0.335262
vt 0.701269 0.341851
vt 0.700458 0.339403
vt 0.699086 0.338981
vt 0.699335 0.337880
vt 0.700794 0.338488
vt 0.700590 0.338925
vt 0.652834 0.362970
vt 0.645521 0.357818
vt 0.654281 0.356744
vt 0.659867 0.361584
vt 0.660297 0.354919
vt 0.666601 0.359481
vt 0.666028 0.353782
vt 0.668573 0.352616
vt 0.668633 0.345891
vt 0.675225 0.347812
vt 0.675227 0.344206
vt 0.680839 0.342223
vt 0.685158 0.335880
vt 0.689671 0.333462
vt 0.692108 0.325850
vt 0.683368 0.330122
vt 0.683038 0.320850
vt 0.691740 0.321258
vt 0.643996 0.353785
vt 0.645492 0.346408
vt 0.651554 0.352652
vt 0.650499 0.343869
vt 0.655902 0.348824
vt 0.653749 0.340667
vt 0.660554 0.344639
vt 0.663344 0.341662
vt 0.669616 0.342209
vt 0.675230 0.339233
vt 0.679762 0.337676
vt 0.678838 0.332917
vt 0.677724 0.322184
vt 0.677653 0.314356
vt 0.675255 0.314153
vt 0.675262 0.308446
vt 0.675245 0.322682
vt 0.675234 0.333768
vt 0.670700 0.337664
vt 0.665304 0.335851
vt 0.660790 0.333416
vt 0.654319 0.336132
vt 0.652416 0.328100
vt 0.649931 0.333484
vt 0.646562 0.329845
vt 0.646527 0.334544
vt 0.671631 0.332905
vt 0.667104 0.330093
vt 0.658365 0.325785
vt 0.650672 0.319614
vt 0.646965 0.323105
vt 0.667454 0.320816
vt 0.658743 0.321187
vt 0.672767 0.322173
vt 0.672856 0.314344
vt 0.630270 0.306933
vt 0.630087 0.299414
vt 0.633920 0.304659
vt 0.635865 0.309142
vt 0.639759 0.306907
vt 0.641461 0.311351
vt 0.645597 0.309156
vt 0.655734 0.308976
vt 0.660255 0.310538
vt 0.667288 0.311402
vt 0.673062 0.307795
vt 0.664323 0.300175
vt 0.665420 0.299703
vt 0.669639 0.300842
vt 0.670002 0.303240
vt 0.669038 0.306633
vt 0.659898 0.308246
vt 0.655055 0.304987
vt 0.660159 0.302311
vt 0.643652 0.304673
vt 0.649733 0.306961
vt 0.651430 0.303710
vt 0.654919 0.297961
vt 0.660968 0.295569
vt 0.663439 0.296675
vt 0.666737 0.298708
vt 0.669473 0.298039
vt 0.671920 0.297690
vt 0.666642 0.296278
vt 0.666474 0.293308
vt 0.660387 0.290421
vt 0.667279 0.291896
vt 0.675283 0.294250
vt 0.645638 0.301558
vt 0.639846 0.299406
vt 0.637571 0.302385
vt 0.632810 0.296538
vt 0.634161 0.292324
vt 0.619529 0.278775
vt 0.643998 0.291485
vt 0.648395 0.293903
vt 0.652791 0.296321
vt 0.648556 0.283593
vt 0.636500 0.282306
vt 0.622876 0.275321
vt 0.619090 0.260998
vt 0.611989 0.260235
vt 0.622544 0.244594
vt 0.618147 0.238228
vt 0.627241 0.231395
vt 0.615101 0.234458
vt 0.628388 0.223124
vt 0.634250 0.232639
vt 0.630470 0.265340
vt 0.622205 0.257969
vt 0.623448 0.251840
vt 0.610224 0.261343
vt 0.660857 0.268363
vt 0.645456 0.266799
vt 0.633301 0.261081
vt 0.623545 0.254649
vt 0.625158 0.255014
vt 0.626704 0.252101
vt 0.630344 0.243250
vt 0.646304 0.240032
vt 0.642667 0.253951
vt 0.638534 0.257551
vt 0.651361 0.259256
vt 0.649268 0.261389
vt 0.663180 0.261835
vt 0.629433 0.256025
vt 0.634957 0.259433
vt 0.641640 0.224118
vt 0.648614 0.231016
vt 0.656697 0.234065
vt 0.654861 0.243873
vt 0.653422 0.257336
vt 0.665887 0.259714
vt 0.675319 0.262750
vt 0.716007 0.232514
vt 0.704042 0.239732
vt 0.701739 0.230855
vt 0.719842 0.243150
vt 0.707568 0.253072
vt 0.711491 0.256269
vt 0.699465 0.258955
vt 0.701552 0.261178
vt 0.687503 0.261748
vt 0.684770 0.259637
vt 0.675314 0.259859
vt 0.666163 0.257091
vt 0.665834 0.244685
vt 0.665984 0.235121
vt 0.664453 0.220240
vt 0.695640 0.243651
vt 0.697365 0.257088
vt 0.684702 0.244594
vt 0.684477 0.235049
vt 0.684479 0.257013
vt 0.693723 0.233925
vt 0.685936 0.220189
vt 0.680613 0.220682
vt 0.675236 0.235317
vt 0.675269 0.244848
vt 0.675311 0.258060
vt 0.652993 0.211736
vt 0.668328 0.207841
vt 0.665379 0.216878
vt 0.670072 0.216597
vt 0.669789 0.220708
vt 0.675202 0.220607
vt 0.680316 0.216576
vt 0.685001 0.216838
vt 0.697345 0.211676
vt 0.682035 0.207823
vt 0.690726 0.193299
vt 0.675166 0.185560
vt 0.675158 0.164495
vt 0.659600 0.193316
vt 0.633478 0.191691
vt 0.630675 0.209089
vt 0.675181 0.205568
vt 0.675195 0.216619
vt 0.649029 0.215597
vt 0.629535 0.214854
vt 0.701302 0.215521
vt 0.719609 0.209033
vt 0.716820 0.191667
vt 0.675157 0.161210
vt 0.580822 0.194352
vt 0.602673 0.210289
vt 0.578370 0.212262
vt 0.599016 0.221146
vt 0.578611 0.231008
vt 0.598409 0.234284
vt 0.582244 0.248379
vt 0.549506 0.195200
vt 0.598563 0.163611
vt 0.675157 0.148993
vt 0.502667 0.199954
vt 0.523322 0.218566
vt 0.500535 0.247286
vt 0.555879 0.166684
vt 0.614339 0.137306
vt 0.675158 0.137449
vt 0.751745 0.163608
vt 0.769478 0.194345
vt 0.747611 0.210265
vt 0.720740 0.214786
vt 0.708655 0.224017
vt 0.721862 0.223031
vt 0.722984 0.231277
vt 0.647170 0.117970
vt 0.675159 0.114085
vt 0.808485 0.242873
vt 0.817459 0.231294
vt 0.771926 0.212256
vt 0.751256 0.221119
vt 0.738170 0.230612
vt 0.735101 0.234359
vt 0.732032 0.238106
vt 0.727550 0.244398
vt 0.723444 0.252439
vt 0.720857 0.256903
vt 0.714868 0.257411
vt 0.724735 0.254688
vt 0.726489 0.251472
vt 0.726193 0.253858
vt 0.738215 0.260264
vt 0.751855 0.234266
vt 0.771683 0.231012
vt 0.795082 0.257765
vt 0.809751 0.284840
vt 0.817737 0.284284
vt 0.813182 0.313355
vt 0.821915 0.319841
vt 0.812616 0.317582
vt 0.819432 0.325277
vt 0.814559 0.324890
vt 0.748951 0.266498
vt 0.768051 0.248404
vt 0.745967 0.290475
vt 0.761657 0.274805
vt 0.780894 0.274581
vt 0.794801 0.282929
vt 0.806401 0.313909
vt 0.807572 0.316980
vt 0.809125 0.319161
vt 0.811465 0.320877
vt 0.808399 0.320638
vt 0.810594 0.323784
vt 0.804139 0.328492
vt 0.801836 0.338414
vt 0.796453 0.336546
vt 0.733302 0.319211
vt 0.741262 0.309674
vt 0.754981 0.296597
vt 0.775408 0.290796
vt 0.794049 0.311968
vt 0.794721 0.335324
vt 0.783966 0.328770
vt 0.777653 0.347463
vt 0.759506 0.321244
vt 0.755924 0.361331
vt 0.745926 0.338866
vt 0.744744 0.354428
vt 0.763803 0.306650
vt 0.788437 0.356867
vt 0.769303 0.369579
vt 0.802652 0.346414
vt 0.800747 0.348480
vt 0.802099 0.345361
vt 0.798909 0.347466
vt 0.789939 0.358219
vt 0.785524 0.375946
vt 0.783684 0.377122
vt 0.755591 0.387611
vt 0.803932 0.371577
vt 0.804467 0.378237
vt 0.802301 0.379002
vt 0.797701 0.376420
vt 0.795665 0.379350
vt 0.793988 0.370116
vt 0.793029 0.362998
vt 0.795537 0.356229
vt 0.797024 0.356923
vt 0.801248 0.349387
vt 0.804049 0.349152
vt 0.804723 0.348559
vt 0.805884 0.354201
vt 0.807070 0.352838
vt 0.807894 0.355910
vt 0.805896 0.357536
vt 0.797883 0.367181
vt 0.797991 0.357038
vt 0.800573 0.360678
vt 0.798071 0.361201
vt 0.799482 0.366152
vt 0.796457 0.362161
vt 0.800765 0.370883
vt 0.801402 0.369663
vt 0.800725 0.363789
vt 0.801057 0.363611
vt 0.801324 0.360250
vt 0.803267 0.361135
vt 0.803278 0.359155
vt 0.802982 0.357944
vt 0.802930 0.350670
vt 0.801099 0.355678
vt 0.803220 0.366913
vt 0.804254 0.370540
vt 0.803428 0.366116
vt 0.803799 0.362657
vt 0.806148 0.359681
vt 0.807918 0.358308
vt 0.809585 0.356826
vt 0.809355 0.359850
vt 0.807899 0.361183
vt 0.809253 0.363483
vt 0.807987 0.364633
vt 0.809349 0.364895
vt 0.807939 0.366018
vt 0.808032 0.369112
vt 0.812198 0.360642
vt 0.811970 0.360071
vt 0.813928 0.358985
vt 0.810174 0.367359
vt 0.806565 0.362039
vt 0.806648 0.365472
vt 0.805014 0.366054
vt 0.805369 0.366761
vt 0.806651 0.366500
vt 0.805953 0.370343
vt 0.810042 0.353151
vt 0.812192 0.355036
vt 0.811442 0.357885
vt 0.813636 0.357288
vt 0.815162 0.358925
vt 0.810463 0.367808
vt 0.808208 0.370250
vt 0.805937 0.371360
vt 0.816470 0.343089
vt 0.816429 0.352974
vt 0.815815 0.352216
vt 0.817330 0.329573
vt 0.813520 0.327510
vt 0.816092 0.331493
vt 0.810851 0.335837
vt 0.819176 0.339667
vt 0.819164 0.343418
vt 0.817816 0.353945
vt 0.816380 0.359642
vt 0.811180 0.370416
vt 0.809098 0.373261
vt 0.812190 0.372401
vt 0.810107 0.375521
vt 0.805018 0.380883
vt 0.802447 0.381025
vt 0.866386 0.294273
vt 0.858834 0.318950
vt 0.848887 0.276992
vt 0.841640 0.311359
vt 0.829370 0.287550
vt 0.827226 0.333606
vt 0.824173 0.336723
vt 0.820750 0.339488
vt 0.820654 0.343633
vt 0.819200 0.355311
vt 0.817647 0.361191
vt 0.851003 0.339043
vt 0.828366 0.354471
vt 0.827569 0.342307
vt 0.824359 0.342634
vt 0.823628 0.355162
vt 0.820289 0.363850
vt 0.813687 0.376256
vt 0.810945 0.379984
vt 0.826683 0.356293
vt 0.823714 0.368084
vt 0.817215 0.380200
vt 0.811609 0.385046
vt 0.816405 0.378780
vt 0.822832 0.366861
vt 0.811306 0.387221
vt 0.805601 0.388862
vt 0.804967 0.385296
vt 0.801892 0.386350
vt 0.795054 0.382567
vt 0.792907 0.384221
vt 0.792778 0.385384
vt 0.774049 0.400575
vt 0.742057 0.407634
vt 0.800750 0.389463
vt 0.800750 0.391050
vt 0.783027 0.404307
vt 0.761182 0.423880
vt 0.724687 0.423761
vt 0.749331 0.438661
vt 0.758737 0.441818
vt 0.769328 0.427198
vt 0.791077 0.408434
vt 0.801963 0.408593
vt 0.805329 0.390339
vt 0.812591 0.399498
vt 0.821809 0.388912
vt 0.748329 0.456247
vt 0.737672 0.451948
vt 0.832463 0.375065
vt 0.821885 0.409186
vt 0.810858 0.416844
vt 0.792677 0.427974
vt 0.776942 0.430413
vt 0.767811 0.444160
vt 0.759686 0.458077
vt 0.738920 0.469893
vt 0.725666 0.464931
vt 0.709632 0.433697
vt 0.691778 0.407988
vt 0.694019 0.443114
vt 0.675199 0.412596
vt 0.675210 0.380209
vt 0.675216 0.364001
vt 0.681254 0.361455
vt 0.683835 0.359493
vt 0.602044 0.456247
vt 0.612703 0.451945
vt 0.624709 0.464928
vt 0.640752 0.433688
vt 0.656365 0.443108
vt 0.658621 0.407981
vt 0.663181 0.377624
vt 0.669181 0.361447
vt 0.675221 0.353172
vt 0.681870 0.352628
vt 0.684413 0.353797
vt 0.648821 0.371902
vt 0.644898 0.363605
vt 0.643059 0.371795
vt 0.636963 0.364239
vt 0.627744 0.390109
vt 0.637296 0.371688
vt 0.641848 0.400065
vt 0.625696 0.423750
vt 0.601042 0.438657
vt 0.608322 0.407616
vt 0.589187 0.423874
vt 0.576313 0.400561
vt 0.567331 0.404299
vt 0.557575 0.385371
vt 0.549600 0.391045
vt 0.549600 0.389457
vt 0.544748 0.388859
vt 0.545381 0.385290
vt 0.548457 0.386343
vt 0.555297 0.382553
vt 0.557445 0.384207
vt 0.545020 0.390335
vt 0.539042 0.387221
vt 0.624088 0.366870
vt 0.607519 0.377022
vt 0.594781 0.387582
vt 0.566671 0.377098
vt 0.564830 0.375923
vt 0.554686 0.379335
vt 0.547901 0.381016
vt 0.545330 0.380874
vt 0.539401 0.379979
vt 0.548047 0.378991
vt 0.533939 0.378779
vt 0.527509 0.366858
vt 0.530051 0.363845
vt 0.536657 0.376252
vt 0.540237 0.375514
vt 0.545880 0.378227
vt 0.546414 0.371563
vt 0.552647 0.376405
vt 0.549582 0.370866
vt 0.552463 0.367159
vt 0.556362 0.370094
vt 0.553890 0.362136
vt 0.557319 0.362971
vt 0.554808 0.356199
vt 0.538738 0.385044
vt 0.533130 0.380200
vt 0.526627 0.368083
vt 0.560409 0.358186
vt 0.551434 0.347434
vt 0.553321 0.356895
vt 0.552275 0.361176
vt 0.550865 0.366131
vt 0.548944 0.369646
vt 0.546092 0.370526
vt 0.544392 0.370330
vt 0.544976 0.366745
vt 0.543696 0.365456
vt 0.545330 0.366038
vt 0.547125 0.366895
vt 0.546917 0.366099
vt 0.549621 0.363769
vt 0.543694 0.366485
vt 0.542356 0.364618
vt 0.543778 0.362022
vt 0.546545 0.362638
vt 0.549288 0.363590
vt 0.549772 0.360656
vt 0.552354 0.357012
vt 0.540994 0.364882
vt 0.541091 0.363469
vt 0.542444 0.361166
vt 0.544195 0.359662
vt 0.547077 0.361114
vt 0.549021 0.360228
vt 0.549244 0.355653
vt 0.549094 0.349358
vt 0.549595 0.348451
vt 0.548242 0.345332
vt 0.548504 0.338380
vt 0.545886 0.339416
vt 0.547688 0.346385
vt 0.547252 0.345379
vt 0.545617 0.348533
vt 0.546292 0.349126
vt 0.544458 0.354180
vt 0.547412 0.350644
vt 0.547361 0.357922
vt 0.547065 0.359134
vt 0.544446 0.357516
vt 0.542424 0.358290
vt 0.540986 0.359833
vt 0.538372 0.360057
vt 0.538143 0.360629
vt 0.536413 0.358973
vt 0.536704 0.357274
vt 0.535179 0.358913
vt 0.542448 0.355891
vt 0.540757 0.356809
vt 0.543271 0.352817
vt 0.540298 0.353132
vt 0.538149 0.355021
vt 0.538899 0.357870
vt 0.537320 0.356001
vt 0.534523 0.352202
vt 0.535247 0.350942
vt 0.533866 0.343072
vt 0.536174 0.349879
vt 0.536464 0.341929
vt 0.538020 0.347027
vt 0.533909 0.352961
vt 0.531172 0.343403
vt 0.539485 0.335812
vt 0.531160 0.339650
vt 0.529585 0.339473
vt 0.532522 0.353934
vt 0.529682 0.343619
vt 0.526160 0.336711
vt 0.533003 0.329552
vt 0.534242 0.331471
vt 0.536813 0.327485
vt 0.541152 0.334919
vt 0.508686 0.311355
vt 0.491491 0.318960
vt 0.501433 0.276989
vt 0.499328 0.339052
vt 0.521971 0.354468
vt 0.523107 0.333595
vt 0.522766 0.342299
vt 0.525976 0.342623
vt 0.531138 0.355301
vt 0.533960 0.359631
vt 0.539880 0.367797
vt 0.540171 0.367348
vt 0.542405 0.366004
vt 0.542312 0.369100
vt 0.542137 0.370238
vt 0.539164 0.370406
vt 0.532693 0.361182
vt 0.526710 0.355156
vt 0.523654 0.356289
vt 0.544409 0.371348
vt 0.541247 0.373252
vt 0.538154 0.372394
vt 0.528537 0.388918
vt 0.517878 0.375073
vt 0.510674 0.363245
vt 0.492507 0.374356
vt 0.475732 0.354612
vt 0.483934 0.294282
vt 0.458249 0.319455
vt 0.478016 0.245955
vt 0.478068 0.387736
vt 0.453049 0.399474
vt 0.501030 0.383723
vt 0.509911 0.392742
vt 0.528466 0.409202
vt 0.537759 0.399503
vt 0.548391 0.408597
vt 0.559280 0.408432
vt 0.581039 0.427196
vt 0.591633 0.441818
vt 0.513125 0.419237
vt 0.532963 0.434949
vt 0.564123 0.451664
vt 0.596849 0.471648
vt 0.567767 0.466294
vt 0.541223 0.430117
vt 0.539498 0.416856
vt 0.557684 0.427981
vt 0.573423 0.430415
vt 0.582558 0.444163
vt 0.590687 0.458082
vt 0.611456 0.469893
vt 0.560916 0.439932
vt 0.703147 0.117970
vt 0.675161 0.101904
vt 0.722380 0.109234
vt 0.735974 0.137306
vt 0.794435 0.166688
vt 0.800805 0.195201
vt 0.800535 0.148856
vt 0.847650 0.199958
vt 0.826993 0.218570
vt 0.627940 0.109232
vt 0.549784 0.148851
vt 0.872297 0.245950
vt 0.849782 0.247288
vt 0.831764 0.243906
vt 0.892074 0.319418
vt 0.874601 0.354579
vt 0.857831 0.374329
vt 0.839663 0.363237
vt 0.753526 0.471643
vt 0.786246 0.451651
vt 0.782606 0.466280
vt 0.817398 0.434925
vt 0.814670 0.452266
vt 0.833888 0.441542
vt 0.837229 0.419206
vt 0.840435 0.392721
vt 0.849312 0.383699
vt 0.843333 0.435670
vt 0.809136 0.430101
vt 0.789448 0.439921
vt 0.719067 0.478368
vt 0.720147 0.478408
vt 0.720152 0.477852
vt 0.717831 0.478751
vt 0.718558 0.479645
vt 0.715667 0.477820
vt 0.718582 0.477214
vt 0.716210 0.476573
vt 0.717835 0.477923
vt 0.715675 0.479175
vt 0.716241 0.480747
vt 0.712816 0.479502
vt 0.713171 0.481601
vt 0.709538 0.479624
vt 0.709539 0.481921
vt 0.705906 0.481605
vt 0.706259 0.479507
vt 0.702834 0.480755
vt 0.703400 0.479184
vt 0.703408 0.477829
vt 0.701239 0.477939
vt 0.706273 0.477740
vt 0.709538 0.477697
vt 0.712804 0.477736
vt 0.700522 0.479661
vt 0.701244 0.478767
vt 0.700005 0.478393
vt 0.698609 0.477940
vt 0.700493 0.477230
vt 0.702868 0.476579
vt 0.705962 0.476066
vt 0.709540 0.475830
vt 0.713117 0.476063
vt 0.698924 0.478442
vt 0.488738 0.492920
vt 0.493894 0.493614
vt 0.489889 0.496686
vt 0.497186 0.495616
vt 0.494157 0.503130
vt 0.504832 0.498961
vt 0.500097 0.491501
vt 0.495248 0.489053
vt 0.490449 0.487438
vt 0.483149 0.493899
vt 0.483527 0.501576
vt 0.490104 0.513991
vt 0.483199 0.487074
vt 0.471413 0.486693
vt 0.470361 0.496125
vt 0.460010 0.493753
vt 0.460318 0.487248
vt 0.459818 0.500105
vt 0.465106 0.507488
vt 0.478816 0.510948
vt 0.473161 0.510665
vt 0.479781 0.528816
vt 0.463345 0.514413
vt 0.461889 0.535059
vt 0.467465 0.546836
vt 0.496745 0.537691
vt 0.506939 0.515158
vt 0.531379 0.528587
vt 0.532314 0.529001
vt 0.531222 0.529635
vt 0.532289 0.527871
vt 0.530971 0.527815
vt 0.530287 0.528958
vt 0.529609 0.528060
vt 0.527895 0.528008
vt 0.528393 0.529670
vt 0.527512 0.526998
vt 0.523678 0.529692
vt 0.529242 0.532440
vt 0.525308 0.535077
vt 0.532756 0.533891
vt 0.538604 0.538792
vt 0.527371 0.538494
vt 0.527828 0.543284
vt 0.513782 0.543213
vt 0.506032 0.537874
vt 0.529637 0.530703
vt 0.539672 0.543266
vt 0.526422 0.525704
vt 0.506001 0.531869
vt 0.517230 0.528089
vt 0.523282 0.522851
vt 0.509054 0.523587
vt 0.505594 0.525102
vt 0.505274 0.530247
vt 0.885223 0.507488
vt 0.877169 0.510665
vt 0.871514 0.510948
vt 0.886984 0.514413
vt 0.878917 0.486693
vt 0.890012 0.487248
vt 0.890319 0.493753
vt 0.879969 0.496125
vt 0.890512 0.500105
vt 0.866802 0.501576
vt 0.860225 0.513991
vt 0.870549 0.528816
vt 0.888440 0.535059
vt 0.882864 0.546836
vt 0.853584 0.537691
vt 0.843391 0.515158
vt 0.856173 0.503130
vt 0.845498 0.498961
vt 0.853144 0.495616
vt 0.867181 0.493899
vt 0.867131 0.487074
vt 0.859880 0.487438
vt 0.850232 0.491501
vt 0.856436 0.493614
vt 0.855082 0.489053
vt 0.861592 0.492920
vt 0.860441 0.496686
vt 0.528416 0.319822
vt 0.520953 0.287536
vt 0.532587 0.284263
vt 0.543110 0.332233
vt 0.539740 0.323755
vt 0.535774 0.324865
vt 0.530900 0.325257
vt 0.518554 0.243900
vt 0.532857 0.231286
vt 0.541830 0.242860
vt 0.540573 0.284812
vt 0.537149 0.313327
vt 0.537716 0.317554
vt 0.538867 0.320848
vt 0.590855 0.321133
vt 0.586545 0.306532
vt 0.595368 0.296432
vt 0.574920 0.290712
vt 0.588650 0.274712
vt 0.569425 0.274525
vt 0.555233 0.257739
vt 0.572701 0.347410
vt 0.594450 0.361275
vt 0.581060 0.369539
vt 0.566378 0.328708
vt 0.555522 0.282886
vt 0.556285 0.311916
vt 0.555620 0.335280
vt 0.561912 0.356832
vt 0.553888 0.336506
vt 0.543930 0.313873
vt 0.542761 0.316947
vt 0.546197 0.328457
vt 0.541934 0.320605
vt 0.541207 0.319129
vt 0.629517 0.495050
vt 0.608590 0.490925
vt 0.645332 0.490925
vt 0.616052 0.495161
vt 0.623133 0.497814
vt 0.616646 0.499653
vt 0.634730 0.499534
vt 0.634636 0.501071
vt 0.629309 0.501115
vt 0.634499 0.502453
vt 0.629151 0.502654
vt 0.626717 0.501107
vt 0.629298 0.499733
vt 0.642582 0.495180
vt 0.658617 0.495074
vt 0.639689 0.501053
vt 0.639103 0.502094
vt 0.642822 0.506525
vt 0.628267 0.506045
vt 0.624953 0.502478
vt 0.624714 0.501492
vt 0.614600 0.501998
vt 0.612426 0.501768
vt 0.610605 0.499433
vt 0.598028 0.499120
vt 0.580768 0.496616
vt 0.577054 0.499187
vt 0.546920 0.496651
vt 0.641645 0.500971
vt 0.643950 0.502232
vt 0.650105 0.506533
vt 0.653703 0.501803
vt 0.655632 0.506443
vt 0.654673 0.511163
vt 0.624039 0.510901
vt 0.622875 0.506593
vt 0.614136 0.506577
vt 0.615683 0.503218
vt 0.643893 0.501197
vt 0.643725 0.513895
vt 0.591094 0.513894
vt 0.675165 0.513895
vt 0.675165 0.511627
vt 0.675165 0.506831
vt 0.656612 0.500854
vt 0.659951 0.501145
vt 0.659493 0.501913
vt 0.669611 0.502671
vt 0.674628 0.501549
vt 0.675165 0.503920
vt 0.653972 0.501098
vt 0.643634 0.499827
vt 0.640606 0.499920
vt 0.658471 0.500030
vt 0.655566 0.500065
vt 0.644700 0.486247
vt 0.607936 0.486247
vt 0.675165 0.490925
vt 0.675165 0.495422
vt 0.670101 0.500006
vt 0.675165 0.500378
vt 0.675165 0.486247
vt 0.705630 0.486247
vt 0.742394 0.486247
vt 0.741740 0.490925
vt 0.704997 0.490925
vt 0.691713 0.495074
vt 0.691858 0.500030
vt 0.680229 0.500006
vt 0.675702 0.501549
vt 0.690379 0.501145
vt 0.693718 0.500854
vt 0.769886 0.505938
vt 0.796215 0.511059
vt 0.759554 0.510923
vt 0.751933 0.506699
vt 0.752932 0.503441
vt 0.742157 0.503349
vt 0.739807 0.501558
vt 0.737903 0.501768
vt 0.739725 0.499433
vt 0.734278 0.495161
vt 0.720813 0.495050
vt 0.707748 0.495180
vt 0.694763 0.500065
vt 0.696357 0.501098
vt 0.696626 0.501803
vt 0.706437 0.501197
vt 0.752302 0.499120
vt 0.733683 0.499653
vt 0.727919 0.498191
vt 0.706379 0.502232
vt 0.708685 0.500971
vt 0.706696 0.499827
vt 0.721031 0.499733
vt 0.715600 0.499534
vt 0.709723 0.499920
vt 0.710641 0.501053
vt 0.727455 0.506593
vt 0.734647 0.503218
vt 0.736194 0.506577
vt 0.735729 0.501998
vt 0.725615 0.501492
vt 0.724958 0.499944
vt 0.723613 0.501107
vt 0.721021 0.501115
vt 0.715694 0.501071
vt 0.711226 0.502094
vt 0.707508 0.506525
vt 0.700224 0.506533
vt 0.726290 0.510901
vt 0.715831 0.502453
vt 0.721178 0.502654
vt 0.722062 0.506045
vt 0.725376 0.502478
vt 0.695657 0.511163
vt 0.694697 0.506443
vt 0.690837 0.501913
vt 0.680719 0.502671
vt 0.706605 0.513895
vt 0.759236 0.513894
vt 0.796481 0.513895
vt 0.826801 0.513895
vt 0.824226 0.511281
vt 0.836493 0.513895
vt 0.836493 0.511376
vt 0.836493 0.501483
vt 0.825177 0.501557
vt 0.836493 0.496276
vt 0.825797 0.495990
vt 0.836493 0.490925
vt 0.816915 0.490925
vt 0.836493 0.486247
vt 0.817694 0.486247
vt 0.776570 0.490925
vt 0.778306 0.486247
vt 0.803410 0.496651
vt 0.818111 0.502724
vt 0.793306 0.505676
vt 0.773224 0.503661
vt 0.773276 0.499187
vt 0.769562 0.496616
vt 0.797196 0.498893
vt 0.792622 0.503456
vt 0.800720 0.501398
vt 0.652569 0.470039
vt 0.665144 0.472371
vt 0.651748 0.475326
vt 0.666782 0.473241
vt 0.655394 0.478429
vt 0.660717 0.480798
vt 0.668891 0.474022
vt 0.667252 0.482153
vt 0.671404 0.474517
vt 0.674390 0.482620
vt 0.674395 0.474662
vt 0.677398 0.474549
vt 0.681581 0.482235
vt 0.680021 0.474080
vt 0.688261 0.480940
vt 0.682011 0.473305
vt 0.693529 0.478537
vt 0.696816 0.475402
vt 0.683158 0.472551
vt 0.696013 0.469812
vt 0.683186 0.471603
vt 0.682771 0.471295
vt 0.693152 0.464900
vt 0.681624 0.470181
vt 0.687896 0.462171
vt 0.679793 0.469128
vt 0.681222 0.460579
vt 0.677175 0.468359
vt 0.674341 0.460086
vt 0.674339 0.468148
vt 0.671574 0.468423
vt 0.667577 0.460671
vt 0.669040 0.469229
vt 0.661130 0.462386
vt 0.667397 0.470162
vt 0.656271 0.465440
vt 0.666554 0.470598
vt 0.665592 0.471433
vt 0.625371 0.499944
vt 0.590775 0.510923
vt 0.580444 0.505938
vt 0.598397 0.506699
vt 0.554114 0.511059
vt 0.573760 0.490925
vt 0.533415 0.490925
vt 0.524532 0.495990
vt 0.532219 0.502724
vt 0.525152 0.501557
vt 0.526103 0.511281
vt 0.557023 0.505676
vt 0.577106 0.503661
vt 0.597397 0.503441
vt 0.608172 0.503349
vt 0.610522 0.501558
vt 0.557708 0.503456
vt 0.553849 0.513895
vt 0.523529 0.513895
vt 0.513836 0.513895
vt 0.513836 0.511376
vt 0.513836 0.501483
vt 0.513836 0.496276
vt 0.513836 0.490925
vt 0.513836 0.486247
vt 0.532636 0.486247
vt 0.572024 0.486247
vt 0.553134 0.498893
vt 0.549610 0.501398
vt 0.823908 0.525704
vt 0.826651 0.529692
vt 0.822818 0.526998
vt 0.819108 0.529635
vt 0.818016 0.529001
vt 0.818951 0.528587
vt 0.818041 0.527871
vt 0.819358 0.527815
vt 0.820042 0.528958
vt 0.820721 0.528060
vt 0.822435 0.528008
vt 0.821937 0.529670
vt 0.821088 0.532440
vt 0.825022 0.535077
vt 0.817574 0.533891
vt 0.811726 0.538792
vt 0.822959 0.538494
vt 0.820693 0.530703
vt 0.810657 0.543266
vt 0.822502 0.543284
vt 0.836547 0.543213
vt 0.844298 0.537874
vt 0.844329 0.531869
vt 0.833100 0.528089
vt 0.827048 0.522851
vt 0.841276 0.523587
vt 0.844736 0.525102
vt 0.845055 0.530247
vt 0.647592 0.263891
vt 0.662376 0.265748
vt 0.662850 0.262035
vt 0.675319 0.262948
vt 0.648886 0.261356
vt 0.635025 0.257320
vt 0.669883 0.276469
vt 0.667313 0.288782
vt 0.675319 0.268106
vt 0.675320 0.265962
vt 0.688309 0.265725
vt 0.687835 0.261950
vt 0.701943 0.261240
vt 0.703194 0.264096
vt 0.715825 0.259881
vt 0.717403 0.262911
vt 0.727754 0.257663
vt 0.731040 0.260984
vt 0.675315 0.274321
vt 0.720112 0.266616
vt 0.705275 0.267167
vt 0.689825 0.268397
vt 0.680749 0.276488
vt 0.675295 0.287346
vt 0.727542 0.275984
vt 0.714043 0.282713
vt 0.702021 0.283814
vt 0.690184 0.290525
vt 0.683268 0.288836
vt 0.683292 0.291949
vt 0.684093 0.293367
vt 0.689586 0.295664
vt 0.687113 0.296753
vt 0.686219 0.300243
vt 0.685124 0.299765
vt 0.683225 0.311444
vt 0.677463 0.307808
vt 0.681489 0.306668
vt 0.680535 0.303272
vt 0.680905 0.300877
vt 0.683812 0.298763
vt 0.683915 0.296334
vt 0.678634 0.297711
vt 0.681079 0.298074
vt 0.690617 0.308331
vt 0.690373 0.302404
vt 0.675268 0.304520
vt 0.673497 0.304751
vt 0.673961 0.302074
vt 0.675274 0.300125
vt 0.676580 0.302082
vt 0.677037 0.304761
vt 0.675269 0.302678
vt 0.809185 0.334946
vt 0.804453 0.339447
vt 0.807227 0.332263
vt 0.805570 0.342253
vt 0.803089 0.345408
vt 0.808904 0.339427
vt 0.806688 0.346946
vt 0.809167 0.339696
vt 0.812318 0.347046
vt 0.813872 0.341949
vt 0.814164 0.349896
vt 0.815091 0.350957
vt 0.813021 0.356015
vt 0.809041 0.348058
vt 0.807975 0.351256
vt 0.507028 0.435712
vt 0.516476 0.441580
vt 0.535697 0.452294
vt 0.649091 0.336139
vt 0.652616 0.337158
vt 0.651100 0.337818
vt 0.652267 0.338876
vt 0.651349 0.338925
vt 0.651548 0.339973
vt 0.649632 0.338425
vt 0.648298 0.336829
vt 0.649839 0.338868
vt 0.649972 0.339351
vt 0.649166 0.341807
vt 0.649538 0.343011
vt 0.645291 0.343946
vt 0.641439 0.335410
vt 0.646509 0.335165
vt 0.645842 0.344980
vt 0.641407 0.346000
vt 0.641185 0.344733
vt 0.638051 0.345977
vt 0.637710 0.347451
vt 0.635235 0.344665
vt 0.640877 0.347706
vt 0.640831 0.334591
vt 0.637371 0.337919
vt 0.636260 0.336534
vt 0.632457 0.342503
vt 0.642611 0.314023
vt 0.644591 0.318624
vt 0.639548 0.324362
vt 0.640974 0.331100
vt 0.635386 0.332354
vt 0.630565 0.342104
vt 0.634022 0.345295
vt 0.636262 0.349006
vt 0.625427 0.343478
vt 0.630990 0.346364
vt 0.617105 0.319049
vt 0.609125 0.309490
vt 0.619314 0.305656
vt 0.604457 0.338769
vt 0.621146 0.335769
vt 0.616462 0.350933
vt 0.623067 0.347785
vt 0.626806 0.354792
vt 0.629881 0.351458
vt 0.636760 0.358892
vt 0.636438 0.354918
vt 0.632132 0.325618
vt 0.630547 0.316101
vt 0.604390 0.290239
vt 0.637569 0.317363
vt 0.626997 0.357771
vt 0.615942 0.363899
vt 0.605641 0.354356
vt 0.636538 0.312387
vt 0.630408 0.311481
vt 0.627363 0.302290
vt 0.615510 0.283239
vt 0.601319 0.266414
vt 0.612056 0.230689
vt 0.608459 0.262451
vt 0.617520 0.281007
vt 0.544769 0.342225
vt 0.541434 0.339401
vt 0.541171 0.339670
vt 0.541298 0.348036
vt 0.542365 0.351234
vt 0.543652 0.346922
vt 0.704833 0.301755
vt 0.700768 0.307105
vt 0.699084 0.303853
vt 0.706810 0.304866
vt 0.710650 0.299632
vt 0.712912 0.302606
vt 0.695462 0.305105
vt 0.694773 0.309082
vt 0.690255 0.310618
vt 0.695618 0.298097
vt 0.697746 0.296477
vt 0.702130 0.294110
vt 0.706537 0.291730
vt 0.716334 0.292649
vt 0.717670 0.296820
vt 0.716547 0.304879
vt 0.710662 0.307117
vt 0.704890 0.309312
vt 0.494556 0.403001
vt 0.503671 0.411278
vt 0.497744 0.429463
vt 0.480923 0.417442
vt 0.855792 0.402963
vt 0.846681 0.411244
vt 0.852614 0.429417
vt 0.869428 0.417389
vt 0.872274 0.387692
vt 0.897287 0.399408
vt 0.969679 0.940906
vt 0.978194 0.948423
vt 0.978786 0.951476
vt 0.972010 0.952950
vt 0.979378 0.954528
vt 0.972021 0.966967
vt 0.955915 0.953409
vt 0.951651 0.976471
vt 0.935789 0.971082
vt 0.935792 0.950913
vt 0.922493 0.965949
vt 0.920250 0.950000
vt 0.916522 0.956655
vt 0.910551 0.947361
vt 0.926071 0.935211
vt 0.941247 0.930868
vt 0.961164 0.933390
vt 0.921434 0.951476
vt 0.922026 0.948423
vt 0.930173 0.940920
vt 0.927752 0.952890
vt 0.920842 0.954528
vt 0.927909 0.966530
vt 0.943634 0.953181
vt 0.947857 0.975162
vt 0.964070 0.970064
vt 0.964201 0.950789
vt 0.977560 0.965571
vt 0.980070 0.950099
vt 0.983614 0.956466
vt 0.989669 0.947361
vt 0.974735 0.935375
vt 0.959240 0.930983
vt 0.938319 0.933418
s 1
usemtl PootisEngage
f 1/1/1 2/2/2 3/3/1
f 1/1/1 4/4/3 2/2/2
f 5/5/4 6/6/5 7/7/5
f 5/5/4 8/8/4 6/6/5
f 5/5/4 2/9/2 8/8/4
f 5/5/4 3/3/1 2/9/2
f 9/10/6 7/7/5 6/11/5
f 9/10/6 6/11/5 10/12/7
f 11/13/8 9/10/6 10/12/7
f 11/13/8 10/12/7 12/14/9
f 13/15/10 12/14/9 10/12/7
f 13/15/10 10/12/7 14/16/8
f 15/17/8 4/18/3 1/19/1
f 15/17/8 12/14/9 4/18/3
f 13/15/10 4/18/3 12/14/9
f 13/15/10 16/20/8 4/18/3
f 17/21/11 18/22/12 19/23/13
f 19/23/13 18/22/12 20/24/14
f 19/23/13 20/24/14 21/25/15
f 22/26/16 21/25/15 20/24/14
f 22/26/16 23/27/17 21/25/15
f 22/26/16 24/28/18 23/27/17
f 25/29/19 26/30/20 27/31/21
f 25/29/19 28/32/22 26/30/20
f 29/33/23 28/32/22 25/29/19
f 29/33/23 30/34/24 28/32/22
f 27/31/21 26/30/20 31/35/25
f 31/35/25 32/36/26 27/31/21
f 32/36/26 25/29/19 27/31/21
f 32/36/26 33/37/27 25/29/19
f 33/37/27 29/33/23 25/29/19
f 33/37/27 34/38/28 29/33/23
f 35/39/29 18/40/12 36/41/30
f 35/39/29 20/42/14 18/40/12
f 24/43/31 20/42/14 35/39/29
f 24/43/31 22/44/16 20/42/14
f 36/41/30 18/40/12 17/45/11
f 17/45/11 19/46/13 36/41/30
f 19/46/13 35/39/29 36/41/30
f 19/46/13 21/47/15 35/39/29
f 21/47/15 24/43/31 35/39/29
f 21/47/15 23/48/17 24/43/31
f 37/49/32 38/50/33 39/51/34
f 37/49/32 40/52/35 38/50/33
f 41/53/36 40/52/35 37/49/32
f 41/53/36 42/54/37 40/52/35
f 39/51/34 38/50/33 43/55/38
f 43/55/38 44/56/39 39/51/34
f 44/56/39 37/49/32 39/51/34
f 44/56/39 45/57/40 37/49/32
f 45/57/40 41/53/36 37/49/32
f 45/57/40 46/44/41 41/53/36
f 47/58/42 48/59/43 49/60/44
f 47/58/42 50/61/45 48/59/43
f 51/62/46 50/61/45 47/58/42
f 51/62/46 52/63/47 50/61/45
f 49/60/44 48/59/43 53/64/48
f 53/64/48 54/65/49 49/60/44
f 54/65/49 47/58/42 49/60/44
f 54/65/49 55/66/50 47/58/42
f 55/66/50 51/62/46 47/58/42
f 55/66/50 56/67/51 51/62/46
f 57/68/52 58/69/53 59/70/54
f 57/68/52 60/71/55 58/69/53
f 61/72/56 60/71/55 57/68/52
f 61/72/56 62/73/57 60/71/55
f 59/70/54 58/69/53 63/74/58
f 63/74/58 64/75/59 59/70/54
f 64/75/59 57/68/52 59/70/54
f 64/75/59 65/76/60 57/68/52
f 65/76/60 61/72/56 57/68/52
f 65/76/60 66/77/61 61/72/56
f 67/78/62 68/79/63 69/80/64
f 67/78/62 70/81/65 68/79/63
f 71/82/66 70/81/65 67/78/62
f 71/82/66 72/83/67 70/81/65
f 69/80/64 68/79/63 73/84/68
f 73/84/68 74/85/69 69/80/64
f 74/85/69 67/78/62 69/80/64
f 74/85/69 75/86/70 67/78/62
f 75/86/70 71/82/66 67/78/62
f 75/86/70 76/87/71 71/82/66
f 77/88/72 78/89/73 79/90/74
f 77/88/72 80/91/75 78/89/73
f 81/92/76 80/91/75 77/88/72
f 81/92/76 82/93/77 80/91/75
f 79/90/74 78/89/73 83/94/78
f 83/94/78 84/95/79 79/90/74
f 84/95/79 77/88/72 79/90/74
f 84/95/79 85/96/80 77/88/72
f 85/96/80 81/92/76 77/88/72
f 85/96/80 86/97/81 81/92/76
f 87/98/82 88/99/83 89/100/84
f 87/98/82 90/101/85 88/99/83
f 91/102/86 90/101/85 87/98/82
f 91/102/86 92/103/87 90/101/85
f 89/100/84 88/99/83 93/104/88
f 93/104/88 94/105/89 89/100/84
f 94/105/89 87/98/82 89/100/84
f 94/105/89 95/106/90 87/98/82
f 95/106/90 91/102/86 87/98/82
f 95/106/90 96/107/91 91/102/86
f 97/108/92 98/109/93 99/110/94
f 97/108/92 100/111/95 98/109/93
f 101/112/96 100/111/95 97/108/92
f 101/112/96 102/113/97 100/111/95
f 99/110/94 98/109/93 103/114/98
f 103/114/98 104/115/99 99/110/94
f 104/115/99 97/108/92 99/110/94
f 104/115/99 105/116/100 97/108/92
f 105/116/100 101/112/96 97/108/92
f 105/116/100 106/117/101 101/112/96
f 107/118/102 108/119/103 109/120/104
f 107/118/102 110/121/105 108/119/103
f 111/122/106 110/121/105 107/118/102
f 111/122/106 112/117/107 110/121/105
f 109/120/104 108/119/103 113/123/108
f 113/123/108 114/124/109 109/120/104
f 114/124/109 107/118/102 109/120/104
f 114/124/109 115/125/110 107/118/102
f 115/125/110 111/122/106 107/118/102
f 115/125/110 116/126/111 111/122/106
f 117/127/112 118/63/113 119/128/114
f 117/127/112 119/128/114 120/129/115
f 121/130/116 117/127/112 120/129/115
f 121/130/116 120/129/115 122/131/117
f 123/132/118 121/130/116 122/131/117
f 122/131/117 124/133/119 123/132/118
f 120/129/115 124/133/119 122/131/117
f 120/129/115 125/134/120 124/133/119
f 119/128/114 125/134/120 120/129/115
f 119/128/114 126/135/121 125/134/120
f 43/21/38 38/22/33 44/23/39
f 44/23/39 38/22/33 40/24/35
f 44/23/39 40/24/35 45/25/40
f 40/24/35 46/27/41 45/25/40
f 40/24/35 42/26/37 46/27/41
f 42/26/37 41/28/122 46/27/41
f 53/21/48 48/22/43 54/23/49
f 54/23/49 48/22/43 50/24/45
f 54/23/49 50/24/45 55/25/50
f 50/24/45 56/27/51 55/25/50
f 50/24/45 52/26/47 56/27/51
f 52/26/47 51/28/123 56/27/51
f 63/21/58 58/22/53 64/23/59
f 64/23/59 58/22/53 60/24/55
f 64/23/59 60/24/55 65/25/60
f 60/24/55 66/27/61 65/25/60
f 60/24/55 62/26/57 66/27/61
f 62/26/57 61/28/124 66/27/61
f 73/21/68 68/22/63 74/23/69
f 68/22/63 75/25/70 74/23/69
f 68/22/63 70/24/65 75/25/70
f 70/24/65 76/27/71 75/25/70
f 70/24/65 72/26/67 76/27/71
f 72/26/67 71/28/125 76/27/71
f 83/21/78 78/22/73 84/23/79
f 78/22/73 85/25/80 84/23/79
f 78/22/73 80/24/75 85/25/80
f 80/24/75 86/27/81 85/25/80
f 80/24/75 82/26/77 86/27/81
f 82/26/77 81/28/126 86/27/81
f 93/21/88 88/22/83 94/23/89
f 94/23/89 88/22/83 90/24/85
f 94/23/89 90/24/85 95/25/90
f 92/26/87 95/25/90 90/24/85
f 92/26/87 96/27/91 95/25/90
f 92/26/87 91/28/127 96/27/91
f 127/136/128 128/137/129 129/138/130
f 127/136/128 129/138/130 130/139/131
f 129/138/130 131/140/132 132/141/133
f 129/138/130 132/141/133 130/139/131
f 133/142/134 130/139/131 132/141/133
f 131/140/132 134/143/135 135/144/136
f 132/141/133 131/140/132 135/144/136
f 132/141/133 135/144/136 136/145/137
f 133/142/134 132/141/133 136/145/137
f 133/142/134 136/145/137 137/146/138
f 138/147/139 137/146/138 136/145/137
f 139/148/140 137/146/138 138/147/139
f 139/148/140 140/149/141 137/146/138
f 141/150/142 137/146/138 140/149/141
f 141/150/142 133/142/134 137/146/138
f 141/150/142 142/151/143 133/142/134
f 133/142/134 142/151/143 130/139/131
f 143/152/144 130/139/131 142/151/143
f 143/152/144 127/136/128 130/139/131
f 144/153/145 127/136/128 143/152/144
f 144/153/145 145/154/146 127/136/128
f 146/155/147 145/154/146 144/153/145
f 147/156/148 145/154/146 146/155/147
f 147/156/148 146/155/147 148/157/149
f 148/157/149 146/155/147 149/158/150
f 148/157/149 149/158/150 150/159/151
f 150/159/151 149/158/150 151/160/152
f 150/159/151 151/160/152 152/161/153
f 153/162/154 139/148/140 138/147/139
f 154/163/155 144/153/145 143/152/144
f 155/164/156 154/163/155 143/152/144
f 155/164/156 143/152/144 142/151/143
f 141/150/142 155/164/156 142/151/143
f 156/165/157 157/166/158 158/167/159
f 159/168/160 156/165/157 158/167/159
f 159/168/160 158/167/159 160/169/161
f 161/170/162 159/168/160 160/169/161
f 161/170/162 160/169/161 162/171/163
f 161/170/162 162/171/163 163/172/164
f 162/171/163 164/173/165 163/172/164
f 165/174/166 163/172/164 164/173/165
f 165/174/166 164/173/165 166/175/167
f 167/176/168 165/174/166 166/175/167
f 167/176/168 166/175/167 151/160/152
f 149/158/150 167/176/168 151/160/152
f 149/158/150 168/177/169 167/176/168
f 146/155/147 168/177/169 149/158/150
f 146/155/147 169/178/170 168/177/169
f 146/155/147 144/153/145 169/178/170
f 144/153/145 170/179/171 169/178/170
f 144/153/145 154/163/155 170/179/171
f 160/169/161 171/180/172 162/171/163
f 162/171/163 171/180/172 164/173/165
f 161/170/162 163/172/164 172/181/173
f 172/181/173 163/172/164 165/174/166
f 172/181/173 165/174/166 173/182/174
f 174/183/175 173/182/174 165/174/166
f 174/183/175 165/174/166 167/176/168
f 168/177/169 174/183/175 167/176/168
f 168/177/169 175/184/176 174/183/175
f 169/178/170 175/184/176 168/177/169
f 169/178/170 170/179/171 175/184/176
f 176/185/177 177/186/178 178/187/179
f 176/185/177 178/187/179 179/188/180
f 157/166/158 176/185/177 179/188/180
f 157/166/158 179/188/180 158/167/159
f 158/167/159 179/188/180 180/189/181
f 158/167/159 180/189/181 160/169/161
f 160/169/161 180/189/181 171/180/172
f 180/189/181 181/190/182 171/180/172
f 181/190/182 164/173/165 171/180/172
f 181/190/182 182/191/183 164/173/165
f 182/191/183 166/175/167 164/173/165
f 182/191/183 183/192/184 166/175/167
f 183/192/184 151/160/152 166/175/167
f 180/189/181 184/193/185 181/190/182
f 179/188/180 184/193/185 180/189/181
f 179/188/180 178/187/179 184/193/185
f 183/192/184 152/161/153 151/160/152
f 185/194/186 152/161/153 183/192/184
f 182/191/183 185/194/186 183/192/184
f 182/191/183 186/195/187 185/194/186
f 181/190/182 186/195/187 182/191/183
f 181/190/182 187/196/188 186/195/187
f 184/193/185 187/196/188 181/190/182
f 184/193/185 188/197/189 187/196/188
f 178/187/179 188/197/189 184/193/185
f 178/187/179 189/198/190 188/197/189
f 178/187/179 177/186/178 189/198/190
f 177/186/178 190/199/191 189/198/190
f 191/200/192 190/199/191 177/186/178
f 191/200/192 177/186/178 176/185/177
f 138/147/139 191/200/192 176/185/177
f 138/147/139 176/185/177 157/166/158
f 153/162/154 138/147/139 157/166/158
f 156/165/157 153/162/154 157/166/158
f 185/194/186 186/195/187 192/201/193
f 186/195/187 193/202/194 192/201/193
f 186/195/187 187/196/188 193/202/194
f 187/196/188 194/203/195 193/202/194
f 187/196/188 188/197/189 194/203/195
f 189/198/190 194/203/195 188/197/189
f 195/204/196 193/202/194 194/203/195
f 195/204/196 196/205/197 193/202/194
f 196/205/197 192/201/193 193/202/194
f 196/205/197 197/206/198 192/201/193
f 197/206/198 198/207/199 192/201/193
f 185/194/186 192/201/193 198/207/199
f 199/208/200 185/194/186 198/207/199
f 185/194/186 199/208/200 152/161/153
f 150/159/151 152/161/153 199/208/200
f 200/209/201 199/208/200 201/210/202
f 199/208/200 198/207/199 201/210/202
f 202/211/203 201/210/202 198/207/199
f 197/206/198 202/211/203 198/207/199
f 203/212/204 202/211/203 197/206/198
f 203/212/204 197/206/198 196/205/197
f 204/213/205 203/212/204 196/205/197
f 204/213/205 196/205/197 195/204/196
f 205/214/206 204/213/205 195/204/196
f 205/214/206 195/204/196 194/203/195
f 205/214/206 194/203/195 206/215/207
f 189/198/190 206/215/207 194/203/195
f 134/143/135 206/215/207 189/198/190
f 190/199/191 134/143/135 189/198/190
f 190/199/191 135/144/136 134/143/135
f 135/144/136 190/199/191 191/200/192
f 135/144/136 191/200/192 136/145/137
f 138/147/139 136/145/137 191/200/192
f 200/209/201 201/210/202 207/216/208
f 208/217/209 207/216/208 201/210/202
f 202/211/203 208/217/209 201/210/202
f 202/211/203 209/218/210 208/217/209
f 202/211/203 203/212/204 209/218/210
f 203/212/204 210/219/211 209/218/210
f 211/220/212 212/221/213 213/222/214
f 214/223/215 213/222/214 212/221/213
f 214/223/215 212/221/213 215/224/216
f 205/214/206 214/223/215 215/224/216
f 205/214/206 215/224/216 204/213/205
f 211/220/212 216/225/217 217/226/218
f 211/220/212 217/226/218 218/227/219
f 211/220/212 218/227/219 212/221/213
f 218/227/219 219/228/220 212/221/213
f 219/228/220 215/224/216 212/221/213
f 219/228/220 220/229/221 215/224/216
f 220/229/221 204/213/205 215/224/216
f 220/229/221 221/230/222 204/213/205
f 221/230/222 203/212/204 204/213/205
f 221/230/222 222/231/223 203/212/204
f 203/212/204 222/231/223 210/219/211
f 223/232/224 210/219/211 222/231/223
f 223/232/224 224/233/225 210/219/211
f 225/234/226 224/233/225 223/232/224
f 225/234/226 223/232/224 226/235/227
f 227/236/228 225/234/226 226/235/227
f 228/237/229 227/236/228 226/235/227
f 229/238/230 227/236/228 228/237/229
f 221/230/222 223/232/224 222/231/223
f 218/227/219 230/239/231 219/228/220
f 229/238/230 231/240/232 227/236/228
f 232/241/233 227/236/228 231/240/232
f 232/241/234 233/242/235 227/236/228
f 227/236/228 233/242/235 225/234/226
f 230/239/231 234/243/236 235/244/237
f 230/239/231 218/227/219 234/243/236
f 234/243/236 218/227/219 217/226/218
f 221/230/222 236/245/238 223/232/224
f 221/230/222 237/246/239 236/245/238
f 221/230/222 220/229/221 237/246/239
f 237/246/239 220/229/221 219/228/220
f 237/246/239 219/228/220 238/247/240
f 230/239/231 238/247/240 219/228/220
f 230/239/231 239/248/241 238/247/240
f 239/248/241 230/239/231 235/244/237
f 239/248/241 235/244/237 240/249/242
f 241/250/243 240/249/242 235/244/237
f 241/250/243 242/251/244 240/249/242
f 241/250/243 243/252/245 242/251/244
f 244/253/246 242/251/244 243/252/245
f 244/253/246 240/249/242 242/251/244
f 244/253/246 245/254/247 240/249/242
f 246/255/248 240/249/242 245/254/247
f 246/255/248 239/248/241 240/249/242
f 239/248/241 246/255/248 247/256/249
f 239/248/241 247/256/249 238/247/240
f 248/257/250 238/247/240 247/256/249
f 248/257/250 237/246/239 238/247/240
f 249/258/251 237/246/239 248/257/250
f 249/258/251 236/245/238 237/246/239
f 250/259/252 251/260/253 252/261/254
f 250/259/252 243/252/245 251/260/253
f 250/259/252 253/262/255 243/252/245
f 244/253/246 243/252/245 253/262/255
f 254/263/256 244/253/246 253/262/255
f 254/263/256 245/254/247 244/253/246
f 254/263/256 255/264/257 245/254/247
f 255/264/257 246/255/248 245/254/247
f 255/264/257 256/265/258 246/255/248
f 247/256/249 246/255/248 256/265/258
f 247/256/249 256/265/258 257/266/259
f 248/257/250 247/256/249 257/266/259
f 248/257/250 257/266/259 258/267/260
f 249/258/251 248/257/250 258/267/260
f 249/258/251 258/267/260 228/237/229
f 228/237/229 226/235/227 249/258/251
f 249/258/251 226/235/227 223/232/224
f 249/258/251 223/232/224 236/245/238
f 250/259/252 259/268/261 253/262/255
f 254/263/256 253/262/255 259/268/261
f 229/238/230 228/237/229 258/267/260
f 229/238/230 258/267/260 260/269/262
f 260/269/262 258/267/260 257/266/259
f 260/269/262 257/266/259 261/270/263
f 256/265/258 261/270/263 257/266/259
f 256/265/258 262/271/264 261/270/263
f 262/271/264 256/265/258 255/264/257
f 262/271/265 255/264/257 263/272/266
f 254/263/256 263/272/266 255/264/257
f 254/263/256 264/273/267 263/272/266
f 254/263/256 265/274/268 264/273/267
f 254/263/256 259/268/261 265/274/268
f 266/275/269 265/274/268 259/268/261
f 266/275/269 259/268/261 267/276/270
f 250/259/252 267/276/270 259/268/261
f 267/276/270 250/259/252 268/277/271
f 250/259/252 252/261/254 268/277/271
f 268/277/271 252/261/254 269/278/272
f 267/276/270 270/279/273 266/275/269
f 267/276/270 271/280/274 270/279/273
f 267/276/270 268/277/271 271/280/274
f 271/280/274 268/277/271 272/281/275
f 268/277/271 269/278/272 272/281/275
f 273/282/276 272/281/275 269/278/272
f 273/282/276 269/278/272 274/283/277
f 225/284/226 273/282/276 274/283/277
f 225/284/226 274/283/277 224/285/225
f 233/286/235 273/282/276 225/284/226
f 275/287/278 270/279/273 271/280/274
f 275/287/278 271/280/274 276/288/279
f 271/280/274 272/281/275 276/288/279
f 276/288/279 272/281/275 273/282/276
f 276/288/279 273/282/276 277/289/280
f 233/286/235 277/289/280 273/282/276
f 278/290/281 277/289/280 233/286/235
f 278/290/281 233/286/235 232/291/234
f 278/290/281 275/287/278 276/288/279
f 278/290/281 276/288/279 277/289/280
f 252/261/254 279/292/282 269/278/272
f 274/283/277 269/278/272 279/292/282
f 274/283/277 279/292/282 280/293/283
f 280/293/283 224/285/225 274/283/277
f 280/293/283 210/294/211 224/285/225
f 209/295/210 210/294/211 280/293/283
f 209/295/210 280/293/283 281/296/284
f 281/296/284 282/297/285 209/295/210
f 281/296/284 283/298/286 282/297/285
f 283/298/286 284/299/287 282/297/285
f 283/298/286 285/300/288 284/299/287
f 286/301/289 284/299/287 285/300/288
f 286/301/289 285/300/288 287/302/290
f 286/301/289 287/302/290 288/303/291
f 288/303/291 287/302/290 289/304/290
f 288/303/291 289/304/290 290/305/292
f 291/306/293 290/305/292 289/304/290
f 291/306/293 292/307/294 290/305/292
f 286/301/289 293/308/295 284/299/287
f 279/292/282 294/309/296 295/310/297
f 295/310/297 280/293/283 279/292/282
f 295/310/297 281/296/284 280/293/283
f 296/311/298 297/312/299 298/313/300
f 298/313/300 241/250/243 296/311/298
f 298/313/300 299/314/301 241/250/243
f 241/250/243 299/314/301 243/252/245
f 300/315/302 243/252/245 299/314/301
f 300/315/302 251/260/253 243/252/245
f 251/260/253 300/315/302 301/316/303
f 251/260/253 301/316/303 252/261/254
f 252/261/254 301/316/303 279/292/282
f 301/316/303 302/317/304 279/292/282
f 294/309/296 279/292/282 302/317/304
f 294/309/296 302/317/304 303/318/305
f 294/309/296 303/318/305 304/319/305
f 305/320/306 294/309/296 304/319/305
f 305/320/306 295/310/297 294/309/296
f 306/321/307 295/310/297 305/320/306
f 306/321/307 281/296/284 295/310/297
f 283/298/286 281/296/284 306/321/307
f 302/317/304 307/322/308 303/318/305
f 301/316/303 300/315/302 308/323/309
f 308/323/309 300/315/302 299/314/301
f 308/323/309 299/314/301 298/313/300
f 298/313/300 309/324/310 308/323/309
f 298/313/300 297/312/299 309/324/310
f 297/312/299 310/325/311 309/324/310
f 297/312/299 311/326/312 310/325/311
f 310/325/311 311/326/312 312/327/313
f 311/326/312 313/328/314 312/327/313
f 314/329/315 312/327/313 313/328/314
f 314/329/315 313/328/314 315/330/316
f 315/330/316 316/331/317 314/329/315
f 315/330/316 317/332/318 316/331/317
f 316/331/317 317/332/318 318/333/319
f 318/333/319 317/332/318 319/334/320
f 318/333/319 319/334/320 320/335/321
f 320/335/321 319/334/320 321/336/322
f 320/335/321 321/336/322 322/337/323
f 310/325/311 312/327/313 323/338/311
f 315/330/316 313/328/314 324/339/324
f 315/330/316 324/339/324 325/340/325
f 325/340/325 317/332/318 315/330/316
f 325/340/325 319/334/320 317/332/318
f 325/340/325 321/336/322 319/334/320
f 326/341/326 327/342/327 328/343/328
f 327/342/327 320/335/321 328/343/328
f 320/335/321 329/344/329 328/343/328
f 320/335/321 322/337/323 329/344/329
f 330/345/330 329/344/329 322/337/323
f 331/346/331 330/345/330 322/337/323
f 331/346/331 322/337/323 321/336/322
f 332/347/332 331/346/331 321/336/322
f 325/340/325 332/347/332 321/336/322
f 333/348/333 332/347/332 325/340/325
f 333/348/333 325/340/325 324/339/324
f 334/349/334 333/348/333 324/339/324
f 313/328/314 334/349/334 324/339/324
f 313/328/314 335/350/335 334/349/334
f 311/326/312 335/350/335 313/328/314
f 336/351/336 335/350/335 311/326/312
f 336/351/336 311/326/312 297/312/299
f 296/311/298 336/351/336 297/312/299
f 296/311/298 337/352/337 336/351/336
f 334/349/334 336/351/336 337/352/337
f 334/349/334 335/350/335 336/351/336
f 326/341/326 328/343/328 338/353/338
f 328/343/328 339/354/339 338/353/338
f 328/343/328 329/344/329 339/354/339
f 340/355/340 339/354/339 329/344/329
f 330/345/330 340/355/340 329/344/329
f 340/355/340 341/356/341 339/354/339
f 342/357/342 343/358/343 344/359/344
f 342/357/342 344/359/344 345/360/345
f 346/361/346 342/357/342 345/360/345
f 346/361/346 345/360/345 347/362/347
f 348/363/348 346/361/346 347/362/347
f 348/363/348 347/362/347 349/364/349
f 350/365/350 348/363/348 349/364/349
f 351/366/351 350/365/350 349/364/349
f 352/367/352 350/365/350 351/366/351
f 351/366/351 333/348/333 352/367/352
f 216/225/217 352/367/352 333/348/333
f 334/349/334 216/225/217 333/348/333
f 217/226/218 216/225/217 334/349/334
f 217/226/218 334/349/334 337/352/337
f 234/243/236 217/226/218 337/352/337
f 296/311/298 234/243/236 337/352/337
f 296/311/298 235/244/237 234/243/236
f 296/311/298 241/250/243 235/244/237
f 333/348/333 353/368/353 332/347/332
f 351/366/351 353/368/353 333/348/333
f 353/368/353 351/366/351 354/369/354
f 351/366/351 349/364/349 354/369/354
f 355/370/355 354/369/354 349/364/349
f 355/370/355 349/364/349 347/362/347
f 355/370/355 347/362/347 345/360/345
f 355/370/355 345/360/345 356/371/356
f 356/371/356 345/360/345 344/359/344
f 356/371/356 344/359/344 357/372/357
f 358/373/358 356/371/356 357/372/357
f 358/373/358 357/372/357 359/374/359
f 360/375/360 358/373/358 359/374/359
f 360/375/360 359/374/359 361/376/361
f 353/368/353 354/369/354 362/377/362
f 358/373/358 355/370/355 356/371/356
f 358/373/358 363/378/363 355/370/355
f 363/378/363 354/369/354 355/370/355
f 363/378/363 362/377/362 354/369/354
f 364/379/364 362/377/362 363/378/363
f 353/368/353 362/377/362 364/379/364
f 353/368/353 364/379/364 365/380/365
f 365/380/365 332/347/332 353/368/353
f 365/380/365 366/381/346 332/347/332
f 332/347/332 366/381/346 331/346/331
f 364/379/364 363/378/363 367/382/366
f 367/382/366 363/378/363 358/373/358
f 367/382/366 358/373/358 360/375/360
f 368/383/367 369/384/368 370/385/369
f 369/384/368 368/383/367 371/386/370
f 369/384/368 371/386/370 372/387/371
f 373/388/372 372/387/371 371/386/370
f 373/388/372 374/389/373 372/387/371
f 216/225/217 374/389/373 352/367/352
f 374/389/373 216/225/217 211/220/212
f 374/389/373 211/220/212 372/387/371
f 372/387/371 211/220/212 213/222/214
f 372/387/371 213/222/214 369/384/368
f 369/384/368 213/222/214 214/223/215
f 369/384/368 214/223/215 370/385/369
f 370/385/369 214/223/215 205/214/206
f 370/385/369 205/214/206 206/215/207
f 134/143/135 370/385/369 206/215/207
f 368/383/367 370/385/369 134/143/135
f 131/140/132 368/383/367 134/143/135
f 131/140/132 371/386/370 368/383/367
f 131/140/132 129/138/130 371/386/370
f 129/138/130 373/388/372 371/386/370
f 129/138/130 128/137/129 373/388/372
f 373/388/372 128/137/129 147/156/148
f 147/156/148 128/137/129 127/136/128
f 147/156/148 127/136/128 145/154/146
f 375/390/374 376/391/375 377/392/376
f 378/393/377 377/392/376 376/391/375
f 379/394/378 378/393/377 376/391/375
f 379/394/378 376/391/375 380/395/379
f 381/396/380 379/394/378 380/395/379
f 381/396/380 380/395/379 382/397/381
f 383/398/382 381/396/380 382/397/381
f 383/398/382 382/397/381 384/399/383
f 383/398/382 384/399/383 385/400/384
f 373/388/372 385/400/384 384/399/383
f 373/388/372 386/401/385 385/400/384
f 373/388/372 147/156/148 386/401/385
f 387/402/386 386/401/385 147/156/148
f 387/402/386 147/156/148 148/157/149
f 387/402/386 148/157/149 388/403/387
f 388/403/387 148/157/149 150/159/151
f 388/403/387 150/159/151 200/209/201
f 150/159/151 199/208/200 200/209/201
f 389/404/388 386/401/385 387/402/386
f 390/405/389 391/406/390 389/404/388
f 389/404/388 391/406/390 386/401/385
f 391/406/390 385/400/384 386/401/385
f 376/391/375 392/407/391 380/395/379
f 376/391/375 393/408/392 392/407/391
f 375/390/374 393/408/392 376/391/375
f 394/409/393 393/408/392 375/390/374
f 394/409/393 395/410/394 393/408/392
f 394/409/393 396/411/395 395/410/394
f 395/410/394 396/411/395 397/412/396
f 395/410/394 397/412/396 398/413/397
f 399/414/398 398/413/397 397/412/396
f 392/407/391 398/413/397 399/414/398
f 392/407/391 399/414/398 400/415/399
f 380/395/379 392/407/391 400/415/399
f 380/395/379 400/415/399 382/397/381
f 382/397/381 400/415/399 401/416/400
f 382/397/381 401/416/400 384/399/383
f 373/388/372 384/399/383 401/416/400
f 373/388/372 401/416/400 352/367/352
f 374/389/373 373/388/372 352/367/352
f 395/410/394 398/413/397 392/407/391
f 395/410/394 392/407/391 393/408/392
f 394/409/393 402/417/401 396/411/395
f 350/365/350 403/418/402 348/363/348
f 403/418/402 350/365/350 404/419/403
f 352/367/352 404/419/403 350/365/350
f 404/419/403 352/367/352 401/416/400
f 400/415/399 404/419/403 401/416/400
f 400/415/399 399/414/398 404/419/403
f 404/419/403 399/414/398 405/420/404
f 399/414/398 397/412/396 405/420/404
f 403/418/402 404/419/403 406/421/405
f 404/419/403 405/420/404 406/421/405
f 407/422/406 408/423/407 409/424/408
f 407/422/406 410/425/409 408/423/407
f 410/425/409 411/426/410 408/423/407
f 410/425/409 412/427/411 411/426/410
f 402/428/401 412/427/411 410/425/409
f 402/428/401 410/425/409 396/429/395
f 397/430/396 396/429/395 410/425/409
f 397/430/396 410/425/409 407/422/406
f 405/431/404 397/430/396 407/422/406
f 405/431/404 407/422/406 413/432/412
f 406/433/405 405/431/404 413/432/412
f 413/432/412 407/422/406 409/424/408
f 414/434/413 415/435/414 416/436/415
f 416/436/415 415/435/414 417/437/416
f 416/436/415 417/437/416 418/438/417
f 419/439/418 418/438/417 417/437/416
f 420/440/419 418/438/417 419/439/418
f 346/441/346 420/440/419 419/439/418
f 348/442/348 420/440/419 346/441/346
f 348/442/348 421/443/420 420/440/419
f 403/444/402 421/443/420 348/442/348
f 403/444/402 422/445/421 421/443/420
f 422/445/421 403/444/402 406/433/405
f 422/445/421 406/433/405 423/446/422
f 406/433/405 413/432/412 423/446/422
f 423/446/422 413/432/412 424/447/423
f 413/432/412 409/424/408 424/447/423
f 424/447/423 409/424/408 425/448/424
f 408/423/407 425/448/424 409/424/408
f 408/423/407 426/449/425 425/448/424
f 427/450/426 422/445/421 423/446/422
f 346/441/346 419/439/418 342/451/342
f 419/439/418 343/452/343 342/451/342
f 419/439/418 428/453/410 343/452/343
f 419/439/418 417/437/416 428/453/410
f 429/454/427 430/455/428 431/456/429
f 429/454/427 432/457/430 430/455/428
f 429/454/427 433/458/431 432/457/430
f 429/454/427 292/307/294 433/458/431
f 429/454/427 434/459/432 292/307/294
f 434/459/432 435/460/433 292/307/294
f 435/460/433 290/305/292 292/307/294
f 435/460/433 436/461/434 290/305/292
f 436/461/434 427/450/426 290/305/292
f 427/450/426 437/462/435 290/305/292
f 427/450/426 423/446/422 437/462/435
f 423/446/422 424/447/423 437/462/435
f 437/462/435 424/447/423 438/463/436
f 424/447/423 425/448/424 438/463/436
f 438/463/436 425/448/424 439/464/437
f 426/449/425 439/464/437 425/448/424
f 426/449/425 440/465/438 439/464/437
f 439/464/437 440/465/438 441/466/439
f 434/459/432 431/456/429 442/467/440
f 434/459/432 429/454/427 431/456/429
f 439/464/437 441/466/439 443/468/441
f 444/469/442 439/464/437 443/468/441
f 444/469/442 443/468/441 445/470/443
f 446/471/444 444/469/442 445/470/443
f 446/471/444 445/470/443 447/472/445
f 446/471/444 447/472/445 288/303/291
f 446/471/444 288/303/291 290/305/292
f 446/471/444 290/305/292 448/473/432
f 437/462/435 448/473/432 290/305/292
f 437/462/435 438/463/436 448/473/432
f 448/473/432 438/463/436 444/469/442
f 438/463/436 439/464/437 444/469/442
f 448/473/432 444/469/442 446/471/444
f 411/426/410 426/449/425 408/423/407
f 411/426/410 449/474/343 426/449/425
f 449/474/343 440/465/438 426/449/425
f 449/474/343 450/475/446 440/465/438
f 440/465/438 450/475/446 451/476/447
f 440/465/438 451/476/447 441/466/439
f 451/476/447 452/477/448 441/466/439
f 443/468/441 441/466/439 452/477/448
f 443/468/441 452/477/448 453/478/358
f 445/470/443 443/468/441 453/478/358
f 445/470/443 453/478/358 454/479/449
f 447/472/445 445/470/443 454/479/449
f 447/472/445 454/479/449 455/480/450
f 447/472/445 455/480/450 288/303/291
f 455/480/450 286/301/289 288/303/291
f 455/480/450 456/481/451 286/301/289
f 456/481/451 457/482/452 286/301/289
f 456/481/451 458/483/453 457/482/452
f 459/484/454 460/485/455 461/486/456
f 459/484/454 461/486/456 462/487/457
f 462/487/457 461/486/456 463/488/421
f 462/487/457 463/488/421 464/489/458
f 463/488/421 458/483/453 464/489/458
f 464/489/458 458/483/453 465/490/459
f 456/481/451 465/490/459 458/483/453
f 455/480/450 465/490/459 456/481/451
f 455/480/450 454/479/449 465/490/459
f 454/479/449 466/491/460 465/490/459
f 454/479/449 453/478/358 466/491/460
f 453/478/358 467/492/461 466/491/460
f 453/478/358 452/477/448 467/492/461
f 468/493/462 467/492/461 452/477/448
f 451/476/447 468/493/462 452/477/448
f 468/493/462 469/494/463 467/492/461
f 459/484/454 467/492/461 469/494/463
f 459/484/454 462/487/457 467/492/461
f 462/487/457 466/491/460 467/492/461
f 462/487/457 464/489/458 466/491/460
f 464/489/458 465/490/459 466/491/460
f 463/488/421 470/495/464 458/483/453
f 458/483/453 471/496/465 457/482/452
f 458/483/453 470/495/464 471/496/465
f 470/495/464 383/497/382 471/496/465
f 470/495/464 381/498/380 383/497/382
f 463/488/421 381/498/380 470/495/464
f 463/488/421 379/499/378 381/498/380
f 461/486/456 379/499/378 463/488/421
f 461/486/456 378/500/377 379/499/378
f 460/485/455 378/500/377 461/486/456
f 460/485/455 472/501/455 378/500/377
f 471/496/465 383/497/382 473/502/466
f 474/503/467 475/504/468 476/505/469
f 477/506/470 474/503/467 476/505/469
f 478/507/471 477/506/470 476/505/469
f 479/508/472 477/506/470 478/507/471
f 473/502/466 479/508/472 478/507/471
f 473/502/466 478/507/471 480/509/473
f 471/496/465 473/502/466 480/509/473
f 457/482/452 471/496/465 480/509/473
f 457/482/452 480/509/473 481/510/474
f 457/482/452 481/510/474 286/301/289
f 482/511/475 286/301/289 481/510/474
f 482/511/475 293/308/295 286/301/289
f 482/511/475 483/512/476 293/308/295
f 482/511/475 484/513/477 483/512/476
f 483/512/476 484/513/477 485/514/478
f 484/513/477 486/515/479 485/514/478
f 485/514/478 486/515/479 487/516/480
f 486/515/479 488/517/481 487/516/480
f 489/518/482 475/504/468 490/519/483
f 491/520/484 475/504/468 489/518/482
f 491/520/484 476/505/469 475/504/468
f 478/507/471 476/505/469 491/520/484
f 480/509/473 478/507/471 491/520/484
f 480/509/473 491/520/484 481/510/474
f 481/510/474 491/520/484 489/518/482
f 486/515/479 492/521/485 488/517/481
f 493/522/305 492/521/485 486/515/479
f 493/522/305 494/523/486 492/521/485
f 490/519/483 494/523/486 493/522/305
f 495/524/487 490/519/483 493/522/305
f 489/518/482 490/519/483 495/524/487
f 496/525/488 489/518/482 495/524/487
f 481/510/474 489/518/482 496/525/488
f 482/511/475 481/510/474 496/525/488
f 496/525/488 495/524/487 482/511/475
f 482/511/475 495/524/487 484/513/477
f 495/524/487 493/522/305 484/513/477
f 484/513/477 493/522/305 486/515/479
f 483/512/476 497/526/489 293/308/295
f 483/512/476 485/514/478 497/526/489
f 497/526/489 485/514/478 498/527/490
f 485/514/478 487/516/480 498/527/490
f 499/528/491 498/527/490 487/516/480
f 500/529/492 499/528/491 487/516/480
f 500/529/492 487/516/480 488/517/481
f 501/530/493 500/529/492 488/517/481
f 501/530/493 488/517/481 502/531/494
f 503/532/495 502/531/494 488/517/481
f 503/532/495 488/517/481 492/521/485
f 504/533/493 503/532/495 492/521/485
f 504/533/493 492/521/485 494/523/486
f 505/534/496 504/533/493 494/523/486
f 490/519/483 505/534/496 494/523/486
f 506/535/497 505/534/496 490/519/483
f 506/535/497 490/519/483 475/504/468
f 474/503/467 506/535/497 475/504/468
f 505/534/496 507/536/498 504/533/493
f 508/537/437 507/536/498 505/534/496
f 508/537/437 505/534/496 506/535/497
f 509/538/437 508/537/437 506/535/497
f 509/538/437 506/535/497 474/503/467
f 510/539/499 509/538/437 474/503/467
f 477/506/470 510/539/499 474/503/467
f 511/540/500 510/539/499 477/506/470
f 479/508/472 511/540/500 477/506/470
f 510/539/499 512/541/501 509/538/437
f 513/542/502 512/541/501 510/539/499
f 511/540/500 513/542/502 510/539/499
f 513/542/502 514/543/503 512/541/501
f 515/544/504 516/545/505 517/546/506
f 518/547/507 516/545/505 515/544/504
f 518/547/507 515/544/504 519/548/508
f 391/406/390 517/546/506 385/400/384
f 515/544/504 517/546/506 391/406/390
f 390/405/389 515/544/504 391/406/390
f 520/549/509 515/544/504 390/405/389
f 520/549/509 519/548/508 515/544/504
f 521/550/510 519/548/508 520/549/509
f 521/550/510 522/551/455 519/548/508
f 523/552/511 519/548/508 522/551/455
f 523/552/511 518/547/507 519/548/508
f 523/552/511 513/553/502 518/547/507
f 518/547/507 513/553/502 511/554/500
f 518/547/507 511/554/500 516/545/505
f 516/545/505 511/554/500 479/555/472
f 516/545/505 479/555/472 517/546/506
f 385/400/384 517/546/506 479/555/472
f 385/400/384 479/555/472 473/556/466
f 383/398/382 385/400/384 473/556/466
f 523/552/511 514/557/503 513/553/502
f 103/21/98 98/22/93 104/23/99
f 104/23/99 98/22/93 100/24/95
f 104/23/99 100/24/95 105/25/100
f 102/26/97 105/25/100 100/24/95
f 102/26/97 106/27/101 105/25/100
f 102/26/97 101/28/512 106/27/101
f 524/558/513 525/559/464 526/560/514
f 524/558/513 527/561/515 525/559/464
f 527/561/515 528/562/516 525/559/464
f 527/561/515 529/563/515 528/562/516
f 530/564/517 528/562/516 529/563/515
f 524/558/513 529/563/515 527/561/515
f 530/564/517 531/565/518 528/562/516
f 530/564/517 532/566/378 531/565/518
f 533/567/519 532/566/378 530/564/517
f 533/567/519 534/568/520 532/566/378
f 209/295/210 282/297/285 208/569/209
f 208/569/209 282/297/285 284/299/287
f 208/569/209 284/299/287 207/570/208
f 293/308/295 207/570/208 284/299/287
f 293/308/295 526/560/514 207/570/208
f 497/526/489 526/560/514 293/308/295
f 497/526/489 524/558/513 526/560/514
f 497/526/489 498/527/490 524/558/513
f 524/558/513 498/527/490 529/563/515
f 499/528/491 529/563/515 498/527/490
f 530/564/517 529/563/515 499/528/491
f 500/529/492 530/564/517 499/528/491
f 500/529/492 533/567/519 530/564/517
f 501/530/493 533/567/519 500/529/492
f 501/530/493 535/571/495 533/567/519
f 535/571/495 534/568/520 533/567/519
f 535/571/495 536/572/495 534/568/520
f 534/568/520 536/572/495 521/573/510
f 534/568/520 521/573/510 520/574/509
f 532/566/378 534/568/520 520/574/509
f 532/566/378 520/574/509 390/575/389
f 531/565/518 532/566/378 390/575/389
f 531/565/518 390/575/389 389/576/388
f 537/577/521 531/565/518 389/576/388
f 537/577/521 389/576/388 387/578/386
f 388/579/387 537/577/521 387/578/386
f 388/579/387 538/580/522 537/577/521
f 200/581/201 538/580/522 388/579/387
f 200/581/201 539/582/523 538/580/522
f 207/570/208 539/582/523 200/581/201
f 207/570/208 526/560/514 539/582/523
f 539/582/523 526/560/514 538/580/522
f 525/559/464 538/580/522 526/560/514
f 525/559/464 537/577/521 538/580/522
f 528/562/516 537/577/521 525/559/464
f 528/562/516 531/565/518 537/577/521
f 113/21/108 108/22/103 114/23/109
f 108/22/103 115/25/110 114/23/109
f 108/22/103 110/24/105 115/25/110
f 112/26/107 115/25/110 110/24/105
f 112/26/107 116/27/111 115/25/110
f 112/26/107 111/28/524 116/27/111
f 414/434/413 540/583/416 415/435/414
f 414/434/413 541/584/525 540/583/416
f 414/434/413 542/585/526 541/584/525
f 543/586/527 541/584/525 542/585/526
f 543/586/527 544/587/528 541/584/525
f 543/586/527 545/588/529 544/587/528
f 543/586/527 546/589/530 545/588/529
f 546/589/530 547/590/531 545/588/529
f 546/589/530 548/591/532 547/590/531
f 547/590/531 548/591/532 549/592/533
f 548/591/532 550/593/534 549/592/533
f 367/594/366 549/592/533 550/593/534
f 364/595/364 367/594/366 550/593/534
f 364/595/364 550/593/534 551/596/535
f 365/597/365 364/595/364 551/596/535
f 365/597/365 551/596/535 552/598/536
f 552/598/536 366/599/346 365/597/365
f 547/590/531 549/592/533 553/600/537
f 549/592/533 361/601/361 553/600/537
f 549/592/533 360/602/360 361/601/361
f 367/594/366 360/602/360 549/592/533
f 366/599/346 554/603/538 331/604/331
f 366/599/346 555/605/517 554/603/538
f 552/598/536 555/605/517 366/599/346
f 556/606/539 555/605/517 552/598/536
f 556/606/539 552/598/536 551/596/535
f 556/606/539 551/596/535 557/607/540
f 557/607/540 551/596/535 550/593/534
f 557/607/540 550/593/534 558/608/541
f 548/591/532 558/608/541 550/593/534
f 559/609/542 558/608/541 548/591/532
f 559/609/542 548/591/532 546/589/530
f 560/610/543 559/609/542 546/589/530
f 560/610/543 546/589/530 543/586/527
f 561/611/544 560/610/543 543/586/527
f 561/611/544 543/586/527 542/585/526
f 562/612/437 561/611/544 542/585/526
f 562/612/437 542/585/526 414/434/413
f 562/612/437 414/434/413 416/436/415
f 442/467/440 560/610/543 561/611/544
f 442/467/440 431/456/429 560/610/543
f 431/456/429 559/609/542 560/610/543
f 431/456/429 430/455/428 559/609/542
f 430/455/428 558/608/541 559/609/542
f 430/455/428 557/607/540 558/608/541
f 432/457/430 557/607/540 430/455/428
f 432/457/430 556/606/539 557/607/540
f 556/606/539 432/457/430 433/458/431
f 563/613/545 556/606/539 433/458/431
f 556/606/539 563/613/545 555/605/517
f 435/460/433 434/459/432 442/467/440
f 435/460/433 442/467/440 564/614/546
f 436/461/434 435/460/433 564/614/546
f 436/461/434 564/614/546 565/615/547
f 427/450/426 436/461/434 565/615/547
f 427/450/426 565/615/547 566/616/548
f 422/445/421 427/450/426 566/616/548
f 422/445/421 566/616/548 421/443/420
f 421/443/420 566/616/548 567/617/549
f 421/443/420 567/617/549 420/440/419
f 420/440/419 567/617/549 418/438/417
f 568/618/550 418/438/417 567/617/549
f 568/618/550 416/436/415 418/438/417
f 562/612/437 416/436/415 568/618/550
f 565/615/547 562/612/437 568/618/550
f 565/615/547 564/614/546 562/612/437
f 564/614/546 561/611/544 562/612/437
f 564/614/546 442/467/440 561/611/544
f 566/616/548 568/618/550 567/617/549
f 566/616/548 565/615/547 568/618/550
f 569/619/551 570/620/552 571/621/553
f 570/620/552 572/622/554 571/621/553
f 570/620/552 573/623/555 572/622/554
f 574/624/556 573/623/555 570/620/552
f 575/625/557 574/624/556 570/620/552
f 576/626/558 574/624/556 575/625/557
f 563/613/545 576/626/558 575/625/557
f 563/613/545 575/625/557 577/627/559
f 555/605/517 563/613/545 577/627/559
f 555/605/517 577/627/559 554/603/538
f 554/603/538 577/627/559 578/628/560
f 577/627/559 569/619/551 578/628/560
f 577/627/559 575/625/557 569/619/551
f 575/625/557 570/620/552 569/619/551
f 576/626/558 563/613/545 433/458/431
f 579/629/561 576/626/558 433/458/431
f 576/626/558 579/629/561 574/624/556
f 579/629/561 580/630/562 574/624/556
f 574/624/556 580/630/562 573/623/555
f 580/630/562 581/631/563 573/623/555
f 573/623/555 581/631/563 582/632/439
f 573/623/555 582/632/439 572/622/554
f 582/632/439 583/633/564 572/622/554
f 571/621/553 572/622/554 583/633/564
f 571/621/553 583/633/564 584/634/565
f 585/635/566 571/621/553 584/634/565
f 569/619/551 571/621/553 585/635/566
f 569/619/551 585/635/566 586/636/567
f 569/619/551 586/636/567 578/628/560
f 587/637/568 578/628/560 586/636/567
f 554/603/538 578/628/560 587/637/568
f 331/604/331 554/603/538 587/637/568
f 582/632/439 588/638/569 583/633/564
f 331/604/331 587/637/568 330/639/330
f 330/639/330 587/637/568 589/640/570
f 587/637/568 586/636/567 589/640/570
f 589/640/570 586/636/567 590/641/361
f 585/635/566 590/641/361 586/636/567
f 585/635/566 591/642/571 590/641/361
f 585/635/566 584/634/565 591/642/571
f 330/639/330 589/640/570 340/643/340
f 340/643/340 589/640/570 592/644/572
f 589/640/570 590/641/361 592/644/572
f 340/643/340 592/644/572 341/645/341
f 581/631/563 593/646/573 582/632/439
f 593/646/573 588/638/569 582/632/439
f 593/646/573 594/647/574 588/638/569
f 593/646/573 595/648/575 594/647/574
f 596/649/576 292/307/294 291/306/293
f 596/649/576 433/458/431 292/307/294
f 597/650/577 433/458/431 596/649/576
f 579/629/561 433/458/431 597/650/577
f 598/651/427 579/629/561 597/650/577
f 579/629/561 598/651/427 580/630/562
f 598/651/427 599/652/578 580/630/562
f 580/630/562 599/652/578 581/631/563
f 599/652/578 600/653/579 581/631/563
f 581/631/563 600/653/579 593/646/573
f 600/653/579 601/654/580 593/646/573
f 593/646/573 601/654/580 595/648/575
f 595/648/575 601/654/580 602/655/581
f 595/648/575 602/655/581 603/656/582
f 604/657/583 603/656/582 602/655/581
f 604/657/583 605/658/584 603/656/582
f 604/657/583 326/341/326 605/658/584
f 604/657/583 327/342/327 326/341/326
f 606/659/585 598/651/427 597/650/577
f 598/651/427 606/659/585 599/652/578
f 606/659/585 607/660/586 599/652/578
f 599/652/578 607/660/586 600/653/579
f 607/660/586 608/661/587 600/653/579
f 600/653/579 608/661/587 601/654/580
f 608/661/587 602/655/581 601/654/580
f 308/323/309 609/662/588 610/663/589
f 308/323/309 309/324/310 609/662/588
f 309/324/310 596/649/576 609/662/588
f 309/324/310 310/325/311 596/649/576
f 597/650/577 596/649/576 310/325/311
f 597/650/577 310/325/311 323/338/311
f 606/659/585 597/650/577 323/338/311
f 606/659/585 323/338/311 611/664/590
f 606/659/585 611/664/590 607/660/586
f 611/664/590 612/665/591 607/660/586
f 607/660/586 612/665/591 608/661/587
f 612/665/591 613/666/592 608/661/587
f 608/661/587 613/666/592 602/655/581
f 614/667/593 602/655/581 613/666/592
f 614/667/593 604/657/583 602/655/581
f 614/667/593 327/342/327 604/657/583
f 614/667/593 318/333/319 327/342/327
f 327/342/327 318/333/319 320/335/321
f 316/331/317 318/333/319 614/667/593
f 316/331/317 614/667/593 613/666/592
f 316/331/317 613/666/592 615/668/594
f 612/665/591 615/668/594 613/666/592
f 616/669/595 615/668/594 612/665/591
f 611/664/590 616/669/595 612/665/591
f 616/669/595 611/664/590 323/338/311
f 617/670/412 616/669/595 323/338/311
f 617/670/412 323/338/311 312/327/313
f 617/670/412 312/327/313 314/329/315
f 314/329/315 615/668/594 617/670/412
f 314/329/315 316/331/317 615/668/594
f 616/669/595 617/670/412 615/668/594
f 618/21/596 619/22/597 620/23/598
f 619/22/597 621/25/599 620/23/598
f 619/22/597 622/24/600 621/25/599
f 622/24/600 623/27/601 621/25/599
f 622/24/600 624/26/602 623/27/601
f 624/26/602 625/28/603 623/27/601
f 625/671/604 624/672/602 622/673/600
f 625/671/604 622/673/600 626/674/605
f 626/674/605 622/673/600 619/675/597
f 626/674/605 619/675/597 627/676/606
f 627/676/606 619/675/597 618/677/596
f 618/677/596 620/678/598 627/676/606
f 620/678/598 626/674/605 627/676/606
f 620/678/598 621/679/599 626/674/605
f 621/679/599 625/671/604 626/674/605
f 621/679/599 623/135/601 625/671/604
f 628/174/607 629/175/608 630/173/609
f 631/176/610 629/175/608 628/174/607
f 631/176/610 632/160/611 629/175/608
f 633/158/612 632/160/611 631/176/610
f 634/159/613 632/160/611 633/158/612
f 635/157/614 634/159/613 633/158/612
f 636/403/615 634/159/613 635/157/614
f 637/680/616 636/403/615 635/157/614
f 636/403/615 638/209/617 634/159/613
f 630/173/609 639/180/618 640/171/619
f 630/173/609 640/171/619 641/172/620
f 628/174/607 630/173/609 641/172/620
f 628/174/607 641/172/620 642/181/621
f 628/174/607 642/181/621 643/182/622
f 644/183/623 628/174/607 643/182/622
f 644/183/623 631/176/610 628/174/607
f 645/177/624 631/176/610 644/183/623
f 633/158/612 631/176/610 645/177/624
f 646/681/625 633/158/612 645/177/624
f 635/157/614 633/158/612 646/681/625
f 646/681/625 647/156/626 635/157/614
f 637/680/616 635/157/614 647/156/626
f 637/680/616 647/156/626 648/401/627
f 648/401/627 649/404/628 637/680/616
f 648/401/627 650/406/629 649/404/628
f 651/405/630 649/404/628 650/406/629
f 651/405/630 650/406/629 652/682/631
f 646/681/625 653/153/632 654/154/633
f 646/681/625 655/178/634 653/153/632
f 646/681/625 645/177/624 655/178/634
f 655/178/634 645/177/624 656/184/635
f 645/177/624 644/183/623 656/184/635
f 653/153/632 657/683/636 658/684/637
f 653/153/632 655/178/634 657/683/636
f 655/178/634 656/184/635 657/683/636
f 652/682/631 659/685/638 660/686/639
f 652/682/631 661/545/640 659/685/638
f 652/682/631 662/546/641 661/545/640
f 652/682/631 650/406/629 662/546/641
f 663/549/642 651/405/630 652/682/631
f 663/549/642 652/682/631 660/686/639
f 664/550/643 663/549/642 660/686/639
f 664/550/643 660/686/639 665/551/644
f 660/686/639 666/552/645 665/551/644
f 660/686/639 659/685/638 666/552/645
f 667/687/646 666/552/645 659/685/638
f 668/554/647 667/687/646 659/685/638
f 668/554/647 659/685/638 661/545/640
f 669/555/648 668/554/647 661/545/640
f 669/555/648 661/545/640 662/546/641
f 670/400/649 669/555/648 662/546/641
f 670/400/649 662/546/641 650/406/629
f 670/400/649 650/406/629 648/401/627
f 671/388/650 670/400/649 648/401/627
f 671/388/650 648/401/627 647/156/626
f 671/388/650 647/156/626 672/688/651
f 673/689/652 672/688/651 647/156/626
f 667/687/646 674/557/653 666/552/645
f 675/138/654 671/388/650 672/688/651
f 670/400/649 676/690/655 669/555/648
f 677/398/656 676/690/655 670/400/649
f 677/398/656 670/400/649 678/691/657
f 671/388/650 678/691/657 670/400/649
f 679/393/658 680/392/659 681/692/660
f 679/393/658 682/693/661 680/392/659
f 683/394/662 682/693/661 679/393/658
f 683/394/662 684/694/663 682/693/661
f 685/396/664 684/694/663 683/394/662
f 685/396/664 686/695/665 684/694/663
f 677/398/656 686/695/665 685/396/664
f 677/398/656 678/691/657 686/695/665
f 687/416/666 686/695/665 678/691/657
f 671/388/650 687/416/666 678/691/657
f 671/388/650 688/367/667 687/416/666
f 689/389/668 688/367/667 671/388/650
f 690/225/669 688/367/667 689/389/668
f 690/225/669 691/696/670 688/367/667
f 691/696/670 692/697/671 688/367/667
f 691/696/670 693/368/672 692/697/671
f 693/368/672 694/369/673 692/697/671
f 693/368/672 695/377/674 694/369/673
f 682/693/661 696/698/675 680/392/659
f 692/697/671 694/369/673 697/699/676
f 692/697/671 697/699/676 698/700/677
f 688/367/667 692/697/671 698/700/677
f 688/367/667 698/700/677 699/701/678
f 699/701/678 687/416/666 688/367/667
f 699/701/678 700/415/679 687/416/666
f 687/416/666 700/415/679 686/695/665
f 684/694/663 686/695/665 700/415/679
f 684/694/663 700/415/679 701/407/680
f 682/693/661 684/694/663 701/407/680
f 682/693/661 701/407/680 702/408/681
f 682/693/661 702/408/681 696/698/675
f 702/408/681 703/409/682 696/698/675
f 702/408/681 704/410/683 703/409/682
f 705/702/646 703/409/682 704/410/683
f 706/412/684 705/702/646 704/410/683
f 706/412/684 704/410/683 707/703/685
f 708/414/686 706/412/684 707/703/685
f 701/407/680 704/410/683 702/408/681
f 701/407/680 707/703/685 704/410/683
f 701/407/680 708/414/686 707/703/685
f 701/407/680 700/415/679 708/414/686
f 699/701/678 708/414/686 700/415/679
f 699/701/678 709/420/687 708/414/686
f 699/701/678 710/421/688 709/420/687
f 699/701/678 711/704/689 710/421/688
f 699/701/678 698/700/677 711/704/689
f 698/700/677 712/363/690 711/704/689
f 698/700/677 697/699/676 712/363/690
f 708/414/686 709/420/687 706/412/684
f 705/702/646 713/705/691 703/409/682
f 714/359/692 715/358/693 716/357/694
f 714/359/692 716/357/694 717/706/695
f 717/706/695 716/357/694 718/361/696
f 717/706/695 718/361/696 719/362/697
f 719/362/697 718/361/696 712/363/690
f 719/362/697 712/363/690 697/699/676
f 720/707/698 719/362/697 697/699/676
f 720/707/698 697/699/676 694/369/673
f 721/378/699 720/707/698 694/369/673
f 721/378/699 694/369/673 695/377/674
f 722/379/700 721/378/699 695/377/674
f 722/379/700 695/377/674 693/368/672
f 722/379/700 693/368/672 723/380/701
f 723/380/701 693/368/672 724/347/702
f 723/380/701 724/347/702 725/708/703
f 724/347/702 726/346/704 725/708/703
f 724/347/702 727/336/705 726/346/704
f 728/337/706 726/346/704 727/336/705
f 717/706/695 719/362/697 720/707/698
f 691/696/670 724/347/702 693/368/672
f 691/696/670 729/340/707 724/347/702
f 729/340/707 727/336/705 724/347/702
f 722/379/700 730/382/708 721/378/699
f 730/382/708 731/709/709 721/378/699
f 731/709/709 720/707/698 721/378/699
f 731/709/709 732/710/710 720/707/698
f 717/706/695 720/707/698 732/710/710
f 714/359/692 717/706/695 732/710/710
f 714/359/692 732/710/710 733/711/711
f 733/711/711 732/710/710 731/709/709
f 733/711/711 731/709/709 734/712/712
f 735/375/713 734/712/712 731/709/709
f 735/375/713 736/713/714 734/712/712
f 730/382/708 735/375/713 731/709/709
f 728/337/706 737/345/715 726/346/704
f 738/344/716 737/345/715 728/337/706
f 738/344/716 739/355/717 737/345/715
f 740/354/718 739/355/717 738/344/716
f 740/354/718 741/714/719 739/355/717
f 742/327/720 743/338/721 744/670/722
f 742/327/720 744/670/722 745/329/723
f 746/328/724 742/327/720 745/329/723
f 746/328/724 745/329/723 747/330/725
f 748/339/726 746/328/724 747/330/725
f 748/339/726 747/330/725 729/340/707
f 691/696/670 748/339/726 729/340/707
f 691/696/670 749/349/727 748/339/726
f 691/696/670 690/225/669 749/349/727
f 746/328/724 748/339/726 749/349/727
f 744/670/722 743/338/721 750/669/728
f 750/669/728 751/715/729 744/670/722
f 751/715/729 745/329/723 744/670/722
f 751/715/729 752/331/730 745/329/723
f 752/331/730 747/330/725 745/329/723
f 752/331/730 753/332/731 747/330/725
f 753/332/731 729/340/707 747/330/725
f 753/332/731 754/716/732 729/340/707
f 729/340/707 754/716/732 727/336/705
f 755/335/733 727/336/705 754/716/732
f 756/717/734 755/335/733 754/716/732
f 757/342/735 755/335/733 756/717/734
f 758/667/736 757/342/735 756/717/734
f 752/331/730 758/667/736 756/717/734
f 759/666/737 758/667/736 752/331/730
f 759/666/737 752/331/730 751/715/729
f 759/666/737 751/715/729 760/718/738
f 750/669/728 760/718/738 751/715/729
f 761/664/739 760/718/738 750/669/728
f 752/331/730 756/717/734 753/332/731
f 756/717/734 754/716/732 753/332/731
f 757/342/735 762/343/740 755/335/733
f 755/335/733 728/337/706 727/336/705
f 738/344/716 728/337/706 755/335/733
f 738/344/716 755/335/733 762/343/740
f 740/354/718 738/344/716 762/343/740
f 740/354/718 762/343/740 763/353/741
f 764/341/742 763/353/741 762/343/740
f 764/341/742 762/343/740 757/342/735
f 765/657/743 764/341/742 757/342/735
f 758/667/736 765/657/743 757/342/735
f 766/655/744 765/657/743 758/667/736
f 766/655/744 758/667/736 759/666/737
f 766/655/744 759/666/737 767/661/745
f 759/666/737 760/718/738 767/661/745
f 767/661/745 760/718/738 768/660/746
f 761/664/739 768/660/746 760/718/738
f 769/659/747 768/660/746 761/664/739
f 743/338/721 769/659/747 761/664/739
f 750/669/728 743/338/721 761/664/739
f 765/657/743 770/658/748 764/341/742
f 771/719/748 770/658/748 765/657/743
f 771/719/748 765/657/743 766/655/744
f 772/720/749 771/719/748 766/655/744
f 772/720/749 766/655/744 773/654/750
f 766/655/744 767/661/745 773/654/750
f 773/654/750 767/661/745 774/653/751
f 767/661/745 768/660/746 774/653/751
f 775/652/752 774/653/751 768/660/746
f 769/659/747 775/652/752 768/660/746
f 776/633/753 777/638/754 778/632/755
f 777/638/754 779/646/756 778/632/755
f 777/638/754 780/647/757 779/646/756
f 772/720/749 779/646/756 780/647/757
f 772/720/749 773/654/750 779/646/756
f 773/654/750 774/653/751 779/646/756
f 781/721/758 779/646/756 774/653/751
f 775/652/752 781/721/758 774/653/751
f 781/721/758 778/632/755 779/646/756
f 782/722/759 781/721/758 775/652/752
f 783/651/760 782/722/759 775/652/752
f 783/651/760 775/652/752 769/659/747
f 769/659/747 784/650/761 783/651/760
f 743/338/721 784/650/761 769/659/747
f 784/650/761 743/338/721 785/723/762
f 785/723/762 743/338/721 742/327/720
f 785/723/762 742/327/720 786/724/763
f 786/724/763 742/327/720 746/328/724
f 786/724/763 746/328/724 787/350/764
f 746/328/724 749/349/727 787/350/764
f 788/725/765 787/350/764 749/349/727
f 786/724/763 787/350/764 788/725/765
f 786/724/763 788/725/765 789/312/766
f 785/723/762 786/724/763 789/312/766
f 785/723/762 789/312/766 790/324/767
f 791/649/768 785/723/762 790/324/767
f 791/649/768 790/324/767 792/662/769
f 793/726/770 791/649/768 792/662/769
f 794/322/613 793/726/770 792/662/769
f 793/726/770 795/727/771 791/649/768
f 796/728/772 797/310/773 798/309/774
f 798/309/774 799/729/775 796/728/772
f 800/318/776 799/729/775 798/309/774
f 794/322/613 799/729/775 800/318/776
f 794/322/613 801/663/777 799/729/775
f 794/322/613 792/662/769 801/663/777
f 792/662/769 802/323/778 801/663/777
f 792/662/769 790/324/767 802/323/778
f 790/324/767 803/313/779 802/323/778
f 790/324/767 789/312/766 803/313/779
f 789/312/766 804/730/780 803/313/779
f 789/312/766 788/725/765 804/730/780
f 804/730/780 788/725/765 805/352/781
f 788/725/765 749/349/727 805/352/781
f 806/226/782 805/352/781 749/349/727
f 806/226/782 749/349/727 690/225/669
f 807/220/783 806/226/782 690/225/669
f 807/220/783 690/225/669 689/389/668
f 802/323/778 803/313/779 808/314/784
f 802/323/778 808/314/784 809/315/785
f 802/323/778 809/315/785 810/316/786
f 802/323/778 810/316/786 801/663/777
f 810/316/786 799/729/775 801/663/777
f 810/316/786 796/728/772 799/729/775
f 811/283/787 812/731/788 796/728/772
f 803/313/779 804/730/780 813/250/789
f 803/313/779 813/250/789 808/314/784
f 814/252/790 808/314/784 813/250/789
f 809/315/785 808/314/784 814/252/790
f 809/315/785 814/252/790 815/260/791
f 815/260/791 810/316/786 809/315/785
f 815/260/791 816/261/792 810/316/786
f 796/728/772 810/316/786 816/261/792
f 796/728/772 816/261/792 817/278/793
f 811/283/787 796/728/772 817/278/793
f 818/282/794 811/283/787 817/278/793
f 818/282/794 817/278/793 819/732/795
f 817/278/793 820/277/796 819/732/795
f 817/278/793 816/261/792 820/277/796
f 821/733/797 820/277/796 816/261/792
f 821/733/797 816/261/792 815/260/791
f 814/252/790 821/733/797 815/260/791
f 814/252/790 813/250/789 822/734/798
f 818/282/794 823/288/799 824/289/800
f 818/282/794 819/732/795 823/288/799
f 819/732/795 825/280/801 823/288/799
f 819/732/795 820/277/796 825/280/801
f 826/276/802 825/280/801 820/277/796
f 826/276/802 820/277/796 821/733/797
f 821/733/797 827/268/803 826/276/802
f 821/733/797 828/262/804 827/268/803
f 814/252/790 828/262/804 821/733/797
f 829/253/805 828/262/804 814/252/790
f 829/253/805 814/252/790 822/734/798
f 830/249/806 829/253/805 822/734/798
f 813/250/789 830/249/806 822/734/798
f 813/250/789 831/244/807 830/249/806
f 804/730/780 831/244/807 813/250/789
f 804/730/780 832/243/808 831/244/807
f 804/730/780 805/352/781 832/243/808
f 832/243/808 805/352/781 806/226/782
f 830/249/806 833/254/809 829/253/805
f 833/254/809 834/735/810 829/253/805
f 834/735/810 828/262/804 829/253/805
f 834/735/810 827/268/803 828/262/804
f 835/736/811 812/731/788 836/737/812
f 837/285/813 836/737/812 812/731/788
f 837/285/813 812/731/788 811/283/787
f 838/284/814 837/285/813 811/283/787
f 838/284/814 811/283/787 818/282/794
f 839/286/815 838/284/814 818/282/794
f 839/286/815 818/282/794 824/289/800
f 839/286/815 824/289/800 840/290/816
f 840/290/816 824/289/800 823/288/799
f 840/290/816 823/288/799 841/287/817
f 841/287/817 823/288/799 825/280/801
f 841/287/817 825/280/801 842/738/818
f 842/738/818 825/280/801 826/276/802
f 842/738/818 826/276/802 843/275/819
f 827/268/803 843/275/819 826/276/802
f 827/268/803 844/274/820 843/275/821
f 845/273/822 844/274/820 827/268/803
f 845/273/822 827/268/803 834/735/810
f 839/286/815 840/290/816 846/291/823
f 847/264/824 845/273/822 834/735/810
f 833/254/809 847/264/824 834/735/810
f 847/264/824 833/254/809 848/255/825
f 830/249/806 848/255/825 833/254/809
f 830/249/806 849/248/826 848/255/825
f 831/244/807 849/248/826 830/249/806
f 831/244/807 850/239/827 849/248/826
f 832/243/808 850/239/827 831/244/807
f 832/243/808 851/739/828 850/239/827
f 832/243/808 806/226/782 851/739/828
f 807/220/783 851/739/828 806/226/782
f 852/221/829 851/739/828 807/220/783
f 852/221/829 807/220/783 853/222/830
f 854/740/831 852/221/829 853/222/830
f 854/740/831 853/222/830 855/741/832
f 854/740/831 855/741/832 856/385/833
f 856/385/833 855/741/832 857/383/834
f 856/385/833 857/383/834 858/742/835
f 859/743/836 857/383/834 860/386/837
f 855/741/832 860/386/837 857/383/834
f 855/741/832 861/744/838 860/386/837
f 853/222/830 861/744/838 855/741/832
f 853/222/830 807/220/783 861/744/838
f 862/196/839 863/745/840 864/193/841
f 863/745/840 865/746/842 864/193/841
f 863/745/840 866/198/843 865/746/842
f 865/746/842 866/198/843 867/186/844
f 867/186/844 866/198/843 868/199/845
f 868/199/845 866/198/843 858/742/835
f 869/215/846 858/742/835 866/198/843
f 869/215/846 856/385/833 858/742/835
f 870/214/847 856/385/833 869/215/846
f 870/214/847 854/740/831 856/385/833
f 871/224/848 854/740/831 870/214/847
f 854/740/831 871/224/848 852/221/829
f 871/224/848 872/228/849 852/221/829
f 851/739/828 852/221/829 872/228/849
f 851/739/828 872/228/849 850/239/827
f 873/247/850 850/239/827 872/228/849
f 873/247/850 849/248/826 850/239/827
f 874/256/851 849/248/826 873/247/850
f 874/256/851 848/255/825 849/248/826
f 874/256/851 875/265/852 848/255/825
f 847/264/824 848/255/825 875/265/852
f 876/246/853 873/247/850 872/228/849
f 877/257/854 873/247/850 876/246/853
f 877/257/854 874/256/851 873/247/850
f 878/266/855 874/256/851 877/257/854
f 874/256/851 878/266/855 875/265/852
f 878/266/855 877/257/854 879/267/856
f 878/266/855 879/267/856 880/747/857
f 878/266/855 880/747/857 881/270/858
f 881/270/859 875/265/852 878/266/855
f 881/270/859 882/271/860 875/265/852
f 883/272/861 875/265/852 882/271/860
f 883/272/861 847/264/824 875/265/852
f 847/264/824 883/272/861 845/273/822
f 879/267/856 884/748/862 880/747/857
f 879/267/856 885/237/863 884/748/862
f 879/267/856 886/258/864 885/237/863
f 887/235/865 885/237/863 886/258/864
f 888/232/866 887/235/865 886/258/864
f 888/232/866 838/749/814 887/235/865
f 888/232/866 837/233/813 838/749/814
f 888/232/866 836/750/812 837/233/813
f 888/232/866 886/258/864 889/751/867
f 890/236/868 839/752/815 846/241/823
f 890/236/868 838/749/814 839/752/815
f 890/236/868 887/235/865 838/749/814
f 887/235/865 890/236/868 885/237/863
f 890/236/868 884/748/862 885/237/863
f 890/236/868 891/240/869 884/748/862
f 890/236/868 846/241/823 891/240/869
f 634/159/613 892/753/870 632/160/611
f 893/208/871 892/753/870 634/159/613
f 893/208/871 634/159/613 638/209/617
f 894/210/872 893/208/871 638/209/617
f 894/210/872 638/209/617 895/216/873
f 896/217/874 894/210/872 895/216/873
f 894/210/872 896/217/874 897/211/875
f 897/211/875 896/217/874 835/218/811
f 897/211/875 835/218/811 898/212/876
f 898/212/876 835/218/811 836/750/812
f 898/212/876 836/750/812 899/754/877
f 888/232/866 899/754/877 836/750/812
f 900/230/878 899/754/877 888/232/866
f 900/230/878 888/232/866 889/751/867
f 876/246/853 900/230/878 889/751/867
f 886/258/864 876/246/853 889/751/867
f 886/258/864 877/257/854 876/246/853
f 879/267/856 877/257/854 886/258/864
f 898/212/876 899/754/877 900/230/878
f 898/212/876 901/206/875 897/211/875
f 902/207/879 893/208/871 894/210/872
f 894/210/872 897/211/875 902/207/879
f 901/206/875 902/207/879 897/211/875
f 871/224/848 903/229/880 872/228/849
f 876/246/853 872/228/849 903/229/880
f 876/246/853 903/229/880 900/230/878
f 904/755/881 900/230/878 903/229/880
f 898/212/876 900/230/878 904/755/881
f 904/755/881 905/205/882 898/212/876
f 898/212/876 905/205/882 901/206/875
f 906/201/875 901/206/875 905/205/882
f 901/206/875 906/201/875 902/207/879
f 907/756/883 902/207/879 906/201/875
f 902/207/879 907/756/883 893/208/871
f 892/753/870 893/208/871 907/756/883
f 892/753/870 907/756/883 908/757/884
f 907/756/883 909/191/885 908/757/884
f 907/756/883 910/195/886 909/191/885
f 910/195/886 911/758/887 909/191/885
f 910/195/886 862/196/839 911/758/887
f 862/196/839 864/193/841 911/758/887
f 904/755/881 912/759/888 905/205/882
f 913/202/889 905/205/882 912/759/888
f 906/201/875 905/205/882 913/202/889
f 907/756/883 906/201/875 910/195/886
f 910/195/886 906/201/875 913/202/889
f 910/195/886 913/202/889 862/196/839
f 862/196/839 913/202/889 914/760/890
f 913/202/889 912/759/888 914/760/890
f 914/760/890 912/759/888 870/214/847
f 870/214/847 912/759/888 904/755/881
f 871/224/848 870/214/847 904/755/881
f 904/755/881 903/229/880 871/224/848
f 862/196/839 914/760/890 863/745/840
f 914/760/890 866/198/843 863/745/840
f 914/760/890 869/215/846 866/198/843
f 914/760/890 870/214/847 869/215/846
f 858/742/835 857/383/834 859/743/836
f 858/742/835 859/743/836 915/144/891
f 868/199/845 858/742/835 915/144/891
f 916/761/892 868/199/845 915/144/891
f 916/761/892 867/186/844 868/199/845
f 916/761/892 917/185/893 867/186/844
f 917/185/893 865/746/842 867/186/844
f 917/185/893 918/762/894 865/746/842
f 918/762/894 864/193/841 865/746/842
f 918/762/894 919/189/895 864/193/841
f 919/189/895 911/758/887 864/193/841
f 919/189/895 639/180/618 911/758/887
f 630/173/609 911/758/887 639/180/618
f 630/173/609 909/191/885 911/758/887
f 629/175/608 909/191/885 630/173/609
f 629/175/608 908/757/884 909/191/885
f 632/160/611 908/757/884 629/175/608
f 632/160/611 892/753/870 908/757/884
f 807/220/783 689/389/668 861/744/838
f 861/744/838 689/389/668 671/388/650
f 861/744/838 671/388/650 860/386/837
f 675/138/654 860/386/837 671/388/650
f 859/743/836 860/386/837 675/138/654
f 920/763/896 859/743/836 675/138/654
f 920/763/896 915/144/891 859/743/836
f 920/763/896 921/145/897 915/144/891
f 916/761/892 915/144/891 921/145/897
f 922/147/898 916/761/892 921/145/897
f 917/185/893 916/761/892 922/147/898
f 917/185/893 922/147/898 923/166/899
f 918/762/894 917/185/893 923/166/899
f 918/762/894 923/166/899 924/764/900
f 919/189/895 918/762/894 924/764/900
f 919/189/895 924/764/900 925/765/901
f 639/180/618 919/189/895 925/765/901
f 639/180/618 925/765/901 640/171/619
f 673/689/652 675/138/654 672/688/651
f 673/689/652 926/139/902 675/138/654
f 920/763/896 675/138/654 926/139/902
f 927/766/689 920/763/896 926/139/902
f 921/145/897 920/763/896 927/766/689
f 921/145/897 927/766/689 928/146/903
f 922/147/898 921/145/897 928/146/903
f 929/148/904 922/147/898 928/146/903
f 930/162/905 922/147/898 929/148/904
f 930/162/905 923/166/899 922/147/898
f 931/165/906 923/166/899 930/162/905
f 931/165/906 924/764/900 923/166/899
f 932/767/907 924/764/900 931/165/906
f 932/767/907 925/765/901 924/764/900
f 933/170/908 925/765/901 932/767/907
f 933/170/908 640/171/619 925/765/901
f 641/172/620 640/171/619 933/170/908
f 641/172/620 933/170/908 642/181/621
f 927/766/689 926/139/902 934/768/909
f 926/139/902 935/152/910 934/768/909
f 926/139/902 673/689/652 935/152/910
f 646/681/625 654/154/633 647/156/626
f 673/689/652 647/156/626 654/154/633
f 653/153/632 673/689/652 654/154/633
f 653/153/632 935/152/910 673/689/652
f 658/684/637 935/152/910 653/153/632
f 936/164/911 935/152/910 658/684/637
f 936/164/911 934/768/909 935/152/910
f 937/150/912 934/768/909 936/164/911
f 937/150/912 927/766/689 934/768/909
f 928/146/903 927/766/689 937/150/912
f 928/146/903 937/150/912 938/769/913
f 929/148/904 928/146/903 938/769/913
f 123/21/118 124/22/119 121/23/116
f 124/22/119 117/25/112 121/23/116
f 124/22/119 125/24/120 117/25/112
f 125/24/120 118/27/113 117/25/112
f 125/24/120 126/26/121 118/27/113
f 126/26/121 119/28/914 118/27/113
f 378/393/377 472/692/455 377/392/376
f 939/510/915 940/518/916 941/520/917
f 941/520/917 940/518/916 942/770/918
f 941/520/917 942/770/918 943/505/919
f 942/770/918 944/771/920 943/505/919
f 942/770/918 945/535/921 944/771/920
f 945/535/921 946/538/922 944/771/920
f 945/535/921 947/537/923 946/538/922
f 948/534/924 947/537/923 945/535/921
f 948/534/924 949/536/922 947/537/923
f 948/534/924 950/533/925 949/536/922
f 948/534/924 951/523/926 950/533/925
f 952/519/927 951/523/926 948/534/924
f 952/519/927 948/534/924 945/535/921
f 952/519/927 945/535/921 942/770/918
f 940/518/916 952/519/927 942/770/918
f 953/772/928 954/470/929 955/468/930
f 954/470/929 956/478/931 955/468/930
f 954/470/929 957/479/932 956/478/931
f 957/479/932 958/773/933 956/478/931
f 957/479/932 959/490/934 958/773/933
f 960/774/935 959/490/934 957/479/932
f 960/774/935 961/481/936 959/490/934
f 960/774/935 962/301/937 961/481/936
f 961/481/936 962/301/937 963/482/938
f 963/482/938 962/301/937 939/510/915
f 964/509/939 963/482/938 939/510/915
f 964/509/939 939/510/915 941/520/917
f 964/509/939 941/520/917 965/507/940
f 965/507/940 941/520/917 943/505/919
f 965/507/940 943/505/919 966/775/941
f 966/775/941 943/505/919 944/771/920
f 966/775/941 944/771/920 967/539/942
f 967/539/942 944/771/920 946/538/922
f 967/539/942 946/538/922 968/541/943
f 667/542/646 967/539/942 968/541/943
f 667/542/646 968/541/943 674/543/653
f 964/509/939 969/496/944 963/482/938
f 969/496/944 970/483/945 963/482/938
f 668/540/647 967/539/942 667/542/646
f 668/540/647 966/775/941 967/539/942
f 669/776/648 966/775/941 668/540/647
f 669/776/648 965/507/940 966/775/941
f 676/502/655 965/507/940 669/776/648
f 676/502/655 964/509/939 965/507/940
f 969/496/944 964/509/939 676/502/655
f 969/496/944 676/502/655 677/497/656
f 677/497/656 971/777/946 969/496/944
f 969/496/944 971/777/946 970/483/945
f 970/483/945 971/777/946 972/488/947
f 970/483/945 972/488/947 973/489/948
f 974/778/949 973/489/948 972/488/947
f 679/779/658 681/780/660 975/485/660
f 679/779/658 975/485/660 976/486/950
f 977/484/951 976/486/950 975/485/660
f 977/484/951 974/778/949 976/486/950
f 974/778/949 972/488/947 976/486/950
f 683/499/662 976/486/950 972/488/947
f 685/498/664 683/499/662 972/488/947
f 685/498/664 972/488/947 971/777/946
f 677/497/656 685/498/664 971/777/946
f 683/499/662 679/779/658 976/486/950
f 961/481/936 963/482/938 970/483/945
f 961/481/936 970/483/945 959/490/934
f 959/490/934 970/483/945 973/489/948
f 959/490/934 973/489/948 958/773/933
f 958/773/933 973/489/948 974/778/949
f 958/773/933 974/778/949 978/492/952
f 978/492/952 974/778/949 977/484/951
f 978/492/952 977/484/951 979/494/953
f 978/492/952 979/494/953 980/493/954
f 978/492/952 980/493/954 981/477/955
f 981/477/955 980/493/954 982/781/956
f 981/477/955 982/781/956 983/466/957
f 984/782/958 983/466/957 982/781/956
f 985/464/922 983/466/957 984/782/958
f 985/464/922 984/782/958 986/783/624
f 985/464/922 986/783/624 987/448/959
f 987/448/959 986/783/624 988/784/960
f 987/448/959 988/784/960 989/424/961
f 985/464/922 955/468/930 983/466/957
f 955/468/930 981/477/955 983/466/957
f 955/468/930 956/478/931 981/477/955
f 956/478/931 978/492/952 981/477/955
f 956/478/931 958/773/933 978/492/952
f 709/431/687 990/785/962 706/430/684
f 706/430/684 990/785/962 991/786/963
f 990/785/962 988/784/960 991/786/963
f 991/786/963 988/784/960 992/787/964
f 986/783/624 992/787/964 988/784/960
f 986/783/624 993/474/965 992/787/964
f 984/782/958 993/474/965 986/783/624
f 984/782/958 994/475/966 993/474/965
f 984/782/958 982/781/956 994/475/966
f 706/430/684 991/786/963 705/788/646
f 991/786/963 713/428/691 705/788/646
f 991/786/963 995/789/691 713/428/691
f 991/786/963 992/787/964 995/789/691
f 996/611/967 997/585/968 998/586/969
f 996/611/967 998/586/969 999/610/970
f 1000/467/971 996/611/967 999/610/970
f 1001/614/972 996/611/967 1000/467/971
f 1002/460/973 1001/614/972 1000/467/971
f 1003/461/974 1001/614/972 1002/460/973
f 1002/460/973 1004/305/975 1003/461/974
f 1003/461/974 1004/305/975 1005/790/976
f 1005/790/976 1004/305/975 1006/462/977
f 1007/446/962 1005/790/976 1006/462/977
f 1007/446/962 1006/462/977 1008/791/978
f 1007/446/962 1008/791/978 1009/792/979
f 1009/792/979 1008/791/978 989/424/961
f 1008/791/978 987/448/959 989/424/961
f 1008/791/978 1010/463/980 987/448/959
f 1010/463/980 985/464/922 987/448/959
f 1010/463/980 953/772/928 985/464/922
f 953/772/928 955/468/930 985/464/922
f 1004/305/975 1011/471/981 1012/473/982
f 1006/462/977 1004/305/975 1012/473/982
f 1011/471/981 1013/303/983 1014/472/984
f 1004/305/975 1013/303/983 1011/471/981
f 1015/793/985 1013/303/983 1004/305/975
f 1015/793/985 1016/302/985 1013/303/983
f 1006/462/977 1010/463/980 1008/791/978
f 1006/462/977 1012/473/982 1010/463/980
f 1012/473/982 953/772/928 1010/463/980
f 1012/473/982 1011/471/981 953/772/928
f 1011/471/981 954/470/929 953/772/928
f 1011/471/981 1014/472/984 954/470/929
f 1014/472/984 957/479/932 954/470/929
f 1014/472/984 960/774/935 957/479/932
f 1014/472/984 1013/303/983 960/774/935
f 960/774/935 1013/303/983 962/301/937
f 1016/302/985 962/301/937 1013/303/983
f 1016/302/985 1017/300/986 962/301/937
f 962/301/937 1017/300/986 1018/794/987
f 1018/794/987 1017/300/986 1019/298/988
f 1018/794/987 1019/298/988 1020/795/989
f 1020/795/989 1019/298/988 1021/296/990
f 800/318/776 798/309/774 1022/319/776
f 1023/320/991 1022/319/776 798/309/774
f 1023/320/991 798/309/774 797/310/773
f 1024/321/992 1023/320/991 797/310/773
f 1024/321/992 797/310/773 1021/296/990
f 1024/321/992 1021/296/990 1019/298/988
f 1024/321/992 1019/298/988 1025/796/993
f 1017/300/986 1025/796/993 1019/298/988
f 1017/300/986 1026/797/994 1025/796/993
f 1026/797/994 1017/300/986 1016/302/985
f 1026/797/994 1016/302/985 1027/798/995
f 1027/798/995 1016/302/985 1015/793/985
f 1027/798/995 1015/793/985 1028/799/996
f 1029/800/997 1028/799/996 1015/793/985
f 1029/800/997 1015/793/985 1030/801/998
f 1030/801/998 1015/793/985 1004/305/975
f 1030/801/998 1004/305/975 1031/802/999
f 1002/460/973 1031/802/999 1004/305/975
f 1032/591/1000 1033/592/1001 1034/593/1002
f 1032/591/1000 1034/593/1002 1035/608/1003
f 1034/593/1002 1036/607/1004 1035/608/1003
f 1035/608/1003 1036/607/1004 1037/455/1005
f 1038/457/1006 1037/455/1005 1036/607/1004
f 1039/803/1007 1037/455/1005 1038/457/1006
f 1040/458/1008 1039/803/1007 1038/457/1006
f 1040/458/1008 1031/802/999 1039/803/1007
f 791/649/768 1031/802/999 1040/458/1008
f 791/649/768 1030/801/998 1031/802/999
f 795/727/771 1030/801/998 791/649/768
f 795/727/771 1029/800/997 1030/801/998
f 1032/591/1000 1035/608/1003 1041/804/1009
f 1035/608/1003 1037/455/1005 1041/804/1009
f 1042/456/1010 1041/804/1009 1037/455/1005
f 1039/803/1007 1042/456/1010 1037/455/1005
f 1043/805/1011 1042/456/1010 1039/803/1007
f 1039/803/1007 1031/802/999 1043/805/1011
f 1043/805/1011 1031/802/999 1002/460/973
f 1002/460/973 1000/467/971 1043/805/1011
f 1043/805/1011 1000/467/971 1042/456/1010
f 1000/467/971 999/610/970 1042/456/1010
f 1042/456/1010 999/610/970 1041/804/1009
f 999/610/970 1044/589/1012 1041/804/1009
f 1032/591/1000 1041/804/1009 1044/589/1012
f 1045/590/1013 1032/591/1000 1044/589/1012
f 1045/590/1013 1033/592/1001 1032/591/1000
f 1045/590/1013 1046/600/1014 1033/592/1001
f 1033/592/1001 1046/600/1014 736/601/714
f 1033/592/1001 736/601/714 735/602/713
f 1033/592/1001 735/602/713 730/806/708
f 1033/592/1001 730/806/708 1034/593/1002
f 1034/593/1002 730/806/708 722/595/700
f 1034/593/1002 722/595/700 1047/596/1015
f 1047/596/1015 722/595/700 723/597/701
f 1047/596/1015 723/597/701 1048/807/1016
f 1045/590/1013 1044/589/1012 1049/588/1017
f 998/586/969 1049/588/1017 1044/589/1012
f 999/610/970 998/586/969 1044/589/1012
f 1050/584/1018 1051/808/1017 998/586/969
f 998/586/969 1051/808/1017 1049/588/1017
f 1052/809/1019 1053/627/1020 1054/613/1021
f 1055/810/1022 1052/809/1019 1054/613/1021
f 1055/810/1022 1048/807/1016 1052/809/1019
f 1055/810/1022 1047/596/1015 1048/807/1016
f 1055/810/1022 1036/607/1004 1047/596/1015
f 1034/593/1002 1047/596/1015 1036/607/1004
f 1053/627/1020 1056/619/1023 1057/811/1024
f 1054/613/1021 1053/627/1020 1057/811/1024
f 1054/613/1021 1057/811/1024 1058/626/1025
f 1058/626/1025 1040/458/1008 1054/613/1021
f 1054/613/1021 1040/458/1008 1055/810/1022
f 1055/810/1022 1040/458/1008 1038/457/1006
f 1038/457/1006 1036/607/1004 1055/810/1022
f 1056/619/1023 1059/635/1026 1060/621/1027
f 1056/619/1023 1060/621/1027 1061/620/1028
f 1057/811/1024 1056/619/1023 1061/620/1028
f 1057/811/1024 1061/620/1028 1062/624/1029
f 1058/626/1025 1057/811/1024 1062/624/1029
f 1058/626/1025 1062/624/1029 1063/629/1030
f 1063/629/1030 1040/458/1008 1058/626/1025
f 1063/629/1030 784/650/761 1040/458/1008
f 784/650/761 791/649/768 1040/458/1008
f 784/650/761 785/723/762 791/649/768
f 783/651/760 784/650/761 1063/629/1030
f 1063/629/1030 782/722/759 783/651/760
f 1063/629/1030 1062/624/1029 782/722/759
f 1062/624/1029 1064/623/1031 782/722/759
f 1062/624/1029 1061/620/1028 1064/623/1031
f 1061/620/1028 1065/622/1032 1064/623/1031
f 1061/620/1028 1060/621/1027 1065/622/1032
f 1048/807/1016 723/597/701 725/812/703
f 1048/807/1016 725/812/703 1052/809/1019
f 725/812/703 1066/603/1033 1052/809/1019
f 1052/809/1019 1066/603/1033 1053/627/1020
f 1066/603/1033 1067/813/1034 1053/627/1020
f 1053/627/1020 1067/813/1034 1056/619/1023
f 1068/814/1035 1056/619/1023 1067/813/1034
f 1068/814/1035 1059/635/1026 1056/619/1023
f 1069/815/1036 1059/635/1026 1068/814/1035
f 1069/815/1036 1070/642/1037 1059/635/1026
f 1059/635/1026 1070/642/1037 1071/634/1038
f 1059/635/1026 1071/634/1038 1060/621/1027
f 1060/621/1027 1071/634/1038 776/633/753
f 1060/621/1027 776/633/753 1065/622/1032
f 776/633/753 778/632/755 1065/622/1032
f 1064/623/1031 1065/622/1032 778/632/755
f 1064/623/1031 778/632/755 781/721/758
f 782/722/759 1064/623/1031 781/721/758
f 725/812/703 726/816/704 1066/603/1033
f 726/816/704 1072/637/1039 1066/603/1033
f 1066/603/1033 1072/637/1039 1067/813/1034
f 1072/637/1039 1068/814/1035 1067/813/1034
f 1072/637/1039 1073/817/1040 1068/814/1035
f 1073/817/1040 1069/815/1036 1068/814/1035
f 1073/817/1040 1074/818/1041 1069/815/1036
f 739/643/717 1074/818/1041 1073/817/1040
f 739/643/717 741/645/719 1074/818/1041
f 726/816/704 737/819/715 1072/637/1039
f 737/819/715 1073/817/1040 1072/637/1039
f 737/819/715 739/643/717 1073/817/1040
f 895/820/873 638/581/617 1075/582/1042
f 1076/821/1043 1077/822/1044 1078/524/1045
f 1077/822/1044 1079/513/1046 1078/524/1045
f 1078/524/1045 1079/513/1046 1080/522/776
f 1079/513/1046 1081/515/1047 1080/522/776
f 1079/513/1046 1082/514/1048 1081/515/1047
f 1082/514/1048 1083/516/1049 1081/515/1047
f 1082/514/1048 1084/527/1050 1083/516/1049
f 1084/527/1050 1085/823/1051 1083/516/1049
f 1084/527/1050 1086/824/1052 1085/823/1051
f 1086/824/1052 1087/564/1053 1085/823/1051
f 1086/824/1052 1088/562/1054 1087/564/1053
f 1089/825/1055 1087/564/1053 1088/562/1054
f 1090/577/1056 1089/825/1055 1088/562/1054
f 1090/577/1056 1088/562/1054 1091/559/946
f 1092/826/1057 1090/577/1056 1091/559/946
f 1092/826/1057 1091/559/946 1093/560/1058
f 1075/582/1042 1092/826/1057 1093/560/1058
f 895/820/873 1075/582/1042 1093/560/1058
f 1094/308/1059 895/820/873 1093/560/1058
f 1080/522/776 1081/515/1047 1095/521/1060
f 1081/515/1047 1096/827/1061 1095/521/1060
f 1081/515/1047 1083/516/1049 1096/827/1061
f 1083/516/1049 1097/529/1062 1096/827/1061
f 1083/516/1049 1085/823/1051 1097/529/1062
f 1097/529/1062 1085/823/1051 1087/564/1053
f 1092/826/1057 1075/582/1042 638/581/617
f 1092/826/1057 638/581/617 636/579/615
f 1090/577/1056 1092/826/1057 636/579/615
f 1090/577/1056 636/579/615 637/578/616
f 1090/577/1056 637/578/616 649/576/628
f 1090/577/1056 649/576/628 1089/825/1055
f 1089/825/1055 649/576/628 651/575/630
f 1089/825/1055 651/575/630 1098/566/662
f 1089/825/1055 1098/566/662 1087/564/1053
f 1098/566/662 1099/567/1063 1087/564/1053
f 1097/529/1062 1087/564/1053 1099/567/1063
f 1100/530/1064 1097/529/1062 1099/567/1063
f 1096/827/1061 1097/529/1062 1100/530/1064
f 1096/827/1061 1100/530/1064 1101/531/1064
f 1096/827/1061 1101/531/1064 1102/532/1065
f 1096/827/1061 1102/532/1065 1095/521/1060
f 1095/521/1060 1102/532/1065 950/533/925
f 1095/521/1060 950/533/925 951/523/926
f 1100/530/1064 1099/567/1063 1103/828/1066
f 1104/829/1067 1103/828/1066 1099/567/1063
f 1098/566/662 1104/829/1067 1099/567/1063
f 1098/566/662 663/574/642 1104/829/1067
f 1098/566/662 651/575/630 663/574/642
f 1104/829/1067 1105/572/1066 1103/828/1066
f 1104/829/1067 664/573/643 1105/572/1066
f 1104/829/1067 663/574/642 664/573/643
f 1080/522/776 1095/521/1060 951/523/926
f 952/519/927 1080/522/776 951/523/926
f 1078/524/1045 1080/522/776 952/519/927
f 940/518/916 1078/524/1045 952/519/927
f 1076/821/1043 1078/524/1045 940/518/916
f 939/510/915 1076/821/1043 940/518/916
f 1077/822/1044 1076/821/1043 939/510/915
f 1077/822/1044 939/510/915 962/301/937
f 1077/822/1044 962/301/937 1094/308/1059
f 962/301/937 1018/794/987 1094/308/1059
f 1094/308/1059 1018/794/987 895/820/873
f 896/569/874 895/820/873 1018/794/987
f 896/569/874 1018/794/987 1020/795/989
f 835/736/811 896/569/874 1020/795/989
f 1020/795/989 1021/296/990 835/736/811
f 835/736/811 1021/296/990 812/731/788
f 812/731/788 1021/296/990 797/310/773
f 812/731/788 797/310/773 796/728/772
f 1106/526/1068 1094/308/1059 1093/560/1058
f 1107/512/1069 1094/308/1059 1106/526/1068
f 1077/822/1044 1094/308/1059 1107/512/1069
f 1077/822/1044 1107/512/1069 1079/513/1046
f 1107/512/1069 1082/514/1048 1079/513/1046
f 1107/512/1069 1106/526/1068 1082/514/1048
f 1106/526/1068 1084/527/1050 1082/514/1048
f 1106/526/1068 1108/830/1070 1084/527/1050
f 1108/830/1070 1086/824/1052 1084/527/1050
f 1108/830/1070 1109/831/1052 1086/824/1052
f 1109/831/1052 1088/562/1054 1086/824/1052
f 1109/831/1052 1091/559/946 1088/562/1054
f 1091/559/946 1109/831/1052 1108/830/1070
f 1091/559/946 1108/830/1070 1093/560/1058
f 1106/526/1068 1093/560/1058 1108/830/1070
f 1110/832/966 1111/435/1071 1112/833/1072
f 990/785/962 989/424/961 988/784/960
f 1009/792/979 989/424/961 990/785/962
f 709/431/687 1009/792/979 990/785/962
f 710/433/688 1009/792/979 709/431/687
f 710/433/688 1007/446/962 1009/792/979
f 710/433/688 1113/445/1073 1007/446/962
f 1007/446/962 1113/445/1073 1005/790/976
f 1113/445/1073 1114/616/1074 1005/790/976
f 1005/790/976 1114/616/1074 1115/615/1075
f 1114/616/1074 1116/618/930 1115/615/1075
f 1115/615/1075 1116/618/930 1117/612/943
f 1112/833/1072 1117/612/943 1116/618/930
f 1112/833/1072 1118/434/1076 1117/612/943
f 1111/435/1071 1118/434/1076 1112/833/1072
f 1111/435/1071 1119/583/1077 1118/434/1076
f 1118/434/1076 1119/583/1077 1050/584/1018
f 1118/434/1076 1050/584/1018 997/585/968
f 1050/584/1018 998/586/969 997/585/968
f 1005/790/976 1115/615/1075 1003/461/974
f 1003/461/974 1115/615/1075 1001/614/972
f 1115/615/1075 1117/612/943 1001/614/972
f 1001/614/972 1117/612/943 996/611/967
f 1117/612/943 997/585/968 996/611/967
f 1117/612/943 1118/434/1076 997/585/968
f 710/433/688 711/834/689 1113/445/1073
f 711/834/689 1120/443/1078 1113/445/1073
f 711/834/689 712/442/690 1120/443/1078
f 712/442/690 1121/440/1079 1120/443/1078
f 712/442/690 718/441/696 1121/440/1079
f 718/441/696 1122/439/1080 1121/440/1079
f 718/441/696 716/451/694 1122/439/1080
f 715/452/693 1122/439/1080 716/451/694
f 715/452/693 1123/453/964 1122/439/1080
f 1122/439/1080 1123/453/964 1110/832/966
f 1122/439/1080 1110/832/966 1124/835/1081
f 1110/832/966 1112/833/1072 1124/835/1081
f 1124/835/1081 1112/833/1072 1116/618/930
f 1124/835/1081 1116/618/930 1125/617/1082
f 1114/616/1074 1125/617/1082 1116/618/930
f 1120/443/1078 1125/617/1082 1114/616/1074
f 1113/445/1073 1120/443/1078 1114/616/1074
f 1120/443/1078 1121/440/1079 1125/617/1082
f 1121/440/1079 1124/835/1081 1125/617/1082
f 1121/440/1079 1122/439/1080 1124/835/1081
f 1126/836/1083 1127/837/1084 1128/838/1085
f 1126/836/1083 1129/839/1086 1127/837/1084
f 1127/837/1084 1129/839/1086 1130/840/1087
f 1127/837/1084 1130/840/1087 1131/841/1088
f 1132/842/1089 1131/841/1088 1130/840/1087
f 1133/843/1083 1134/844/1090 1135/845/1091
f 1133/843/1083 1135/845/1091 1136/846/1092
f 1137/847/1093 1136/846/1092 1135/845/1091
f 1138/848/1094 1136/846/1092 1137/847/1093
f 1138/848/1094 1139/849/1095 1136/846/1092
f 1133/843/1083 1136/846/1092 1139/849/1095
f 1133/843/1083 1139/849/1095 1140/850/1096
f 1140/850/1096 1141/851/1097 1133/843/1083
f 1140/850/1096 1142/852/1098 1141/851/1097
f 1132/842/1089 1141/851/1097 1142/852/1098
f 1132/842/1089 1143/853/1099 1141/851/1097
f 1132/842/1089 1130/840/1087 1143/853/1099
f 1143/853/1099 1130/840/1087 1144/854/1100
f 1145/855/1101 1144/854/1100 1130/840/1087
f 1130/840/1087 1146/856/1102 1145/855/1101
f 1130/840/1087 1129/839/1086 1146/856/1102
f 1129/839/1086 1147/857/1103 1146/856/1102
f 1129/839/1086 1126/836/1083 1147/857/1103
f 1147/857/1103 1126/836/1083 1148/858/1104
f 1128/838/1085 1148/858/1104 1126/836/1083
f 1128/838/1085 1149/859/1105 1148/858/1104
f 1141/851/1097 1134/844/1090 1133/843/1083
f 1141/851/1097 1150/860/1106 1134/844/1090
f 1143/853/1099 1150/860/1106 1141/851/1097
f 1143/853/1099 1144/854/1100 1150/860/1106
f 1147/857/1103 1148/858/1104 1151/861/1107
f 1152/862/1108 1147/857/1103 1151/861/1107
f 1152/862/1108 1151/861/1107 1153/863/1109
f 1152/862/1108 1153/863/1109 1154/864/1110
f 1152/862/1108 1154/864/1110 1155/865/1111
f 1156/866/1112 1155/865/1111 1154/864/1110
f 1156/866/1112 1157/867/1113 1155/865/1111
f 1158/868/1114 1157/867/1113 1156/866/1112
f 1158/868/1114 1159/869/1115 1157/867/1113
f 1160/870/1116 1159/869/1115 1158/868/1114
f 1160/870/1116 1161/871/1117 1159/869/1115
f 1161/871/1117 1160/870/1116 1162/872/1118
f 1161/871/1117 1162/872/1118 1163/873/1119
f 1161/871/1117 1163/873/1119 1164/874/1120
f 1161/871/1117 1164/874/1120 1165/875/1121
f 1165/875/1121 1164/874/1120 1166/876/1122
f 1165/875/1121 1166/876/1122 1167/877/1123
f 1167/877/1123 1166/876/1122 1168/878/1124
f 1159/869/1115 1161/871/1117 1165/875/1121
f 1152/862/1108 1146/879/1102 1147/857/1103
f 1152/862/1108 1145/880/1101 1146/879/1102
f 1152/862/1108 1144/881/1100 1145/880/1101
f 1152/862/1108 1155/865/1111 1144/881/1100
f 1144/881/1100 1155/865/1111 1157/867/1113
f 1144/881/1100 1157/867/1113 1150/882/1106
f 1157/867/1113 1169/883/1125 1150/882/1106
f 1157/867/1113 1159/869/1115 1169/883/1125
f 1159/869/1115 1165/875/1121 1169/883/1125
f 1165/875/1121 1170/884/1126 1169/883/1125
f 1165/875/1121 1167/877/1123 1170/884/1126
f 1167/877/1123 1171/885/1127 1170/884/1126
f 1167/877/1123 1172/886/1128 1171/885/1127
f 1170/884/1126 1171/885/1127 1135/887/1091
f 1170/884/1126 1135/887/1091 1134/888/1090
f 1169/883/1125 1170/884/1126 1134/888/1090
f 1169/883/1125 1134/888/1090 1150/882/1106
f 1167/877/1123 1168/878/1124 1172/886/1128
f 1173/889/1129 1172/886/1128 1168/878/1124
f 1173/889/1129 1174/890/1130 1172/886/1128
f 1175/891/1131 1172/886/1128 1174/890/1130
f 1175/891/1131 1171/885/1127 1172/886/1128
f 1176/892/1132 1171/885/1127 1175/891/1131
f 1176/892/1132 1135/887/1091 1171/885/1127
f 1177/893/1133 1178/894/1134 1179/895/1135
f 1177/893/1133 1179/895/1135 1180/896/1136
f 1179/895/1135 1181/897/1137 1180/896/1136
f 1179/895/1135 1182/898/1137 1181/897/1137
f 1183/899/1138 1181/897/1137 1182/898/1137
f 1183/899/1138 1182/898/1137 1184/900/1138
f 1185/901/1139 1183/899/1138 1184/900/1138
f 1185/901/1139 1149/902/1140 1183/899/1138
f 1186/903/1141 1187/904/1142 1179/895/1135
f 1186/903/1141 1179/895/1135 1178/894/1134
f 1186/903/1141 1178/894/1134 1188/905/1143
f 1186/903/1141 1188/905/1143 1189/906/1144
f 1190/907/1145 1189/906/1144 1188/905/1143
f 1190/907/1145 1191/908/1146 1189/906/1144
f 1192/909/1147 1191/908/1146 1190/907/1145
f 1192/909/1147 1193/910/1148 1191/908/1146
f 1193/910/1148 1192/909/1147 1194/911/1149
f 1193/910/1148 1194/911/1149 1195/912/1150
f 1196/913/1151 1149/859/1140 1185/914/1139
f 1196/913/1151 1148/858/1151 1149/859/1140
f 1196/913/1151 1151/861/1152 1148/858/1151
f 1196/913/1151 1197/915/1153 1151/861/1152
f 1198/916/1154 1151/861/1152 1197/915/1153
f 1198/916/1154 1153/863/1154 1151/861/1152
f 1153/863/1154 1198/916/1154 1199/917/1155
f 1153/863/1154 1199/917/1155 1154/864/1156
f 1194/911/1149 1154/864/1156 1199/917/1155
f 1194/911/1149 1156/866/1157 1154/864/1156
f 1156/866/1157 1194/911/1149 1192/909/1147
f 1156/866/1157 1192/909/1147 1158/868/1158
f 1190/907/1145 1158/868/1158 1192/909/1147
f 1190/907/1145 1160/870/1159 1158/868/1158
f 1188/905/1143 1160/870/1159 1190/907/1145
f 1188/905/1143 1162/872/1160 1160/870/1159
f 1162/872/1160 1188/905/1143 1178/894/1134
f 1162/872/1160 1178/894/1134 1177/893/1133
f 1187/918/1161 1194/919/1161 1179/920/1161
f 1187/918/1161 1195/921/1162 1194/919/1161
f 1194/919/1163 1182/922/1164 1179/920/1165
f 1194/919/1163 1199/923/1166 1182/922/1164
f 1184/924/1167 1182/922/1164 1199/923/1166
f 1184/924/1167 1199/923/1166 1198/925/1167
f 1184/924/1167 1198/925/1167 1197/926/1168
f 1184/924/1167 1197/926/1168 1185/927/1168
f 1197/926/1168 1196/928/1169 1185/927/1168
f 1187/918/1167 1193/929/1167 1195/921/1167
f 1187/918/1167 1186/930/1167 1193/929/1167
f 1186/930/1167 1191/931/1167 1193/929/1167
f 1186/930/1167 1189/932/1167 1191/931/1167
f 1177/893/1170 1163/933/1119 1162/872/1118
f 1177/893/1170 1200/934/1171 1163/933/1119
f 1200/934/1171 1164/935/1120 1163/933/1119
f 1201/936/1172 1139/937/1095 1138/938/1094
f 1201/936/1172 1202/939/1173 1139/937/1095
f 1173/940/1129 1202/939/1173 1201/936/1172
f 1173/940/1129 1168/941/1124 1202/939/1173
f 1166/942/1122 1202/939/1173 1168/941/1124
f 1166/942/1122 1203/943/1171 1202/939/1173
f 1203/943/1171 1166/942/1122 1164/935/1120
f 1203/943/1171 1164/935/1120 1204/944/1171
f 1200/934/1171 1204/944/1171 1164/935/1120
f 1204/944/1171 1200/934/1171 1205/945/1174
f 1177/893/1170 1205/945/1174 1200/934/1171
f 1177/893/1170 1180/896/1175 1205/945/1174
f 1180/896/1175 1206/946/1171 1205/945/1174
f 1180/896/1175 1181/897/1141 1206/946/1171
f 1206/946/1171 1181/897/1141 1183/899/1176
f 1206/946/1171 1183/899/1176 1207/947/1177
f 1149/902/1105 1207/947/1177 1183/899/1176
f 1149/902/1105 1128/948/1085 1207/947/1177
f 1131/949/1088 1207/947/1177 1128/948/1085
f 1131/949/1088 1128/948/1085 1127/950/1084
f 1206/946/1171 1207/947/1177 1131/949/1088
f 1206/946/1171 1131/949/1088 1132/951/1089
f 1205/945/1174 1206/946/1171 1132/951/1089
f 1205/945/1174 1132/951/1089 1142/952/1098
f 1204/944/1171 1205/945/1174 1142/952/1098
f 1203/943/1171 1204/944/1171 1142/952/1098
f 1203/943/1171 1142/952/1098 1140/953/1096
f 1140/953/1096 1202/939/1173 1203/943/1171
f 1140/953/1096 1139/937/1095 1202/939/1173
f 845/954/1178 1208/955/1179 843/956/1180
f 845/954/1178 1209/957/1181 1208/955/1179
f 1210/958/1182 1211/959/1183 1212/960/1184
f 1212/960/1184 1211/959/1183 1213/961/1185
f 884/962/1186 1213/961/1185 1211/959/1183
f 846/963/1187 1213/961/1185 884/962/1186
f 846/963/1188 1214/964/1189 1213/961/1185
f 1214/964/1189 846/963/1188 840/965/1190
f 1214/964/1189 840/965/1190 1215/966/1191
f 1215/966/1191 840/965/1190 841/967/1192
f 1215/966/1191 841/967/1192 1216/968/1193
f 842/969/1194 1216/968/1193 841/967/1192
f 843/956/1180 1216/968/1193 842/969/1194
f 843/956/1180 1217/970/1195 1216/968/1193
f 843/956/1180 1208/955/1179 1217/970/1195
f 1218/971/1196 1217/970/1195 1208/955/1179
f 1218/971/1196 1208/955/1179 1209/957/1181
f 1218/971/1196 1209/957/1181 1219/972/1197
f 1219/972/1197 1220/973/1198 1218/971/1196
f 1219/972/1197 1221/974/1199 1220/973/1198
f 884/962/1186 1211/959/1183 881/975/1200
f 881/975/1200 1211/959/1183 1210/958/1182
f 881/975/1200 1210/958/1182 882/976/1201
f 882/976/1201 1210/958/1182 1209/977/1181
f 1210/958/1182 1219/978/1197 1209/977/1181
f 882/976/1202 1209/977/1181 845/979/1178
f 1222/980/1203 1223/981/1204 1224/982/1205
f 1225/983/1206 1224/982/1205 1223/981/1204
f 1223/981/1204 1226/984/1207 1225/983/1206
f 1223/981/1204 1227/985/1208 1226/984/1207
f 1220/973/1198 1226/984/1207 1227/985/1208
f 1220/973/1198 1227/985/1208 1228/986/1209
f 1228/986/1209 1218/971/1196 1220/973/1198
f 1228/986/1209 1229/987/1210 1218/971/1196
f 1218/971/1196 1229/987/1210 1217/970/1195
f 1229/987/1210 1216/968/1193 1217/970/1195
f 1229/987/1210 1230/988/1211 1216/968/1193
f 1215/966/1191 1216/968/1193 1230/988/1211
f 1215/966/1191 1230/988/1211 1231/989/1212
f 1231/989/1212 1214/964/1189 1215/966/1191
f 1228/986/1209 1227/985/1208 1232/990/1213
f 1232/990/1213 1229/987/1210 1228/986/1209
f 1232/990/1213 1230/988/1211 1229/987/1210
f 1233/991/1214 1231/989/1212 1230/988/1211
f 1233/991/1214 1230/988/1211 1232/990/1213
f 1232/990/1213 1234/992/1215 1233/991/1214
f 1232/990/1213 1227/985/1208 1234/992/1215
f 1227/985/1208 1222/980/1203 1234/992/1215
f 1227/985/1208 1223/981/1204 1222/980/1203
f 1221/974/1199 1226/984/1207 1220/973/1198
f 1221/974/1199 1235/993/1216 1226/984/1207
f 1236/994/1217 1226/984/1207 1235/993/1216
f 1236/994/1217 1225/983/1206 1226/984/1207
f 1225/983/1206 1236/994/1217 1237/995/1218
f 1225/983/1206 1237/995/1218 1238/996/1219
f 1225/983/1206 1238/996/1219 1224/982/1205
f 1239/997/1220 1224/982/1205 1238/996/1219
f 1239/997/1220 1240/998/1221 1224/982/1205
f 1222/980/1203 1224/982/1205 1240/998/1221
f 1241/999/1222 1222/980/1203 1240/998/1221
f 1241/999/1222 1234/992/1215 1222/980/1203
f 1241/999/1222 1242/1000/1223 1234/992/1215
f 1242/1000/1223 1233/991/1214 1234/992/1215
f 1242/1000/1223 1243/1001/1224 1233/991/1214
f 1231/989/1212 1233/991/1214 1243/1001/1224
f 1231/989/1212 1243/1001/1224 1244/1002/1225
f 1244/1002/1225 1214/964/1189 1231/989/1212
f 1245/1003/1226 1242/1000/1223 1241/999/1222
f 1245/1003/1226 1246/1004/1227 1242/1000/1223
f 1246/1004/1227 1243/1001/1224 1242/1000/1223
f 1247/1005/1228 1245/1003/1226 1248/1006/1229
f 1247/1005/1228 1246/1004/1227 1245/1003/1226
f 1247/1005/1228 1249/1007/1230 1246/1004/1227
f 1246/1004/1227 1249/1007/1230 1243/1001/1224
f 1249/1007/1230 1244/1002/1225 1243/1001/1224
f 1244/1002/1225 1213/961/1185 1214/964/1189
f 1212/960/1184 1213/961/1185 1244/1002/1225
f 1249/1007/1230 1212/960/1184 1244/1002/1225
f 1249/1007/1230 1250/1008/1231 1212/960/1184
f 1247/1005/1228 1250/1008/1231 1249/1007/1230
f 1251/1009/1232 1250/1008/1231 1247/1005/1228
f 1251/1009/1232 1247/1005/1228 1248/1006/1229
f 1251/1009/1232 1248/1006/1229 1252/1010/1233
f 1251/1009/1232 1253/1011/1234 1250/1008/1231
f 1254/1012/1235 1250/1008/1231 1253/1011/1234
f 1254/1012/1235 1212/960/1184 1250/1008/1231
f 1239/997/1220 1255/1013/1236 1240/998/1221
f 1255/1013/1236 1256/1014/1237 1240/998/1221
f 1241/999/1222 1240/998/1221 1256/1014/1237
f 1241/999/1222 1256/1014/1237 1257/1015/1238
f 1241/999/1222 1257/1015/1238 1245/1003/1226
f 1245/1003/1226 1257/1015/1238 1258/1016/1239
f 1245/1003/1226 1258/1016/1239 1248/1006/1229
f 1248/1006/1229 1258/1016/1239 1259/1017/1240
f 1248/1006/1229 1259/1017/1240 1252/1010/1233
f 1236/1018/1217 1252/1010/1233 1259/1017/1240
f 1252/1010/1233 1236/1018/1217 1235/1019/1216
f 1252/1010/1233 1235/1019/1216 1251/1009/1232
f 1221/1020/1199 1251/1009/1232 1235/1019/1216
f 1221/1020/1199 1253/1011/1234 1251/1009/1232
f 1253/1011/1234 1221/1020/1199 1219/978/1197
f 1253/1011/1234 1219/978/1197 1254/1012/1235
f 1210/958/1182 1254/1012/1235 1219/978/1197
f 1210/958/1182 1212/960/1184 1254/1012/1235
f 1236/1018/1217 1259/1017/1240 1237/1021/1218
f 1260/1022/1241 1261/1023/1242 1262/1024/1243
f 1260/1022/1241 1263/1025/1244 1261/1023/1242
f 1264/1026/1245 1260/1022/1241 1262/1027/1243
f 1264/1026/1245 1262/1027/1243 1265/1028/1245
f 1266/1029/1246 1264/1026/1245 1265/1028/1245
f 1266/1029/1246 1267/1030/1246 1264/1026/1245
f 1268/1031/1247 1269/1032/1248 1270/1033/1249
f 1268/1031/1247 1270/1033/1249 1271/1034/1247
f 1272/1035/1250 1268/1031/1247 1271/1034/1247
f 1272/1035/1250 1271/1034/1247 1273/1036/1250
f 1274/1037/1251 1272/1035/1250 1273/1036/1250
f 1274/1037/1251 1273/1036/1250 1275/1038/1251
f 1276/1039/1252 1274/1037/1251 1275/1038/1251
f 1276/1039/1252 1277/1040/1252 1274/1037/1251
f 1278/1041/1253 1277/1040/1252 1276/1039/1252
f 1278/1041/1253 1279/1042/1253 1277/1040/1252
f 1267/1030/1246 1279/1042/1253 1278/1041/1253
f 1267/1030/1246 1266/1043/1246 1279/1042/1253
f 1280/1044/1254 1270/1033/1249 1269/1045/1248
f 1280/1044/1254 1269/1045/1248 1281/1046/1254
f 1282/1047/1255 1280/1044/1254 1281/1046/1254
f 1282/1047/1255 1283/1048/1256 1280/1044/1254
f 1284/1049/1257 1283/1048/1256 1282/1050/1255
f 1284/1049/1257 1285/1051/1258 1283/1048/1256
f 1286/1052/1259 1287/1053/1260 1288/1054/1261
f 1286/1052/1259 1289/1055/1262 1287/1053/1260
f 1289/1055/1262 1290/1056/1263 1287/1053/1260
f 1291/1057/1264 1292/1058/1265 1293/1059/1266
f 1291/1057/1264 1294/1060/1267 1292/1058/1265
f 1291/1057/1264 1290/1056/1263 1294/1060/1267
f 1294/1060/1267 1290/1056/1263 1295/1061/1268
f 1289/1055/1262 1295/1061/1268 1290/1056/1263
f 1296/1062/1269 1295/1061/1268 1289/1055/1262
f 1297/1063/1270 1296/1062/1269 1289/1055/1262
f 1297/1063/1270 1289/1055/1262 1286/1052/1259
f 1297/1063/1270 1286/1052/1259 1298/1064/1271
f 1288/1054/1261 1298/1064/1271 1286/1052/1259
f 1288/1054/1261 1299/1065/1272 1298/1064/1271
f 1300/1066/1273 1298/1064/1271 1299/1065/1272
f 1300/1066/1273 1301/1067/1274 1298/1064/1271
f 1302/1068/1275 1301/1067/1274 1300/1066/1273
f 1302/1068/1275 1303/1069/1276 1301/1067/1274
f 1303/1069/1276 1302/1068/1275 1304/1070/1277
f 1303/1069/1276 1304/1070/1277 1305/1071/1278
f 1304/1070/1277 1306/1072/1279 1305/1071/1278
f 1294/1060/1267 1295/1061/1268 1307/1073/1280
f 1308/1074/1281 1307/1073/1280 1295/1061/1268
f 1296/1062/1269 1308/1074/1281 1295/1061/1268
f 1308/1074/1281 1309/1075/1282 1307/1073/1280
f 1297/1063/1270 1298/1064/1271 1310/1076/1283
f 1310/1076/1283 1298/1064/1271 1301/1067/1274
f 1310/1076/1283 1301/1067/1274 1311/1077/1284
f 1303/1069/1276 1311/1077/1284 1301/1067/1274
f 1303/1069/1276 1312/1078/1285 1311/1077/1284
f 1312/1078/1285 1303/1069/1276 1305/1071/1278
f 1313/1079/1286 1312/1078/1285 1305/1071/1278
f 1313/1079/1286 1314/1080/1287 1312/1078/1285
f 1305/1071/1278 1306/1072/1279 1313/1079/1286
f 1313/1079/1286 1306/1072/1279 1294/1081/1267
f 1313/1079/1286 1294/1081/1267 1307/1082/1280
f 1307/1082/1280 1314/1080/1287 1313/1079/1286
f 1307/1082/1280 1309/1083/1282 1314/1080/1287
f 1292/1084/1265 1306/1072/1279 1293/1085/1266
f 1294/1081/1267 1306/1072/1279 1292/1084/1265
f 1315/1086/1288 1316/1087/1289 1317/1088/1290
f 1288/1089/1291 1315/1086/1288 1317/1088/1290
f 1288/1089/1291 1318/1090/1292 1315/1086/1288
f 1288/1089/1291 1287/1091/1293 1318/1090/1292
f 1287/1091/1293 1319/1092/1294 1318/1090/1292
f 1287/1091/1293 1290/1093/1295 1319/1092/1294
f 1288/1089/1291 1317/1088/1290 1299/1094/1296
f 1320/1095/1297 1321/1096/1298 1322/1097/1299
f 1323/1098/1300 1321/1096/1298 1320/1095/1297
f 1324/1099/1301 1323/1098/1300 1320/1095/1297
f 1325/1100/1302 1323/1098/1300 1324/1099/1301
f 1324/1099/1301 1293/1101/1303 1325/1100/1302
f 1324/1099/1301 1291/1102/1304 1293/1101/1303
f 1290/1103/1295 1291/1102/1304 1324/1099/1301
f 1290/1103/1295 1324/1099/1301 1319/1092/1294
f 1324/1099/1301 1326/1104/1305 1319/1092/1294
f 1318/1090/1292 1319/1092/1294 1326/1104/1305
f 1318/1090/1292 1326/1104/1305 1327/1105/1306
f 1327/1105/1306 1315/1086/1288 1318/1090/1292
f 1327/1105/1306 1328/1106/1307 1315/1086/1288
f 1315/1086/1288 1328/1106/1307 1316/1087/1289
f 1328/1106/1307 1329/1107/1308 1316/1087/1289
f 1328/1106/1307 1330/1108/1309 1329/1107/1308
f 1331/1109/1310 1330/1108/1309 1328/1106/1307
f 1331/1109/1310 1332/1110/1311 1330/1108/1309
f 1323/1098/1300 1333/1111/1312 1321/1096/1298
f 1334/1112/1313 1333/1111/1312 1323/1098/1300
f 1325/1100/1302 1334/1112/1313 1323/1098/1300
f 1334/1112/1313 1335/1113/1313 1333/1111/1312
f 1336/1114/1314 1337/1115/1315 1338/1116/1316
f 1339/1117/1317 1336/1114/1314 1338/1116/1316
f 1339/1117/1317 1320/1095/1297 1336/1114/1314
f 1324/1099/1301 1320/1095/1297 1339/1117/1317
f 1324/1099/1301 1339/1117/1317 1326/1104/1305
f 1340/1118/1318 1326/1104/1305 1339/1117/1317
f 1327/1105/1306 1326/1104/1305 1340/1118/1318
f 1327/1105/1306 1340/1118/1318 1341/1119/1319
f 1341/1119/1319 1328/1106/1307 1327/1105/1306
f 1341/1119/1319 1331/1109/1310 1328/1106/1307
f 1342/1120/1320 1331/1109/1310 1341/1119/1319
f 1342/1120/1320 1343/1121/1321 1331/1109/1310
f 1344/1122/1322 1343/1121/1321 1342/1120/1320
f 1344/1122/1322 1342/1120/1320 1345/1123/1323
f 1346/1124/1324 1344/1122/1322 1345/1123/1323
f 1346/1124/1324 1345/1123/1323 1347/1125/1325
f 1348/1126/1326 1346/1124/1324 1347/1125/1325
f 1348/1126/1326 1347/1125/1325 1349/1127/1327
f 1349/1127/1327 1350/1128/1328 1348/1126/1326
f 1349/1127/1327 1351/1129/1329 1350/1128/1328
f 1343/1121/1321 1332/1110/1311 1331/1109/1310
f 1343/1121/1321 1352/1130/1330 1332/1110/1311
f 1353/1131/1331 1352/1130/1330 1343/1121/1321
f 1353/1131/1331 1343/1121/1321 1344/1122/1322
f 1354/1132/1332 1353/1131/1331 1344/1122/1322
f 1346/1124/1324 1354/1132/1332 1344/1122/1322
f 1355/1133/1333 1354/1132/1332 1346/1124/1324
f 1355/1133/1333 1346/1124/1324 1356/1134/1334
f 1356/1134/1334 1346/1124/1324 1348/1126/1326
f 1356/1134/1334 1348/1126/1326 1357/1135/1335
f 1357/1135/1335 1348/1126/1326 1350/1128/1328
f 1357/1135/1335 1350/1128/1328 1358/1136/1336
f 1338/1116/1337 1337/1115/1315 1359/1137/1338
f 1359/1137/1338 1339/1117/1317 1338/1116/1337
f 1359/1137/1338 1340/1118/1318 1339/1117/1317
f 1359/1137/1338 1360/1138/1339 1340/1118/1318
f 1341/1119/1319 1340/1118/1318 1360/1138/1339
f 1341/1119/1319 1360/1138/1339 1342/1120/1320
f 1360/1138/1339 1345/1123/1323 1342/1120/1320
f 1360/1138/1339 1361/1139/1340 1345/1123/1323
f 1361/1139/1340 1347/1125/1325 1345/1123/1323
f 1361/1139/1340 1362/1140/1341 1347/1125/1325
f 1362/1140/1341 1349/1127/1327 1347/1125/1325
f 1337/1115/1315 1362/1140/1341 1361/1139/1340
f 1361/1139/1340 1359/1137/1338 1337/1115/1315
f 1361/1139/1340 1360/1138/1339 1359/1137/1338
f 1320/1095/1297 1322/1097/1299 1336/1114/1314
f 1322/1097/1299 1363/1141/1342 1336/1114/1314
f 1336/1114/1314 1363/1141/1342 1337/1115/1315
f 1363/1141/1342 1364/1142/1343 1337/1115/1315
f 1362/1140/1341 1337/1115/1315 1364/1142/1343
f 1362/1140/1341 1364/1142/1343 1365/1143/1344
f 1362/1140/1341 1365/1143/1344 1349/1127/1327
f 1365/1143/1344 1351/1144/1329 1349/1127/1327
f 1365/1143/1344 1366/1145/1345 1351/1144/1329
f 1364/1142/1343 1366/1145/1345 1365/1143/1344
f 1364/1142/1343 1367/1146/1346 1366/1145/1345
f 1368/1147/1347 1367/1146/1346 1364/1142/1343
f 1368/1147/1347 1364/1142/1343 1369/1148/1348
f 1370/1149/1349 1369/1148/1348 1364/1142/1343
f 1370/1149/1349 1371/1150/1350 1369/1148/1348
f 1372/1151/1351 1371/1150/1350 1370/1149/1349
f 1372/1151/1351 1373/1152/1350 1371/1150/1350
f 1363/1141/1342 1370/1149/1349 1364/1142/1343
f 1374/1153/1352 1370/1149/1349 1363/1141/1342
f 1322/1097/1299 1374/1153/1352 1363/1141/1342
f 1374/1153/1352 1372/1151/1351 1370/1149/1349
f 1375/1154/1353 1376/1155/1354 1377/1156/1355
f 1378/1157/1356 1377/1156/1355 1376/1155/1354
f 1378/1157/1356 1376/1155/1354 1379/1158/1357
f 1379/1158/1357 1380/1159/1358 1378/1157/1356
f 1379/1158/1357 1381/1160/1359 1380/1159/1358
f 1381/1160/1359 1382/1161/1360 1380/1159/1358
f 1381/1160/1359 1383/1162/1361 1382/1161/1360
f 1384/1163/1362 1382/1161/1360 1383/1162/1361
f 1384/1163/1362 1385/1164/1363 1382/1161/1360
f 1386/1165/1364 1385/1164/1363 1384/1163/1362
f 1386/1165/1364 1387/1166/1365 1385/1164/1363
f 1388/1167/1366 1389/1168/1367 1387/1166/1365
f 1388/1167/1366 1387/1166/1365 1386/1165/1364
f 1390/1169/1368 1388/1167/1366 1386/1165/1364
f 1390/1169/1368 1386/1165/1364 1366/1170/1369
f 1366/1170/1369 1386/1165/1364 1384/1163/1362
f 1366/1170/1369 1384/1163/1362 1351/1171/1370
f 1351/1171/1370 1384/1163/1362 1383/1162/1361
f 1351/1171/1370 1383/1162/1361 1350/1172/1371
f 1381/1160/1359 1350/1172/1371 1383/1162/1361
f 1381/1160/1359 1358/1173/1372 1350/1172/1371
f 1381/1160/1359 1391/1174/1373 1358/1173/1372
f 1381/1160/1359 1379/1158/1357 1391/1174/1373
f 1379/1158/1357 1392/1175/1374 1391/1174/1373
f 1379/1158/1357 1376/1155/1354 1392/1175/1374
f 1393/1176/1375 1392/1175/1374 1376/1155/1354
f 1393/1176/1375 1376/1155/1354 1375/1154/1353
f 1375/1154/1353 1394/1177/1376 1393/1176/1375
f 1395/1178/1377 1394/1177/1376 1375/1154/1353
f 1377/1156/1355 1395/1178/1377 1375/1154/1353
f 1377/1156/1355 1396/1179/1378 1395/1178/1377
f 1396/1179/1378 1389/1180/1367 1388/1181/1366
f 1396/1179/1378 1388/1181/1366 1395/1178/1377
f 1390/1182/1368 1395/1178/1377 1388/1181/1366
f 1390/1182/1368 1394/1177/1376 1395/1178/1377
f 1397/1183/1379 1394/1177/1376 1390/1182/1368
f 1368/1184/1380 1394/1177/1376 1397/1183/1379
f 1368/1185/1380 1397/1186/1379 1367/1187/1381
f 1390/1169/1368 1367/1187/1381 1397/1186/1379
f 1390/1169/1368 1366/1170/1369 1367/1187/1381
f 1398/1188/1382 1399/1189/1383 1400/1190/1384
f 1401/1191/1385 1302/1192/1386 1300/1193/1387
f 1401/1191/1385 1300/1193/1387 1402/1194/1388
f 1299/1195/1296 1402/1194/1388 1300/1193/1387
f 1299/1195/1296 1317/1196/1290 1402/1194/1388
f 1317/1196/1290 1398/1188/1382 1402/1194/1388
f 1317/1196/1290 1316/1197/1289 1398/1188/1382
f 1316/1197/1289 1399/1189/1383 1398/1188/1382
f 1316/1197/1289 1329/1198/1308 1399/1189/1383
f 1403/1199/1389 1404/1200/1390 1405/1201/1083
f 1403/1199/1389 1405/1201/1083 1406/1202/1391
f 1406/1202/1391 1407/1203/1392 1403/1199/1389
f 1406/1202/1391 1408/1204/1393 1407/1203/1392
f 1285/1205/1394 1407/1203/1392 1408/1204/1393
f 1285/1205/1394 1408/1204/1393 1409/1206/1395
f 1409/1206/1395 1400/1190/1384 1285/1205/1394
f 1409/1206/1395 1410/1207/1396 1400/1190/1384
f 1398/1188/1382 1400/1190/1384 1410/1207/1396
f 1410/1207/1396 1402/1194/1388 1398/1188/1382
f 1410/1207/1396 1401/1191/1385 1402/1194/1388
f 1401/1191/1385 1410/1207/1396 1409/1206/1395
f 1409/1206/1395 1411/1208/1397 1401/1191/1385
f 1409/1206/1395 1408/1204/1393 1411/1208/1397
f 1408/1204/1393 1412/1209/1398 1411/1208/1397
f 1408/1204/1393 1406/1202/1391 1412/1209/1398
f 1406/1202/1391 1413/1210/1399 1412/1209/1398
f 1406/1202/1391 1405/1201/1083 1413/1210/1399
f 1405/1201/1083 1414/1211/1400 1413/1210/1399
f 1405/1201/1083 1415/1212/1401 1414/1211/1400
f 1416/1213/1175 1417/1214/1402 1418/1215/1403
f 1416/1213/1175 1419/1216/1404 1417/1214/1402
f 1419/1216/1404 1420/1217/1405 1417/1214/1402
f 1419/1216/1404 1421/1218/1406 1420/1217/1405
f 1420/1217/1405 1421/1218/1406 1422/1219/1407
f 1420/1217/1405 1422/1219/1407 1415/1212/1401
f 1415/1212/1401 1422/1219/1407 1423/1220/1408
f 1415/1212/1401 1423/1220/1408 1414/1211/1400
f 1414/1211/1400 1423/1220/1408 1335/1221/1313
f 1414/1211/1400 1335/1221/1313 1334/1222/1313
f 1413/1210/1399 1414/1211/1400 1334/1222/1313
f 1413/1210/1399 1334/1222/1313 1325/1223/1302
f 1412/1209/1398 1413/1210/1399 1325/1223/1302
f 1306/1224/1409 1412/1209/1398 1325/1223/1302
f 1411/1208/1397 1412/1209/1398 1306/1224/1409
f 1411/1208/1397 1306/1224/1409 1304/1225/1410
f 1302/1192/1386 1411/1208/1397 1304/1225/1410
f 1302/1192/1386 1401/1191/1385 1411/1208/1397
f 1306/1224/1409 1325/1223/1302 1293/1226/1303
f 1424/1227/1411 1417/1214/1402 1420/1217/1405
f 1417/1214/1402 1424/1227/1411 1425/1228/1412
f 1418/1215/1403 1417/1214/1402 1425/1228/1412
f 1418/1215/1403 1425/1228/1412 1426/1229/1413
f 1427/1230/1414 1428/1231/1415 1429/1232/1416
f 1427/1230/1414 1429/1232/1416 1430/1233/1417
f 1431/1234/1418 1430/1233/1417 1429/1232/1416
f 1431/1234/1418 1432/1235/1419 1430/1233/1417
f 1433/1236/1420 1430/1233/1417 1432/1235/1419
f 1434/1237/1421 1433/1236/1420 1432/1235/1419
f 1434/1237/1421 1435/1238/1422 1433/1236/1420
f 1436/1239/1423 1435/1238/1422 1434/1237/1421
f 1436/1239/1423 1437/1240/1424 1435/1238/1422
f 1426/1229/1413 1437/1240/1424 1436/1239/1423
f 1426/1229/1413 1425/1228/1412 1437/1240/1424
f 1425/1228/1412 1438/1241/1425 1437/1240/1424
f 1425/1228/1412 1424/1227/1411 1438/1241/1425
f 1438/1241/1425 1424/1227/1411 1439/1242/1426
f 1424/1227/1411 1420/1217/1405 1439/1242/1426
f 1420/1217/1405 1404/1200/1390 1439/1242/1426
f 1420/1217/1405 1415/1212/1401 1404/1200/1390
f 1405/1201/1083 1404/1200/1390 1415/1212/1401
f 1427/1230/1414 1430/1233/1417 1433/1236/1420
f 1427/1230/1414 1433/1236/1420 1263/1243/1427
f 1435/1238/1422 1263/1243/1427 1433/1236/1420
f 1435/1238/1422 1440/1244/1428 1263/1243/1427
f 1440/1244/1428 1435/1238/1422 1437/1240/1424
f 1440/1244/1428 1437/1240/1424 1438/1241/1425
f 1440/1244/1428 1438/1241/1425 1441/1245/1429
f 1438/1241/1425 1439/1242/1426 1441/1245/1429
f 1439/1242/1426 1403/1199/1389 1441/1245/1429
f 1439/1242/1426 1404/1200/1390 1403/1199/1389
f 1441/1245/1429 1403/1199/1389 1407/1203/1392
f 1441/1245/1429 1407/1203/1392 1442/1246/1430
f 1440/1244/1428 1441/1245/1429 1442/1246/1430
f 1443/1247/1431 1440/1244/1428 1442/1246/1430
f 1440/1244/1428 1443/1247/1431 1263/1243/1427
f 1285/1205/1394 1444/1248/1432 1407/1203/1392
f 1442/1246/1430 1407/1203/1392 1444/1248/1432
f 1442/1246/1430 1444/1248/1432 1445/1249/1433
f 1443/1247/1431 1442/1246/1430 1445/1249/1433
f 1428/1231/1415 1355/1250/1333 1356/1251/1334
f 1428/1231/1415 1356/1251/1334 1429/1232/1416
f 1429/1232/1416 1356/1251/1334 1357/1252/1335
f 1429/1232/1416 1357/1252/1335 1431/1234/1418
f 1431/1234/1418 1357/1252/1335 1358/1253/1336
f 1431/1234/1418 1358/1253/1336 1391/1254/1434
f 1391/1254/1434 1432/1235/1419 1431/1234/1418
f 1391/1254/1434 1392/1255/1435 1432/1235/1419
f 1434/1237/1421 1432/1235/1419 1392/1255/1435
f 1434/1237/1421 1392/1255/1435 1393/1256/1436
f 1394/1257/1437 1434/1237/1421 1393/1256/1436
f 1394/1257/1437 1436/1239/1423 1434/1237/1421
f 1369/1258/1348 1436/1239/1423 1394/1257/1437
f 1369/1258/1348 1426/1229/1413 1436/1239/1423
f 1371/1259/1350 1426/1229/1413 1369/1258/1348
f 1371/1259/1350 1418/1215/1403 1426/1229/1413
f 1373/1260/1350 1418/1215/1403 1371/1259/1350
f 1373/1260/1350 1416/1213/1175 1418/1215/1403
f 1369/1258/1348 1394/1257/1437 1368/1261/1347
f 1446/1262/1438 1284/1263/1439 1447/1264/1440
f 1448/1265/1441 1284/1263/1439 1446/1262/1438
f 1448/1265/1441 1449/1266/1442 1284/1263/1439
f 1449/1266/1442 1450/1267/1443 1284/1263/1439
f 1449/1266/1442 1451/1268/1444 1450/1267/1443
f 1452/1269/1445 1451/1268/1444 1449/1266/1442
f 1452/1269/1445 1449/1266/1442 1261/1270/1446
f 1261/1270/1446 1449/1266/1442 1448/1265/1441
f 1261/1270/1446 1448/1265/1441 1453/1271/1447
f 1454/1272/1448 1261/1270/1446 1453/1271/1447
f 1399/1273/1383 1270/1033/1449 1280/1044/1450
f 1399/1273/1383 1280/1044/1450 1400/1274/1384
f 1400/1274/1384 1280/1044/1450 1283/1048/1451
f 1400/1274/1384 1283/1048/1451 1285/1051/1394
f 1260/1022/1452 1427/1275/1414 1263/1025/1427
f 1260/1022/1452 1264/1026/1453 1427/1275/1414
f 1264/1026/1453 1428/1276/1415 1427/1275/1414
f 1264/1026/1453 1267/1030/1454 1428/1276/1415
f 1267/1030/1454 1355/1277/1333 1428/1276/1415
f 1267/1030/1454 1278/1041/1455 1355/1277/1333
f 1278/1041/1455 1354/1278/1332 1355/1277/1333
f 1278/1041/1455 1276/1039/1456 1354/1278/1332
f 1276/1039/1456 1353/1279/1331 1354/1278/1332
f 1275/1038/1457 1353/1279/1331 1276/1039/1456
f 1275/1038/1457 1352/1280/1330 1353/1279/1331
f 1332/1281/1311 1352/1280/1330 1275/1038/1457
f 1332/1281/1311 1275/1038/1457 1273/1036/1458
f 1330/1282/1309 1332/1281/1311 1273/1036/1458
f 1330/1282/1309 1273/1036/1458 1271/1034/1459
f 1330/1282/1309 1271/1034/1459 1329/1283/1308
f 1329/1283/1308 1271/1034/1459 1270/1033/1449
f 1329/1283/1308 1270/1033/1449 1399/1273/1383
f 1274/1284/1460 1455/1285/1461 1456/1286/1460
f 1274/1284/1460 1277/1287/1462 1455/1285/1461
f 1279/1288/1463 1455/1285/1461 1277/1287/1462
f 1279/1288/1463 1457/1289/1464 1455/1285/1461
f 1266/1290/1465 1457/1289/1464 1279/1288/1463
f 1266/1290/1465 1458/1291/1466 1457/1289/1464
f 1265/1292/1467 1458/1291/1466 1266/1290/1465
f 1265/1292/1467 1454/1293/1468 1458/1291/1466
f 1262/1294/1469 1454/1293/1468 1265/1292/1467
f 1262/1294/1469 1261/1295/1470 1454/1293/1468
f 1459/1296/1471 1274/1284/1460 1456/1297/1460
f 1459/1296/1471 1272/1298/1472 1274/1284/1460
f 1459/1296/1471 1268/1299/1473 1272/1298/1472
f 1459/1296/1471 1460/1300/1474 1268/1299/1473
f 1460/1300/1474 1269/1301/1475 1268/1299/1473
f 1460/1300/1474 1461/1302/1476 1269/1301/1475
f 1461/1302/1476 1281/1303/1477 1269/1301/1475
f 1461/1302/1476 1447/1304/1478 1281/1303/1477
f 1447/1304/1479 1282/1305/1480 1281/1303/1481
f 1447/1304/1479 1284/1306/1482 1282/1305/1480
f 1462/1307/1483 1463/1308/1484 1464/1309/1167
f 1462/1307/1483 1465/1310/1485 1463/1308/1484
f 1465/1310/1485 1466/1311/1486 1463/1308/1484
f 1467/1312/1487 1468/1313/1488 1469/1314/1489
f 1468/1313/1488 1467/1312/1487 1466/1311/1486
f 1468/1313/1488 1466/1311/1486 1470/1315/1490
f 1466/1311/1486 1465/1310/1485 1470/1315/1490
f 1470/1315/1490 1465/1310/1485 1471/1316/1491
f 1471/1316/1491 1465/1310/1485 1462/1307/1483
f 1471/1316/1491 1462/1307/1483 1472/1317/1492
f 1471/1316/1491 1472/1317/1492 1473/1318/1493
f 1471/1316/1491 1473/1318/1493 1474/1319/1494
f 1474/1319/1494 1473/1318/1493 1475/1320/1495
f 1470/1315/1490 1471/1316/1491 1474/1319/1494
f 1476/1321/1496 1468/1313/1488 1470/1315/1490
f 1477/1322/1497 1476/1321/1496 1478/1323/1498
f 1477/1322/1497 1479/1324/1499 1476/1321/1496
f 1468/1313/1488 1476/1321/1496 1479/1324/1499
f 1468/1313/1488 1479/1324/1499 1469/1314/1489
f 1480/1325/1500 1469/1314/1489 1479/1324/1499
f 1477/1322/1497 1480/1325/1500 1479/1324/1499
f 1477/1322/1497 1481/1326/1501 1480/1325/1500
f 1470/1315/1490 1474/1319/1494 1482/1327/1502
f 1476/1321/1496 1470/1315/1490 1482/1327/1502
f 1476/1321/1496 1482/1327/1502 1483/1328/1503
f 1484/1329/1504 1476/1321/1496 1483/1328/1503
f 1484/1329/1504 1478/1323/1498 1476/1321/1496
f 1484/1329/1504 1485/1330/1505 1478/1323/1498
f 1486/1331/1506 1478/1323/1498 1485/1330/1505
f 1486/1331/1506 1477/1322/1497 1478/1323/1498
f 1477/1322/1497 1486/1331/1506 1487/1332/1507
f 1477/1322/1497 1487/1332/1507 1481/1326/1501
f 1481/1326/1501 1487/1332/1507 1488/1333/1508
f 1481/1326/1501 1488/1333/1508 1489/1334/1509
f 1490/1335/1510 1481/1326/1501 1489/1334/1509
f 1490/1335/1510 1480/1325/1500 1481/1326/1501
f 1491/1336/1511 1480/1325/1500 1490/1335/1510
f 1480/1325/1500 1491/1336/1511 1469/1314/1489
f 1492/1337/1314 1469/1314/1489 1491/1336/1511
f 1467/1312/1487 1469/1314/1489 1492/1337/1314
f 1487/1332/1507 1493/1338/1512 1488/1333/1508
f 1492/1337/1314 1491/1336/1511 1494/1339/1513
f 1495/1340/1514 1494/1339/1513 1491/1336/1511
f 1491/1336/1511 1490/1335/1510 1495/1340/1514
f 1495/1340/1514 1496/1341/1515 1494/1339/1513
f 1486/1331/1506 1497/1342/1516 1487/1332/1507
f 1487/1332/1507 1497/1342/1516 1493/1338/1512
f 1498/1343/1517 1493/1338/1512 1497/1342/1516
f 1499/1344/1518 1482/1327/1502 1474/1319/1494
f 1500/1345/1519 1482/1327/1502 1499/1344/1518
f 1500/1345/1519 1483/1328/1503 1482/1327/1502
f 1483/1328/1503 1500/1345/1519 1501/1346/1520
f 1483/1328/1503 1501/1346/1520 1484/1329/1504
f 1501/1346/1520 1502/1347/1521 1484/1329/1504
f 1484/1329/1504 1502/1347/1521 1485/1330/1505
f 1503/1348/1522 1485/1330/1505 1502/1347/1521
f 1486/1331/1506 1485/1330/1505 1503/1348/1522
f 1486/1331/1506 1503/1348/1522 1504/1349/1523
f 1486/1331/1506 1504/1349/1523 1497/1342/1516
f 1504/1349/1523 1505/1350/1524 1497/1342/1516
f 1498/1343/1517 1497/1342/1516 1505/1350/1524
f 1506/1351/1525 1498/1343/1517 1505/1350/1524
f 1506/1351/1525 1507/1352/1526 1498/1343/1517
f 1507/1352/1526 1506/1351/1525 1508/1353/1527
f 1506/1351/1525 1509/1354/1528 1508/1353/1527
f 1508/1353/1527 1509/1354/1528 1510/1355/1529
f 1503/1348/1522 1502/1347/1521 1511/1356/1530
f 1503/1348/1522 1512/1357/1531 1504/1349/1523
f 1513/1358/1532 1504/1349/1523 1512/1357/1531
f 1504/1349/1523 1513/1358/1532 1505/1350/1524
f 1505/1350/1524 1513/1358/1532 1514/1359/1533
f 1505/1350/1524 1514/1359/1533 1506/1351/1525
f 1506/1351/1525 1514/1359/1533 1509/1354/1528
f 1515/1360/1528 1516/1361/1534 1517/1362/1535
f 1515/1360/1528 1517/1362/1535 1518/1363/1536
f 1518/1363/1536 1509/1354/1528 1515/1360/1528
f 1519/1364/1537 1515/1360/1528 1509/1354/1528
f 1519/1364/1537 1509/1354/1528 1514/1359/1533
f 1514/1359/1533 1520/1365/1538 1519/1364/1537
f 1520/1365/1538 1514/1359/1533 1513/1358/1532
f 1520/1365/1538 1513/1358/1532 1521/1366/1539
f 1513/1358/1532 1512/1357/1531 1521/1366/1539
f 1462/1367/1483 1521/1366/1539 1512/1357/1531
f 1472/1368/1492 1462/1367/1483 1512/1357/1531
f 1472/1368/1492 1512/1357/1531 1503/1348/1522
f 1503/1348/1522 1473/1369/1493 1472/1368/1492
f 1503/1348/1522 1511/1356/1530 1473/1369/1493
f 1522/1370/1540 1473/1369/1493 1511/1356/1530
f 1522/1370/1540 1511/1356/1530 1502/1347/1521
f 1522/1370/1540 1502/1347/1521 1523/1371/1541
f 1501/1346/1520 1523/1371/1541 1502/1347/1521
f 1524/1372/1542 1519/1364/1537 1525/1373/1543
f 1520/1365/1538 1525/1373/1543 1519/1364/1537
f 1520/1365/1538 1526/1374/1544 1525/1373/1543
f 1521/1366/1539 1526/1374/1544 1520/1365/1538
f 1521/1366/1539 1464/1375/1167 1526/1374/1544
f 1462/1367/1483 1464/1375/1167 1521/1366/1539
f 1516/1361/1534 1527/1376/1545 1528/1377/1546
f 1529/1378/1547 1176/1379/1548 1175/1380/1549
f 1529/1378/1547 1530/1381/1550 1176/1379/1548
f 1529/1378/1547 1531/1382/1551 1530/1381/1550
f 1530/1381/1550 1531/1382/1551 1532/1383/1528
f 1533/1384/1552 1532/1383/1528 1531/1382/1551
f 1533/1384/1552 1534/1385/1553 1532/1383/1528
f 1535/1386/1554 1534/1385/1553 1533/1384/1552
f 1535/1386/1554 1536/1387/1555 1534/1385/1553
f 1535/1386/1554 1537/1388/1556 1536/1387/1555
f 1538/1389/1557 1537/1388/1556 1535/1386/1554
f 1538/1389/1557 1535/1386/1554 1539/1390/1558
f 1539/1390/1558 1540/1391/1559 1538/1389/1557
f 1539/1390/1558 1528/1377/1546 1540/1391/1559
f 1524/1372/1542 1540/1391/1559 1528/1377/1546
f 1524/1372/1542 1528/1377/1546 1527/1376/1545
f 1524/1372/1542 1527/1376/1545 1519/1364/1537
f 1516/1361/1534 1519/1364/1537 1527/1376/1545
f 1516/1361/1534 1515/1360/1528 1519/1364/1537
f 1536/1387/1555 1138/1392/1560 1534/1385/1553
f 1536/1387/1555 1201/1393/1561 1138/1392/1560
f 1534/1385/1553 1138/1394/1560 1137/1395/1562
f 1534/1385/1553 1137/1395/1562 1541/1396/1522
f 1541/1396/1522 1532/1383/1528 1534/1385/1553
f 1530/1381/1550 1532/1383/1528 1541/1396/1522
f 1530/1381/1550 1541/1396/1522 1137/1397/1562
f 1530/1381/1550 1137/1397/1562 1176/1398/1548
f 1516/1361/1534 1542/1399/1563 1517/1362/1535
f 1516/1361/1534 1543/1400/1564 1542/1399/1563
f 1516/1361/1534 1528/1377/1546 1543/1400/1564
f 1544/1401/1565 1543/1400/1564 1528/1377/1546
f 1544/1401/1565 1528/1377/1546 1539/1390/1558
f 1544/1401/1565 1539/1390/1558 1535/1386/1554
f 1544/1401/1565 1535/1386/1554 1545/1402/1566
f 1535/1386/1554 1533/1384/1552 1545/1402/1566
f 1533/1384/1552 1546/1403/1567 1545/1402/1566
f 1533/1384/1552 1531/1382/1551 1546/1403/1567
f 1545/1402/1566 1546/1403/1567 1547/1404/1563
f 1545/1402/1566 1547/1404/1563 1544/1401/1565
f 1547/1404/1563 1543/1400/1564 1544/1401/1565
f 1547/1404/1563 1542/1399/1563 1543/1400/1564
f 1518/1363/1536 1510/1355/1529 1509/1354/1528
f 1548/1405/1568 1510/1355/1529 1518/1363/1536
f 1548/1405/1568 1518/1363/1536 1517/1362/1535
f 1548/1405/1568 1517/1362/1535 1549/1406/1115
f 1542/1399/1563 1549/1406/1115 1517/1362/1535
f 1542/1399/1563 1550/1407/1569 1549/1406/1115
f 1550/1407/1569 1542/1399/1563 1547/1404/1563
f 1550/1407/1569 1547/1404/1563 1551/1408/1570
f 1551/1408/1570 1547/1404/1563 1546/1403/1567
f 1551/1408/1570 1546/1403/1567 1552/1409/1571
f 1546/1403/1567 1531/1382/1551 1552/1409/1571
f 1552/1409/1571 1531/1382/1551 1553/1410/1572
f 1529/1378/1547 1553/1410/1572 1531/1382/1551
f 1553/1410/1572 1529/1378/1547 1554/1411/1337
f 1554/1411/1337 1529/1378/1547 1555/1412/1573
f 1554/1411/1337 1555/1412/1573 1173/1413/1574
f 1174/1414/1575 1173/1413/1574 1555/1412/1573
f 1175/1415/1549 1174/1414/1575 1555/1412/1573
f 1175/1415/1549 1555/1412/1573 1529/1378/1547
f 1554/1411/1337 1173/1413/1574 1556/1416/1576
f 1557/1417/1577 1554/1411/1337 1556/1416/1576
f 1553/1410/1572 1554/1411/1337 1557/1417/1577
f 1558/1418/1578 1553/1410/1572 1557/1417/1577
f 1558/1418/1578 1552/1409/1571 1553/1410/1572
f 1559/1419/1579 1552/1409/1571 1558/1418/1578
f 1559/1419/1579 1551/1408/1570 1552/1409/1571
f 1560/1420/1580 1551/1408/1570 1559/1419/1579
f 1560/1420/1580 1550/1407/1569 1551/1408/1570
f 1561/1421/1581 1550/1407/1569 1560/1420/1580
f 1561/1421/1581 1549/1406/1115 1550/1407/1569
f 1561/1421/1581 1548/1405/1568 1549/1406/1115
f 1561/1421/1581 1562/1422/1490 1548/1405/1568
f 1562/1422/1490 1563/1423/1582 1548/1405/1568
f 1466/1424/1486 1563/1423/1582 1562/1422/1490
f 1466/1424/1486 1467/1425/1487 1563/1423/1582
f 1564/1426/1583 1563/1423/1582 1467/1425/1487
f 1564/1426/1583 1467/1425/1487 1492/1427/1314
f 1565/1428/1584 1561/1421/1581 1560/1420/1580
f 1565/1428/1584 1562/1422/1490 1561/1421/1581
f 1565/1428/1584 1566/1429/1585 1562/1422/1490
f 1562/1422/1490 1566/1429/1585 1567/1430/1586
f 1562/1422/1490 1567/1430/1586 1466/1424/1486
f 1463/1431/1484 1466/1424/1486 1567/1430/1586
f 1463/1431/1484 1567/1430/1586 1526/1432/1544
f 1526/1432/1544 1567/1430/1586 1566/1429/1585
f 1526/1432/1544 1566/1429/1585 1525/1433/1543
f 1524/1434/1542 1525/1433/1543 1566/1429/1585
f 1524/1434/1542 1566/1429/1585 1565/1428/1584
f 1540/1435/1559 1524/1434/1542 1565/1428/1584
f 1540/1435/1559 1565/1428/1584 1568/1436/1587
f 1565/1428/1584 1560/1420/1580 1568/1436/1587
f 1560/1420/1580 1569/1437/1588 1568/1436/1587
f 1560/1420/1580 1559/1419/1579 1569/1437/1588
f 1559/1419/1579 1570/1438/1589 1569/1437/1588
f 1559/1419/1579 1558/1418/1578 1570/1438/1589
f 1557/1417/1577 1570/1438/1589 1558/1418/1578
f 1557/1417/1577 1556/1416/1576 1570/1438/1589
f 1537/1439/1556 1570/1438/1589 1556/1416/1576
f 1537/1439/1556 1556/1416/1576 1536/1440/1555
f 1536/1440/1555 1556/1416/1576 1173/1441/1574
f 1536/1440/1555 1173/1441/1574 1201/1442/1561
f 1568/1436/1587 1538/1443/1557 1540/1435/1559
f 1568/1436/1587 1569/1437/1588 1538/1443/1557
f 1569/1437/1588 1537/1439/1556 1538/1443/1557
f 1569/1437/1588 1570/1438/1589 1537/1439/1556
f 1463/1431/1484 1526/1432/1544 1464/1444/1167
f 1285/1205/1258 1284/1445/1257 1450/1446/1590
f 1285/1205/1258 1450/1446/1590 1444/1248/1591
f 1451/1447/1592 1444/1248/1591 1450/1446/1590
f 1451/1447/1592 1445/1249/1593 1444/1248/1591
f 1443/1247/1594 1445/1249/1593 1451/1447/1592
f 1443/1247/1594 1451/1447/1592 1452/1448/1595
f 1452/1448/1595 1263/1243/1244 1443/1247/1594
f 1452/1448/1595 1261/1449/1242 1263/1243/1244
f 1507/1352/1526 1508/1353/1527 1571/1450/1596
f 1571/1450/1596 1508/1353/1527 1572/1451/1597
f 1571/1450/1596 1572/1451/1597 1573/1452/1598
f 1572/1451/1597 1574/1453/1114 1573/1452/1598
f 1572/1451/1597 1575/1454/1599 1574/1453/1114
f 1574/1453/1114 1575/1454/1599 1576/1455/1600
f 1564/1426/1583 1576/1455/1600 1575/1454/1599
f 1564/1426/1583 1575/1454/1599 1577/1456/1601
f 1577/1456/1601 1563/1423/1582 1564/1426/1583
f 1577/1456/1601 1548/1405/1568 1563/1423/1582
f 1548/1405/1568 1577/1456/1601 1510/1355/1529
f 1575/1454/1599 1510/1355/1529 1577/1456/1601
f 1575/1454/1599 1572/1451/1597 1510/1355/1529
f 1508/1353/1527 1510/1355/1529 1572/1451/1597
f 1574/1453/1114 1576/1455/1600 1578/1457/1602
f 1576/1455/1600 1564/1426/1583 1492/1427/1314
f 1576/1455/1600 1492/1427/1314 1494/1458/1513
f 1494/1458/1513 1578/1457/1602 1576/1455/1600
f 1494/1458/1513 1496/1459/1515 1578/1457/1602
f 1579/1460/1603 1416/1213/1604 1373/1260/1603
f 1579/1460/1603 1580/1461/1605 1416/1213/1604
f 1422/1219/1606 1581/1462/1607 1423/1220/1607
f 1422/1219/1606 1582/1463/1606 1581/1462/1607
f 1422/1219/1606 1583/1464/1608 1582/1463/1606
f 1422/1219/1606 1421/1218/1608 1583/1464/1608
f 1583/1464/1608 1421/1218/1608 1419/1216/1609
f 1583/1464/1608 1419/1216/1609 1584/1465/1609
f 1580/1466/1605 1584/1465/1609 1419/1216/1609
f 1580/1466/1605 1419/1216/1609 1416/1213/1604
f 1423/1220/1607 1585/1467/1610 1335/1221/1610
f 1423/1220/1607 1581/1468/1607 1585/1467/1610
f 1586/1469/1611 1587/1470/1612 1588/1471/1613
f 1587/1470/1612 1589/1472/1614 1588/1471/1613
f 1587/1470/1612 1590/1473/1615 1589/1472/1614
f 1589/1472/1614 1590/1473/1615 1591/1474/1616
f 1580/1475/1617 1579/1476/1618 1591/1474/1616
f 1580/1475/1617 1591/1474/1616 1590/1473/1615
f 1584/1477/1404 1580/1475/1617 1590/1473/1615
f 1584/1477/1404 1590/1473/1615 1587/1470/1612
f 1587/1470/1612 1583/1478/1619 1584/1477/1404
f 1587/1470/1612 1592/1479/1620 1583/1478/1619
f 1586/1469/1611 1592/1479/1620 1587/1470/1612
f 1593/1480/1621 1592/1479/1620 1586/1469/1611
f 1593/1480/1621 1586/1469/1611 1594/1481/1622
f 1595/1482/1623 1593/1480/1621 1594/1481/1622
f 1595/1482/1623 1596/1483/1624 1593/1480/1621
f 1597/1484/1625 1596/1483/1624 1595/1482/1623
f 1597/1484/1625 1581/1485/1626 1596/1483/1624
f 1597/1484/1625 1585/1486/1627 1581/1485/1626
f 1593/1480/1621 1583/1478/1619 1592/1479/1620
f 1593/1480/1621 1582/1487/1628 1583/1478/1619
f 1596/1483/1624 1582/1487/1628 1593/1480/1621
f 1596/1483/1624 1581/1485/1626 1582/1487/1628
f 1598/1488/1629 1579/1489/1603 1373/1152/1603
f 1598/1488/1629 1373/1152/1603 1372/1151/1629
f 1598/1488/1629 1372/1151/1629 1374/1153/1630
f 1598/1488/1629 1374/1153/1630 1599/1490/1630
f 1600/1491/1631 1599/1490/1630 1374/1153/1630
f 1600/1491/1631 1374/1153/1630 1322/1097/1631
f 1321/1096/1632 1600/1491/1631 1322/1097/1631
f 1321/1096/1632 1601/1492/1632 1600/1491/1631
f 1321/1096/1632 1602/1493/1633 1601/1492/1632
f 1321/1096/1632 1333/1111/1634 1602/1493/1633
f 1335/1113/1610 1602/1493/1633 1333/1111/1634
f 1335/1113/1610 1585/1494/1610 1602/1493/1633
f 1603/1495/1635 1604/1496/1636 1605/1497/1637
f 1604/1496/1636 1606/1498/1638 1605/1497/1637
f 1579/1499/1618 1603/1495/1635 1591/1500/1616
f 1579/1499/1618 1598/1501/1639 1603/1495/1635
f 1598/1501/1639 1604/1496/1636 1603/1495/1635
f 1598/1501/1639 1599/1502/1640 1604/1496/1636
f 1599/1502/1640 1607/1503/1490 1604/1496/1636
f 1604/1496/1636 1607/1503/1490 1606/1498/1638
f 1606/1498/1638 1607/1503/1490 1608/1504/1641
f 1606/1498/1638 1608/1504/1641 1609/1505/1642
f 1609/1505/1642 1608/1504/1641 1610/1506/1643
f 1608/1504/1641 1602/1507/1644 1610/1506/1643
f 1608/1504/1641 1601/1508/1645 1602/1507/1644
f 1607/1503/1490 1601/1508/1645 1608/1504/1641
f 1607/1503/1490 1600/1509/1314 1601/1508/1645
f 1599/1502/1640 1600/1509/1314 1607/1503/1490
f 1610/1506/1643 1585/1510/1627 1597/1511/1625
f 1610/1506/1643 1602/1507/1644 1585/1510/1627
f 1611/1512/1646 1496/1513/1647 1495/1514/1648
f 1611/1512/1646 1495/1514/1648 1612/1515/1648
f 1612/1515/1648 1495/1514/1648 1490/1516/1649
f 1612/1515/1648 1490/1516/1649 1613/1517/1650
f 1613/1517/1650 1490/1516/1649 1489/1518/1651
f 1613/1517/1650 1489/1518/1651 1614/1519/1652
f 1615/1520/1653 1614/1519/1652 1489/1518/1651
f 1615/1520/1653 1489/1518/1651 1488/1521/1653
f 1616/1522/1654 1615/1520/1653 1488/1521/1653
f 1616/1522/1654 1488/1521/1653 1493/1523/1655
f 1617/1524/1539 1616/1522/1654 1493/1523/1655
f 1617/1524/1539 1493/1523/1655 1498/1525/1539
f 1507/1526/1656 1617/1524/1539 1498/1525/1539
f 1507/1526/1656 1618/1527/1656 1617/1524/1539
f 1571/1528/1657 1618/1527/1656 1507/1526/1656
f 1571/1528/1657 1619/1529/1657 1618/1527/1656
f 1573/1530/1658 1619/1529/1657 1571/1528/1657
f 1573/1530/1658 1620/1531/1658 1619/1529/1657
f 1573/1530/1658 1621/1532/1659 1620/1531/1658
f 1573/1530/1658 1574/1533/1660 1621/1532/1659
f 1574/1533/1660 1622/1534/1661 1621/1532/1659
f 1574/1533/1660 1578/1535/1661 1622/1534/1661
f 1578/1535/1661 1611/1536/1646 1622/1534/1661
f 1578/1535/1661 1496/1537/1647 1611/1536/1646
f 1623/1538/1662 1499/1344/1518 1624/1539/1663
f 1625/1540/1664 1626/1541/1665 1627/1542/1666
f 1625/1540/1664 1627/1542/1666 1628/1543/1537
f 1627/1542/1666 1629/1544/1667 1628/1543/1537
f 1629/1544/1667 1630/1545/1668 1628/1543/1537
f 1629/1544/1667 1631/1546/1669 1630/1545/1668
f 1631/1546/1669 1632/1547/1670 1630/1545/1668
f 1631/1546/1669 1633/1548/1671 1632/1547/1670
f 1634/1549/1337 1632/1547/1670 1633/1548/1671
f 1634/1549/1337 1633/1548/1671 1635/1550/1123
f 1636/1551/1672 1634/1549/1337 1635/1550/1123
f 1637/1552/1673 1636/1551/1672 1635/1550/1123
f 1636/1551/1672 1637/1552/1673 1638/1553/1674
f 1638/1553/1674 1637/1552/1673 1623/1538/1662
f 1638/1553/1674 1623/1538/1662 1639/1554/1675
f 1639/1554/1675 1623/1538/1662 1624/1539/1663
f 1639/1554/1675 1624/1539/1663 1475/1320/1495
f 1474/1319/1494 1475/1320/1495 1624/1539/1663
f 1499/1344/1518 1474/1319/1494 1624/1539/1663
f 1625/1555/1664 1630/1545/1668 1640/1556/1676
f 1625/1555/1664 1628/1543/1537 1630/1545/1668
f 1640/1557/1676 1632/1547/1670 1641/1558/1677
f 1640/1557/1676 1630/1545/1668 1632/1547/1670
f 1642/1559/1678 1634/1549/1337 1636/1551/1672
f 1642/1559/1678 1643/1560/1679 1634/1549/1337
f 1643/1560/1679 1632/1547/1670 1634/1549/1337
f 1643/1560/1679 1641/1561/1677 1632/1547/1670
f 1643/1560/1679 1644/1562/1575 1641/1561/1677
f 1643/1560/1679 1642/1559/1678 1644/1563/1575
f 1642/1564/1678 1645/1565/1680 1646/1566/1681
f 1642/1564/1678 1636/1551/1672 1645/1565/1680
f 1636/1551/1672 1638/1553/1674 1645/1565/1680
f 1523/1371/1541 1501/1346/1520 1647/1567/1682
f 1647/1567/1682 1501/1346/1520 1500/1345/1519
f 1647/1567/1682 1500/1345/1519 1648/1568/1683
f 1648/1568/1683 1500/1345/1519 1499/1344/1518
f 1648/1568/1683 1499/1344/1518 1649/1569/1684
f 1623/1538/1662 1649/1569/1684 1499/1344/1518
f 1637/1552/1673 1649/1569/1684 1623/1538/1662
f 1637/1552/1673 1650/1570/1578 1649/1569/1684
f 1637/1552/1673 1635/1550/1123 1650/1570/1578
f 1633/1548/1671 1650/1570/1578 1635/1550/1123
f 1633/1548/1671 1651/1571/1685 1650/1570/1578
f 1633/1548/1671 1631/1546/1669 1651/1571/1685
f 1651/1571/1685 1631/1546/1669 1652/1572/1686
f 1631/1546/1669 1653/1573/1687 1652/1572/1686
f 1654/1574/1688 1652/1572/1686 1653/1573/1687
f 1653/1573/1687 1655/1575/1689 1654/1574/1688
f 1655/1575/1689 1656/1576/1690 1654/1574/1688
f 1655/1575/1689 1657/1577/1162 1656/1576/1690
f 1522/1370/1540 1656/1576/1690 1657/1577/1162
f 1475/1578/1495 1522/1370/1540 1657/1577/1162
f 1522/1370/1540 1475/1578/1495 1473/1369/1493
f 1651/1571/1685 1649/1569/1684 1650/1570/1578
f 1651/1571/1685 1648/1568/1683 1649/1569/1684
f 1652/1572/1686 1648/1568/1683 1651/1571/1685
f 1652/1572/1686 1647/1567/1682 1648/1568/1683
f 1647/1567/1682 1652/1572/1686 1654/1574/1688
f 1647/1567/1682 1654/1574/1688 1656/1576/1690
f 1523/1371/1541 1647/1567/1682 1656/1576/1690
f 1522/1370/1540 1523/1371/1541 1656/1576/1690
f 1631/1546/1669 1629/1544/1667 1653/1573/1687
f 1629/1544/1667 1627/1542/1666 1653/1573/1687
f 1653/1573/1687 1627/1542/1666 1655/1575/1689
f 1645/1579/1680 1655/1575/1689 1627/1542/1666
f 1645/1579/1680 1638/1580/1674 1655/1575/1689
f 1655/1575/1689 1638/1580/1674 1639/1581/1675
f 1655/1575/1689 1639/1581/1675 1657/1577/1162
f 1475/1578/1495 1657/1577/1162 1639/1581/1675
f 1626/1582/1665 1645/1579/1680 1627/1542/1666
f 1626/1582/1665 1646/1583/1681 1645/1579/1680
f 1591/1584/1691 1613/1517/1692 1614/1519/1498
f 1591/1584/1691 1603/1585/1692 1613/1517/1692
f 1605/1586/1693 1613/1517/1692 1603/1585/1692
f 1605/1586/1693 1612/1515/1694 1613/1517/1692
f 1606/1587/1695 1612/1515/1694 1605/1586/1693
f 1606/1587/1695 1611/1512/1695 1612/1515/1694
f 1622/1534/1696 1611/1536/1695 1606/1588/1695
f 1622/1534/1696 1606/1588/1695 1609/1589/1697
f 1621/1532/1698 1622/1534/1696 1609/1589/1697
f 1621/1532/1698 1609/1589/1697 1610/1590/1698
f 1621/1532/1698 1610/1590/1698 1597/1591/1699
f 1621/1532/1698 1597/1591/1699 1620/1531/1536
f 1595/1592/1700 1620/1531/1536 1597/1591/1699
f 1595/1592/1700 1619/1529/1700 1620/1531/1536
f 1619/1529/1700 1595/1592/1700 1594/1593/1701
f 1619/1529/1700 1594/1593/1701 1618/1527/1702
f 1618/1527/1702 1594/1593/1701 1586/1594/1703
f 1618/1527/1702 1586/1594/1703 1617/1524/1704
f 1586/1594/1703 1616/1522/1705 1617/1524/1704
f 1586/1594/1703 1588/1595/1706 1616/1522/1705
f 1588/1595/1706 1615/1520/1707 1616/1522/1705
f 1588/1595/1706 1589/1596/1707 1615/1520/1707
f 1614/1519/1498 1615/1520/1707 1589/1596/1707
f 1614/1519/1498 1589/1596/1707 1591/1584/1691
f 1137/847/1093 1135/845/1091 1176/1597/1132
f 1297/1063/1708 1255/1598/1709 1239/1599/1708
f 1297/1063/1708 1310/1076/1709 1255/1598/1709
f 1311/1077/1709 1255/1598/1709 1310/1076/1709
f 1311/1077/1709 1256/1600/1709 1255/1598/1709
f 1312/1078/1710 1256/1600/1709 1311/1077/1709
f 1312/1078/1710 1257/1601/1710 1256/1600/1709
f 1314/1080/1711 1257/1601/1710 1312/1078/1710
f 1314/1080/1711 1258/1602/1711 1257/1601/1710
f 1309/1083/1712 1258/1602/1711 1314/1080/1711
f 1309/1083/1712 1259/1603/1712 1258/1602/1711
f 1237/1604/1713 1259/1605/1712 1309/1075/1712
f 1237/1604/1713 1309/1075/1712 1308/1074/1713
f 1308/1074/1713 1238/1606/1713 1237/1604/1713
f 1308/1074/1713 1296/1062/1713 1238/1606/1713
f 1296/1062/1713 1239/1607/1708 1238/1606/1713
f 1296/1062/1713 1297/1063/1708 1239/1607/1708
f 1658/1608/1714 1659/1609/1715 1660/1610/1503
f 1661/1611/1716 1660/1610/1503 1662/1612/1717
f 1658/1608/1714 1660/1610/1503 1661/1611/1716
f 1663/1613/1671 1658/1608/1714 1661/1611/1716
f 1663/1613/1671 1664/1614/1577 1658/1608/1714
f 1665/1615/1718 1664/1614/1577 1663/1613/1671
f 1665/1615/1718 1666/1616/1719 1664/1614/1577
f 1667/1617/1720 1668/1618/1721 1659/1609/1715
f 1667/1617/1720 1659/1609/1715 1658/1608/1714
f 1669/1619/1722 1667/1617/1720 1658/1608/1714
f 1669/1619/1722 1658/1608/1714 1664/1614/1577
f 1670/1620/1722 1669/1619/1722 1664/1614/1577
f 1670/1620/1722 1664/1614/1577 1666/1616/1719
f 1666/1616/1719 1642/1621/1723 1670/1620/1722
f 1666/1616/1719 1644/1622/1724 1642/1621/1723
f 1666/1616/1719 1641/1623/1725 1644/1622/1724
f 1666/1616/1719 1665/1615/1718 1641/1623/1725
f 1665/1615/1718 1640/1624/1726 1641/1623/1725
f 1665/1615/1718 1671/1625/1727 1640/1624/1726
f 1671/1625/1727 1665/1615/1718 1663/1613/1671
f 1671/1625/1727 1663/1613/1671 1672/1626/1728
f 1672/1626/1728 1663/1613/1671 1661/1611/1716
f 1672/1626/1728 1661/1611/1716 1673/1627/1729
f 1661/1611/1716 1662/1612/1717 1673/1627/1729
f 1662/1612/1717 1674/1628/1730 1673/1627/1729
f 1662/1612/1717 1675/1629/1731 1674/1628/1730
f 1674/1628/1730 1675/1629/1731 1676/1630/1732
f 1674/1628/1730 1676/1630/1732 1677/1631/1733
f 1678/1632/1734 1677/1631/1733 1676/1630/1732
f 1678/1632/1734 1676/1630/1732 1679/1633/1735
f 1679/1633/1735 1680/1634/1736 1678/1635/1734
f 1679/1633/1735 1681/1636/1737 1680/1634/1736
f 1682/1637/1738 1679/1633/1735 1683/1638/1739
f 1683/1638/1739 1679/1633/1735 1676/1630/1732
f 1683/1638/1739 1676/1630/1732 1684/1639/1740
f 1685/1640/1741 1684/1639/1740 1676/1630/1732
f 1685/1640/1741 1676/1630/1732 1675/1629/1731
f 1675/1629/1731 1686/1641/1742 1685/1640/1741
f 1675/1629/1731 1662/1612/1717 1686/1641/1742
f 1662/1612/1717 1687/1642/1743 1686/1641/1742
f 1662/1612/1717 1660/1610/1503 1687/1642/1743
f 1660/1610/1503 1688/1643/1744 1687/1642/1743
f 1660/1610/1503 1659/1609/1715 1688/1643/1744
f 1689/1644/1745 1688/1643/1744 1659/1609/1715
f 1689/1644/1745 1659/1609/1715 1668/1618/1721
f 1682/1637/1738 1690/1645/1746 1691/1646/1747
f 1668/1647/1721 1692/1648/1748 1689/1644/1745
f 1693/1649/1749 1694/1650/1161 1626/1651/1750
f 1693/1649/1749 1626/1651/1750 1625/1652/1751
f 1671/1653/1727 1693/1649/1749 1625/1652/1751
f 1671/1653/1727 1695/1654/1752 1693/1649/1749
f 1671/1653/1727 1672/1655/1728 1695/1654/1752
f 1672/1655/1728 1696/1656/1753 1695/1654/1752
f 1672/1655/1728 1673/1657/1729 1696/1656/1753
f 1673/1657/1729 1697/1658/1754 1696/1656/1753
f 1673/1657/1729 1674/1659/1730 1697/1658/1754
f 1674/1659/1730 1698/1660/1755 1697/1658/1754
f 1698/1660/1755 1674/1659/1730 1677/1661/1733
f 1678/1635/1734 1698/1660/1755 1677/1661/1733
f 1678/1635/1734 1680/1634/1736 1698/1660/1755
f 1698/1660/1755 1680/1634/1736 1699/1662/1756
f 1699/1662/1756 1680/1634/1736 1681/1636/1737
f 1699/1662/1756 1681/1636/1737 1691/1646/1747
f 1682/1637/1738 1691/1646/1747 1681/1636/1737
f 1682/1637/1738 1681/1636/1737 1679/1633/1735
f 1671/1653/1727 1625/1652/1751 1640/1663/1726
f 1694/1650/1161 1693/1649/1749 1695/1654/1752
f 1694/1650/1161 1695/1654/1752 1700/1664/1757
f 1696/1656/1753 1700/1664/1757 1695/1654/1752
f 1696/1656/1753 1701/1665/1758 1700/1664/1757
f 1696/1656/1753 1702/1666/1759 1701/1665/1758
f 1696/1656/1753 1697/1658/1754 1702/1666/1759
f 1698/1660/1755 1702/1666/1759 1697/1658/1754
f 1698/1660/1755 1703/1667/1760 1702/1666/1759
f 1698/1660/1755 1699/1662/1756 1703/1667/1760
f 1704/919/1095 1705/918/1095 1706/920/1095
f 1704/919/1095 1707/921/1095 1705/918/1095
f 1704/1668/1761 1708/1669/1762 1707/1670/1763
f 1704/1668/1761 1709/1671/1764 1708/1669/1762
f 1710/1672/1765 1708/1669/1762 1709/1671/1764
f 1710/1672/1765 1709/1671/1764 1711/1673/1766
f 1712/1674/1767 1710/1672/1765 1711/1673/1766
f 1712/1674/1767 1711/1673/1766 1713/1675/1768
f 1713/1675/1768 1714/1676/1769 1712/1674/1767
f 1713/1675/1768 1715/1677/1770 1714/1676/1769
f 1706/1678/1771 1714/1676/1769 1715/1677/1770
f 1706/1678/1771 1705/1679/1772 1714/1676/1769
f 1716/1680/1773 1690/1681/1774 1717/1682/1775
f 1716/1680/1773 1717/1682/1775 1718/1683/1773
f 1719/1684/1776 1716/1680/1773 1718/1683/1773
f 1719/1684/1776 1720/1685/1776 1716/1680/1773
f 1720/1685/1776 1719/1684/1776 1706/1678/1771
f 1720/1685/1776 1706/1678/1771 1721/1686/1777
f 1706/1678/1771 1692/1648/1778 1721/1686/1777
f 1706/1678/1771 1715/1677/1770 1692/1648/1778
f 1715/1677/1770 1689/1644/1779 1692/1648/1778
f 1715/1677/1770 1713/1675/1768 1689/1644/1779
f 1688/1643/1780 1689/1644/1779 1713/1675/1768
f 1688/1643/1780 1713/1675/1768 1711/1673/1766
f 1687/1642/1781 1688/1643/1780 1711/1673/1766
f 1687/1642/1781 1711/1673/1766 1709/1671/1764
f 1709/1671/1764 1686/1641/1782 1687/1642/1781
f 1709/1671/1764 1704/1668/1761 1686/1641/1782
f 1685/1640/1783 1686/1641/1782 1704/1668/1761
f 1685/1640/1783 1704/1668/1761 1722/1687/1783
f 1722/1687/1783 1684/1639/1784 1685/1640/1783
f 1722/1687/1783 1723/1688/1784 1684/1639/1784
f 1683/1638/1785 1684/1639/1784 1723/1688/1784
f 1683/1638/1785 1723/1688/1784 1724/1689/1786
f 1683/1638/1785 1724/1689/1786 1725/1690/1787
f 1683/1638/1785 1725/1690/1787 1682/1637/1787
f 1690/1645/1774 1682/1637/1787 1725/1690/1787
f 1690/1645/1774 1725/1690/1787 1717/1691/1775
f 1726/1692/1788 1642/1693/1723 1646/1694/1789
f 1726/1692/1788 1670/1695/1722 1642/1693/1723
f 1726/1692/1788 1669/1696/1722 1670/1695/1722
f 1726/1692/1788 1727/1697/1790 1669/1696/1722
f 1667/1698/1720 1669/1696/1722 1727/1697/1790
f 1694/1699/1161 1646/1694/1789 1626/1700/1750
f 1694/1699/1161 1726/1692/1788 1646/1694/1789
f 1726/1692/1788 1694/1699/1161 1700/1701/1757
f 1726/1692/1788 1700/1701/1757 1727/1697/1790
f 1701/1702/1758 1727/1697/1790 1700/1701/1757
f 1701/1702/1758 1728/1703/1791 1727/1697/1790
f 1667/1698/1720 1727/1697/1790 1728/1703/1791
f 1667/1698/1720 1728/1703/1791 1729/1704/1790
f 1667/1698/1720 1729/1704/1790 1668/1647/1721
f 1668/1647/1721 1729/1704/1790 1692/1648/1748
f 1730/1705/1792 1692/1648/1748 1729/1704/1790
f 1730/1705/1792 1721/1686/1793 1692/1648/1748
f 1731/1706/1790 1721/1686/1793 1730/1705/1792
f 1731/1706/1790 1720/1685/1769 1721/1686/1793
f 1716/1680/1794 1720/1685/1769 1731/1706/1790
f 1716/1680/1794 1731/1706/1790 1732/1707/1795
f 1732/1707/1795 1690/1681/1746 1716/1680/1794
f 1732/1707/1795 1691/1708/1747 1690/1681/1746
f 1691/1708/1747 1732/1707/1795 1703/1709/1760
f 1691/1708/1747 1703/1709/1760 1699/1710/1756
f 1730/1705/1792 1729/1704/1790 1728/1703/1791
f 1730/1705/1792 1728/1703/1791 1701/1702/1758
f 1702/1711/1759 1730/1705/1792 1701/1702/1758
f 1702/1711/1759 1731/1706/1790 1730/1705/1792
f 1703/1709/1760 1731/1706/1790 1702/1711/1759
f 1703/1709/1760 1732/1707/1795 1731/1706/1790
f 1733/1712/1796 1734/1713/1797 1735/1714/1798
f 1733/1712/1796 1736/1715/1799 1734/1713/1797
f 1734/1713/1797 1736/1715/1799 1737/1716/1800
f 1738/1717/1801 1737/1716/1800 1736/1715/1799
f 1737/1716/1800 1738/1717/1801 1739/1718/1802
f 1737/1716/1800 1739/1718/1802 1740/1719/1803
f 1741/1720/1804 1740/1719/1803 1739/1718/1802
f 1733/1712/1796 1742/1721/1805 1736/1715/1799
f 1738/1717/1801 1736/1715/1799 1742/1721/1805
f 1735/1714/1798 1734/1713/1797 1743/1722/1806
f 1744/1723/1807 1743/1722/1806 1734/1713/1797
f 1734/1713/1797 1737/1716/1800 1744/1723/1807
f 1744/1723/1807 1737/1716/1800 1745/1724/1808
f 1745/1724/1808 1737/1716/1800 1740/1719/1803
f 1746/1725/1809 1745/1724/1808 1740/1719/1803
f 1741/1720/1804 1746/1725/1809 1740/1719/1803
f 1747/1726/1810 1746/1725/1809 1741/1720/1804
f 1747/1726/1810 1741/1720/1804 1748/1727/1811
f 1747/1726/1810 1748/1727/1811 266/1728/1812
f 1748/1727/1811 264/1729/1813 266/1728/1814
f 1748/1727/1811 1749/1730/1815 264/1729/1813
f 1749/1730/1815 1748/1727/1811 1741/1720/1804
f 1749/1730/1815 1741/1720/1804 1750/1731/1816
f 1739/1718/1802 1750/1731/1816 1741/1720/1804
f 1739/1718/1802 1751/1732/1817 1750/1731/1816
f 1738/1717/1801 1751/1732/1817 1739/1718/1802
f 1738/1717/1801 1752/1733/1818 1751/1732/1817
f 1753/1734/1819 1747/1726/1810 266/1728/1812
f 1753/1734/1819 1746/1725/1809 1747/1726/1810
f 1753/1734/1819 1754/1735/1820 1746/1725/1809
f 1746/1725/1809 1754/1735/1820 1745/1724/1808
f 1754/1735/1820 1755/1736/1821 1745/1724/1808
f 1744/1723/1807 1745/1724/1808 1755/1736/1821
f 1755/1736/1821 1756/1737/1822 1744/1723/1807
f 1744/1723/1807 1756/1737/1822 1743/1722/1806
f 1756/1737/1822 1757/1738/1823 1743/1722/1806
f 1756/1737/1822 1758/1739/1824 1757/1738/1823
f 1757/1738/1823 1758/1739/1824 1759/1740/1825
f 1760/1741/1826 1759/1740/1825 1758/1739/1824
f 1760/1741/1826 1761/1742/1827 1759/1740/1825
f 1762/1743/1828 1761/1742/1827 1760/1741/1826
f 1761/1742/1827 1762/1743/1828 1763/1744/1829
f 1761/1742/1827 1763/1744/1829 1764/1745/1830
f 1761/1742/1827 1764/1745/1830 1765/1746/1831
f 1761/1742/1827 1765/1746/1831 1759/1740/1825
f 1766/1747/1832 1759/1740/1825 1765/1746/1831
f 1757/1738/1823 1759/1740/1825 1766/1747/1832
f 1766/1747/1832 1765/1746/1831 1767/1748/1833
f 1755/1736/1821 1768/1749/1834 1756/1737/1822
f 1768/1749/1834 1758/1739/1824 1756/1737/1822
f 1768/1749/1834 1760/1741/1826 1758/1739/1824
f 1769/1750/1835 1760/1741/1826 1768/1749/1834
f 1769/1750/1835 1762/1743/1828 1760/1741/1826
f 1770/1751/1836 1762/1743/1828 1769/1750/1835
f 1771/1752/1837 1770/1751/1836 1769/1750/1835
f 1771/1752/1837 1769/1750/1835 1772/1753/1838
f 1772/1753/1838 1773/1754/1839 1771/1752/1837
f 1754/1735/1820 1773/1754/1839 1772/1753/1838
f 1754/1735/1820 1753/1734/1819 1773/1754/1839
f 1754/1735/1820 1772/1753/1838 1755/1736/1821
f 1768/1749/1834 1755/1736/1821 1772/1753/1838
f 1768/1749/1834 1772/1753/1838 1769/1750/1835
f 1752/1755/1818 1767/1748/1833 1765/1746/1831
f 1765/1746/1831 1751/1756/1817 1752/1755/1818
f 1765/1746/1831 1764/1745/1830 1751/1756/1817
f 1750/1757/1816 1751/1756/1817 1764/1745/1830
f 1750/1757/1816 1764/1745/1830 1763/1744/1829
f 1750/1757/1816 1763/1744/1829 1774/1758/1840
f 1762/1743/1828 1774/1758/1840 1763/1744/1829
f 1762/1743/1828 1775/1759/1841 1774/1758/1840
f 1770/1751/1836 1775/1759/1841 1762/1743/1828
f 1775/1759/1841 1770/1751/1836 229/1760/1842
f 1770/1751/1836 232/1761/1843 229/1760/1842
f 1770/1751/1836 1771/1752/1837 232/1761/1843
f 278/1762/1844 232/1761/1843 1771/1752/1837
f 278/1762/1844 1771/1752/1837 1773/1754/1839
f 1773/1754/1839 275/1763/1845 278/1762/1844
f 1773/1754/1839 1753/1734/1819 275/1763/1845
f 275/1763/1845 1753/1734/1819 270/1764/1846
f 1753/1734/1819 266/1728/1812 270/1764/1846
f 1750/1757/1816 1774/1758/1840 1749/1765/1815
f 1749/1765/1815 1774/1758/1840 262/1766/1847
f 1774/1758/1840 261/1767/1848 262/1766/1847
f 1774/1758/1840 1775/1759/1841 261/1767/1848
f 1775/1759/1841 229/1760/1842 261/1767/1849
f 1749/1765/1815 262/1766/1847 264/1768/1813
f 1738/1717/1801 1776/1769/1850 1752/1733/1818
f 1738/1717/1801 1742/1721/1805 1776/1769/1850
f 1777/1770/1851 1776/1769/1850 1742/1721/1805
f 1777/1770/1851 1742/1721/1805 1778/1771/1852
f 1733/1712/1796 1778/1771/1852 1742/1721/1805
f 1778/1771/1852 1733/1712/1796 1779/1772/1853
f 1735/1714/1798 1779/1772/1853 1733/1712/1796
f 1735/1714/1798 1780/1773/1854 1779/1772/1853
f 1735/1714/1798 1781/1774/1855 1780/1773/1854
f 1735/1714/1798 1743/1722/1806 1781/1774/1855
f 1782/1775/1856 1781/1774/1855 1743/1722/1806
f 1782/1775/1856 1743/1722/1806 1757/1738/1823
f 1783/1776/1857 1782/1775/1856 1757/1738/1823
f 1783/1776/1857 1757/1738/1823 1766/1747/1832
f 1784/1777/1833 1783/1776/1857 1766/1747/1832
f 1784/1777/1833 1766/1747/1832 1767/1748/1833
f 1784/1777/1833 1767/1748/1833 1776/1778/1850
f 1752/1755/1818 1776/1778/1850 1767/1748/1833
f 1784/1777/1833 1776/1778/1850 1777/1779/1851
f 10/12/1858 1785/1780/1858 14/16/1859
f 10/12/1858 6/11/1859 1785/1780/1858
f 4/4/1860 1786/1781/1860 2/2/1860
f 4/4/1860 16/1782/1860 1786/1781/1860
f 9/10/1861 1787/1783/1862 7/7/1859
f 9/10/1861 11/13/1858 1787/1783/1862
f 1/1/1863 1788/1784/1864 15/1785/1860
f 1/1/1863 3/3/1860 1788/1784/1864
f 1789/1786/1865 1790/1787/1866 1791/1788/1867
f 1789/1786/1865 1791/1788/1867 1792/1789/1868
f 1793/1790/1869 1789/1786/1865 1792/1789/1868
f 1793/1790/1869 1794/1791/1870 1789/1786/1865
f 1795/1792/1871 1794/1791/1870 1793/1790/1869
f 1795/1792/1871 1796/1793/1872 1794/1791/1870
f 1795/1792/1871 1797/1794/1873 1796/1793/1872
f 1795/1792/1871 1798/1795/1874 1797/1794/1873
f 1799/1796/1875 1797/1794/1873 1798/1795/1874
f 1799/1796/1875 1798/1795/1874 1800/1797/1876
f 1801/1798/1877 1799/1796/1875 1800/1797/1876
f 1801/1798/1877 1800/1797/1876 1802/1799/1878
f 1802/1799/1878 1803/1800/1879 1801/1798/1877
f 1802/1799/1878 1804/1801/1880 1803/1800/1879
f 1805/1802/1881 1803/1800/1879 1804/1801/1880
f 1805/1802/1881 1804/1801/1880 1806/1803/1882
f 1807/1804/1883 1805/1802/1881 1806/1803/1882
f 1807/1804/1883 1806/1803/1882 1808/1805/1884
f 1809/1806/1885 1810/1807/1886 1811/1808/1887
f 1809/1806/1885 1812/1809/1888 1810/1807/1886
f 1813/1810/1889 1812/1809/1888 1809/1806/1885
f 1813/1810/1889 1814/1811/1890 1812/1809/1888
f 1811/1808/1887 1810/1807/1886 1815/1812/1891
f 1815/1812/1891 1816/1813/1892 1811/1808/1887
f 1816/1813/1892 1809/1806/1885 1811/1808/1887
f 1816/1813/1892 1817/1814/1893 1809/1806/1885
f 1817/1814/1893 1813/1810/1889 1809/1806/1885
f 1817/1814/1893 1818/1815/1894 1813/1810/1889
f 1819/1816/1895 1820/1817/1896 1821/1818/1897
f 1819/1816/1895 1822/1819/1898 1820/1817/1896
f 1823/1820/1899 1822/1819/1898 1819/1816/1895
f 1823/1820/1899 1824/1821/1900 1822/1819/1898
f 1821/1818/1897 1820/1817/1896 1825/1822/1901
f 1825/1822/1901 1826/1823/1902 1821/1818/1897
f 1826/1823/1902 1819/1816/1895 1821/1818/1897
f 1826/1823/1902 1827/1824/1903 1819/1816/1895
f 1827/1824/1903 1823/1820/1899 1819/1816/1895
f 1827/1824/1903 1828/1811/1904 1823/1820/1899
f 1829/1825/1905 1830/1826/1906 1831/1827/1907
f 1829/1825/1905 1832/1828/1908 1830/1826/1906
f 1833/1829/1909 1832/1828/1908 1829/1825/1905
f 1833/1829/1909 1834/1830/1910 1832/1828/1908
f 1831/1827/1907 1830/1826/1906 1835/1831/1911
f 1835/1831/1911 1836/1832/1912 1831/1827/1907
f 1836/1832/1912 1829/1825/1905 1831/1827/1907
f 1836/1832/1912 1837/1833/1913 1829/1825/1905
f 1837/1833/1913 1833/1829/1909 1829/1825/1905
f 1837/1833/1913 1838/1821/1914 1833/1829/1909
f 1839/1834/1915 1840/1835/1916 1841/1836/1917
f 1839/1834/1915 1842/1837/1918 1840/1835/1916
f 1843/1838/1919 1842/1837/1918 1839/1834/1915
f 1843/1838/1919 1844/1839/1920 1842/1837/1918
f 1841/1836/1917 1840/1835/1916 1845/1840/1921
f 1845/1840/1921 1846/1841/1922 1841/1836/1917
f 1846/1841/1922 1839/1834/1915 1841/1836/1917
f 1846/1841/1922 1847/1842/1923 1839/1834/1915
f 1847/1842/1923 1843/1838/1919 1839/1834/1915
f 1847/1842/1923 1848/1830/1924 1843/1838/1919
f 1849/1843/1925 1850/1844/1926 1851/1845/1927
f 1849/1843/1925 1852/1846/1928 1850/1844/1926
f 1853/1847/1929 1852/1846/1928 1849/1843/1925
f 1853/1847/1929 1854/1848/1920 1852/1846/1928
f 1851/1845/1927 1850/1844/1926 1855/1849/1930
f 1855/1849/1930 1856/1850/1931 1851/1845/1927
f 1856/1850/1931 1849/1843/1925 1851/1845/1927
f 1856/1850/1931 1857/1851/1932 1849/1843/1925
f 1857/1851/1932 1853/1847/1929 1849/1843/1925
f 1857/1851/1932 1858/1839/1933 1853/1847/1929
f 1859/1852/1934 1860/1853/1935 1861/1854/1936
f 1859/1852/1934 1862/1855/1937 1860/1853/1935
f 1863/1856/1938 1862/1855/1937 1859/1852/1934
f 1863/1856/1938 1864/1857/1939 1862/1855/1937
f 1861/1854/1936 1860/1853/1935 1865/1858/1940
f 1865/1858/1940 1866/1859/1941 1861/1854/1936
f 1866/1859/1941 1859/1852/1934 1861/1854/1936
f 1866/1859/1941 1867/1860/1942 1859/1852/1934
f 1867/1860/1942 1863/1856/1938 1859/1852/1934
f 1867/1860/1942 1868/1848/1943 1863/1856/1938
f 1869/1861/1944 1870/1862/1945 1871/1863/1946
f 1869/1861/1944 1872/1864/1947 1870/1862/1945
f 1873/1865/1948 1872/1864/1947 1869/1861/1944
f 1873/1865/1948 1874/1866/1949 1872/1864/1947
f 1871/1863/1946 1870/1862/1945 1875/1867/1950
f 1875/1867/1950 1876/1868/1951 1871/1863/1946
f 1876/1868/1951 1869/1861/1944 1871/1863/1946
f 1876/1868/1951 1877/1869/1952 1869/1861/1944
f 1877/1869/1952 1873/1865/1948 1869/1861/1944
f 1877/1869/1952 1878/1857/1953 1873/1865/1948
f 1879/1870/1954 1880/1871/1955 1881/1872/1956
f 1879/1870/1954 1882/1873/1957 1880/1871/1955
f 1883/1874/1958 1882/1873/1957 1879/1870/1954
f 1883/1874/1958 1884/1875/1959 1882/1873/1957
f 1881/1872/1956 1880/1871/1955 1885/1876/1950
f 1885/1876/1950 1886/1877/1960 1881/1872/1956
f 1886/1877/1960 1879/1870/1954 1881/1872/1956
f 1886/1877/1960 1887/1878/1961 1879/1870/1954
f 1887/1878/1961 1883/1874/1958 1879/1870/1954
f 1887/1878/1961 1888/1866/1962 1883/1874/1958
f 1889/1879/1963 1890/1880/1964 1891/1881/1965
f 1889/1879/1963 1892/1882/1966 1890/1880/1964
f 1893/1883/1967 1892/1882/1966 1889/1879/1963
f 1893/1883/1967 1894/1815/1968 1892/1882/1966
f 1891/1881/1965 1890/1880/1964 1895/1884/1969
f 1895/1884/1969 1896/1885/1970 1891/1881/1965
f 1896/1885/1970 1889/1879/1963 1891/1881/1965
f 1896/1885/1970 1897/1886/1971 1889/1879/1963
f 1897/1886/1971 1893/1883/1967 1889/1879/1963
f 1897/1886/1971 1898/1887/1972 1893/1883/1967
f 1899/1888/1973 1900/1889/1974 1901/1890/1975
f 1899/1888/1973 1902/1891/1976 1900/1889/1974
f 1903/1892/1977 1902/1891/1976 1899/1888/1973
f 1903/1892/1977 1904/1893/1978 1902/1891/1976
f 1901/1890/1975 1900/1889/1974 1905/1894/1979
f 1905/1894/1979 1906/1895/1980 1901/1890/1975
f 1906/1895/1980 1899/1888/1973 1901/1890/1975
f 1906/1895/1980 1907/1896/1981 1899/1888/1973
f 1907/1896/1981 1903/1892/1977 1899/1888/1973
f 1907/1896/1981 1908/1875/1982 1903/1892/1977
f 1909/1897/1983 1910/1898/1984 1911/1899/1985
f 1909/1897/1983 1912/1900/1986 1910/1898/1984
f 1913/1901/1987 1912/1900/1986 1909/1897/1983
f 1913/1901/1987 1914/1887/1988 1912/1900/1986
f 1911/1899/1985 1910/1898/1984 1915/1902/1989
f 1915/1902/1989 1916/1903/1990 1911/1899/1985
f 1916/1903/1990 1909/1897/1983 1911/1899/1985
f 1916/1903/1990 1917/1904/1991 1909/1897/1983
f 1917/1904/1991 1913/1901/1987 1909/1897/1983
f 1917/1904/1991 1918/1905/1992 1913/1901/1987
f 1919/98/1993 1920/99/1994 1921/100/1995
f 1919/98/1993 1922/101/1996 1920/99/1994
f 1923/102/1997 1922/101/1996 1919/98/1993
f 1923/102/1997 1924/103/1998 1922/101/1996
f 1921/100/1995 1920/99/1994 1925/104/1999
f 1925/104/1999 1926/105/2000 1921/100/1995
f 1926/105/2000 1919/98/1993 1921/100/1995
f 1926/105/2000 1927/106/2001 1919/98/1993
f 1927/106/2001 1923/102/1997 1919/98/1993
f 1927/106/2001 1928/107/2002 1923/102/1997
f 1929/1861/2003 1930/1862/2004 1931/1863/2005
f 1929/1861/2003 1932/1864/2006 1930/1862/2004
f 1933/1865/2007 1932/1864/2006 1929/1861/2003
f 1933/1865/2007 1934/1866/2008 1932/1864/2006
f 1931/1863/2005 1930/1862/2004 1935/1867/2009
f 1935/1867/2009 1936/1868/2010 1931/1863/2005
f 1936/1868/2010 1929/1861/2003 1931/1863/2005
f 1936/1868/2010 1937/1869/2011 1929/1861/2003
f 1937/1869/2011 1933/1865/2007 1929/1861/2003
f 1937/1869/2011 1938/1857/2012 1933/1865/2007
f 1939/1852/1926 1940/1853/2013 1941/1854/2014
f 1939/1852/1926 1942/1855/2015 1940/1853/2013
f 1943/1856/2016 1942/1855/2015 1939/1852/1926
f 1943/1856/2016 1944/1857/2017 1942/1855/2015
f 1941/1854/2014 1940/1853/2013 1945/1858/2018
f 1945/1858/2018 1946/1859/2019 1941/1854/2014
f 1946/1859/2019 1939/1852/1926 1941/1854/2014
f 1946/1859/2019 1947/1846/2020 1939/1852/1926
f 1947/1846/2020 1943/1856/2016 1939/1852/1926
f 1947/1846/2020 1948/1848/2021 1943/1856/2016
f 1949/1825/2022 1950/1826/2023 1951/1827/2024
f 1949/1825/2022 1952/1828/2025 1950/1826/2023
f 1953/1829/2026 1952/1828/2025 1949/1825/2022
f 1953/1829/2026 1954/1830/2027 1952/1828/2025
f 1951/1827/2024 1950/1826/2023 1955/1831/2028
f 1955/1831/2028 1956/1832/2029 1951/1827/2024
f 1956/1832/2029 1949/1825/2022 1951/1827/2024
f 1956/1832/2029 1957/1833/2030 1949/1825/2022
f 1957/1833/2030 1953/1829/2026 1949/1825/2022
f 1957/1833/2030 1958/1821/2031 1953/1829/2026
f 1959/1870/2032 1960/1871/2033 1961/1872/2034
f 1959/1870/2032 1962/1873/2035 1960/1871/2033
f 1963/1874/2036 1962/1873/2035 1959/1870/2032
f 1963/1874/2036 1964/1875/2037 1962/1873/2035
f 1961/1872/2034 1960/1871/2033 1965/1876/2038
f 1965/1876/2038 1966/1877/2039 1961/1872/2034
f 1966/1877/2039 1959/1870/2032 1961/1872/2034
f 1966/1877/2039 1967/1878/2040 1959/1870/2032
f 1967/1878/2040 1963/1874/2036 1959/1870/2032
f 1967/1878/2040 1968/1866/2041 1963/1874/2036
f 1969/1816/2042 1970/1817/2043 1971/1818/2044
f 1969/1816/2042 1972/1819/2045 1970/1817/2043
f 1973/1820/2046 1972/1819/2045 1969/1816/2042
f 1973/1820/2046 1974/1821/2047 1972/1819/2045
f 1971/1818/2044 1970/1817/2043 1975/1822/2048
f 1975/1822/2048 1976/1823/2049 1971/1818/2044
f 1976/1823/2049 1969/1816/2042 1971/1818/2044
f 1976/1823/2049 1977/1824/2050 1969/1816/2042
f 1977/1824/2050 1973/1820/2046 1969/1816/2042
f 1977/1824/2050 1978/1811/2051 1973/1820/2046
f 1979/1843/2052 1980/1844/2053 1981/1845/2054
f 1979/1843/2052 1982/1846/2055 1980/1844/2053
f 1983/1847/2056 1982/1846/2055 1979/1843/2052
f 1983/1847/2056 1984/1848/2057 1982/1846/2055
f 1981/1845/2054 1980/1844/2053 1985/1849/2058
f 1985/1849/2058 1986/1850/2059 1981/1845/2054
f 1986/1850/2059 1979/1843/2052 1981/1845/2054
f 1986/1850/2059 1987/1851/2060 1979/1843/2052
f 1987/1851/2060 1983/1847/2056 1979/1843/2052
f 1987/1851/2060 1988/1839/2061 1983/1847/2056
f 1989/1834/2062 1990/1835/2063 1991/1836/2064
f 1989/1834/2062 1992/1837/2065 1990/1835/2063
f 1993/1838/2066 1992/1837/2065 1989/1834/2062
f 1993/1838/2066 1994/1839/2067 1992/1837/2065
f 1991/1836/2064 1990/1835/2063 1995/1840/2068
f 1995/1840/2068 1996/1841/2069 1991/1836/2064
f 1996/1841/2069 1989/1834/2062 1991/1836/2064
f 1996/1841/2069 1997/1842/2070 1989/1834/2062
f 1997/1842/2070 1993/1838/2066 1989/1834/2062
f 1997/1842/2070 1998/1830/2071 1993/1838/2066
f 1999/1906/2072 2000/1907/2073 2001/1908/2074
f 1999/1906/2072 2002/1909/2075 2000/1907/2073
f 2003/1910/2076 2002/1909/2075 1999/1906/2072
f 2003/1910/2076 2004/1911/2077 2002/1909/2075
f 2001/1908/2074 2000/1907/2073 2005/1912/2078
f 2005/1912/2078 2006/1913/2079 2001/1908/2074
f 2006/1913/2079 1999/1906/2072 2001/1908/2074
f 2006/1913/2079 2007/1914/2080 1999/1906/2072
f 2007/1914/2080 2003/1910/2076 1999/1906/2072
f 2007/1914/2080 2008/34/2081 2003/1910/2076
f 2009/1915/2082 2010/1916/2083 2011/1917/2084
f 2009/1915/2082 2012/1918/2085 2010/1916/2083
f 2013/1919/2086 2012/1918/2085 2009/1915/2082
f 2013/1919/2086 2014/1920/2087 2012/1918/2085
f 2011/1917/2084 2010/1916/2083 2015/1921/2088
f 2015/1921/2088 2016/1922/2089 2011/1917/2084
f 2016/1922/2089 2009/1915/2082 2011/1917/2084
f 2016/1922/2089 2017/1923/2090 2009/1915/2082
f 2017/1923/2090 2013/1919/2086 2009/1915/2082
f 2017/1923/2090 2018/1911/2091 2013/1919/2086
f 2019/1897/2092 2020/1898/2093 2021/1899/2094
f 2019/1897/2092 2022/1900/2095 2020/1898/2093
f 2023/1901/2096 2022/1900/2095 2019/1897/2092
f 2023/1901/2096 2024/1887/2097 2022/1900/2095
f 2021/1899/2094 2020/1898/2093 2025/1902/2098
f 2025/1902/2098 2026/1903/2099 2021/1899/2094
f 2026/1903/2099 2019/1897/2092 2021/1899/2094
f 2026/1903/2099 2027/1904/2100 2019/1897/2092
f 2027/1904/2100 2023/1901/2096 2019/1897/2092
f 2027/1904/2100 2028/1905/2101 2023/1901/2096
f 2029/1924/2102 2030/1925/2103 2031/1926/2104
f 2029/1924/2102 2032/1927/2105 2030/1925/2103
f 2033/1928/2106 2032/1927/2105 2029/1924/2102
f 2033/1928/2106 2034/1929/2107 2032/1927/2105
f 2031/1926/2104 2030/1925/2103 2035/1930/2108
f 2035/1930/2108 2036/1931/2109 2031/1926/2104
f 2036/1931/2109 2029/1924/2102 2031/1926/2104
f 2036/1931/2109 2037/1932/2110 2029/1924/2102
f 2037/1932/2110 2033/1928/2106 2029/1924/2102
f 2037/1932/2110 2038/1933/2111 2033/1928/2106
f 2039/1934/2082 2040/1935/2112 2041/1936/2113
f 2039/1934/2082 2042/1937/2114 2040/1935/2112
f 2043/1938/2115 2042/1937/2114 2039/1934/2082
f 2043/1938/2115 2044/1933/2116 2042/1937/2114
f 2041/1936/2113 2040/1935/2112 2045/1939/2117
f 2045/1939/2117 2046/1940/2118 2041/1936/2113
f 2046/1940/2118 2039/1934/2082 2041/1936/2113
f 2046/1940/2118 2047/1941/2119 2039/1934/2082
f 2047/1941/2119 2043/1938/2115 2039/1934/2082
f 2047/1941/2119 2048/1920/2120 2043/1938/2115
f 2049/1806/2121 2050/1807/2122 2051/1808/2123
f 2049/1806/2121 2052/1809/2124 2050/1807/2122
f 2053/1810/2125 2052/1809/2124 2049/1806/2121
f 2053/1810/2125 2054/1811/2126 2052/1809/2124
f 2051/1808/2123 2050/1807/2122 2055/1812/2127
f 2055/1812/2127 2056/1813/2128 2051/1808/2123
f 2056/1813/2128 2049/1806/2121 2051/1808/2123
f 2056/1813/2128 2057/1814/2129 2049/1806/2121
f 2057/1814/2129 2053/1810/2125 2049/1806/2121
f 2057/1814/2129 2058/1815/2130 2053/1810/2125
f 2059/1879/2121 2060/1880/2131 2061/1881/2123
f 2059/1879/2121 2062/1882/2132 2060/1880/2131
f 2063/1883/2125 2062/1882/2132 2059/1879/2121
f 2063/1883/2125 2064/1815/2133 2062/1882/2132
f 2061/1881/2123 2060/1880/2131 2065/1884/2134
f 2065/1884/2134 2066/1885/2135 2061/1881/2123
f 2066/1885/2135 2059/1879/2121 2061/1881/2123
f 2066/1885/2135 2067/1886/2136 2059/1879/2121
f 2067/1886/2136 2063/1883/2125 2059/1879/2121
f 2067/1886/2136 2068/1887/2137 2063/1883/2125
f 1790/1942/1866 2069/1943/2138 1791/1944/1867
f 1790/1942/1866 2070/1945/2139 2069/1943/2138
f 2070/1945/2139 2071/1946/2140 2069/1943/2138
f 2070/1945/2139 2072/1947/2141 2071/1946/2140
f 2072/1947/2141 2073/1948/2142 2071/1946/2140
f 2072/1947/2141 2074/1949/2143 2073/1948/2142
f 2074/1949/2143 2075/1950/2144 2073/1948/2142
f 2074/1949/2143 2076/1951/2145 2075/1950/2144
f 2077/1952/2146 2078/1953/2147 2079/1954/2148
f 2077/1952/2146 2080/1955/2149 2078/1953/2147
f 2081/1956/2150 2080/1955/2149 2077/1952/2146
f 2081/1956/2150 2082/1957/2151 2080/1955/2149
f 2079/1954/2148 2078/1953/2147 2083/1958/2152
f 2083/1958/2152 2084/1959/2153 2079/1954/2148
f 2084/1959/2153 2077/1952/2146 2079/1954/2148
f 2084/1959/2153 2085/1960/2154 2077/1952/2146
f 2085/1960/2154 2081/1956/2150 2077/1952/2146
f 2085/1960/2154 2086/54/2155 2081/1956/2150
f 2087/1961/2156 2088/1962/2157 2089/1963/2158
f 2087/1961/2156 2090/1964/2159 2088/1962/2157
f 2091/1965/2160 2090/1964/2159 2087/1961/2156
f 2091/1965/2160 2092/38/2161 2090/1964/2159
f 2089/1963/2158 2088/1962/2157 2093/1966/2162
f 2093/1966/2162 2094/1967/2163 2089/1963/2158
f 2094/1967/2163 2087/1961/2156 2089/1963/2158
f 2094/1967/2163 2095/1968/2164 2087/1961/2156
f 2095/1968/2164 2091/1965/2160 2087/1961/2156
f 2095/1968/2164 2096/1957/2165 2091/1965/2160
f 2097/1969/2166 2098/1970/2167 2099/1971/2168
f 2097/1969/2166 2100/1972/2169 2098/1970/2167
f 2101/1973/2170 2100/1972/2169 2097/1969/2166
f 2101/1973/2170 2102/48/2171 2100/1972/2169
f 2099/1971/2168 2098/1970/2167 2103/1974/2172
f 2103/1974/2172 2104/1975/2173 2099/1971/2168
f 2104/1975/2173 2097/1969/2166 2099/1971/2168
f 2104/1975/2173 2105/1976/2174 2097/1969/2166
f 2105/1976/2174 2101/1973/2170 2097/1969/2166
f 2105/1976/2174 2106/1977/2175 2101/1973/2170
f 283/298/286 306/321/307 2107/796/2176
f 285/300/288 283/298/286 2107/796/2176
f 285/300/288 2107/796/2176 2108/1978/2177
f 287/302/290 285/300/288 2108/1978/2177
f 287/302/290 2108/1978/2177 2109/1979/2178
f 289/304/290 287/302/290 2109/1979/2178
f 289/304/290 2109/1979/2178 2110/799/2179
f 2111/800/2180 289/304/290 2110/799/2179
f 2111/800/2180 291/306/293 289/304/290
f 2112/727/2181 291/306/293 2111/800/2180
f 2112/727/2181 596/649/576 291/306/293
f 2113/1980/2182 596/649/576 2112/727/2181
f 2113/1980/2182 609/662/588 596/649/576
f 307/322/308 609/662/588 2113/1980/2182
f 307/322/308 610/663/589 609/662/588
f 302/317/304 610/663/589 307/322/308
f 301/316/303 610/663/589 302/317/304
f 301/316/303 308/323/309 610/663/589
f 30/26/24 29/28/2183 34/27/28
f 28/24/22 30/26/24 34/27/28
f 28/24/22 34/27/28 33/25/27
f 32/23/26 28/24/22 33/25/27
f 32/23/26 26/22/20 28/24/22
f 31/21/25 26/22/20 32/23/26
f 1780/1981/2184 1382/1161/2184 1779/1982/2184
f 1780/1981/2184 1380/1159/2184 1382/1161/2184
f 1780/1981/2184 1378/1157/2185 1380/1159/2184
f 1780/1981/2184 1781/1983/2185 1378/1157/2185
f 1781/1983/2185 1377/1156/2186 1378/1157/2185
f 1781/1983/2185 1782/1984/2187 1377/1156/2186
f 1782/1984/2187 1396/1179/2188 1377/1156/2186
f 1782/1984/2187 1783/1985/2189 1396/1179/2188
f 1783/1985/2189 1389/1180/2190 1396/1179/2188
f 1783/1985/2189 1784/1986/2190 1389/1180/2190
f 1779/1987/2184 1382/1161/2184 1385/1164/2191
f 1779/1987/2184 1385/1164/2191 1778/1988/2192
f 1778/1988/2192 1385/1164/2191 1387/1166/2192
f 1778/1988/2192 1387/1166/2192 1777/1989/2192
f 1389/1168/2190 1777/1989/2192 1387/1166/2192
f 1389/1168/2190 1784/1990/2190 1777/1989/2192
f 1719/922/2193 1704/919/2194 1706/920/2194
f 1719/922/2193 1722/923/2195 1704/919/2194
f 1722/923/2195 1719/922/2193 1718/924/1167
f 1722/923/2195 1718/924/1167 1723/925/1167
f 1724/926/2196 1723/925/1167 1718/924/1167
f 1724/926/2196 1718/924/1167 1717/927/2196
f 1717/927/2196 1725/928/2197 1724/926/2196
f 1708/929/1167 1705/918/1167 1707/921/1167
f 1708/929/1167 1714/930/1167 1705/918/1167
f 1710/931/1167 1714/930/1167 1708/929/1167
f 1710/931/1167 1712/932/1167 1714/930/1167
f 1875/21/1950 1870/22/1945 1876/23/1951
f 1870/22/1945 1877/25/1952 1876/23/1951
f 1870/22/1945 1872/24/1947 1877/25/1952
f 1874/26/1949 1877/25/1952 1872/24/1947
f 1874/26/1949 1878/27/1953 1877/25/1952
f 1874/26/1949 1873/28/2198 1878/27/1953
f 2103/21/2172 2098/22/2167 2104/23/2173
f 2104/23/2173 2098/22/2167 2100/24/2169
f 2104/23/2173 2100/24/2169 2105/25/2174
f 2102/26/2171 2105/25/2174 2100/24/2169
f 2102/26/2171 2106/27/2175 2105/25/2174
f 2102/26/2171 2101/28/2199 2106/27/2175
f 13/1991/2200 1786/1992/2201 16/1993/2202
f 13/1991/2200 2114/1994/2200 1786/1992/2201
f 13/1991/2200 1785/1995/2203 2114/1994/2200
f 13/1991/2200 14/1996/2204 1785/1995/2203
f 2093/21/2162 2088/22/2157 2094/23/2163
f 2094/23/2163 2088/22/2157 2090/24/2159
f 2094/23/2163 2090/24/2159 2095/25/2164
f 2090/24/2159 2096/27/2165 2095/25/2164
f 2090/24/2159 2092/26/2161 2096/27/2165
f 2092/26/2161 2091/28/2205 2096/27/2165
f 2083/21/2152 2078/22/2147 2084/23/2153
f 2078/22/2147 2085/25/2154 2084/23/2153
f 2078/22/2147 2080/24/2149 2085/25/2154
f 2082/26/2151 2085/25/2154 2080/24/2149
f 2082/26/2151 2086/27/2155 2085/25/2154
f 2082/26/2151 2081/28/2206 2086/27/2155
f 8/8/2207 1785/1995/2208 6/6/2209
f 8/8/2207 2114/1994/2210 1785/1995/2208
f 8/8/2207 1786/1992/2211 2114/1994/2210
f 8/8/2207 2/9/2212 1786/1992/2211
f 2065/21/2134 2060/22/2131 2066/23/2135
f 2060/22/2131 2067/25/2136 2066/23/2135
f 2060/22/2131 2062/24/2132 2067/25/2136
f 2062/24/2132 2068/27/2137 2067/25/2136
f 2062/24/2132 2064/26/2133 2068/27/2137
f 2064/26/2133 2063/28/2213 2068/27/2137
f 2055/21/2127 2050/22/2122 2056/23/2128
f 2050/22/2122 2057/25/2129 2056/23/2128
f 2050/22/2122 2052/24/2124 2057/25/2129
f 2052/24/2124 2058/27/2130 2057/25/2129
f 2052/24/2124 2054/26/2126 2058/27/2130
f 2054/26/2126 2053/28/2214 2058/27/2130
f 2045/21/2117 2040/22/2112 2046/23/2118
f 2046/23/2118 2040/22/2112 2042/24/2114
f 2046/23/2118 2042/24/2114 2047/25/2119
f 2042/24/2114 2048/27/2120 2047/25/2119
f 2042/24/2114 2044/26/2116 2048/27/2120
f 2044/26/2116 2043/28/2215 2048/27/2120
f 2035/21/2108 2030/22/2103 2036/23/2109
f 2036/23/2109 2030/22/2103 2032/24/2105
f 2036/23/2109 2032/24/2105 2037/25/2110
f 2032/24/2105 2038/27/2111 2037/25/2110
f 2032/24/2105 2034/26/2107 2038/27/2111
f 2034/26/2107 2033/28/2216 2038/27/2111
f 2025/21/2098 2020/22/2093 2026/23/2099
f 2026/23/2099 2020/22/2093 2022/24/2095
f 2026/23/2099 2022/24/2095 2027/25/2100
f 2024/26/2097 2027/25/2100 2022/24/2095
f 2024/26/2097 2028/27/2101 2027/25/2100
f 2024/26/2097 2023/28/2217 2028/27/2101
f 12/1997/2218 1787/1998/2219 11/1999/2220
f 12/1997/2218 2115/2000/2221 1787/1998/2219
f 12/1997/2218 1788/2001/2222 2115/2000/2221
f 12/1997/2218 15/2002/2223 1788/2001/2222
f 2015/21/2088 2010/22/2083 2016/23/2089
f 2016/23/2089 2010/22/2083 2012/24/2085
f 2016/23/2089 2012/24/2085 2017/25/2090
f 2012/24/2085 2018/27/2091 2017/25/2090
f 2012/24/2085 2014/26/2087 2018/27/2091
f 2014/26/2087 2013/28/2224 2018/27/2091
f 2005/21/2078 2000/22/2073 2006/23/2079
f 2006/23/2079 2000/22/2073 2002/24/2075
f 2006/23/2079 2002/24/2075 2007/25/2080
f 2004/26/2077 2007/25/2080 2002/24/2075
f 2004/26/2077 2008/27/2081 2007/25/2080
f 2004/26/2077 2003/28/2225 2008/27/2081
f 2115/2000/2226 7/7/2227 1787/1783/2228
f 2115/2000/2226 5/5/2229 7/7/2227
f 3/3/2230 5/5/2229 2115/2000/2226
f 3/3/2230 2115/2000/2226 1788/1784/2231
f 1807/2003/1883 1808/2004/1884 2116/2005/2232
f 1807/2003/1883 2116/2005/2232 2117/2006/2233
f 2118/2007/2234 2117/2006/2233 2116/2005/2232
f 2118/2007/2234 2119/2008/2235 2117/2006/2233
f 2120/2009/2236 2119/2008/2235 2118/2007/2234
f 2120/2009/2236 2121/2010/2237 2119/2008/2235
f 2122/2011/2238 2121/2010/2237 2120/2009/2236
f 2122/2011/2238 2123/2012/2239 2121/2010/2237
f 2075/1950/2240 2123/2012/2239 2122/2011/2238
f 2075/1950/2241 2076/1951/2242 2123/2012/2243
f 1995/21/2068 1990/22/2063 1996/23/2069
f 1996/23/2069 1990/22/2063 1992/24/2065
f 1996/23/2069 1992/24/2065 1997/25/2070
f 1994/26/2067 1997/25/2070 1992/24/2065
f 1994/26/2067 1998/27/2071 1997/25/2070
f 1994/26/2067 1993/28/2244 1998/27/2071
f 1815/21/1891 1810/22/1886 1816/23/1892
f 1816/23/1892 1810/22/1886 1812/24/1888
f 1816/23/1892 1812/24/1888 1817/25/1893
f 1812/24/1888 1818/27/1894 1817/25/1893
f 1812/24/1888 1814/26/1890 1818/27/1894
f 1814/26/1890 1813/28/2245 1818/27/1894
f 1825/21/1901 1820/22/1896 1826/23/1902
f 1820/22/1896 1827/25/1903 1826/23/1902
f 1820/22/1896 1822/24/1898 1827/25/1903
f 1824/26/1900 1827/25/1903 1822/24/1898
f 1824/26/1900 1828/27/1904 1827/25/1903
f 1824/26/1900 1823/28/2246 1828/27/1904
f 1985/21/2058 1980/22/2053 1986/23/2059
f 1980/22/2053 1987/25/2060 1986/23/2059
f 1980/22/2053 1982/24/2055 1987/25/2060
f 1982/24/2055 1988/27/2061 1987/25/2060
f 1982/24/2055 1984/26/2057 1988/27/2061
f 1984/26/2057 1983/28/2247 1988/27/2061
f 1975/21/2048 1970/22/2043 1976/23/2049
f 1976/23/2049 1970/22/2043 1972/24/2045
f 1976/23/2049 1972/24/2045 1977/25/2050
f 1974/26/2047 1977/25/2050 1972/24/2045
f 1974/26/2047 1978/27/2051 1977/25/2050
f 1974/26/2047 1973/28/2248 1978/27/2051
f 1835/21/1911 1830/22/1906 1836/23/1912
f 1830/22/1906 1837/25/1913 1836/23/1912
f 1830/22/1906 1832/24/1908 1837/25/1913
f 1834/26/1910 1837/25/1913 1832/24/1908
f 1834/26/1910 1838/27/1914 1837/25/1913
f 1834/26/1910 1833/28/2249 1838/27/1914
f 1965/21/2038 1960/22/2033 1966/23/2039
f 1966/23/2039 1960/22/2033 1962/24/2035
f 1966/23/2039 1962/24/2035 1967/25/2040
f 1962/24/2035 1968/27/2041 1967/25/2040
f 1962/24/2035 1964/26/2037 1968/27/2041
f 1964/26/2037 1963/28/2250 1968/27/2041
f 1955/21/2028 1950/22/2023 1956/23/2029
f 1950/22/2023 1957/25/2030 1956/23/2029
f 1950/22/2023 1952/24/2025 1957/25/2030
f 1952/24/2025 1958/27/2031 1957/25/2030
f 1952/24/2025 1954/26/2027 1958/27/2031
f 1954/26/2027 1953/28/2251 1958/27/2031
f 1945/21/2018 1940/22/2013 1946/23/2019
f 1940/22/2013 1947/25/2020 1946/23/2019
f 1940/22/2013 1942/24/2015 1947/25/2020
f 1944/26/2017 1947/25/2020 1942/24/2015
f 1944/26/2017 1948/27/2021 1947/25/2020
f 1944/26/2017 1943/28/2252 1948/27/2021
f 1845/21/1921 1840/22/1916 1846/23/1922
f 1846/23/1922 1840/22/1916 1842/24/1918
f 1846/23/1922 1842/24/1918 1847/25/1923
f 1842/24/1918 1848/27/1924 1847/25/1923
f 1842/24/1918 1844/26/1920 1848/27/1924
f 1844/26/1920 1843/28/2253 1848/27/1924
f 1855/21/1930 1850/22/1926 1856/23/1931
f 1850/22/1926 1857/25/1932 1856/23/1931
f 1850/22/1926 1852/24/1928 1857/25/1932
f 1852/24/1928 1858/27/1933 1857/25/1932
f 1852/24/1928 1854/26/1920 1858/27/1933
f 1854/26/1920 1853/28/2254 1858/27/1933
f 1865/21/1940 1860/22/1935 1866/23/1941
f 1860/22/1935 1867/25/1942 1866/23/1941
f 1860/22/1935 1862/24/1937 1867/25/1942
f 1862/24/1937 1868/27/1943 1867/25/1942
f 1862/24/1937 1864/26/1939 1868/27/1943
f 1864/26/1939 1863/28/2255 1868/27/1943
f 1885/21/1950 1880/22/1955 1886/23/1960
f 1886/23/1960 1880/22/1955 1882/24/1957
f 1886/23/1960 1882/24/1957 1887/25/1961
f 1882/24/1957 1888/27/1962 1887/25/1961
f 1882/24/1957 1884/26/1959 1888/27/1962
f 1884/26/1959 1883/28/2256 1888/27/1962
f 1895/21/1969 1890/22/1964 1896/23/1970
f 1890/22/1964 1897/25/1971 1896/23/1970
f 1890/22/1964 1892/24/1966 1897/25/1971
f 1892/24/1966 1898/27/1972 1897/25/1971
f 1892/24/1966 1894/26/1968 1898/27/1972
f 1894/26/1968 1893/28/2257 1898/27/1972
f 1905/21/1979 1900/22/1974 1906/23/1980
f 1900/22/1974 1907/25/1981 1906/23/1980
f 1900/22/1974 1902/24/1976 1907/25/1981
f 1904/26/1978 1907/25/1981 1902/24/1976
f 1904/26/1978 1908/27/1982 1907/25/1981
f 1904/26/1978 1903/28/2250 1908/27/1982
f 1935/21/2009 1930/22/2004 1936/23/2010
f 1930/22/2004 1937/25/2011 1936/23/2010
f 1930/22/2004 1932/24/2006 1937/25/2011
f 1932/24/2006 1938/27/2012 1937/25/2011
f 1932/24/2006 1934/26/2008 1938/27/2012
f 1934/26/2008 1933/28/2258 1938/27/2012
f 1925/21/1999 1920/22/1994 1926/23/2000
f 1920/22/1994 1927/25/2001 1926/23/2000
f 1920/22/1994 1922/24/1996 1927/25/2001
f 1922/24/1996 1928/27/2002 1927/25/2001
f 1922/24/1996 1924/26/1998 1928/27/2002
f 1924/26/1998 1923/28/2259 1928/27/2002
f 1915/21/1989 1910/22/1984 1916/23/1990
f 1916/23/1990 1910/22/1984 1912/24/1986
f 1916/23/1990 1912/24/1986 1917/25/1991
f 1912/24/1986 1918/27/1992 1917/25/1991
f 1912/24/1986 1914/26/1988 1918/27/1992
f 1914/26/1988 1913/28/2260 1918/27/1992
f 2124/2013/2261 2125/2014/2262 2126/2015/2263
f 2127/2016/2264 2128/2017/2265 2129/2018/2266
f 2130/2019/2267 2128/2017/2265 2127/2016/2264
f 2130/2019/2267 2131/2020/2268 2128/2017/2265
f 2132/2021/2269 2131/2020/2268 2130/2019/2267
f 2132/2021/2269 2133/2022/2270 2131/2020/2268
f 2132/2021/2269 2134/2023/2271 2133/2022/2270
f 2132/2021/2269 2135/2024/2272 2134/2023/2271
f 2135/2024/2272 2126/2015/2263 2134/2023/2271
f 2135/2024/2272 2124/2013/2261 2126/2015/2263
f 2136/2025/2273 2137/2026/2274 2138/2027/2275
f 2137/2026/2274 2139/2028/2276 2138/2027/2275
f 2137/2026/2274 2140/2029/2277 2139/2028/2276
f 2141/2030/2278 2140/2029/2277 2137/2026/2274
f 2141/2030/2278 2142/2031/2279 2140/2029/2277
f 2125/2014/2262 2142/2031/2279 2141/2030/2278
f 2125/2014/2262 2141/2030/2278 2143/2032/2280
f 2144/2033/2281 2145/2034/2282 2146/2035/2283
f 2144/2033/2281 2147/2036/2284 2145/2034/2282
f 2147/2036/2284 2144/2033/2281 2148/2037/2285
f 2147/2036/2284 2148/2037/2285 2149/2038/2286
f 2148/2037/2285 2136/2025/2273 2149/2038/2286
f 2148/2037/2285 2150/2039/2287 2136/2025/2273
f 2150/2039/2287 2137/2026/2274 2136/2025/2273
f 2150/2039/2287 2141/2030/2278 2137/2026/2274
f 2151/2040/2288 2141/2030/2278 2150/2039/2287
f 2151/2040/2288 2143/2032/2280 2141/2030/2278
f 2152/2041/2289 2151/2040/2288 2150/2039/2287
f 2152/2041/2289 2150/2039/2287 2148/2037/2285
f 2144/2033/2281 2152/2041/2289 2148/2037/2285
f 2144/2033/2281 2153/2042/2290 2152/2041/2289
f 2154/2043/2291 2153/2042/2290 2144/2033/2281
f 2154/2043/2291 2144/2033/2281 2146/2035/2283
f 2146/2035/2283 2129/2018/2266 2154/2043/2291
f 2146/2035/2283 2155/2044/839 2129/2018/2266
f 2146/2035/2283 2156/2045/872 2155/2044/839
f 2146/2035/2283 2145/2034/2282 2156/2045/872
f 2145/2034/2282 2157/2046/2292 2156/2045/872
f 2145/2034/2282 2158/2047/2293 2157/2046/2292
f 2147/2036/2284 2158/2047/2293 2145/2034/2282
f 2147/2036/2284 2159/2048/2294 2158/2047/2293
f 2159/2048/2294 2147/2036/2284 2149/2038/2286
f 2159/2048/2294 2149/2038/2286 2160/2049/887
f 2149/2038/2286 2161/2050/2295 2160/2049/887
f 2149/2038/2286 2136/2025/2273 2161/2050/2295
f 2136/2025/2273 2138/2027/2275 2161/2050/2295
f 2162/2051/2296 2163/2052/2297 2164/2053/2298
f 2164/2053/2298 2163/2052/2297 2165/2054/2299
f 2166/2055/2300 2167/2056/2301 2168/2057/2302
f 2166/2055/2300 2168/2057/2302 2169/2058/2303
f 2166/2055/2300 2169/2058/2303 2170/2059/2304
f 2169/2058/2303 2171/2060/2305 2170/2059/2304
f 2170/2059/2304 2171/2060/2305 2172/2061/2306
f 2164/2053/2298 2172/2061/2306 2171/2060/2305
f 2164/2053/2298 2173/2062/2307 2172/2061/2306
f 2164/2053/2298 2165/2054/2299 2173/2062/2307
f 2173/2062/2307 2165/2054/2299 2174/2063/2308
f 2173/2062/2307 2174/2063/2308 2175/2064/2309
f 2174/2063/2308 2176/2065/2310 2175/2064/2309
f 2175/2064/2309 2176/2065/2310 2177/2066/2311
f 2176/2065/2310 2178/2067/2312 2177/2066/2311
f 2177/2066/2311 2178/2067/2312 2179/2068/2313
f 2178/2067/2312 2180/2069/2314 2179/2068/2313
f 2181/2070/2315 2179/2068/2313 2180/2069/2314
f 2182/2071/2316 2181/2070/2315 2180/2069/2314
f 2181/2070/2315 2182/2071/2316 2183/2072/2317
f 2170/2059/2304 2172/2061/2306 2184/2073/2318
f 2177/2066/2311 2179/2068/2313 2185/2074/2319
f 2185/2074/2319 2179/2068/2313 2186/2075/2320
f 2181/2070/2315 2186/2075/2320 2179/2068/2313
f 2185/2074/2319 2186/2075/2320 2187/2076/2321
f 2181/2070/2315 2183/2072/2317 2188/2077/2322
f 2186/2075/2320 2181/2070/2315 2188/2077/2322
f 2186/2075/2320 2188/2077/2322 2189/2078/2323
f 2190/2079/2324 2186/2075/2320 2189/2078/2323
f 2190/2079/2324 2187/2076/2321 2186/2075/2320
f 2191/2080/2325 2187/2076/2321 2190/2079/2324
f 2191/2080/2325 2185/2074/2319 2187/2076/2321
f 2191/2080/2325 2192/2081/2326 2185/2074/2319
f 2192/2081/2326 2177/2066/2311 2185/2074/2319
f 2192/2081/2326 2193/2082/2327 2177/2066/2311
f 2175/2064/2309 2177/2066/2311 2193/2082/2327
f 2172/2061/2306 2175/2064/2309 2193/2082/2327
f 2172/2061/2306 2173/2062/2307 2175/2064/2309
f 2192/2081/2326 2172/2061/2306 2193/2082/2327
f 2192/2081/2326 2184/2073/2318 2172/2061/2306
f 2191/2080/2325 2184/2073/2318 2192/2081/2326
f 2191/2080/2325 2194/2083/2328 2184/2073/2318
f 2194/2083/2328 2170/2059/2304 2184/2073/2318
f 2194/2083/2328 2195/2084/2329 2170/2059/2304
f 2166/2055/2300 2170/2059/2304 2195/2084/2329
f 2182/2071/2316 2180/2069/2314 2196/2085/2330
f 2197/2086/2331 2196/2085/2330 2180/2069/2314
f 2197/2086/2331 2198/2087/2332 2196/2085/2330
f 2197/2086/2331 2199/2088/2333 2198/2087/2332
f 2197/2086/2331 2200/2089/2334 2199/2088/2333
f 2200/2089/2334 2201/2090/2335 2199/2088/2333
f 2200/2089/2334 2202/2091/2336 2201/2090/2335
f 2203/2092/2337 2201/2090/2335 2202/2091/2336
f 2203/2092/2337 2202/2091/2336 2204/2093/2338
f 2205/2094/2339 2204/2093/2338 2202/2091/2336
f 2205/2094/2339 2206/2095/2340 2204/2093/2338
f 2207/2096/2341 2206/2095/2340 2205/2094/2339
f 2207/2096/2341 2208/2097/2342 2206/2095/2340
f 2174/2063/2308 2208/2097/2342 2207/2096/2341
f 2174/2063/2308 2207/2096/2341 2176/2065/2310
f 2207/2096/2341 2209/2098/2343 2176/2065/2310
f 2176/2065/2310 2209/2098/2343 2178/2067/2312
f 2178/2067/2312 2209/2098/2343 2200/2089/2334
f 2178/2067/2312 2200/2089/2334 2197/2086/2331
f 2178/2067/2312 2197/2086/2331 2180/2069/2314
f 2209/2098/2343 2202/2091/2336 2200/2089/2334
f 2209/2098/2343 2205/2094/2339 2202/2091/2336
f 2207/2096/2341 2205/2094/2339 2209/2098/2343
f 2210/2099/2344 2183/2100/2317 2211/2101/2345
f 2183/2100/2317 2210/2099/2344 2212/2102/2346
f 2212/2102/2346 2188/2103/2322 2183/2100/2317
f 2213/2104/2347 2214/2105/2348 2215/2106/2349
f 2214/2105/2348 2216/2107/2350 2215/2106/2349
f 2214/2105/2348 2217/2108/2351 2216/2107/2350
f 2216/2107/2350 2217/2108/2351 2218/2109/2352
f 2217/2108/2351 2219/2110/2353 2218/2109/2352
f 2220/2111/2354 2218/2109/2352 2219/2110/2353
f 2219/2110/2353 2195/2112/2329 2220/2111/2354
f 2221/2113/2355 2220/2111/2354 2195/2112/2329
f 2221/2113/2355 2195/2112/2329 2194/2114/2328
f 2221/2113/2355 2194/2114/2328 2191/2115/2325
f 2221/2113/2355 2191/2115/2325 2190/2116/2324
f 2222/2117/2356 2221/2113/2355 2190/2116/2324
f 2222/2117/2356 2190/2116/2324 2189/2118/2323
f 2222/2117/2356 2189/2118/2323 2188/2103/2322
f 2222/2117/2356 2188/2103/2322 2223/2119/2357
f 2212/2102/2346 2223/2119/2357 2188/2103/2322
f 2223/2119/2357 2212/2102/2346 2224/2120/2358
f 2224/2120/2358 2212/2102/2346 2210/2099/2344
f 2225/2121/2359 2215/2106/2349 2226/2122/2360
f 2215/2106/2349 2227/2123/2361 2226/2122/2360
f 2215/2106/2349 2216/2107/2350 2227/2123/2361
f 2227/2123/2361 2216/2107/2350 2228/2124/2362
f 2216/2107/2350 2218/2109/2352 2228/2124/2362
f 2229/2125/2363 2228/2124/2362 2218/2109/2352
f 2220/2111/2354 2229/2125/2363 2218/2109/2352
f 2222/2117/2356 2229/2125/2363 2220/2111/2354
f 2222/2117/2356 2220/2111/2354 2221/2113/2355
f 2226/2122/2360 2227/2123/2361 2230/2126/2364
f 2227/2123/2361 2231/2127/2365 2230/2126/2364
f 2227/2123/2361 2232/2128/2366 2231/2127/2365
f 2233/2129/2367 2231/2127/2365 2232/2128/2366
f 2233/2129/2367 2232/2128/2366 2234/2130/2368
f 2234/2130/2368 2235/2131/2369 2233/2129/2367
f 2234/2130/2368 2224/2120/2358 2235/2131/2369
f 2224/2120/2358 2234/2130/2368 2236/2132/2370
f 2223/2119/2357 2224/2120/2358 2236/2132/2370
f 2222/2117/2356 2223/2119/2357 2236/2132/2370
f 2222/2117/2356 2236/2132/2370 2229/2125/2363
f 2229/2125/2363 2236/2132/2370 2228/2124/2362
f 2236/2132/2370 2232/2128/2366 2228/2124/2362
f 2227/2123/2361 2228/2124/2362 2232/2128/2366
f 2236/2132/2370 2234/2130/2368 2232/2128/2366
f 2230/2126/2364 2231/2127/2365 2237/2133/2371
f 2231/2127/2365 2238/2134/2372 2237/2133/2371
f 2231/2127/2365 2239/2135/2373 2238/2134/2372
f 2233/2129/2367 2239/2135/2373 2231/2127/2365
f 2240/2136/2374 2237/2133/2371 2238/2134/2372
f 2224/2120/2358 2210/2099/2344 2235/2131/2369
f 2211/2101/2345 2235/2131/2369 2210/2099/2344
f 2211/2101/2345 2241/2137/2375 2235/2131/2369
f 2241/2137/2375 2233/2129/2367 2235/2131/2369
f 2241/2137/2375 2242/2138/2376 2233/2129/2367
f 2239/2135/2373 2233/2129/2367 2242/2138/2376
f 2239/2135/2373 2242/2138/2376 2243/2139/2377
f 2239/2135/2373 2243/2139/2377 2244/2140/2378
f 2239/2135/2373 2244/2140/2378 2238/2134/2372
f 2245/2141/2379 2238/2134/2372 2244/2140/2378
f 2245/2141/2379 2240/2136/2374 2238/2134/2372
f 2246/2142/2380 2240/2136/2374 2245/2141/2379
f 2247/2143/2381 2240/2136/2374 2246/2142/2380
f 2248/2144/2382 2247/2143/2381 2246/2142/2380
f 2249/2145/2383 2247/2143/2381 2248/2144/2382
f 2250/2146/2384 2249/2145/2383 2248/2144/2382
f 2251/2147/2385 2249/2145/2383 2250/2146/2384
f 2250/2146/2384 2252/2148/2386 2251/2147/2385
f 2253/2149/2387 2254/2150/2388 2255/2151/2389
f 2256/2152/2390 2255/2151/2389 2254/2150/2388
f 2254/2150/2388 2248/2144/2382 2256/2152/2390
f 2248/2144/2382 2246/2142/2380 2256/2152/2390
f 2246/2142/2380 2257/2153/2391 2256/2152/2390
f 2246/2142/2380 2258/2154/2392 2257/2153/2391
f 2246/2142/2380 2245/2141/2379 2258/2154/2392
f 2256/2152/2390 2257/2153/2391 2255/2151/2389
f 2259/2155/2393 2260/2156/2394 2253/2149/2387
f 2253/2149/2387 2260/2156/2394 2254/2150/2388
f 2260/2156/2394 2261/2157/2395 2254/2150/2388
f 2254/2150/2388 2261/2157/2395 2262/2158/2396
f 2254/2150/2388 2262/2158/2396 2248/2144/2382
f 2250/2146/2384 2248/2144/2382 2262/2158/2396
f 2263/2159/2397 2252/2148/2386 2264/2160/2398
f 2265/2161/2399 2264/2160/2398 2252/2148/2386
f 2250/2146/2384 2265/2161/2399 2252/2148/2386
f 2250/2146/2384 2266/2162/2400 2265/2161/2399
f 2250/2146/2384 2262/2158/2396 2266/2162/2400
f 2262/2158/2396 2267/2163/2401 2266/2162/2400
f 2262/2158/2396 2261/2157/2395 2267/2163/2401
f 2261/2157/2395 2268/2164/2402 2267/2163/2401
f 2260/2156/2394 2268/2164/2402 2261/2157/2395
f 2269/2165/2403 2268/2164/2402 2260/2156/2394
f 2259/2155/2393 2269/2165/2403 2260/2156/2394
f 2203/2166/2337 2269/2165/2403 2259/2155/2393
f 2270/2167/2404 2269/2165/2403 2203/2166/2337
f 2270/2167/2404 2203/2166/2337 2204/2168/2338
f 2270/2167/2404 2204/2168/2338 2271/2169/2405
f 2272/2170/2406 2271/2169/2405 2204/2168/2338
f 2267/2163/2401 2271/2169/2405 2272/2170/2406
f 2267/2163/2401 2272/2170/2406 2273/2171/2407
f 2268/2164/2402 2271/2169/2405 2267/2163/2401
f 2268/2164/2402 2270/2167/2404 2271/2169/2405
f 2269/2165/2403 2270/2167/2404 2268/2164/2402
f 2272/2170/2406 2206/2172/2340 2208/2173/2342
f 2272/2170/2406 2204/2168/2338 2206/2172/2340
f 2274/2174/2408 2263/2159/2397 2264/2160/2398
f 2263/2159/2397 2274/2174/2408 2275/2175/2409
f 2266/2162/2400 2267/2163/2401 2273/2171/2407
f 2266/2162/2400 2273/2171/2407 2276/2176/2410
f 2265/2161/2399 2266/2162/2400 2276/2176/2410
f 2265/2161/2399 2276/2176/2410 2277/2177/2411
f 2265/2161/2399 2277/2177/2411 2264/2160/2398
f 2277/2177/2411 2278/2178/2412 2264/2160/2398
f 2274/2174/2408 2264/2160/2398 2278/2178/2412
f 2279/2179/2413 2274/2174/2408 2278/2178/2412
f 2274/2174/2408 2279/2179/2413 2280/2180/2414
f 2274/2174/2408 2280/2180/2414 2275/2175/2409
f 2275/2175/2409 2280/2180/2414 2281/2181/2415
f 2279/2179/2413 2278/2178/2412 2282/2182/2416
f 2282/2182/2416 2278/2178/2412 2283/2183/2417
f 2277/2177/2411 2283/2183/2417 2278/2178/2412
f 2277/2177/2411 2276/2176/2410 2283/2183/2417
f 2276/2176/2410 2284/2184/2418 2283/2183/2417
f 2276/2176/2410 2273/2171/2407 2284/2184/2418
f 2284/2184/2418 2273/2171/2407 2272/2170/2406
f 2284/2184/2418 2272/2170/2406 2285/2185/2419
f 2272/2170/2406 2208/2173/2342 2285/2185/2419
f 2285/2185/2419 2208/2173/2342 2174/2186/2308
f 2285/2185/2419 2174/2186/2308 2165/2187/2299
f 2163/2188/2297 2285/2185/2419 2165/2187/2299
f 2163/2188/2297 2284/2184/2418 2285/2185/2419
f 2283/2183/2417 2284/2184/2418 2163/2188/2297
f 2283/2183/2417 2163/2188/2297 2162/2189/2296
f 2282/2182/2416 2283/2183/2417 2162/2189/2296
f 2286/2190/2420 2251/2147/2385 2252/2148/2386
f 2263/2159/2397 2286/2190/2420 2252/2148/2386
f 2286/2190/2420 2263/2159/2397 2287/2191/2421
f 2263/2159/2397 2275/2175/2409 2287/2191/2421
f 2287/2191/2421 2275/2175/2409 2288/2192/2422
f 2275/2175/2409 2281/2181/2415 2288/2192/2422
f 2281/2181/2415 2289/2193/2423 2288/2192/2422
f 2290/2194/2424 2288/2192/2422 2289/2193/2423
f 2290/2194/2424 2289/2193/2423 2291/2195/2425
f 2292/2196/2426 2290/2194/2424 2291/2195/2425
f 2292/2196/2426 2291/2195/2425 2293/2197/2427
f 2293/2197/2427 2294/2198/2428 2292/2196/2426
f 2293/2197/2427 2295/2199/2429 2294/2198/2428
f 734/2200/712 2294/2198/2428 2295/2199/2429
f 734/2200/712 736/2201/714 2294/2198/2428
f 736/2201/714 2296/2202/979 2294/2198/2428
f 736/2201/714 1046/2203/1014 2296/2202/979
f 2296/2202/979 1046/2203/1014 1045/2204/1013
f 2288/2192/2422 2290/2194/2424 2297/2205/2430
f 2292/2196/2426 2297/2205/2430 2290/2194/2424
f 2292/2196/2426 2298/2206/2430 2297/2205/2430
f 2294/2198/2428 2298/2206/2430 2292/2196/2426
f 2294/2198/2428 2296/2202/979 2298/2206/2430
f 2296/2202/979 2299/2207/2431 2298/2206/2430
f 2296/2202/979 2300/2208/2432 2299/2207/2431
f 2300/2208/2432 2301/2209/2433 2299/2207/2431
f 2299/2207/2431 2301/2209/2433 2302/2210/2434
f 2301/2209/2433 2303/2211/2435 2302/2210/2434
f 2304/2212/2436 2302/2210/2434 2303/2211/2435
f 2305/2213/2437 2304/2212/2436 2303/2211/2435
f 2304/2212/2436 2305/2213/2437 2306/2214/2438
f 2307/2215/2439 2306/2214/2438 2305/2213/2437
f 2307/2215/2439 2308/2216/2440 2306/2214/2438
f 2309/2217/2441 2308/2216/2440 2307/2215/2439
f 2309/2217/2441 2310/2218/2442 2308/2216/2440
f 2311/2219/2443 2308/2216/2440 2310/2218/2442
f 2309/2217/2441 2307/2215/2439 2312/2220/2444
f 2307/2215/2439 2313/2221/2445 2312/2220/2444
f 2307/2215/2439 2305/2213/2437 2313/2221/2445
f 2305/2213/2437 2303/2211/2435 2313/2221/2445
f 2314/2222/2446 2313/2221/2445 2303/2211/2435
f 2301/2209/2433 2314/2222/2446 2303/2211/2435
f 2315/2223/2447 2312/2220/2444 2313/2221/2445
f 2314/2222/2446 2315/2223/2447 2313/2221/2445
f 2296/2202/979 1045/2204/1013 2300/2208/2432
f 1045/2204/1013 2316/2224/2448 2300/2208/2432
f 2300/2208/2432 2316/2224/2448 2301/2209/2433
f 2301/2209/2433 2316/2224/2448 2317/2225/2449
f 2301/2209/2433 2317/2225/2449 2314/2222/2446
f 2314/2222/2446 2317/2225/2449 2318/2226/982
f 2314/2222/2446 2318/2226/982 2315/2223/2447
f 2318/2226/982 2319/2227/2450 2315/2223/2447
f 2315/2223/2447 2319/2227/2450 2312/2220/2444
f 2319/2227/2450 2320/2228/2451 2312/2220/2444
f 2309/2217/2441 2312/2220/2444 2320/2228/2451
f 2309/2217/2441 2320/2228/2451 2321/2229/2452
f 2309/2217/2441 2321/2229/2452 2322/2230/2453
f 2322/2230/2453 2310/2218/2442 2309/2217/2441
f 2322/2230/2453 2323/2231/2359 2310/2218/2442
f 2225/2121/2359 2310/2218/2442 2323/2231/2359
f 2225/2121/2359 2311/2219/2443 2310/2218/2442
f 2225/2121/2359 2226/2122/2360 2311/2219/2443
f 2324/2232/2454 2321/2229/2452 2320/2228/2451
f 2319/2227/2450 2325/2233/2455 2320/2228/2451
f 2324/2232/2454 2320/2228/2451 2325/2233/2455
f 2325/2233/2455 2326/2234/2456 2324/2232/2454
f 2318/2226/982 2327/2235/2457 2319/2227/2450
f 2327/2235/2457 2325/2233/2455 2319/2227/2450
f 2327/2235/2457 2328/2236/2458 2325/2233/2455
f 2325/2233/2455 2328/2236/2458 2326/2234/2456
f 2328/2236/2458 1110/2237/966 2326/2234/2456
f 2326/2234/2456 1110/2237/966 1123/2238/964
f 2326/2234/2456 1123/2238/964 2329/2239/2459
f 2324/2232/2454 2326/2234/2456 2329/2239/2459
f 2324/2232/2454 2329/2239/2459 2330/2240/2459
f 2330/2240/2459 2321/2229/2452 2324/2232/2454
f 2330/2240/2459 2331/2241/2459 2321/2229/2452
f 2331/2241/2459 2322/2230/2453 2321/2229/2452
f 2331/2241/2459 2332/2242/2460 2322/2230/2453
f 2332/2242/2460 2323/2231/2359 2322/2230/2453
f 2332/2242/2460 2333/2243/2461 2323/2231/2359
f 2333/2243/2461 2225/2121/2359 2323/2231/2359
f 2333/2243/2461 2213/2104/2347 2225/2121/2359
f 2213/2104/2347 2215/2106/2349 2225/2121/2359
f 2330/2240/2459 2334/2244/2462 2335/2245/2463
f 2335/2245/2463 2331/2241/2459 2330/2240/2459
f 2335/2245/2463 2336/2246/2463 2331/2241/2459
f 2337/2247/2463 2331/2241/2459 2336/2246/2463
f 2337/2247/2463 2332/2242/2460 2331/2241/2459
f 2337/2247/2463 2333/2243/2461 2332/2242/2460
f 2337/2247/2463 2338/2248/2464 2333/2243/2461
f 2338/2248/2464 2213/2104/2347 2333/2243/2461
f 2338/2248/2464 2339/2249/2465 2213/2104/2347
f 2339/2249/2465 2214/2105/2348 2213/2104/2347
f 2339/2249/2465 2340/2250/2466 2214/2105/2348
f 2340/2250/2466 2217/2108/2351 2214/2105/2348
f 2217/2108/2351 2340/2250/2466 2219/2110/2353
f 2219/2110/2353 2166/2251/2300 2195/2112/2329
f 2167/2252/2301 2166/2251/2300 2219/2110/2353
f 2167/2252/2301 2219/2110/2353 2340/2250/2466
f 2340/2250/2466 2341/2253/2467 2167/2252/2301
f 2340/2250/2466 2339/2249/2465 2341/2253/2467
f 2342/2254/2468 2341/2253/2467 2339/2249/2465
f 2342/2254/2468 2339/2249/2465 2338/2248/2464
f 2343/2255/2469 2342/2254/2468 2338/2248/2464
f 2343/2255/2469 2338/2248/2464 2337/2247/2463
f 2337/2247/2463 2344/2256/2470 2343/2255/2469
f 2336/2246/2463 2344/2256/2470 2337/2247/2463
f 2336/2246/2463 2345/2257/2471 2344/2256/2470
f 2345/2257/2471 2336/2246/2463 2335/2245/2463
f 2345/2257/2471 2335/2245/2463 2346/2258/2472
f 2334/2244/2462 2346/2258/2472 2335/2245/2463
f 2334/2244/2462 2347/2259/676 2346/2258/2472
f 2334/2244/2462 714/2260/692 2347/2259/676
f 2334/2244/2462 715/2261/693 714/2260/692
f 2329/2239/2459 715/2261/693 2334/2244/2462
f 2330/2240/2459 2329/2239/2459 2334/2244/2462
f 2329/2239/2459 1123/2262/964 715/2261/693
f 2348/2263/2473 2349/2264/2474 2350/2265/2475
f 2351/2266/2476 2350/2265/2475 2349/2264/2474
f 2352/2267/2477 2353/2268/2478 2354/2269/2479
f 2355/2270/2480 2353/2268/2478 2352/2267/2477
f 2356/2271/2481 2355/2270/2480 2352/2267/2477
f 2357/2272/2482 2355/2270/2480 2356/2271/2481
f 2357/2272/2482 2356/2271/2481 2358/2273/2483
f 2357/2272/2482 2358/2273/2483 2359/2274/2484
f 2360/2275/2485 2359/2274/2484 2358/2273/2483
f 2361/2276/2486 2359/2274/2484 2360/2275/2485
f 2360/2275/2485 2362/2277/2487 2361/2276/2486
f 2350/2265/2475 2361/2276/2486 2362/2277/2487
f 2363/2278/2488 2350/2265/2475 2362/2277/2487
f 2348/2263/2473 2350/2265/2475 2363/2278/2488
f 2363/2278/2488 2364/2279/2489 2348/2263/2473
f 2363/2278/2488 2365/2280/412 2364/2279/2489
f 2365/2280/412 402/2281/401 2364/2279/2489
f 2365/2280/412 412/2282/411 402/2281/401
f 2366/2283/2490 412/2282/411 2365/2280/412
f 2366/2283/2490 411/2284/410 412/2282/411
f 2364/2279/2489 394/2285/393 2367/2286/2491
f 2364/2279/2489 402/2281/401 394/2285/393
f 2360/2275/2485 2368/2287/2492 2362/2277/2487
f 2360/2275/2485 2369/2288/2493 2368/2287/2492
f 2370/2289/2494 2368/2287/2492 2369/2288/2493
f 2371/2290/433 2370/2289/2494 2369/2288/2493
f 2360/2275/2485 2358/2273/2483 2372/2291/2495
f 2360/2275/2485 2372/2291/2495 2369/2288/2493
f 2372/2291/2495 2373/2292/2496 2369/2288/2493
f 2371/2290/433 2369/2288/2493 2373/2292/2496
f 2374/2293/2497 2371/2290/433 2373/2292/2496
f 2375/2294/2498 2376/2295/588 2377/2296/2499
f 2378/2297/2500 2376/2295/588 2375/2294/2498
f 2378/2297/2500 2379/2298/2501 2376/2295/588
f 2376/2295/588 2379/2298/2501 2380/2299/2502
f 2376/2295/588 2380/2299/2502 2374/2293/2497
f 2374/2293/2497 2380/2299/2502 2381/2300/2503
f 2374/2293/2497 2381/2300/2503 2371/2290/433
f 2371/2290/433 2381/2300/2503 2382/2301/2504
f 2371/2290/433 2382/2301/2504 2370/2289/2494
f 2382/2301/2504 2383/2302/2505 2370/2289/2494
f 2370/2289/2494 2383/2302/2505 2368/2287/2492
f 2384/2303/2490 2368/2287/2492 2383/2302/2505
f 2384/2303/2490 2362/2277/2487 2368/2287/2492
f 2363/2278/2488 2362/2277/2487 2384/2303/2490
f 2384/2303/2490 2365/2280/412 2363/2278/2488
f 2384/2303/2490 2366/2283/2490 2365/2280/412
f 2383/2302/2505 2366/2283/2490 2384/2303/2490
f 2383/2302/2505 2385/2304/585 2366/2283/2490
f 2382/2301/2504 2385/2304/585 2383/2302/2505
f 2385/2304/585 411/2284/410 2366/2283/2490
f 2385/2304/585 449/2305/343 411/2284/410
f 2382/2301/2504 449/2305/343 2385/2304/585
f 2382/2301/2504 450/2306/446 449/2305/343
f 2381/2300/2503 450/2306/446 2382/2301/2504
f 2381/2300/2503 451/2307/447 450/2306/446
f 2380/2299/2502 451/2307/447 2381/2300/2503
f 2380/2299/2502 468/2308/462 451/2307/447
f 2379/2298/2501 468/2308/462 2380/2299/2502
f 2379/2298/2501 469/2309/463 468/2308/462
f 459/2310/454 469/2309/463 2379/2298/2501
f 459/2310/454 2379/2298/2501 2378/2297/2500
f 2386/2311/2506 459/2310/454 2378/2297/2500
f 2386/2311/2506 2378/2297/2500 2375/2294/2498
f 2386/2311/2506 2375/2294/2498 2387/2312/2507
f 2387/2312/2507 2375/2294/2498 2388/2313/2508
f 2387/2312/2507 2388/2313/2508 2389/2314/2509
f 2389/2314/2509 2388/2313/2508 2390/2315/2510
f 2386/2311/2506 460/2316/455 459/2310/454
f 377/2317/376 2391/2318/2511 2392/2319/2512
f 377/2317/376 472/2320/455 2391/2318/2511
f 472/2320/455 2386/2311/2506 2391/2318/2511
f 472/2320/455 460/2321/455 2386/2311/2506
f 2393/2322/2513 2394/2323/2514 2395/2324/2515
f 2393/2322/2513 2396/2325/2516 2394/2323/2514
f 2397/2326/2517 2394/2323/2514 2396/2325/2516
f 2397/2326/2517 2396/2325/2516 2398/2327/2518
f 2399/2328/2516 2398/2327/2518 2396/2325/2516
f 2399/2328/2516 2400/2329/2519 2398/2327/2518
f 2400/2329/2519 2399/2328/2516 2401/2330/2520
f 2400/2329/2519 2401/2330/2520 2402/2331/2521
f 2402/2331/2521 2401/2330/2520 2403/2332/2522
f 2402/2331/2521 2403/2332/2522 2404/2333/2523
f 2405/2334/2524 2404/2333/2523 2403/2332/2522
f 2405/2334/2524 2389/2314/2509 2404/2333/2523
f 2406/2335/2525 2389/2314/2509 2405/2334/2524
f 2406/2335/2525 2387/2312/2507 2389/2314/2509
f 2391/2318/2511 2387/2312/2507 2406/2335/2525
f 2391/2318/2511 2386/2311/2506 2387/2312/2507
f 2407/2336/2526 2408/2337/2527 2401/2330/2520
f 2407/2336/2526 2401/2330/2520 2399/2328/2516
f 2399/2328/2516 2393/2322/2513 2407/2336/2526
f 2399/2328/2516 2396/2325/2516 2393/2322/2513
f 2389/2314/2509 2390/2315/2510 2404/2333/2523
f 2409/2338/2528 2404/2333/2523 2390/2315/2510
f 2409/2338/2528 2402/2331/2521 2404/2333/2523
f 2410/2339/2529 2402/2331/2521 2409/2338/2528
f 2410/2339/2529 2400/2329/2519 2402/2331/2521
f 2400/2329/2519 2410/2339/2529 2411/2340/2530
f 2400/2329/2519 2411/2340/2530 2398/2327/2518
f 2412/2341/2531 2398/2327/2518 2411/2340/2530
f 2412/2341/2531 2397/2326/2517 2398/2327/2518
f 2412/2341/2531 2413/2342/2532 2397/2326/2517
f 2397/2326/2517 2413/2342/2532 2394/2323/2514
f 2413/2342/2532 2414/2343/2533 2394/2323/2514
f 2395/2324/2515 2394/2323/2514 2414/2343/2533
f 2395/2324/2515 2414/2343/2533 2415/2344/2534
f 2415/2344/2534 2414/2343/2533 2416/2345/2535
f 2415/2344/2534 2416/2345/2535 2417/2346/2536
f 2416/2345/2535 2418/2347/2537 2417/2346/2536
f 2416/2345/2535 2419/2348/2538 2418/2347/2537
f 2414/2343/2533 2420/2349/2539 2416/2345/2535
f 2421/2350/2540 2422/2351/2541 2420/2349/2539
f 2421/2350/2540 2420/2349/2539 2423/2352/2542
f 2414/2343/2533 2423/2352/2542 2420/2349/2539
f 2413/2342/2532 2423/2352/2542 2414/2343/2533
f 2424/2353/2543 2423/2352/2542 2413/2342/2532
f 2412/2341/2531 2424/2353/2543 2413/2342/2532
f 2425/2354/2544 2424/2353/2543 2412/2341/2531
f 2425/2354/2544 2412/2341/2531 2411/2340/2530
f 2425/2354/2544 2411/2340/2530 2426/2355/2545
f 2410/2339/2529 2426/2355/2545 2411/2340/2530
f 2410/2339/2529 2427/2356/2546 2426/2355/2545
f 2427/2356/2546 2410/2339/2529 2409/2338/2528
f 2427/2356/2546 2409/2338/2528 2428/2357/2547
f 2428/2357/2547 2409/2338/2528 2390/2315/2510
f 2428/2357/2547 2390/2315/2510 2429/2358/2548
f 2388/2313/2508 2429/2358/2548 2390/2315/2510
f 2388/2313/2508 2377/2296/2499 2429/2358/2548
f 2375/2294/2498 2377/2296/2499 2388/2313/2508
f 2430/2359/2549 2428/2357/2547 2431/2360/2550
f 2430/2359/2549 2427/2356/2546 2428/2357/2547
f 2427/2356/2546 2430/2359/2549 2432/2361/2551
f 2427/2356/2546 2432/2361/2551 2426/2355/2545
f 2426/2355/2545 2432/2361/2551 2433/2362/2552
f 2426/2355/2545 2433/2362/2552 2425/2354/2544
f 2425/2354/2544 2433/2362/2552 2434/2363/2552
f 2425/2354/2544 2434/2363/2552 2435/2364/2553
f 2425/2354/2544 2435/2364/2553 2424/2353/2543
f 2435/2364/2553 2421/2350/2540 2424/2353/2543
f 2424/2353/2543 2421/2350/2540 2423/2352/2542
f 2436/2365/2554 2437/2366/2555 2438/2367/2556
f 2436/2365/2554 2438/2367/2556 2439/2368/2557
f 2439/2368/2557 2438/2367/2556 2440/2369/2558
f 2440/2369/2558 2431/2360/2550 2439/2368/2557
f 2440/2369/2558 2430/2359/2549 2431/2360/2550
f 2430/2359/2549 2440/2369/2558 2441/2370/2559
f 2430/2359/2549 2441/2370/2559 2432/2361/2551
f 2432/2361/2551 2441/2370/2559 2442/2371/2560
f 2432/2361/2551 2442/2371/2560 2433/2362/2552
f 2433/2362/2552 2442/2371/2560 2443/2372/2561
f 2433/2362/2552 2443/2372/2561 2434/2363/2552
f 2440/2369/2558 2437/2366/2555 2441/2370/2559
f 2440/2369/2558 2438/2367/2556 2437/2366/2555
f 2444/2373/2562 2439/2368/2557 2431/2360/2550
f 2444/2373/2562 2445/2374/2563 2439/2368/2557
f 2445/2374/2563 2444/2373/2562 2446/2375/2564
f 2441/2370/2559 2354/2269/2479 2442/2371/2560
f 2441/2370/2559 2437/2366/2555 2354/2269/2479
f 2352/2267/2477 2354/2269/2479 2437/2366/2555
f 2436/2365/2554 2352/2267/2477 2437/2366/2555
f 2356/2271/2481 2352/2267/2477 2436/2365/2554
f 2358/2273/2483 2356/2271/2481 2436/2365/2554
f 2358/2273/2483 2436/2365/2554 2439/2368/2557
f 2372/2291/2495 2358/2273/2483 2439/2368/2557
f 2372/2291/2495 2439/2368/2557 2445/2374/2563
f 2372/2291/2495 2445/2374/2563 2373/2292/2496
f 2445/2374/2563 2446/2375/2564 2373/2292/2496
f 2374/2293/2497 2373/2292/2496 2446/2375/2564
f 2376/2295/588 2374/2293/2497 2446/2375/2564
f 2376/2295/588 2446/2375/2564 2377/2296/2499
f 2444/2373/2562 2377/2296/2499 2446/2375/2564
f 2444/2373/2562 2429/2358/2548 2377/2296/2499
f 2429/2358/2548 2444/2373/2562 2431/2360/2550
f 2429/2358/2548 2431/2360/2550 2428/2357/2547
f 2442/2371/2560 2447/2376/2565 2443/2372/2561
f 2442/2371/2560 2354/2269/2479 2447/2376/2565
f 2447/2376/2565 2354/2269/2479 2353/2268/2478
f 2448/2377/2566 2357/2272/2482 2359/2274/2484
f 2448/2377/2566 2449/2378/2567 2357/2272/2482
f 2357/2272/2482 2449/2378/2567 2355/2270/2480
f 2449/2378/2567 2450/2379/2568 2355/2270/2480
f 2355/2270/2480 2450/2379/2568 2353/2268/2478
f 2450/2379/2568 2451/2380/2569 2353/2268/2478
f 2447/2376/2565 2353/2268/2478 2451/2380/2569
f 2452/2381/2570 2447/2376/2565 2451/2380/2569
f 2443/2372/2561 2447/2376/2565 2452/2381/2570
f 2443/2372/2561 2452/2381/2570 2453/2382/2571
f 2434/2363/2552 2443/2372/2561 2453/2382/2571
f 2434/2363/2552 2453/2382/2571 2454/2383/2572
f 2455/2384/2573 2434/2363/2552 2454/2383/2572
f 2455/2384/2573 2435/2364/2553 2434/2363/2552
f 2455/2384/2573 2456/2385/2574 2435/2364/2553
f 2435/2364/2553 2456/2385/2574 2421/2350/2540
f 2456/2385/2574 2457/2386/2575 2421/2350/2540
f 2457/2386/2575 2422/2351/2541 2421/2350/2540
f 2458/2387/2576 2456/2385/2574 2455/2384/2573
f 2458/2387/2576 2457/2386/2575 2456/2385/2574
f 2420/2349/2539 2419/2348/2538 2416/2345/2535
f 2420/2349/2539 2459/2388/2577 2419/2348/2538
f 2420/2349/2539 2460/2389/2578 2459/2388/2577
f 2420/2349/2539 2422/2351/2541 2460/2389/2578
f 2461/2390/2579 2460/2389/2578 2422/2351/2541
f 2457/2386/2575 2461/2390/2579 2422/2351/2541
f 2462/2391/2580 2461/2390/2579 2457/2386/2575
f 2462/2391/2580 2457/2386/2575 2458/2387/2576
f 2463/2392/2581 2462/2391/2580 2458/2387/2576
f 2463/2392/2581 2458/2387/2576 2464/2393/2582
f 2464/2393/2582 2458/2387/2576 2455/2384/2573
f 2464/2393/2582 2455/2384/2573 2465/2394/2583
f 2466/2395/2584 2465/2394/2583 2455/2384/2573
f 2466/2395/2584 2455/2384/2573 2454/2383/2572
f 2454/2383/2572 2467/2396/2585 2466/2395/2584
f 2454/2383/2572 2453/2382/2571 2467/2396/2585
f 2453/2382/2571 2468/2397/2586 2467/2396/2585
f 2453/2382/2571 2452/2381/2570 2468/2397/2586
f 2469/2398/2587 2462/2391/2580 2463/2392/2581
f 2461/2390/2579 2462/2391/2580 2469/2398/2587
f 2461/2390/2579 2469/2398/2587 2460/2389/2578
f 2468/2397/2586 2452/2381/2570 2470/2399/2588
f 2452/2381/2570 2451/2380/2569 2470/2399/2588
f 2471/2400/2568 2470/2399/2588 2451/2380/2569
f 2450/2379/2568 2471/2400/2568 2451/2380/2569
f 2472/2401/2589 2471/2400/2568 2450/2379/2568
f 2449/2378/2567 2472/2401/2589 2450/2379/2568
f 2473/2402/2590 2472/2401/2589 2449/2378/2567
f 2448/2377/2566 2473/2402/2590 2449/2378/2567
f 2474/2403/2591 2473/2402/2590 2448/2377/2566
f 2475/2404/2592 2474/2403/2591 2448/2377/2566
f 2476/2405/2593 2474/2403/2591 2475/2404/2592
f 2351/2266/2476 2476/2405/2593 2475/2404/2592
f 2351/2266/2476 2475/2404/2592 2477/2406/2594
f 2351/2266/2476 2477/2406/2594 2350/2265/2475
f 2350/2265/2475 2477/2406/2594 2361/2276/2486
f 2477/2406/2594 2478/2407/2595 2361/2276/2486
f 2361/2276/2486 2478/2407/2595 2359/2274/2484
f 2448/2377/2566 2359/2274/2484 2478/2407/2595
f 2477/2406/2594 2475/2404/2592 2478/2407/2595
f 2475/2404/2592 2448/2377/2566 2478/2407/2595
f 2472/2401/2589 2479/2408/2596 2471/2400/2568
f 2476/2405/2593 2480/2409/2597 2474/2403/2591
f 2480/2409/2597 2481/2410/2591 2474/2403/2591
f 2474/2403/2591 2481/2410/2591 2473/2402/2590
f 2481/2410/2591 2482/2411/2598 2473/2402/2590
f 2482/2411/2598 2483/2412/2599 2484/2413/2600
f 2482/2411/2598 2485/2414/2601 2483/2412/2599
f 2481/2410/2591 2485/2414/2601 2482/2411/2598
f 2486/2415/2602 2485/2414/2601 2481/2410/2591
f 2480/2409/2597 2486/2415/2602 2481/2410/2591
f 2480/2409/2597 2487/2416/2603 2486/2415/2602
f 2480/2409/2597 2488/2417/2604 2487/2416/2603
f 2488/2417/2604 2480/2409/2597 2476/2405/2593
f 2488/2417/2604 2476/2405/2593 2489/2418/2605
f 2473/2402/2590 2482/2411/2598 2472/2401/2589
f 2472/2401/2589 2482/2411/2598 2484/2413/2600
f 2472/2401/2589 2484/2413/2600 2479/2408/2596
f 2490/2419/2606 2479/2408/2596 2484/2413/2600
f 2490/2419/2606 2491/2420/2607 2479/2408/2596
f 2492/2421/2608 2491/2420/2607 2490/2419/2606
f 2491/2420/2607 2492/2421/2608 2493/2422/2609
f 2492/2421/2608 2494/2423/2610 2493/2422/2609
f 2495/2424/2611 2493/2422/2609 2494/2423/2610
f 2494/2423/2610 2496/2425/2612 2495/2424/2611
f 2496/2425/2612 2494/2423/2610 2497/2426/2613
f 2497/2426/2613 2498/2427/2614 2496/2425/2612
f 2497/2426/2613 2499/2428/2615 2498/2427/2614
f 2500/2429/2616 2498/2427/2614 2499/2428/2615
f 2500/2429/2616 2499/2428/2615 2490/2419/2606
f 2500/2429/2616 2490/2419/2606 2501/2430/2617
f 2501/2430/2617 2490/2419/2606 2484/2413/2600
f 2501/2430/2617 2484/2413/2600 2483/2412/2599
f 2499/2428/2615 2492/2421/2608 2490/2419/2606
f 2499/2428/2615 2497/2426/2613 2492/2421/2608
f 2492/2421/2608 2497/2426/2613 2494/2423/2610
f 2500/2429/2616 2502/2431/2618 2503/2432/2619
f 2500/2429/2616 2501/2430/2617 2502/2431/2618
f 2502/2431/2618 2501/2430/2617 2483/2412/2599
f 2502/2431/2618 2483/2412/2599 2504/2433/2620
f 2485/2414/2601 2504/2433/2620 2483/2412/2599
f 2485/2414/2601 2486/2415/2602 2504/2433/2620
f 2487/2416/2603 2504/2433/2620 2486/2415/2602
f 2487/2416/2603 2505/2434/2621 2504/2433/2620
f 2505/2434/2621 2502/2431/2618 2504/2433/2620
f 2505/2434/2621 2506/2435/2622 2502/2431/2618
f 2503/2432/2619 2502/2431/2618 2506/2435/2622
f 2503/2432/2619 2506/2435/2622 2507/2436/2623
f 2503/2432/2619 2507/2436/2623 2508/2437/2624
f 2503/2432/2619 2508/2437/2624 2509/2438/2625
f 2500/2429/2616 2503/2432/2619 2509/2438/2625
f 2500/2429/2616 2509/2438/2625 2510/2439/2626
f 2500/2429/2616 2510/2439/2626 2498/2427/2614
f 2511/2440/2627 2418/2441/2537 2512/2442/2628
f 2511/2440/2627 2417/2443/2536 2418/2441/2537
f 2415/2444/2534 2417/2443/2536 2511/2440/2627
f 2513/2445/2629 2512/2442/2628 2514/2446/2630
f 2513/2445/2629 2511/2440/2627 2512/2442/2628
f 2515/2447/2631 2511/2440/2627 2513/2445/2629
f 2415/2444/2534 2511/2440/2627 2515/2447/2631
f 2395/2448/2515 2415/2444/2534 2515/2447/2631
f 2395/2448/2515 2515/2447/2631 2516/2449/2632
f 2393/2450/2513 2395/2448/2515 2516/2449/2632
f 2393/2450/2513 2516/2449/2632 2517/2451/2632
f 2518/2452/2633 2393/2450/2513 2517/2451/2632
f 2487/2453/2603 2518/2452/2633 2517/2451/2632
f 2487/2453/2603 2488/2454/2604 2518/2452/2633
f 2519/2455/2634 2518/2452/2633 2488/2454/2604
f 2519/2455/2634 2488/2454/2604 2489/2456/2605
f 2487/2453/2603 2516/2449/2632 2505/2457/2621
f 2487/2453/2603 2517/2451/2632 2516/2449/2632
f 2518/2452/2633 2407/2458/2526 2393/2450/2513
f 2407/2458/2526 2518/2452/2633 2519/2455/2634
f 2407/2458/2526 2519/2455/2634 2408/2459/2527
f 2520/2460/2635 2513/2445/2629 2521/2461/2636
f 2520/2460/2635 2522/2462/2637 2513/2445/2629
f 2515/2447/2631 2513/2445/2629 2522/2462/2637
f 2516/2449/2632 2515/2447/2631 2522/2462/2637
f 2516/2449/2632 2522/2462/2637 2520/2460/2635
f 2505/2457/2621 2516/2449/2632 2520/2460/2635
f 2505/2457/2621 2520/2460/2635 2506/2463/2622
f 2506/2463/2622 2520/2460/2635 2521/2461/2636
f 2506/2463/2622 2521/2461/2636 2507/2464/2623
f 2508/2465/2624 2507/2464/2623 2521/2461/2636
f 2508/2465/2624 2523/2466/2638 2509/2467/2625
f 2521/2461/2636 2513/2445/2629 2514/2446/2630
f 2521/2461/2636 2514/2446/2630 2524/2468/2639
f 2508/2465/2624 2521/2461/2636 2524/2468/2639
f 2508/2465/2624 2524/2468/2639 2525/2469/2640
f 2508/2465/2624 2525/2469/2640 2523/2466/2638
f 2525/2469/2640 2526/2470/2641 2523/2466/2638
f 2509/2467/2625 2523/2466/2638 2526/2470/2641
f 2509/2467/2625 2526/2470/2641 2510/2471/2626
f 2527/2472/2642 2510/2471/2626 2526/2470/2641
f 2527/2472/2642 2498/2473/2614 2510/2471/2626
f 2527/2472/2642 2496/2474/2612 2498/2473/2614
f 2527/2472/2642 2528/2475/2643 2496/2474/2612
f 2528/2475/2643 2527/2472/2642 2529/2476/2644
f 2528/2475/2643 2529/2476/2644 2530/2477/2645
f 2531/2478/2646 2530/2477/2645 2529/2476/2644
f 2531/2478/2646 2532/2479/2647 2530/2477/2645
f 2531/2478/2646 2533/2480/2648 2532/2479/2647
f 2531/2478/2646 2534/2481/2649 2533/2480/2648
f 2534/2481/2649 2535/2482/2650 2533/2480/2648
f 2534/2481/2649 2536/2483/2651 2535/2482/2650
f 2469/2484/2587 2535/2482/2650 2536/2483/2651
f 2469/2484/2587 2536/2483/2651 2460/2485/2578
f 2459/2486/2577 2460/2485/2578 2536/2483/2651
f 2459/2486/2577 2536/2483/2651 2537/2487/2652
f 2419/2488/2538 2459/2486/2577 2537/2487/2652
f 2419/2488/2538 2537/2487/2652 2538/2489/2653
f 2418/2441/2537 2419/2488/2538 2538/2489/2653
f 2418/2441/2537 2538/2489/2653 2539/2490/2654
f 2418/2441/2537 2539/2490/2654 2512/2442/2628
f 2512/2442/2628 2539/2490/2654 2540/2491/2655
f 2512/2442/2628 2540/2491/2655 2514/2446/2630
f 2524/2468/2639 2514/2446/2630 2540/2491/2655
f 2524/2468/2639 2540/2491/2655 2525/2469/2640
f 2525/2469/2640 2540/2491/2655 2541/2492/2656
f 2525/2469/2640 2541/2492/2656 2542/2493/2657
f 2541/2492/2656 2529/2476/2644 2542/2493/2657
f 2527/2472/2642 2542/2493/2657 2529/2476/2644
f 2527/2472/2642 2526/2470/2641 2542/2493/2657
f 2525/2469/2640 2542/2493/2657 2526/2470/2641
f 2539/2490/2654 2541/2492/2656 2540/2491/2655
f 2539/2490/2654 2543/2494/2658 2541/2492/2656
f 2541/2492/2656 2531/2478/2646 2529/2476/2644
f 2541/2492/2656 2534/2481/2649 2531/2478/2646
f 2541/2492/2656 2543/2494/2658 2534/2481/2649
f 2543/2494/2658 2536/2483/2651 2534/2481/2649
f 2543/2494/2658 2537/2487/2652 2536/2483/2651
f 2539/2490/2654 2537/2487/2652 2543/2494/2658
f 2539/2490/2654 2538/2489/2653 2537/2487/2652
f 394/2495/393 2544/2496/2659 2367/2497/2491
f 394/2495/393 375/2498/374 2544/2496/2659
f 375/2498/374 2392/2499/2512 2544/2496/2659
f 375/2498/374 377/2500/376 2392/2499/2512
f 2545/2501/2660 2546/2502/2661 2547/2503/2662
f 2545/2501/2660 2548/2504/2663 2546/2502/2661
f 2548/2504/2663 2549/2505/2664 2546/2502/2661
f 2546/2502/2661 2549/2505/2664 2550/2506/2665
f 2546/2502/2661 2550/2506/2665 2551/2507/2666
f 2552/2508/2667 2546/2502/2661 2551/2507/2666
f 2552/2508/2667 2547/2503/2662 2546/2502/2661
f 2469/2509/2587 2547/2503/2662 2552/2508/2667
f 2469/2509/2587 2463/2510/2581 2547/2503/2662
f 2464/2511/2582 2547/2503/2662 2463/2510/2581
f 2464/2511/2582 2545/2501/2660 2547/2503/2662
f 2465/2512/2583 2545/2501/2660 2464/2511/2582
f 2465/2512/2583 2466/2513/2584 2545/2501/2660
f 2466/2513/2584 2548/2504/2663 2545/2501/2660
f 2466/2513/2584 2467/2514/2585 2548/2504/2663
f 2467/2514/2585 2553/2515/2668 2548/2504/2663
f 2467/2514/2585 2468/2516/2586 2553/2515/2668
f 2553/2515/2668 2468/2516/2586 2554/2517/2669
f 2553/2515/2668 2554/2517/2669 2555/2518/2670
f 2556/2519/2671 2555/2518/2670 2554/2517/2669
f 2556/2519/2671 2557/2520/2672 2555/2518/2670
f 2558/2521/2673 2557/2520/2672 2556/2519/2671
f 2558/2521/2673 2559/2522/2674 2557/2520/2672
f 2559/2522/2674 2560/2523/2675 2557/2520/2672
f 2559/2522/2674 2495/2524/2611 2560/2523/2675
f 2560/2523/2675 2495/2524/2611 2496/2525/2612
f 2560/2523/2675 2496/2525/2612 2561/2526/2676
f 2560/2523/2675 2561/2526/2676 2562/2527/2677
f 2560/2523/2675 2562/2527/2677 2563/2528/2678
f 2550/2506/2665 2563/2528/2678 2562/2527/2677
f 2550/2506/2665 2549/2505/2664 2563/2528/2678
f 2549/2505/2664 2555/2518/2670 2563/2528/2678
f 2549/2505/2664 2553/2515/2668 2555/2518/2670
f 2548/2504/2663 2553/2515/2668 2549/2505/2664
f 2557/2520/2672 2563/2528/2678 2555/2518/2670
f 2557/2520/2672 2560/2523/2675 2563/2528/2678
f 2469/2509/2587 2564/2529/2679 2535/2530/2650
f 2533/2531/2648 2535/2530/2650 2564/2529/2679
f 2533/2531/2648 2564/2529/2679 2565/2532/2680
f 2532/2533/2647 2533/2531/2648 2565/2532/2680
f 2532/2533/2647 2565/2532/2680 2566/2534/2681
f 2532/2533/2647 2566/2534/2681 2567/2535/2682
f 2532/2533/2647 2567/2535/2682 2530/2536/2645
f 2568/2537/2683 2530/2536/2645 2567/2535/2682
f 2568/2537/2683 2528/2538/2643 2530/2536/2645
f 2568/2537/2683 2496/2525/2612 2528/2538/2643
f 2559/2539/2674 2558/2540/2673 2569/2541/2684
f 2569/2541/2684 2558/2540/2673 2556/2542/2671
f 2569/2541/2684 2556/2542/2671 2570/2543/2685
f 2570/2543/2685 2556/2542/2671 2554/2544/2669
f 2468/2397/2586 2470/2399/2588 2554/2544/2669
f 2570/2543/2685 2554/2544/2669 2470/2399/2588
f 2471/2400/2568 2570/2543/2685 2470/2399/2588
f 2569/2541/2684 2570/2543/2685 2471/2400/2568
f 2569/2541/2684 2471/2400/2568 2479/2408/2596
f 2569/2541/2684 2479/2408/2596 2491/2420/2607
f 2491/2420/2607 2493/2422/2609 2569/2541/2684
f 2559/2539/2674 2569/2541/2684 2493/2422/2609
f 2495/2424/2611 2559/2539/2674 2493/2422/2609
f 2552/2508/2686 2564/2529/2686 2469/2509/2687
f 2552/2508/2686 2565/2532/2688 2564/2529/2686
f 2552/2508/2686 2551/2507/2688 2565/2532/2688
f 2551/2507/2688 2566/2534/2689 2565/2532/2688
f 2551/2507/2688 2550/2506/2690 2566/2534/2689
f 2550/2506/2690 2567/2535/2691 2566/2534/2689
f 2550/2506/2690 2562/2527/2691 2567/2535/2691
f 2561/2526/2692 2567/2535/2691 2562/2527/2691
f 2561/2526/2692 2568/2537/2693 2567/2535/2691
f 2561/2526/2692 2496/2525/2694 2568/2537/2693
f 2571/2545/2695 2572/2546/2696 2573/2547/2697
f 2574/2548/2698 2572/2546/2696 2571/2545/2695
f 2574/2548/2698 2575/2549/2696 2572/2546/2696
f 2576/2550/2697 2575/2549/2696 2574/2548/2698
f 2576/2550/2697 2574/2548/2698 2577/2551/2699
f 2578/2552/2700 2576/2550/2697 2577/2551/2699
f 2578/2552/2700 2577/2551/2699 2579/2553/2701
f 2580/2554/2702 2578/2552/2700 2579/2553/2701
f 2580/2554/2702 2579/2553/2701 2581/2555/2703
f 2582/2556/2704 2580/2554/2702 2581/2555/2703
f 2582/2556/2704 2581/2555/2703 2583/2557/2705
f 2584/2558/2702 2582/2556/2704 2583/2557/2705
f 2584/2558/2702 2583/2557/2705 2585/2559/2705
f 2586/2560/2705 2584/2558/2702 2585/2559/2705
f 2586/2560/2705 2587/2561/2706 2584/2558/2702
f 522/2562/455 521/2563/510 2587/2561/2706
f 522/2562/455 2587/2561/2706 2586/2560/2705
f 523/2564/511 522/2562/455 2586/2560/2705
f 523/2564/511 2586/2560/2705 2588/2565/2707
f 2588/2565/2707 2586/2560/2705 2585/2559/2705
f 2588/2565/2707 2585/2559/2705 2589/2566/2708
f 2589/2566/2708 2585/2559/2705 2583/2557/2705
f 2589/2566/2708 2583/2557/2705 2590/2567/2707
f 2590/2567/2707 2583/2557/2705 2581/2555/2703
f 2590/2567/2707 2581/2555/2703 2591/2568/2707
f 2591/2568/2707 2581/2555/2703 2579/2553/2701
f 2591/2568/2707 2579/2553/2701 2592/2569/2709
f 2592/2569/2709 2579/2553/2701 2577/2551/2699
f 2592/2569/2709 2577/2551/2699 2593/2570/2710
f 2577/2551/2699 2594/2571/2711 2593/2570/2710
f 2577/2551/2699 2574/2548/2698 2594/2571/2711
f 2595/2572/2712 2594/2571/2711 2574/2548/2698
f 2595/2572/2712 2574/2548/2698 2571/2545/2695
f 2596/2573/2711 2595/2572/2712 2571/2545/2695
f 2596/2573/2711 2571/2545/2695 2597/2574/2695
f 2571/2545/2695 2573/2547/2697 2597/2574/2695
f 2573/2547/2697 2598/2575/2713 2597/2574/2695
f 2573/2547/2697 2599/2576/2714 2598/2575/2713
f 2599/2576/2714 2600/2577/2715 2598/2575/2713
f 2598/2575/2713 2600/2577/2715 2601/2578/2716
f 2600/2577/2715 2602/2579/2717 2601/2578/2716
f 2603/2580/2718 2601/2578/2716 2602/2579/2717
f 2603/2580/2718 2602/2579/2717 2604/2581/2719
f 2605/2582/2720 2603/2580/2718 2604/2581/2719
f 2605/2582/2720 2604/2581/2719 2606/2583/2721
f 2605/2582/2720 2606/2583/2721 2607/2584/2722
f 2606/2583/2721 2608/2585/2723 2607/2584/2722
f 2609/2586/2724 2607/2584/2722 2608/2585/2723
f 2609/2586/2724 2608/2585/2723 2610/2587/2725
f 2611/2588/2726 2610/2587/2725 2608/2585/2723
f 2611/2588/2726 2612/2589/2727 2610/2587/2725
f 2605/2582/2720 2607/2584/2722 2609/2586/2724
f 2600/2577/2715 2613/2590/2728 2602/2579/2717
f 2600/2577/2715 2614/2591/2729 2613/2590/2728
f 2600/2577/2715 2615/2592/2730 2614/2591/2729
f 2599/2576/2714 2615/2592/2730 2600/2577/2715
f 2616/2593/2731 2601/2578/2716 2603/2580/2718
f 2616/2593/2731 2617/2594/2732 2601/2578/2716
f 2605/2582/2720 2618/2595/2733 2603/2580/2718
f 2619/2596/2734 2603/2580/2718 2618/2595/2733
f 2619/2596/2734 2616/2593/2731 2603/2580/2718
f 2596/2573/2711 2616/2593/2731 2619/2596/2734
f 2596/2573/2711 2597/2574/2695 2616/2593/2731
f 2597/2574/2695 2617/2594/2732 2616/2593/2731
f 2597/2574/2695 2598/2575/2713 2617/2594/2732
f 2598/2575/2713 2601/2578/2716 2617/2594/2732
f 2614/2591/2729 2620/2597/2735 2613/2590/2728
f 2613/2590/2728 2620/2597/2735 2621/2598/2736
f 2613/2590/2728 2621/2598/2736 2602/2579/2717
f 2604/2581/2719 2602/2579/2717 2621/2598/2736
f 2604/2581/2719 2621/2598/2736 2606/2583/2721
f 2606/2583/2721 2621/2598/2736 2622/2599/2737
f 2606/2583/2721 2622/2599/2737 2623/2600/2738
f 2622/2599/2737 2624/2601/2739 2623/2600/2738
f 2611/2588/2726 2623/2600/2738 2624/2601/2739
f 2611/2588/2726 2608/2585/2723 2623/2600/2738
f 2606/2583/2721 2623/2600/2738 2608/2585/2723
f 2622/2599/2737 2625/2602/2740 2624/2601/2739
f 2622/2599/2737 2626/2603/2741 2625/2602/2740
f 2622/2599/2737 2627/2604/2742 2626/2603/2741
f 2627/2604/2742 2628/2605/2743 2626/2603/2741
f 2627/2604/2742 2629/2606/379 2628/2605/2743
f 2630/2607/2744 2629/2606/379 2627/2604/2742
f 2630/2607/2744 2627/2604/2742 2620/2597/2735
f 2620/2597/2735 2627/2604/2742 2622/2599/2737
f 2620/2597/2735 2622/2599/2737 2621/2598/2736
f 2611/2588/2726 2631/2608/2745 2612/2589/2727
f 2611/2588/2726 2632/2609/2746 2631/2608/2745
f 2632/2609/2746 2611/2588/2726 2624/2601/2739
f 2632/2609/2746 2624/2601/2739 2633/2610/2747
f 2625/2602/2740 2633/2610/2747 2624/2601/2739
f 2625/2602/2740 2634/2611/2748 2633/2610/2747
f 2625/2602/2740 2635/2612/2749 2634/2611/2748
f 2625/2602/2740 2626/2603/2741 2635/2612/2749
f 2626/2603/2741 2636/2613/2750 2635/2612/2749
f 2626/2603/2741 2628/2605/2743 2636/2613/2750
f 2637/2614/2751 2636/2613/2750 2628/2605/2743
f 2637/2614/2751 2628/2605/2743 2638/2615/2752
f 2639/2616/2753 2638/2615/2752 2628/2605/2743
f 2639/2616/2753 2628/2605/2743 2629/2606/379
f 2640/2617/2754 2639/2616/2753 2629/2606/379
f 2640/2617/2754 2629/2606/379 2630/2607/2744
f 2614/2591/2729 2640/2617/2754 2630/2607/2744
f 2614/2591/2729 2630/2607/2744 2620/2597/2735
f 2641/2618/2755 2642/2619/2756 2643/2620/2757
f 2644/2621/2758 2642/2619/2756 2641/2618/2755
f 2644/2621/2758 2645/2622/472 2642/2619/2756
f 2646/2623/2759 2647/2624/2760 2648/2625/2761
f 2649/2626/2759 2646/2623/2759 2648/2625/2761
f 2650/2627/472 2646/2623/2759 2649/2626/2759
f 2645/2622/472 2650/2627/472 2649/2626/2759
f 2645/2622/472 2649/2626/2759 2642/2619/2756
f 2642/2619/2756 2649/2626/2759 2651/2628/2762
f 2642/2619/2756 2651/2628/2762 2643/2620/2757
f 2651/2628/2762 2652/2629/2763 2643/2620/2757
f 2653/2630/2764 2643/2620/2757 2652/2629/2763
f 2641/2618/2755 2643/2620/2757 2653/2630/2764
f 2654/2631/471 2641/2618/2755 2653/2630/2764
f 2644/2621/2758 2641/2618/2755 2654/2631/471
f 2644/2621/2758 2654/2631/471 2655/2632/2758
f 2649/2626/2759 2648/2625/2761 2651/2628/2762
f 2651/2628/2762 2656/2633/2765 2652/2629/2763
f 2651/2628/2762 2657/2634/2766 2656/2633/2765
f 2651/2628/2762 2648/2625/2761 2657/2634/2766
f 2648/2625/2761 2658/2635/2767 2657/2634/2766
f 2648/2625/2761 2647/2624/2760 2658/2635/2767
f 2658/2635/2767 2647/2624/2760 2659/2636/2768
f 2658/2635/2767 2659/2636/2768 2660/2637/2769
f 2661/2638/2770 2660/2637/2769 2659/2636/2768
f 2661/2638/2770 2662/2639/2771 2660/2637/2769
f 2663/2640/2772 2662/2639/2771 2661/2638/2770
f 2664/2641/2773 2663/2640/2772 2661/2638/2770
f 2664/2641/2773 2665/2642/2774 2663/2640/2772
f 2663/2640/2772 2665/2642/2774 2666/2643/2775
f 2663/2640/2772 2666/2643/2775 2667/2644/2776
f 2662/2639/2771 2663/2640/2772 2667/2644/2776
f 2662/2639/2771 2667/2644/2776 2668/2645/2777
f 2668/2645/2777 2660/2637/2769 2662/2639/2771
f 2668/2645/2777 2669/2646/2778 2660/2637/2769
f 2658/2635/2767 2660/2637/2769 2669/2646/2778
f 2658/2635/2767 2669/2646/2778 2670/2647/2778
f 2657/2634/2766 2658/2635/2767 2670/2647/2778
f 2657/2634/2766 2670/2647/2778 2671/2648/2779
f 2656/2633/2765 2657/2634/2766 2671/2648/2779
f 2656/2633/2765 2671/2648/2779 2672/2649/2780
f 2656/2633/2765 2672/2649/2780 2673/2650/2781
f 2673/2650/2781 2672/2649/2780 2674/2651/2782
f 2673/2650/2781 2674/2651/2782 2675/2652/2783
f 2674/2651/2782 2676/2653/2784 2675/2652/2783
f 2675/2652/2783 2676/2653/2784 2677/2654/2785
f 2677/2654/2785 2676/2653/2784 2678/2655/2786
f 2677/2654/2785 2678/2655/2786 2679/2656/2787
f 2672/2649/2780 2680/2657/2782 2674/2651/2782
f 2672/2649/2780 2671/2648/2779 2680/2657/2782
f 2671/2648/2779 2681/2658/2788 2680/2657/2782
f 2671/2648/2779 2670/2647/2778 2681/2658/2788
f 2670/2647/2778 2682/2659/2788 2681/2658/2788
f 2670/2647/2778 2669/2646/2778 2682/2659/2788
f 2669/2646/2778 2683/2660/2789 2682/2659/2788
f 2669/2646/2778 2684/2661/2790 2683/2660/2789
f 2668/2645/2777 2684/2661/2790 2669/2646/2778
f 2674/2651/2782 2678/2655/2786 2676/2653/2784
f 2674/2651/2782 2680/2657/2782 2678/2655/2786
f 2680/2657/2782 2685/2662/2783 2678/2655/2786
f 2680/2657/2782 2681/2658/2788 2685/2662/2783
f 2686/2663/2783 2685/2662/2783 2681/2658/2788
f 2686/2663/2783 2681/2658/2788 2682/2659/2788
f 2687/2664/446 2686/2663/2783 2682/2659/2788
f 2687/2664/446 2682/2659/2788 2683/2660/2789
f 2688/2665/2791 2687/2664/446 2683/2660/2789
f 2688/2665/2791 2683/2660/2789 2689/2666/2792
f 2684/2661/2790 2689/2666/2792 2683/2660/2789
f 2684/2661/2790 2690/2667/544 2689/2666/2792
f 2668/2645/2777 2690/2667/544 2684/2661/2790
f 2668/2645/2777 2691/2668/2793 2690/2667/544
f 2692/2669/2794 2691/2668/2793 2668/2645/2777
f 2692/2669/2794 2668/2645/2777 2667/2644/2776
f 2693/2670/2795 2692/2669/2794 2667/2644/2776
f 2693/2670/2795 2667/2644/2776 2666/2643/2775
f 2694/2671/2796 2688/2665/2791 2695/2672/2797
f 2694/2671/2796 2687/2664/446 2688/2665/2791
f 2696/2673/2798 2687/2664/446 2694/2671/2796
f 2696/2673/2798 2686/2663/2783 2687/2664/446
f 2697/2674/2799 2686/2663/2783 2696/2673/2798
f 2697/2674/2799 2685/2662/2783 2686/2663/2783
f 2679/2656/2787 2685/2662/2783 2697/2674/2799
f 2679/2656/2787 2678/2655/2786 2685/2662/2783
f 2698/2675/2800 507/2676/498 2699/2677/2801
f 2700/2678/291 2698/2675/2800 2699/2677/2801
f 2701/2679/2802 2698/2675/2800 2700/2678/291
f 2701/2679/2802 2700/2678/291 2702/2680/2803
f 2701/2679/2802 2702/2680/2803 2703/2681/2804
f 2704/2682/2805 2703/2681/2804 2702/2680/2803
f 2704/2682/2805 2705/2683/2806 2703/2681/2804
f 2705/2683/2806 2704/2682/2805 2675/2652/2783
f 2705/2683/2806 2675/2652/2783 2706/2684/2807
f 2677/2654/2785 2706/2684/2807 2675/2652/2783
f 2677/2654/2785 2707/2685/2808 2706/2684/2807
f 2707/2685/2808 2677/2654/2785 2679/2656/2787
f 2707/2685/2808 2679/2656/2787 2708/2686/2809
f 2708/2686/2809 2679/2656/2787 2697/2674/2799
f 2708/2686/2809 2697/2674/2799 2709/2687/2810
f 2709/2687/2810 2697/2674/2799 2696/2673/2798
f 2709/2687/2810 2696/2673/2798 2710/2688/2811
f 2710/2688/2811 2696/2673/2798 2694/2671/2796
f 2698/2675/2800 504/2689/493 507/2676/498
f 2711/2690/2812 504/2689/493 2698/2675/2800
f 2701/2679/2802 2711/2690/2812 2698/2675/2800
f 2712/2691/2813 2711/2690/2812 2701/2679/2802
f 2712/2691/2813 2701/2679/2802 2703/2681/2804
f 2712/2691/2813 2703/2681/2804 2713/2692/452
f 2705/2683/2806 2713/2692/452 2703/2681/2804
f 2705/2683/2806 2714/2693/2814 2713/2692/452
f 2714/2693/2814 2705/2683/2806 2706/2684/2807
f 2714/2693/2814 2706/2684/2807 2715/2694/2815
f 2707/2685/2808 2715/2694/2815 2706/2684/2807
f 2707/2685/2808 2716/2695/2816 2715/2694/2815
f 2716/2695/2816 2707/2685/2808 2708/2686/2809
f 2716/2695/2816 2708/2686/2809 2717/2696/491
f 2717/2696/491 2708/2686/2809 2709/2687/2810
f 2717/2696/491 2709/2687/2810 2718/2697/2817
f 2718/2697/2817 2709/2687/2810 2710/2688/2811
f 2718/2697/2817 2710/2688/2811 2719/2698/2818
f 2718/2697/2817 2719/2698/2818 2720/2699/2819
f 2719/2698/2818 2721/2700/2820 2720/2699/2819
f 2712/2691/2813 2722/2701/2821 2711/2690/2812
f 2718/2697/2817 2720/2699/2819 2723/2702/2822
f 2718/2697/2817 2723/2702/2822 2724/2703/2823
f 2718/2697/2817 2724/2703/2823 2717/2696/491
f 2725/2704/2824 2717/2696/491 2724/2703/2823
f 2725/2704/2824 2716/2695/2816 2717/2696/491
f 2716/2695/2816 2725/2704/2824 2726/2705/2825
f 2716/2695/2816 2726/2705/2825 2715/2694/2815
f 2715/2694/2815 2726/2705/2825 2727/2706/2826
f 2715/2694/2815 2727/2706/2826 2714/2693/2814
f 2728/2707/2827 2714/2693/2814 2727/2706/2826
f 2728/2707/2827 2713/2692/452 2714/2693/2814
f 2729/2708/453 2713/2692/452 2728/2707/2827
f 2729/2708/453 2712/2691/2813 2713/2692/452
f 2730/2709/2828 2712/2691/2813 2729/2708/453
f 2730/2709/2828 2722/2701/2821 2712/2691/2813
f 501/2710/493 2722/2701/2821 2730/2709/2828
f 501/2710/493 502/2711/494 2722/2701/2821
f 2722/2701/2821 502/2711/494 503/2712/495
f 2722/2701/2821 503/2712/495 2711/2690/2812
f 2711/2690/2812 503/2712/495 504/2689/493
f 2723/2702/2822 2731/2713/2829 2724/2703/2823
f 2732/2714/2830 2724/2703/2823 2731/2713/2829
f 2732/2714/2830 2725/2704/2824 2724/2703/2823
f 2725/2704/2824 2732/2714/2830 2733/2715/2830
f 2725/2704/2824 2733/2715/2830 2726/2705/2825
f 2726/2705/2825 2733/2715/2830 2734/2716/331
f 2726/2705/2825 2734/2716/331 2727/2706/2826
f 2735/2717/420 2727/2706/2826 2734/2716/331
f 2735/2717/420 2728/2707/2827 2727/2706/2826
f 2736/2718/420 2728/2707/2827 2735/2717/420
f 2736/2718/420 2729/2708/453 2728/2707/2827
f 2737/2719/420 2729/2708/453 2736/2718/420
f 2737/2719/420 2730/2709/2828 2729/2708/453
f 2737/2719/420 501/2710/493 2730/2709/2828
f 2737/2719/420 535/2720/495 501/2710/493
f 2738/2721/2831 2732/2714/2830 2731/2713/2829
f 2732/2714/2830 2738/2721/2831 2739/2722/2832
f 2732/2714/2830 2739/2722/2832 2733/2715/2830
f 2733/2715/2830 2739/2722/2832 2740/2723/2832
f 2733/2715/2830 2740/2723/2832 2734/2716/331
f 2740/2723/2832 2735/2717/420 2734/2716/331
f 2740/2723/2832 2741/2724/2832 2735/2717/420
f 2741/2724/2832 2736/2718/420 2735/2717/420
f 2741/2724/2832 2742/2725/2833 2736/2718/420
f 2743/2726/2834 2736/2718/420 2742/2725/2833
f 2743/2726/2834 2737/2719/420 2736/2718/420
f 2723/2702/2822 2720/2699/2819 2744/2727/2835
f 2723/2702/2822 2744/2727/2835 2745/2728/2836
f 2723/2702/2822 2745/2728/2836 2731/2713/2829
f 2745/2728/2836 2746/2729/2832 2731/2713/2829
f 2738/2721/2831 2731/2713/2829 2746/2729/2832
f 2575/2730/2696 2738/2721/2831 2746/2729/2832
f 2738/2721/2831 2575/2730/2696 2576/2731/2697
f 2738/2721/2831 2576/2731/2697 2739/2722/2832
f 2739/2722/2832 2576/2731/2697 2578/2732/2700
f 2739/2722/2832 2578/2732/2700 2740/2723/2832
f 2578/2732/2700 2580/2733/2702 2740/2723/2832
f 2741/2724/2832 2740/2723/2832 2580/2733/2702
f 2741/2724/2832 2580/2733/2702 2582/2734/2704
f 2742/2725/2833 2741/2724/2832 2582/2734/2704
f 2742/2725/2833 2582/2734/2704 2584/2735/2702
f 2584/2735/2702 2743/2726/2834 2742/2725/2833
f 2584/2735/2702 2587/2736/2706 2743/2726/2834
f 521/2737/510 2743/2726/2834 2587/2736/2706
f 521/2737/510 536/2738/495 2743/2726/2834
f 536/2738/495 2737/2719/420 2743/2726/2834
f 536/2738/495 535/2739/495 2737/2719/420
f 2745/2728/2836 2747/2740/2837 2746/2729/2832
f 2745/2728/2836 2744/2727/2835 2747/2740/2837
f 2744/2727/2835 2748/2741/2838 2747/2740/2837
f 2744/2727/2835 2749/2742/2839 2748/2741/2838
f 2748/2741/2838 2749/2742/2839 2750/2743/2840
f 2575/2730/2696 2746/2729/2832 2572/2744/2696
f 2572/2744/2696 2746/2729/2832 2747/2740/2837
f 2572/2744/2696 2747/2740/2837 2573/2745/2697
f 2747/2740/2837 2599/2746/2714 2573/2745/2697
f 2747/2740/2837 2748/2741/2838 2599/2746/2714
f 2599/2746/2714 2748/2741/2838 2751/2747/2841
f 2748/2741/2838 2750/2743/2840 2751/2747/2841
f 2750/2743/2840 2640/2748/2754 2751/2747/2841
f 2750/2743/2840 2639/2749/2753 2640/2748/2754
f 2750/2743/2840 2638/2750/2752 2639/2749/2753
f 2599/2746/2714 2751/2747/2841 2615/2751/2730
f 2751/2747/2841 2614/2752/2729 2615/2751/2730
f 2751/2747/2841 2640/2748/2754 2614/2752/2729
f 2710/2688/2811 2694/2671/2796 2752/2753/2842
f 2752/2753/2842 2694/2671/2796 2695/2672/2797
f 2752/2753/2842 2695/2672/2797 2753/2754/2843
f 2753/2754/2843 2754/2755/2844 2752/2753/2842
f 2753/2754/2843 2755/2756/2845 2754/2755/2844
f 2756/2757/2846 2754/2755/2844 2755/2756/2845
f 2756/2757/2846 2757/2758/2847 2754/2755/2844
f 2758/2759/2848 2757/2758/2847 2756/2757/2846
f 2758/2759/2848 2759/2760/2849 2757/2758/2847
f 2637/2761/2751 2759/2760/2849 2758/2759/2848
f 2760/2762/2850 2759/2760/2849 2637/2761/2751
f 2760/2762/2850 2637/2761/2751 2638/2750/2752
f 2760/2762/2850 2638/2750/2752 2761/2763/2851
f 2750/2743/2840 2761/2763/2851 2638/2750/2752
f 2721/2700/2820 2761/2763/2851 2750/2743/2840
f 2721/2700/2820 2750/2743/2840 2749/2742/2839
f 2720/2699/2819 2721/2700/2820 2749/2742/2839
f 2720/2699/2819 2749/2742/2839 2744/2727/2835
f 2754/2755/2844 2710/2688/2811 2752/2753/2842
f 2754/2755/2844 2719/2698/2818 2710/2688/2811
f 2754/2755/2844 2762/2764/2852 2719/2698/2818
f 2719/2698/2818 2762/2764/2852 2721/2700/2820
f 2762/2764/2852 2763/2765/2853 2721/2700/2820
f 2763/2765/2853 2761/2763/2851 2721/2700/2820
f 2763/2765/2853 2760/2762/2850 2761/2763/2851
f 2759/2760/2849 2760/2762/2850 2763/2765/2853
f 2759/2760/2849 2763/2765/2853 2757/2758/2847
f 2757/2758/2847 2763/2765/2853 2762/2764/2852
f 2757/2758/2847 2762/2764/2852 2754/2755/2844
f 2764/2766/2854 2765/2767/2855 2766/2768/2856
f 2764/2766/2854 2767/2769/545 2765/2767/2855
f 2767/2769/545 2768/2770/2857 2765/2767/2855
f 2767/2769/545 2769/2771/2858 2768/2770/2857
f 2768/2770/2857 2769/2771/2858 2770/2772/2859
f 2768/2770/2857 2770/2772/2859 2771/2773/509
f 2772/2774/2860 2771/2773/509 2770/2772/2859
f 2772/2774/2860 2773/2775/307 2771/2773/509
f 2773/2775/307 2774/2776/2861 2771/2773/509
f 2773/2775/307 2775/2777/2862 2774/2776/2861
f 2776/2778/2863 2771/2773/509 2774/2776/2861
f 2776/2778/2863 2768/2770/2857 2771/2773/509
f 2765/2767/2855 2768/2770/2857 2776/2778/2863
f 2765/2767/2855 2776/2778/2863 2777/2779/2864
f 2766/2768/2856 2765/2767/2855 2777/2779/2864
f 2766/2768/2856 2777/2779/2864 2778/2780/2865
f 2637/2781/2751 2766/2768/2856 2778/2780/2865
f 2637/2781/2751 2758/2782/2848 2766/2768/2856
f 2756/2783/2846 2766/2768/2856 2758/2782/2848
f 2756/2783/2846 2764/2766/2854 2766/2768/2856
f 2755/2784/2845 2764/2766/2854 2756/2783/2846
f 2755/2784/2845 2753/2785/2843 2764/2766/2854
f 2753/2785/2843 2767/2769/545 2764/2766/2854
f 2753/2785/2843 2695/2786/2797 2767/2769/545
f 2695/2786/2797 2769/2771/2858 2767/2769/545
f 2695/2786/2797 2688/2787/2791 2769/2771/2858
f 2769/2771/2858 2688/2787/2791 2689/2788/2792
f 2769/2771/2858 2689/2788/2792 2770/2772/2859
f 2690/2789/544 2770/2772/2859 2689/2788/2792
f 2690/2789/544 2772/2774/2860 2770/2772/2859
f 2691/2790/2793 2772/2774/2860 2690/2789/544
f 2691/2790/2793 2692/2791/2794 2772/2774/2860
f 2692/2791/2794 2773/2775/307 2772/2774/2860
f 2692/2791/2794 2693/2792/2795 2773/2775/307
f 2773/2775/307 2693/2792/2795 2631/2793/2745
f 2773/2775/307 2631/2793/2745 2775/2777/2862
f 2779/2794/2866 2631/2793/2745 2632/2795/2746
f 2637/2781/2751 2780/2796/2867 2636/2797/2750
f 2635/2798/2749 2636/2797/2750 2780/2796/2867
f 2635/2798/2749 2780/2796/2867 2781/2799/2868
f 2634/2800/2748 2635/2798/2749 2781/2799/2868
f 2634/2800/2748 2781/2799/2868 2782/2801/2869
f 2634/2800/2748 2782/2801/2869 2783/2802/2870
f 2634/2800/2748 2783/2802/2870 2633/2803/2747
f 2779/2794/2866 2633/2803/2747 2783/2802/2870
f 2779/2794/2866 2632/2795/2746 2633/2803/2747
f 2784/2804/2871 2785/2805/2872 2786/2806/2873
f 2787/2807/2874 2786/2806/2873 2785/2805/2872
f 2787/2807/2874 2785/2805/2872 2788/2808/558
f 2785/2805/2872 2789/2809/2875 2788/2808/558
f 2700/2678/291 2788/2808/558 2702/2680/2803
f 2789/2809/2875 2702/2680/2803 2788/2808/558
f 2789/2809/2875 2704/2682/2805 2702/2680/2803
f 2789/2809/2875 2675/2652/2783 2704/2682/2805
f 2789/2809/2875 2673/2650/2781 2675/2652/2783
f 2790/2810/2876 2673/2650/2781 2789/2809/2875
f 2785/2805/2872 2790/2810/2876 2789/2809/2875
f 2790/2810/2876 2785/2805/2872 2791/2811/2877
f 2784/2804/2871 2791/2811/2877 2785/2805/2872
f 2792/2812/471 2791/2811/2877 2784/2804/2871
f 2656/2633/2765 2673/2650/2781 2652/2629/2763
f 2790/2810/2876 2652/2629/2763 2673/2650/2781
f 2653/2630/2764 2652/2629/2763 2790/2810/2876
f 2790/2810/2876 2791/2811/2877 2653/2630/2764
f 2654/2631/471 2653/2630/2764 2791/2811/2877
f 2792/2812/471 2654/2631/471 2791/2811/2877
f 2792/2812/471 2655/2632/2758 2654/2631/471
f 2792/2812/471 2793/2813/2758 2655/2632/2758
f 2792/2812/471 2794/2814/2758 2793/2813/2758
f 2792/2812/471 2795/2815/471 2794/2814/2758
f 2784/2804/2871 2795/2815/471 2792/2812/471
f 2784/2804/2871 2796/2816/2878 2795/2815/471
f 2786/2806/2873 2796/2816/2878 2784/2804/2871
f 2786/2806/2873 2797/2817/2879 2796/2816/2878
f 2699/2677/2801 2797/2817/2879 2786/2806/2873
f 2699/2677/2801 2786/2806/2873 2787/2807/2874
f 2700/2678/291 2699/2677/2801 2787/2807/2874
f 2700/2678/291 2787/2807/2874 2788/2808/558
f 2592/2818/2709 2645/2622/472 2644/2621/2758
f 2644/2621/2758 2591/2819/2707 2592/2818/2709
f 2655/2632/2758 2591/2819/2707 2644/2621/2758
f 2655/2632/2758 2590/2820/2707 2591/2819/2707
f 2590/2820/2707 2655/2632/2758 2793/2813/2758
f 2590/2820/2707 2793/2813/2758 2589/2821/2708
f 2794/2814/2758 2589/2821/2708 2793/2813/2758
f 2794/2814/2758 2588/2822/2707 2589/2821/2708
f 2794/2814/2758 523/2823/511 2588/2822/2707
f 2794/2814/2758 514/2824/503 523/2823/511
f 2795/2815/471 514/2824/503 2794/2814/2758
f 2795/2815/471 512/2825/501 514/2824/503
f 2796/2816/2878 512/2825/501 2795/2815/471
f 2796/2816/2878 509/2826/437 512/2825/501
f 2797/2817/2879 509/2826/437 2796/2816/2878
f 2797/2817/2879 508/2827/437 509/2826/437
f 507/2676/498 508/2827/437 2797/2817/2879
f 507/2676/498 2797/2817/2879 2699/2677/2801
f 2666/2643/2775 2631/2828/2745 2693/2670/2795
f 2631/2828/2745 2666/2643/2775 2665/2642/2774
f 2665/2642/2774 2612/2829/2727 2631/2828/2745
f 2665/2642/2774 2664/2641/2773 2612/2829/2727
f 2798/2830/2880 2612/2829/2727 2664/2641/2773
f 2798/2830/2880 2664/2641/2773 2661/2638/2770
f 2798/2830/2880 2661/2638/2770 2799/2831/2881
f 2799/2831/2881 2661/2638/2770 2659/2636/2768
f 2799/2831/2881 2659/2636/2768 2800/2832/2882
f 2647/2624/2760 2800/2832/2882 2659/2636/2768
f 2647/2624/2760 2801/2833/2756 2800/2832/2882
f 2646/2623/2759 2801/2833/2756 2647/2624/2760
f 2802/2834/472 2801/2833/2756 2646/2623/2759
f 2650/2627/472 2802/2834/472 2646/2623/2759
f 2802/2834/472 2650/2627/472 2594/2835/2711
f 2593/2836/2710 2594/2835/2711 2650/2627/472
f 2593/2836/2710 2650/2627/472 2645/2622/472
f 2592/2818/2709 2593/2836/2710 2645/2622/472
f 2803/2837/2883 2799/2831/2881 2800/2832/2882
f 2798/2830/2880 2610/2838/2725 2612/2829/2727
f 2798/2830/2880 2609/2839/2724 2610/2838/2725
f 2798/2830/2880 2799/2831/2881 2803/2837/2883
f 2798/2830/2880 2803/2837/2883 2804/2840/2884
f 2798/2830/2880 2804/2840/2884 2609/2839/2724
f 2804/2840/2884 2605/2841/2720 2609/2839/2724
f 2804/2840/2884 2618/2842/2733 2605/2841/2720
f 2804/2840/2884 2619/2843/2734 2618/2842/2733
f 2804/2840/2884 2803/2837/2883 2619/2843/2734
f 2805/2844/2885 2619/2843/2734 2803/2837/2883
f 2803/2837/2883 2800/2832/2882 2805/2844/2885
f 2801/2833/2756 2805/2844/2885 2800/2832/2882
f 2801/2833/2756 2802/2834/472 2805/2844/2885
f 2595/2845/2712 2805/2844/2885 2802/2834/472
f 2802/2834/472 2594/2835/2711 2595/2845/2712
f 2805/2844/2885 2596/2846/2711 2619/2843/2734
f 2595/2845/2712 2596/2846/2711 2805/2844/2885
f 2806/2847/2886 2807/2848/2887 2808/2849/2888
f 2806/2847/2886 2809/2850/2889 2807/2848/2887
f 2807/2848/2887 2809/2850/2889 2810/2851/2890
f 2807/2848/2887 2810/2851/2890 2811/2852/2891
f 2812/2853/2892 2811/2852/2891 2810/2851/2890
f 2812/2853/2892 2813/2854/2893 2811/2852/2891
f 2812/2853/2892 2814/2855/2894 2813/2854/2893
f 2812/2853/2892 2815/2856/2895 2814/2855/2894
f 2815/2856/2895 2816/2857/2896 2814/2855/2894
f 2815/2856/2895 2817/2858/2897 2818/2859/2898
f 2815/2856/2895 2812/2853/2892 2817/2858/2897
f 2812/2853/2892 2819/2860/2899 2817/2858/2897
f 2812/2853/2892 2810/2851/2890 2819/2860/2899
f 2810/2851/2890 2820/2861/2900 2819/2860/2899
f 2810/2851/2890 2809/2850/2889 2820/2861/2900
f 2809/2850/2889 2821/2862/2901 2820/2861/2900
f 2809/2850/2889 2806/2847/2886 2821/2862/2901
f 2806/2847/2886 2822/2863/2902 2821/2862/2901
f 2806/2847/2886 2823/2864/2903 2822/2863/2902
f 2823/2864/2903 2806/2847/2886 2808/2849/2888
f 2823/2864/2903 2808/2849/2888 2824/2865/2904
f 2825/2866/2905 2824/2865/2904 2808/2849/2888
f 2826/2867/2906 2825/2866/2905 2808/2849/2888
f 2826/2867/2906 2808/2849/2888 2807/2848/2887
f 2827/2868/2907 2826/2867/2906 2807/2848/2887
f 2827/2868/2907 2807/2848/2887 2811/2852/2891
f 2828/2869/2908 2827/2868/2907 2811/2852/2891
f 2829/2870/2909 2822/2863/2902 2830/2871/2910
f 2829/2870/2909 2821/2862/2901 2822/2863/2902
f 2829/2870/2909 2820/2861/2900 2821/2862/2901
f 2829/2870/2909 2831/2872/2911 2820/2861/2900
f 2831/2872/2911 2819/2860/2899 2820/2861/2900
f 2831/2872/2911 2832/2873/2912 2819/2860/2899
f 2833/2874/2913 2819/2860/2899 2832/2873/2912
f 2833/2874/2913 2817/2858/2897 2819/2860/2899
f 2834/2875/2914 2817/2858/2897 2833/2874/2913
f 2834/2875/2914 2818/2859/2898 2817/2858/2897
f 2835/2876/2915 2818/2859/2898 2834/2875/2914
f 2836/2877/2916 2833/2874/2913 2832/2873/2912
f 2837/2878/2917 2833/2874/2913 2836/2877/2916
f 2837/2878/2917 2834/2875/2914 2833/2874/2913
f 2838/2879/2918 2834/2875/2914 2837/2878/2917
f 2838/2879/2918 2835/2876/2915 2834/2875/2914
f 2839/2880/2919 2835/2876/2915 2838/2879/2918
f 2838/2879/2918 2840/2881/2920 2841/2882/577
f 2838/2879/2918 2837/2878/2917 2840/2881/2920
f 2837/2878/2917 2842/2883/2921 2840/2881/2920
f 2837/2878/2917 2836/2877/2916 2842/2883/2921
f 2843/2884/477 2842/2883/2921 2836/2877/2916
f 2836/2877/2916 2832/2873/2912 2843/2884/477
f 2832/2873/2912 2844/2885/2922 2843/2884/477
f 2832/2873/2912 2831/2872/2911 2844/2885/2922
f 2831/2872/2911 2845/2886/2923 2844/2885/2922
f 2831/2872/2911 2829/2870/2909 2845/2886/2923
f 2829/2870/2909 2846/2887/2924 2845/2886/2923
f 2829/2870/2909 2830/2871/2910 2846/2887/2924
f 2846/2887/2924 2830/2871/2910 2847/2888/2925
f 2848/2889/2926 2847/2888/2925 2830/2871/2910
f 2848/2889/2926 2830/2871/2910 2822/2863/2902
f 2822/2863/2902 2849/2890/2927 2848/2889/2926
f 2823/2864/2903 2849/2890/2927 2822/2863/2902
f 2823/2864/2903 2850/2891/2928 2849/2890/2927
f 2851/2892/2929 594/2893/574 595/2894/575
f 2851/2892/2929 588/2895/569 594/2893/574
f 2851/2892/2929 2841/2882/577 588/2895/569
f 2841/2882/577 583/2896/564 588/2895/569
f 2841/2882/577 2840/2881/2920 583/2896/564
f 2840/2881/2920 584/2897/565 583/2896/564
f 2840/2881/2920 2842/2883/2921 584/2897/565
f 2852/2898/2930 584/2897/565 2842/2883/2921
f 2843/2884/477 2852/2898/2930 2842/2883/2921
f 2843/2884/477 2853/2899/2931 2852/2898/2930
f 2843/2884/477 2844/2885/2922 2853/2899/2931
f 2844/2885/2922 2854/2900/2932 2853/2899/2931
f 2844/2885/2922 2845/2886/2923 2854/2900/2932
f 2845/2886/2923 2855/2901/2933 2854/2900/2932
f 2845/2886/2923 2846/2887/2924 2855/2901/2933
f 2856/2902/2934 2855/2901/2933 2846/2887/2924
f 2846/2887/2924 2847/2888/2925 2856/2902/2934
f 2852/2898/2930 591/2903/571 584/2897/565
f 2852/2898/2930 590/2904/361 591/2903/571
f 2852/2898/2930 2853/2899/2931 590/2904/361
f 2853/2899/2931 592/2905/572 590/2904/361
f 2853/2899/2931 2854/2900/2932 592/2905/572
f 2854/2900/2932 341/2906/341 592/2907/572
f 2854/2900/2932 2855/2901/2933 341/2906/341
f 2855/2901/2933 339/2908/339 341/2906/341
f 2855/2901/2933 2857/2909/2935 339/2908/339
f 2856/2902/2934 2857/2909/2935 2855/2901/2933
f 2858/2910/2936 2859/2911/2937 2860/2912/2938
f 2861/2913/2939 2860/2912/2938 2859/2911/2937
f 2861/2913/2939 2862/2914/2939 2860/2912/2938
f 2862/2914/2939 2861/2913/2939 2863/2915/2940
f 2862/2914/2939 2863/2915/2940 2864/2916/2940
f 2863/2915/2940 2865/2917/2941 2864/2916/2940
f 2863/2915/2940 2866/2918/2941 2865/2917/2941
f 2866/2918/2941 2867/2919/2942 2865/2917/2941
f 2866/2918/2941 2868/2920/2943 2867/2919/2942
f 2868/2920/2943 2869/2921/2944 2867/2919/2942
f 2870/2922/2945 2859/2911/2946 2858/2910/2947
f 2871/2923/2948 2859/2911/2946 2870/2922/2945
f 2871/2923/2948 2861/2913/2949 2859/2911/2946
f 2872/2924/2950 2861/2913/2949 2871/2923/2948
f 2872/2924/2950 2863/2915/2951 2861/2913/2949
f 2872/2924/2950 2866/2918/2952 2863/2915/2951
f 2872/2924/2950 2873/2925/2953 2866/2918/2952
f 2873/2925/2953 2868/2920/2954 2866/2918/2952
f 2873/2925/2953 2874/2926/2955 2868/2920/2954
f 2874/2926/2955 2869/2921/2956 2868/2920/2954
f 2875/2927/2957 2876/2928/2958 2877/2929/2959
f 2875/2927/2957 2878/2930/2960 2876/2928/2958
f 2865/2917/2961 2878/2930/2960 2875/2927/2957
f 2865/2917/2961 2867/2919/2962 2878/2930/2960
f 2869/2921/2956 2878/2930/2960 2867/2919/2962
f 2869/2921/2956 2879/2931/2963 2878/2930/2960
f 2878/2930/2960 2879/2931/2963 2880/2932/2964
f 2878/2930/2960 2880/2932/2964 2876/2928/2958
f 2876/2928/2958 2880/2932/2964 2881/2933/2965
f 2876/2928/2958 2881/2933/2965 2882/2934/2966
f 2877/2929/2959 2876/2928/2958 2882/2934/2966
f 2877/2929/2959 2882/2934/2966 2883/2935/2967
f 2884/2936/2968 2877/2929/2959 2883/2935/2967
f 2884/2936/2968 2883/2935/2967 2885/2937/2969
f 2886/2938/2970 2884/2936/2968 2885/2937/2969
f 2886/2938/2970 2887/2939/2971 2884/2936/2968
f 2887/2939/2971 2886/2938/2970 2888/2940/2972
f 2887/2939/2971 2888/2940/2972 2889/2941/2973
f 2864/2916/2974 2865/2917/2961 2875/2927/2957
f 2889/2941/2973 2888/2940/2972 2890/2942/2975
f 2889/2941/2973 2890/2942/2975 2891/2943/2976
f 2892/2944/2977 2889/2941/2973 2891/2943/2976
f 2892/2944/2977 2891/2943/2976 2893/2945/2978
f 2892/2944/2977 2893/2945/2978 2858/2910/2947
f 2892/2944/2977 2858/2910/2947 2860/2912/2979
f 2860/2912/2979 2894/2946/2980 2892/2944/2977
f 2860/2912/2979 2862/2914/2981 2894/2946/2980
f 2894/2946/2980 2862/2914/2981 2864/2916/2974
f 2894/2946/2980 2864/2916/2974 2895/2947/2982
f 2864/2916/2974 2875/2927/2957 2895/2947/2982
f 2895/2947/2982 2875/2927/2957 2877/2929/2959
f 2895/2947/2982 2877/2929/2959 2884/2936/2968
f 2887/2939/2971 2895/2947/2982 2884/2936/2968
f 2887/2939/2971 2894/2946/2980 2895/2947/2982
f 2894/2946/2980 2887/2939/2971 2889/2941/2973
f 2894/2946/2980 2889/2941/2973 2892/2944/2977
f 2896/2948/2983 2872/2949/2950 2871/2950/2948
f 2896/2948/2983 2873/2951/2953 2872/2949/2950
f 2896/2948/2983 2897/2952/2984 2873/2951/2953
f 2897/2952/2984 2874/2953/2955 2873/2951/2953
f 2898/2954/2985 2897/2952/2984 2896/2948/2983
f 2898/2954/2985 2896/2948/2983 2899/2955/2986
f 2896/2948/2983 2871/2950/2948 2899/2955/2986
f 2899/2955/2986 2871/2950/2948 2870/2956/2945
f 2899/2955/2986 2870/2956/2945 2900/2957/2987
f 2900/2957/2987 2870/2956/2945 2858/2958/2947
f 2900/2957/2987 2858/2958/2947 2901/2959/2988
f 2902/2960/2989 2900/2957/2987 2901/2959/2988
f 2902/2960/2989 2901/2959/2988 2903/2961/2990
f 2902/2960/2989 2903/2961/2990 2904/2962/2991
f 2902/2960/2989 2904/2962/2991 2905/2963/2992
f 2906/2964/2993 2905/2963/2992 2904/2962/2991
f 2907/2965/2994 2905/2963/2992 2906/2964/2993
f 2908/2966/2995 2905/2963/2992 2907/2965/2994
f 2898/2954/2985 2908/2966/2995 2907/2965/2994
f 2898/2954/2985 2899/2955/2986 2908/2966/2995
f 2908/2966/2995 2899/2955/2986 2900/2957/2987
f 2908/2966/2995 2900/2957/2987 2902/2960/2989
f 2908/2966/2995 2902/2960/2989 2905/2963/2992
f 2909/2967/2996 2910/2968/2997 2911/2969/2998
f 2909/2967/2996 2912/2970/2999 2910/2968/2997
f 2913/2971/3000 2912/2970/2999 2909/2967/2996
f 2912/2970/2999 2913/2971/3000 2914/2972/3001
f 2915/2973/3002 2914/2972/3001 2913/2971/3000
f 2915/2973/3002 2916/2974/3003 2914/2972/3001
f 2915/2973/3002 2917/2975/3004 2916/2974/3003
f 2917/2975/3004 2918/2976/3005 2916/2974/3003
f 2917/2975/3004 2919/2977/3006 2918/2976/3005
f 2917/2975/3004 2906/2964/2993 2919/2977/3006
f 2917/2975/3004 2920/2978/3007 2906/2964/2993
f 2907/2965/2994 2906/2964/2993 2920/2978/3007
f 2921/2979/3008 2907/2965/2994 2920/2978/3007
f 2898/2954/2985 2907/2965/2994 2921/2979/3008
f 2922/2980/3009 2898/2954/2985 2921/2979/3008
f 2898/2954/2985 2922/2980/3009 2897/2952/2984
f 2922/2980/3009 2923/2981/3010 2897/2952/2984
f 2897/2952/2984 2923/2981/3010 2874/2953/2955
f 2916/2974/3003 2918/2976/3005 2924/2982/3011
f 2915/2973/3002 2913/2971/3000 2925/2983/3012
f 2922/2980/3009 2926/2984/3013 2923/2981/3010
f 2926/2984/3013 2922/2980/3009 2927/2985/3014
f 2922/2980/3009 2921/2979/3008 2927/2985/3014
f 2926/2984/3013 2927/2985/3014 2928/2986/3015
f 2869/2987/2956 2874/2953/2955 2923/2981/3010
f 2869/2987/2956 2923/2981/3010 2929/2988/3016
f 2926/2984/3013 2929/2988/3016 2923/2981/3010
f 2926/2984/3013 2930/2989/3017 2929/2988/3016
f 2931/2990/3018 2930/2989/3017 2926/2984/3013
f 2931/2990/3018 2926/2984/3013 2928/2986/3015
f 2932/2991/3019 2931/2990/3018 2928/2986/3015
f 2932/2991/3019 2928/2986/3015 2927/2985/3014
f 2932/2991/3019 2927/2985/3014 2933/2992/3020
f 2933/2992/3020 2927/2985/3014 2921/2979/3008
f 2933/2992/3020 2921/2979/3008 2934/2993/3021
f 2921/2979/3008 2920/2978/3007 2934/2993/3021
f 2934/2993/3021 2920/2978/3007 2917/2975/3004
f 2934/2993/3021 2917/2975/3004 2915/2973/3002
f 2933/2992/3020 2934/2993/3021 2915/2973/3002
f 2933/2992/3020 2915/2973/3002 2925/2983/3012
f 2932/2991/3019 2933/2992/3020 2925/2983/3012
f 2932/2991/3019 2925/2983/3012 2935/2994/3022
f 2935/2994/3022 2925/2983/3012 2913/2971/3000
f 2935/2994/3022 2913/2971/3000 2936/2995/3023
f 2913/2971/3000 2909/2967/2996 2936/2995/3023
f 2778/2780/3024 2780/2796/3025 2637/2781/3026
f 2778/2780/3024 2781/2799/3027 2780/2796/3025
f 2778/2780/3024 2777/2779/527 2781/2799/3027
f 2777/2779/527 2782/2801/3028 2781/2799/3027
f 2777/2779/527 2776/2778/3029 2782/2801/3028
f 2776/2778/3029 2783/2802/3030 2782/2801/3028
f 2776/2778/3029 2774/2776/3030 2783/2802/3030
f 2775/2777/3031 2783/2802/3030 2774/2776/3030
f 2775/2777/3031 2779/2794/3031 2783/2802/3030
f 2775/2777/3031 2631/2793/3032 2779/2794/3031
f 2912/2970/2999 2914/2972/3001 2916/2974/3003
f 2916/2974/3003 2924/2982/3011 2912/2970/2999
f 2910/2968/2997 2912/2970/2999 2924/2982/3011
f 2910/2968/2997 2924/2982/3011 2937/2996/3033
f 2938/2997/3034 2910/2968/2997 2937/2996/3033
f 2938/2997/3034 2937/2996/3033 2939/2998/3035
f 2940/2999/3036 2938/2997/3034 2939/2998/3035
f 2940/2999/3036 2941/3000/3037 2938/2997/3034
f 2941/3000/3037 2940/2999/3036 2942/3001/3038
f 2941/3000/3037 2942/3001/3038 2943/3002/3039
f 2943/3002/3039 2942/3001/3038 2944/3003/3040
f 2943/3002/3039 2944/3003/3040 2945/3004/3041
f 2945/3004/3041 2944/3003/3040 2946/3005/3042
f 2945/3004/3041 2946/3005/3042 2947/3006/3043
f 2947/3006/3043 2946/3005/3042 2948/3007/3044
f 2947/3006/3043 2948/3007/3044 2949/3008/3045
f 2948/3007/3044 2950/3009/325 2949/3008/3045
f 2948/3007/3044 2951/3010/3046 2950/3009/325
f 2951/3010/3046 326/3011/326 338/3012/338
f 2951/3010/3046 338/3012/338 2950/3009/325
f 2950/3009/325 338/3012/338 339/3013/339
f 2950/3009/325 339/3013/339 2857/3014/2935
f 2949/3008/3045 2950/3009/325 2857/3014/2935
f 2949/3008/3045 2857/3014/2935 2856/3015/2934
f 2856/3015/2934 2947/3006/3043 2949/3008/3045
f 2856/3015/2934 2847/3016/2925 2947/3006/3043
f 2847/3016/2925 2945/3004/3041 2947/3006/3043
f 2847/3016/2925 2848/3017/2926 2945/3004/3041
f 2848/3017/2926 2943/3002/3039 2945/3004/3041
f 2848/3017/2926 2849/3018/2927 2943/3002/3039
f 2849/3018/2927 2941/3000/3037 2943/3002/3039
f 2849/3018/2927 2850/3019/2928 2941/3000/3037
f 2952/3020/3047 2941/3000/3037 2850/3019/2928
f 2952/3020/3047 2938/2997/3034 2941/3000/3037
f 2911/2969/2998 2938/2997/3034 2952/3020/3047
f 2911/2969/2998 2910/2968/2997 2938/2997/3034
f 2953/3021/3048 2954/3022/3049 2955/3023/3050
f 2953/3021/3048 2956/3024/3051 2954/3022/3049
f 2956/3024/3051 2957/3025/3052 2891/3026/2976
f 2956/3024/3051 2891/3026/2976 2890/3027/2975
f 2954/3022/3049 2956/3024/3051 2890/3027/2975
f 2954/3022/3049 2890/3027/2975 2888/3028/2972
f 2888/3028/2972 2955/3023/3050 2954/3022/3049
f 2888/3028/2972 2886/3029/2970 2955/3023/3050
f 2955/3023/3050 2886/3029/2970 2885/3030/2969
f 2904/3031/2991 2903/3032/2990 2958/3033/3053
f 2903/3032/2990 2959/3034/3054 2958/3033/3053
f 2960/3035/3055 2958/3033/3053 2959/3034/3054
f 2960/3035/3055 2959/3034/3054 2961/3036/3056
f 2962/3037/3057 2960/3035/3055 2961/3036/3056
f 2963/3038/3058 2962/3037/3057 2961/3036/3056
f 2964/3039/3059 2962/3037/3057 2963/3038/3058
f 2964/3039/3059 2963/3038/3058 2953/3021/3048
f 2953/3021/3048 2963/3038/3058 2965/3040/3060
f 2953/3021/3048 2965/3040/3060 2956/3024/3051
f 2956/3024/3051 2965/3040/3060 2966/3041/3061
f 2956/3024/3051 2966/3041/3061 2957/3025/3052
f 2957/3025/3052 2966/3041/3061 2967/3042/3062
f 2957/3025/3052 2967/3042/3062 2968/3043/3063
f 2967/3042/3062 2858/3044/2947 2968/3043/3063
f 2858/3044/2947 2893/3045/2978 2968/3043/3063
f 2957/3025/3052 2968/3043/3063 2893/3045/2978
f 2957/3025/3052 2893/3045/2978 2891/3026/2976
f 2966/3041/3061 2959/3034/3054 2967/3042/3062
f 2966/3041/3061 2961/3036/3056 2959/3034/3054
f 2965/3040/3060 2961/3036/3056 2966/3041/3061
f 2963/3038/3058 2961/3036/3056 2965/3040/3060
f 2903/3032/2990 2901/3046/2988 2959/3034/3054
f 2901/3046/2988 2967/3042/3062 2959/3034/3054
f 2901/3046/2988 2858/3044/2947 2967/3042/3062
f 2918/3047/3005 2919/3048/3006 2969/3049/3064
f 2906/3050/2993 2969/3049/3064 2919/3048/3006
f 2906/3050/2993 2904/3031/2991 2969/3049/3064
f 2904/3031/2991 2958/3033/3053 2969/3049/3064
f 2970/3051/3065 2969/3049/3064 2958/3033/3053
f 2970/3051/3065 2958/3033/3053 2960/3035/3055
f 2971/3052/3066 2970/3051/3065 2960/3035/3055
f 2962/3037/3057 2971/3052/3066 2960/3035/3055
f 2972/3053/3067 2971/3052/3066 2962/3037/3057
f 2964/3039/3059 2972/3053/3067 2962/3037/3057
f 2964/3039/3059 2973/3054/3068 2972/3053/3067
f 2972/3053/3067 2973/3054/3068 2974/3055/3069
f 2973/3054/3068 2975/3056/3070 2974/3055/3069
f 2974/3055/3069 2975/3056/3070 2976/3057/3071
f 2975/3056/3070 2977/3058/3072 2976/3057/3071
f 2976/3057/3071 2977/3058/3072 2940/3059/3036
f 2977/3058/3072 2942/3060/3038 2940/3059/3036
f 2976/3057/3071 2940/3059/3036 2939/3061/3035
f 2939/3061/3035 2978/3062/3073 2976/3057/3071
f 2974/3055/3069 2976/3057/3071 2978/3062/3073
f 2979/3063/3074 2974/3055/3069 2978/3062/3073
f 2972/3053/3067 2974/3055/3069 2979/3063/3074
f 2972/3053/3067 2979/3063/3074 2971/3052/3066
f 2980/3064/3075 2971/3052/3066 2979/3063/3074
f 2971/3052/3066 2980/3064/3075 2970/3051/3065
f 2918/3047/3005 2970/3051/3065 2980/3064/3075
f 2918/3047/3005 2969/3049/3064 2970/3051/3065
f 2980/3064/3075 2979/3063/3074 2978/3062/3073
f 2918/3047/3005 2980/3064/3075 2924/3065/3011
f 2937/3066/3033 2924/3065/3011 2980/3064/3075
f 2937/3066/3033 2980/3064/3075 2978/3062/3073
f 2939/3061/3035 2937/3066/3033 2978/3062/3073
f 2981/3067/3076 2881/3068/2965 2982/3069/3077
f 2981/3067/3076 2882/3070/2966 2881/3068/2965
f 2983/3071/3078 2882/3070/2966 2981/3067/3076
f 2983/3071/3078 2883/3072/2967 2882/3070/2966
f 2885/3030/2969 2883/3072/2967 2983/3071/3078
f 2885/3030/2969 2983/3071/3078 2984/3073/3079
f 2955/3023/3050 2885/3030/2969 2984/3073/3079
f 2985/3074/3080 2955/3023/3050 2984/3073/3079
f 2953/3021/3048 2955/3023/3050 2985/3074/3080
f 2986/3075/3081 2953/3021/3048 2985/3074/3080
f 2964/3039/3059 2953/3021/3048 2986/3075/3081
f 2987/3076/3082 2964/3039/3059 2986/3075/3081
f 2964/3039/3059 2987/3076/3082 2973/3054/3068
f 2988/3077/3083 2973/3054/3068 2987/3076/3082
f 2973/3054/3068 2988/3077/3083 2975/3056/3070
f 2988/3077/3083 2989/3078/3084 2975/3056/3070
f 2975/3056/3070 2989/3078/3084 2977/3058/3072
f 2989/3078/3084 2990/3079/3085 2977/3058/3072
f 2991/3080/3086 2992/3081/3087 2993/3082/3088
f 2993/3082/3088 2992/3081/3087 2994/3083/3089
f 2982/3069/3077 2993/3082/3088 2994/3083/3089
f 2995/3084/3090 2982/3069/3077 2994/3083/3089
f 2995/3084/3090 2981/3067/3076 2982/3069/3077
f 2983/3071/3078 2981/3067/3076 2995/3084/3090
f 2983/3071/3078 2995/3084/3090 2996/3085/3091
f 2984/3073/3079 2983/3071/3078 2996/3085/3091
f 2984/3073/3079 2996/3085/3091 2997/3086/3092
f 2985/3074/3080 2984/3073/3079 2997/3086/3092
f 2998/3087/3093 2985/3074/3080 2997/3086/3092
f 2986/3075/3081 2985/3074/3080 2998/3087/3093
f 2999/3088/3094 2986/3075/3081 2998/3087/3093
f 2987/3076/3082 2986/3075/3081 2999/3088/3094
f 3000/3089/3095 2987/3076/3082 2999/3088/3094
f 2988/3077/3083 2987/3076/3082 3000/3089/3095
f 3000/3089/3095 3001/3090/3096 2988/3077/3083
f 2988/3077/3083 3001/3090/3096 2989/3078/3084
f 3001/3090/3096 3002/3091/3097 2989/3078/3084
f 2989/3078/3084 3002/3091/3097 2990/3079/3085
f 3002/3091/3097 3003/3092/3098 2990/3079/3085
f 3004/3093/3099 3000/3089/3095 3005/3094/3100
f 3000/3089/3095 3004/3093/3099 3001/3090/3096
f 3004/3093/3099 3006/3095/3101 3001/3090/3096
f 3001/3090/3096 3006/3095/3101 3002/3091/3097
f 3006/3095/3101 3007/3096/3102 3002/3091/3097
f 3002/3091/3097 3007/3096/3102 3003/3092/3098
f 3007/3096/3102 3008/3097/3103 3003/3092/3098
f 3009/3098/3104 3005/3094/3100 3010/3099/3105
f 3004/3093/3099 3005/3094/3100 3009/3098/3104
f 3011/3100/3106 3004/3093/3099 3009/3098/3104
f 3004/3093/3099 3011/3100/3106 3006/3095/3101
f 3012/3101/3107 3006/3095/3101 3011/3100/3106
f 3006/3095/3101 3012/3101/3107 3007/3096/3102
f 3012/3101/3107 3013/3102/3108 3007/3096/3102
f 3007/3096/3102 3013/3102/3108 3008/3097/3103
f 3013/3102/3108 3014/3103/3109 3008/3097/3103
f 3013/3102/3108 3015/3104/3110 3014/3103/3109
f 3013/3102/3108 3016/3105/2490 3015/3104/3110
f 3013/3102/3108 3017/3106/3111 3016/3105/2490
f 2839/2880/2919 3016/3105/2490 3017/3106/3111
f 3017/3106/3111 3018/3107/3112 2839/2880/2919
f 2839/2880/2919 3018/3107/3112 2835/2876/2915
f 3018/3107/3112 3019/3108/3113 2835/2876/2915
f 2835/2876/2915 3019/3108/3113 2818/2859/2898
f 3019/3108/3113 2815/2856/2895 2818/2859/2898
f 2828/2869/2908 2811/2852/2891 2813/2854/2893
f 3020/3109/3114 2828/2869/2908 2813/2854/2893
f 3020/3109/3114 2813/2854/2893 2814/2855/2894
f 3021/3110/3115 3020/3109/3114 2814/2855/2894
f 3021/3110/3115 2814/2855/2894 2816/2857/2896
f 3010/3099/3105 3021/3110/3115 2816/2857/2896
f 2815/2856/2895 3010/3099/3105 2816/2857/2896
f 3009/3098/3104 3010/3099/3105 2815/2856/2895
f 3019/3108/3113 3009/3098/3104 2815/2856/2895
f 3011/3100/3106 3009/3098/3104 3019/3108/3113
f 3018/3107/3112 3011/3100/3106 3019/3108/3113
f 3012/3101/3107 3011/3100/3106 3018/3107/3112
f 3017/3106/3111 3012/3101/3107 3018/3107/3112
f 3012/3101/3107 3017/3106/3111 3013/3102/3108
f 2823/2864/2903 2952/3111/3047 2850/2891/2928
f 2823/2864/2903 2824/2865/2904 2952/3111/3047
f 3022/3112/3116 2952/3111/3047 2824/2865/2904
f 2825/2866/2905 3022/3112/3116 2824/2865/2904
f 3022/3112/3116 2825/2866/2905 3023/3113/3117
f 3024/3114/3118 3023/3113/3117 2825/2866/2905
f 3024/3114/3118 2825/2866/2905 2826/2867/2906
f 3025/3115/3119 3024/3114/3118 2826/2867/2906
f 3025/3115/3119 2826/2867/2906 2827/2868/2907
f 3026/3116/3120 3025/3115/3119 2827/2868/2907
f 3026/3116/3120 2827/2868/2907 2828/2869/2908
f 3027/3117/3121 3026/3116/3120 2828/2869/2908
f 3027/3117/3121 2828/2869/2908 3020/3109/3114
f 3028/3118/3122 3027/3117/3121 3020/3109/3114
f 3028/3118/3122 3020/3109/3114 3021/3110/3115
f 3029/3119/3123 3028/3118/3122 3021/3110/3115
f 3010/3099/3105 3029/3119/3123 3021/3110/3115
f 3005/3094/3100 3029/3119/3123 3010/3099/3105
f 3022/3112/3116 2911/3120/2998 2952/3111/3047
f 3023/3113/3117 3030/3121/3124 3022/3112/3116
f 3030/3121/3124 2911/3120/2998 3022/3112/3116
f 3030/3121/3124 2909/3122/2996 2911/3120/2998
f 3030/3121/3124 2936/3123/3023 2909/3122/2996
f 3031/3124/3125 3032/3125/3126 3033/3126/3127
f 3031/3124/3125 3033/3126/3127 3034/3127/3128
f 3034/3127/3128 2991/3080/3086 3031/3124/3125
f 3034/3127/3128 2992/3081/3087 2991/3080/3086
f 3035/3128/3129 2992/3081/3087 3034/3127/3128
f 3036/3129/3130 2992/3081/3087 3035/3128/3129
f 3025/3115/3119 3036/3129/3130 3035/3128/3129
f 3025/3115/3119 2995/3084/3090 3036/3129/3130
f 3025/3115/3119 3026/3116/3120 2995/3084/3090
f 2996/3085/3091 2995/3084/3090 3026/3116/3120
f 2996/3085/3091 3026/3116/3120 3027/3117/3121
f 2997/3086/3092 2996/3085/3091 3027/3117/3121
f 2997/3086/3092 3027/3117/3121 3028/3118/3122
f 2998/3087/3093 2997/3086/3092 3028/3118/3122
f 3029/3119/3123 2998/3087/3093 3028/3118/3122
f 2999/3088/3094 2998/3087/3093 3029/3119/3123
f 3005/3094/3100 2999/3088/3094 3029/3119/3123
f 3000/3089/3095 2999/3088/3094 3005/3094/3100
f 2995/3084/3090 2994/3083/3089 3036/3129/3130
f 3036/3129/3130 2994/3083/3089 2992/3081/3087
f 3025/3115/3119 3035/3128/3129 3024/3114/3118
f 3024/3114/3118 3035/3128/3129 3037/3130/3131
f 3035/3128/3129 3034/3127/3128 3037/3130/3131
f 3037/3130/3131 3034/3127/3128 3033/3126/3127
f 3024/3114/3118 3037/3130/3131 3023/3113/3117
f 3023/3113/3117 3037/3130/3131 3030/3121/3124
f 3037/3130/3131 3033/3126/3127 3030/3121/3124
f 3030/3121/3124 3033/3126/3127 2936/3123/3023
f 3032/3125/3126 2936/3123/3023 3033/3126/3127
f 3032/3125/3126 2935/3131/3022 2936/3123/3023
f 2932/3132/3019 2935/3131/3022 3032/3125/3126
f 2932/3132/3019 3032/3125/3126 2931/3133/3018
f 2931/3133/3018 3032/3125/3126 3031/3124/3125
f 2931/3133/3018 3031/3124/3125 2930/3134/3017
f 3031/3124/3125 2929/3135/3016 2930/3134/3017
f 3031/3124/3125 2991/3080/3086 2929/3135/3016
f 2929/3135/3016 2991/3080/3086 3038/3136/3132
f 2991/3080/3086 2993/3082/3088 3038/3136/3132
f 3039/3137/3133 3038/3136/3132 2993/3082/3088
f 2982/3069/3077 3039/3137/3133 2993/3082/3088
f 2880/3138/2964 3039/3137/3133 2982/3069/3077
f 2880/3138/2964 2982/3069/3077 2881/3068/2965
f 2929/3135/3016 3038/3136/3132 2869/3139/2956
f 2869/3139/2956 3038/3136/3132 3040/3140/3134
f 3039/3137/3133 3040/3140/3134 3038/3136/3132
f 2879/3141/2963 3040/3140/3134 3039/3137/3133
f 2879/3141/2963 3039/3137/3133 2880/3138/2964
f 3040/3140/3134 2879/3141/2963 2869/3139/2956
f 3041/2121/3135 3042/2231/3136 3043/2218/3137
f 3041/2121/3135 3043/2218/3137 3044/2219/3138
f 3045/2216/3139 3044/2219/3138 3043/2218/3137
f 3045/2216/3139 3046/3142/3140 3044/2219/3138
f 3045/2216/3139 3047/3143/3141 3046/3142/3140
f 3045/2216/3139 3048/2214/3142 3047/3143/3141
f 3048/2214/3142 3049/3144/3143 3047/3143/3141
f 3050/2123/3144 3051/2124/3145 3052/2107/3146
f 3050/2123/3144 3052/2107/3146 3053/2106/3147
f 3050/2123/3144 3053/2106/3147 3054/2122/3148
f 3054/2122/3148 3053/2106/3147 3041/2121/3135
f 3054/2122/3148 3041/2121/3135 3044/2219/3138
f 3055/3145/3149 3054/2122/3148 3044/2219/3138
f 3055/3145/3149 3044/2219/3138 3046/3142/3140
f 3056/3146/3150 3055/3145/3149 3046/3142/3140
f 3056/3146/3150 3046/3142/3140 3047/3143/3141
f 3057/3147/3151 3056/3146/3150 3047/3143/3141
f 3057/3147/3151 3047/3143/3141 3049/3144/3143
f 3058/3148/3152 3057/3147/3151 3049/3144/3143
f 3048/2214/3142 3058/3148/3152 3049/3144/3143
f 3059/3149/3153 3058/3148/3152 3048/2214/3142
f 3060/2212/3154 3059/3149/3153 3048/2214/3142
f 3059/3149/3153 3061/3150/3155 3058/3148/3152
f 3061/3150/3155 3062/3151/3156 3058/3148/3152
f 3058/3148/3152 3062/3151/3156 3057/3147/3151
f 3062/3151/3156 3063/3152/3157 3057/3147/3151
f 3063/3152/3157 3056/3146/3150 3057/3147/3151
f 3063/3152/3157 3064/3153/3158 3056/3146/3150
f 3064/3153/3158 3055/3145/3149 3056/3146/3150
f 3064/3153/3158 3065/2126/3159 3055/3145/3149
f 3065/2126/3159 3054/2122/3148 3055/3145/3149
f 3065/2126/3159 3050/2123/3144 3054/2122/3148
f 3066/2209/3160 3067/2210/3161 3068/2211/3162
f 3067/2210/3161 3060/2212/3154 3068/2211/3162
f 3067/2210/3161 3069/3154/3163 3060/2212/3154
f 3069/3154/3163 3059/3149/3153 3060/2212/3154
f 3069/3154/3163 3070/3155/3164 3059/3149/3153
f 3070/3155/3164 3061/3150/3155 3059/3149/3153
f 3070/3155/3164 3071/3156/3165 3061/3150/3155
f 3071/3156/3165 3072/3157/3166 3061/3150/3155
f 3061/3150/3155 3072/3157/3166 3062/3151/3156
f 3072/3157/3166 3073/3158/3167 3062/3151/3156
f 3062/3151/3156 3073/3158/3167 3063/3152/3157
f 3073/3158/3167 3074/3159/3168 3063/3152/3157
f 3074/3159/3168 3064/3153/3158 3063/3152/3157
f 3074/3159/3168 3075/2133/3169 3064/3153/3158
f 3075/2133/3169 3065/2126/3159 3064/3153/3158
f 3075/2133/3169 3076/2127/3170 3065/2126/3159
f 3050/2123/3144 3065/2126/3159 3076/2127/3170
f 3050/2123/3144 3076/2127/3170 3077/2128/3171
f 3071/3156/3165 3070/3155/3164 3078/3160/3172
f 3070/3155/3164 3079/3161/3173 3078/3160/3172
f 3070/3155/3164 3069/3154/3163 3079/3161/3173
f 3080/3162/3174 3079/3161/3173 3069/3154/3163
f 3080/3162/3174 3069/3154/3163 3067/2210/3161
f 3081/2207/3175 3080/3162/3174 3067/2210/3161
f 3081/2207/3175 3067/2210/3161 3066/2209/3160
f 3080/3162/3174 3081/2207/3175 3082/2206/3176
f 3080/3162/3174 3082/2206/3176 3083/2205/3177
f 3079/3161/3173 3080/3162/3174 3083/2205/3177
f 3079/3161/3173 3083/2205/3177 3084/3163/3178
f 3078/3160/3172 3079/3161/3173 3084/3163/3178
f 3082/2206/3176 3085/2202/412 3086/2198/3179
f 3082/2206/3176 3086/2198/3179 3087/2196/3180
f 3083/2205/3177 3082/2206/3176 3087/2196/3180
f 3083/2205/3177 3087/2196/3180 3088/2194/3181
f 3089/2192/3182 3083/2205/3177 3088/2194/3181
f 3089/2192/3182 3084/3163/3178 3083/2205/3177
f 3090/2191/3183 3084/3163/3178 3089/2192/3182
f 3078/3160/3172 3084/3163/3178 3090/2191/3183
f 3091/2190/3184 3078/3160/3172 3090/2191/3183
f 3071/3156/3165 3078/3160/3172 3091/2190/3184
f 3091/2190/3184 3092/2147/3185 3071/3156/3165
f 3071/3156/3165 3092/2147/3185 3072/3157/3166
f 3092/2147/3185 3093/2145/3186 3072/3157/3166
f 3072/3157/3166 3093/2145/3186 3073/3158/3167
f 3093/2145/3186 3094/2143/3187 3073/3158/3167
f 3073/3158/3167 3094/2143/3187 3074/3159/3168
f 3094/2143/3187 3095/2136/3188 3074/3159/3168
f 3095/2136/3188 3075/2133/3169 3074/3159/3168
f 3096/2142/3189 3097/2141/3190 3095/2136/3188
f 3094/2143/3187 3096/2142/3189 3095/2136/3188
f 3098/2144/3191 3096/2142/3189 3094/2143/3187
f 3093/2145/3186 3098/2144/3191 3094/2143/3187
f 3099/2146/3192 3098/2144/3191 3093/2145/3186
f 3092/2147/3185 3099/2146/3192 3093/2145/3186
f 3099/2146/3192 3092/2147/3185 3100/2148/3193
f 3091/2190/3184 3100/2148/3193 3092/2147/3185
f 3100/2148/3193 3091/2190/3184 3101/2159/3194
f 3091/2190/3184 3090/2191/3183 3101/2159/3194
f 3101/2159/3194 3090/2191/3183 3102/2175/3195
f 3090/2191/3183 3089/2192/3182 3102/2175/3195
f 3102/2175/3195 3089/2192/3182 3103/3164/3196
f 3103/3164/3196 3089/2192/3182 3104/2193/3197
f 3104/2193/3197 3089/2192/3182 3088/2194/3181
f 3104/2193/3197 3088/2194/3181 3105/2195/3198
f 3105/2195/3198 3088/2194/3181 3087/2196/3180
f 3105/2195/3198 3087/2196/3180 3106/2197/3199
f 3098/2144/3191 3107/2152/3200 3096/2142/3189
f 3108/2150/3201 3107/2152/3200 3098/2144/3191
f 3099/2146/3192 3109/2158/3202 3098/2144/3191
f 3108/2150/3201 3098/2144/3191 3109/2158/3202
f 3108/2150/3201 3109/2158/3202 3110/2157/3203
f 3111/2156/3204 3108/2150/3201 3110/2157/3203
f 3101/2159/3194 3102/2175/3195 3112/2174/3205
f 3113/2160/3206 3101/2159/3194 3112/2174/3205
f 3100/2148/3193 3101/2159/3194 3113/2160/3206
f 3114/2161/3207 3100/2148/3193 3113/2160/3206
f 3099/2146/3192 3100/2148/3193 3114/2161/3207
f 3099/2146/3192 3114/2161/3207 3115/2162/3208
f 3099/2146/3192 3115/2162/3208 3109/2158/3202
f 3109/2158/3202 3115/2162/3208 3116/2163/3209
f 3109/2158/3202 3116/2163/3209 3110/2157/3203
f 3110/2157/3203 3116/2163/3209 3117/2164/3210
f 3111/2156/3204 3110/2157/3203 3117/2164/3210
f 3118/2165/3211 3111/2156/3204 3117/2164/3210
f 3118/2165/3211 3117/2164/3210 3119/2167/3212
f 3117/2164/3210 3120/2169/3213 3119/2167/3212
f 3117/2164/3210 3116/2163/3209 3120/2169/3213
f 3114/2161/3207 3121/2176/3214 3115/2162/3208
f 3114/2161/3207 3122/2177/3215 3121/2176/3214
f 3114/2161/3207 3113/2160/3206 3122/2177/3215
f 3122/2177/3215 3113/2160/3206 3123/2178/3216
f 3113/2160/3206 3112/2174/3205 3123/2178/3216
f 3124/2179/3217 3123/2178/3216 3112/2174/3205
f 3112/2174/3205 3125/2180/3218 3124/2179/3217
f 3112/2174/3205 3102/2175/3195 3125/2180/3218
f 3102/2175/3195 3103/3164/3196 3125/2180/3218
f 3126/2183/3219 3122/2177/3215 3123/2178/3216
f 3096/2142/3189 3127/2154/3220 3097/2141/3190
f 3128/2153/3221 3127/2154/3220 3096/2142/3189
f 3128/2153/3221 3096/2142/3189 3107/2152/3200
f 3107/2152/3200 3129/2151/3222 3128/2153/3221
f 3107/2152/3200 3108/2150/3201 3129/2151/3222
f 3108/2150/3201 3130/2149/3223 3129/2151/3222
f 3108/2150/3201 3111/2156/3204 3130/2149/3223
f 3111/2156/3204 3131/2155/3224 3130/2149/3223
f 3111/2156/3204 3118/2165/3211 3131/2155/3224
f 3132/2166/3225 3131/2155/3224 3118/2165/3211
f 3119/2167/3212 3132/2166/3225 3118/2165/3211
f 3133/2168/3226 3132/2166/3225 3119/2167/3212
f 3133/2168/3226 3119/2167/3212 3120/2169/3213
f 3134/2170/3227 3133/2168/3226 3120/2169/3213
f 3116/2163/3209 3134/2170/3227 3120/2169/3213
f 3116/2163/3209 3135/2171/3228 3134/2170/3227
f 3115/2162/3208 3135/2171/3228 3116/2163/3209
f 3115/2162/3208 3121/2176/3214 3135/2171/3228
f 3136/2173/3229 3137/2172/3230 3134/2170/3227
f 3134/2170/3227 3137/2172/3230 3133/2168/3226
f 3126/2183/3219 3121/2176/3214 3122/2177/3215
f 3121/2176/3214 3126/2183/3219 3138/2184/3231
f 3121/2176/3214 3138/2184/3231 3135/2171/3228
f 3138/2184/3231 3134/2170/3227 3135/2171/3228
f 3138/2184/3231 3139/2185/3232 3134/2170/3227
f 3136/2173/3229 3134/2170/3227 3139/2185/3232
f 3140/2186/3233 3136/2173/3229 3139/2185/3232
f 3140/2186/3233 3139/2185/3232 3141/2187/3234
f 3142/2188/3235 3141/2187/3234 3139/2185/3232
f 3142/2188/3235 3139/2185/3232 3138/2184/3231
f 3142/2188/3235 3138/2184/3231 3126/2183/3219
f 3142/2188/3235 3126/2183/3219 3143/2189/3236
f 3144/2182/3237 3143/2189/3236 3126/2183/3219
f 3144/2182/3237 3126/2183/3219 3123/2178/3216
f 3124/2179/3217 3144/2182/3237 3123/2178/3216
f 3145/3165/3238 3146/3166/3239 3147/3167/3240
f 3148/3168/3241 3149/3169/3242 3150/3170/3243
f 3148/3168/3241 3151/3171/3244 3149/3169/3242
f 3152/3172/3245 3151/3171/3244 3148/3168/3241
f 3152/3172/3245 3148/3168/3241 3153/3173/3246
f 3154/3174/3247 3153/3173/3246 3148/3168/3241
f 3154/3174/3247 3155/3175/3248 3153/3173/3246
f 3147/3167/3240 3155/3175/3248 3154/3174/3247
f 3147/3167/3240 3154/3174/3247 3156/3176/3249
f 3145/3165/3238 3147/3167/3240 3156/3176/3249
f 3157/3177/3250 3145/3165/3238 3156/3176/3249
f 3145/3165/3238 3157/3177/3250 3158/3178/3251
f 3145/3165/3238 3158/3178/3251 3159/3179/3252
f 3157/3177/3250 3156/3176/3249 3160/3180/3253
f 3156/3176/3249 3161/3181/3254 3160/3180/3253
f 3156/3176/3249 3154/3174/3247 3161/3181/3254
f 3154/3174/3247 3150/3170/3243 3161/3181/3254
f 3154/3174/3247 3148/3168/3241 3150/3170/3243
f 3162/3182/3255 3146/3166/3239 3145/3165/3238
f 3162/3182/3255 3145/3165/3238 3159/3179/3252
f 3159/3179/3252 3132/3183/3225 3162/3182/3255
f 3159/3179/3252 3131/3184/3224 3132/3183/3225
f 3159/3179/3252 3130/3185/3223 3131/3184/3224
f 3159/3179/3252 3158/3178/3251 3130/3185/3223
f 3158/3178/3251 3129/3186/3222 3130/3185/3223
f 3158/3178/3251 3128/3187/3221 3129/3186/3222
f 3157/3177/3250 3128/3187/3221 3158/3178/3251
f 3157/3177/3250 3127/3188/3220 3128/3187/3221
f 3127/3188/3220 3157/3177/3250 3160/3180/3253
f 3127/3188/3220 3160/3180/3253 3097/3189/3190
f 3160/3180/3253 3163/3190/3256 3097/3189/3190
f 3160/3180/3253 3161/3181/3254 3163/3190/3256
f 3161/3181/3254 3164/3191/3257 3163/3190/3256
f 3161/3181/3254 3150/3170/3243 3164/3191/3257
f 3150/3170/3243 3165/3192/3258 3164/3191/3257
f 3150/3170/3243 3149/3169/3242 3165/3192/3258
f 3166/3193/3259 3132/3183/3225 3167/3194/3260
f 3168/3195/3261 3166/3193/3259 3167/3194/3260
f 3168/3195/3261 3169/3196/3262 3166/3193/3259
f 3170/3197/3263 3169/3196/3262 3168/3195/3261
f 3170/3197/3263 3171/3198/3264 3169/3196/3262
f 3170/3197/3263 3172/3199/3265 3171/3198/3264
f 3170/3197/3263 3173/3200/3266 3172/3199/3265
f 3173/3200/3266 3174/3201/3267 3172/3199/3265
f 3173/3200/3266 3175/3202/3268 3174/3201/3267
f 3152/3172/3245 3174/3201/3267 3175/3202/3268
f 3176/2067/3269 3177/2069/3270 3178/2086/3271
f 3176/2067/3269 3178/2086/3271 3179/2089/3272
f 3178/2086/3271 3168/2088/3261 3179/2089/3272
f 3179/2089/3272 3168/2088/3261 3167/2090/3260
f 3179/2089/3272 3167/2090/3260 3180/2091/3273
f 3180/2091/3273 3167/2090/3260 3132/2092/3225
f 3180/2091/3273 3132/2092/3225 3133/2093/3226
f 3181/2094/3274 3180/2091/3273 3133/2093/3226
f 3181/2094/3274 3133/2093/3226 3137/2095/3230
f 3182/2096/3275 3181/2094/3274 3137/2095/3230
f 3182/2096/3275 3137/2095/3230 3136/2097/3229
f 3140/2063/3233 3182/2096/3275 3136/2097/3229
f 3183/2065/3276 3182/2096/3275 3140/2063/3233
f 3184/2098/3277 3182/2096/3275 3183/2065/3276
f 3176/2067/3269 3184/2098/3277 3183/2065/3276
f 3176/2067/3269 3179/2089/3272 3184/2098/3277
f 3184/2098/3277 3179/2089/3272 3180/2091/3273
f 3184/2098/3277 3180/2091/3273 3181/2094/3274
f 3184/2098/3277 3181/2094/3274 3182/2096/3275
f 3178/2086/3271 3170/2087/3263 3168/2088/3261
f 3178/2086/3271 3173/2085/3266 3170/2087/3263
f 3178/2086/3271 3177/2069/3270 3173/2085/3266
f 3177/2069/3270 3175/2071/3268 3173/2085/3266
f 3185/3203/3278 3186/3204/3279 3187/3205/3280
f 3188/3206/3281 3187/3205/3280 3186/3204/3279
f 3188/3206/3281 3189/3207/3282 3187/3205/3280
f 3190/2056/3283 3189/3207/3282 3188/3206/3281
f 3190/2056/3283 3191/2057/3284 3189/3207/3282
f 3192/2055/3285 3191/2057/3284 3190/2056/3283
f 3192/2055/3285 3193/2058/3286 3191/2057/3284
f 3194/2059/3287 3193/2058/3286 3192/2055/3285
f 3193/2058/3286 3194/2059/3287 3195/2060/3288
f 3196/2061/3289 3195/2060/3288 3194/2059/3287
f 3196/2061/3289 3197/2053/3290 3195/2060/3288
f 3196/2061/3289 3198/2062/3291 3197/2053/3290
f 3197/2053/3290 3198/2062/3291 3141/2054/3234
f 3198/2062/3291 3140/2063/3233 3141/2054/3234
f 3198/2062/3291 3199/2064/3292 3140/2063/3233
f 3183/2065/3276 3140/2063/3233 3199/2064/3292
f 3200/2066/3293 3183/2065/3276 3199/2064/3292
f 3176/2067/3269 3183/2065/3276 3200/2066/3293
f 3196/2061/3289 3194/2059/3287 3201/2073/3294
f 3189/3207/3282 3191/2057/3284 3144/3208/3237
f 3191/2057/3284 3143/2051/3236 3144/3208/3237
f 3191/2057/3284 3193/2058/3286 3143/2051/3236
f 3197/2053/3290 3143/2051/3236 3193/2058/3286
f 3193/2058/3286 3195/2060/3288 3197/2053/3290
f 3197/2053/3290 3142/2052/3235 3143/2051/3236
f 3197/2053/3290 3141/2054/3234 3142/2052/3235
f 3194/2059/3287 3192/2055/3285 3202/2084/3295
f 3203/2083/3296 3194/2059/3287 3202/2084/3295
f 3203/2083/3296 3201/2073/3294 3194/2059/3287
f 3204/2080/3297 3201/2073/3294 3203/2083/3296
f 3204/2080/3297 3205/2081/3298 3201/2073/3294
f 3205/2081/3298 3196/2061/3289 3201/2073/3294
f 3205/2081/3298 3206/2082/3299 3196/2061/3289
f 3207/2068/3300 3176/2067/3269 3200/2066/3293
f 3176/2067/3269 3207/2068/3300 3177/2069/3270
f 3207/2068/3300 3208/2070/3301 3177/2069/3270
f 3177/2069/3270 3208/2070/3301 3175/2071/3268
f 3152/2072/3245 3175/2071/3268 3208/2070/3301
f 3152/2072/3245 3208/2070/3301 3209/2077/3302
f 3210/2075/3303 3209/2077/3302 3208/2070/3301
f 3210/2075/3303 3211/2078/3304 3209/2077/3302
f 3212/2079/3305 3211/2078/3304 3210/2075/3303
f 3212/2079/3305 3210/2075/3303 3213/2076/3306
f 3204/2080/3297 3212/2079/3305 3213/2076/3306
f 3204/2080/3297 3213/2076/3306 3214/2074/3307
f 3204/2080/3297 3214/2074/3307 3205/2081/3298
f 3205/2081/3298 3214/2074/3307 3200/2066/3293
f 3205/2081/3298 3200/2066/3293 3206/2082/3299
f 3200/2066/3293 3199/2064/3292 3206/2082/3299
f 3196/2061/3289 3206/2082/3299 3199/2064/3292
f 3196/2061/3289 3199/2064/3292 3198/2062/3291
f 3207/2068/3300 3210/2075/3303 3208/2070/3301
f 3210/2075/3303 3207/2068/3300 3214/2074/3307
f 3207/2068/3300 3200/2066/3293 3214/2074/3307
f 3210/2075/3303 3214/2074/3307 3213/2076/3306
f 3153/3173/3308 3174/3201/3309 3152/3172/3310
f 3172/3199/3311 3174/3201/3309 3153/3173/3308
f 3172/3199/3311 3153/3173/3308 3155/3175/3311
f 3171/3198/3312 3172/3199/3311 3155/3175/3311
f 3171/3198/3312 3155/3175/3311 3147/3167/3313
f 3146/3166/3314 3171/3198/3312 3147/3167/3313
f 3146/3166/3314 3169/3196/3315 3171/3198/3312
f 3169/3196/3315 3146/3166/3314 3162/3182/3316
f 3169/3196/3315 3162/3182/3316 3166/3193/3316
f 3162/3182/3316 3132/3183/3317 3166/3193/3316
f 3215/2131/3318 3216/2130/3319 3217/2129/3320
f 3215/2131/3318 3218/2120/3321 3216/2130/3319
f 3212/2116/3305 3219/2113/3322 3220/2117/3323
f 3212/2116/3305 3220/2117/3323 3211/2118/3304
f 3220/2117/3323 3209/2103/3302 3211/2118/3304
f 3220/2117/3323 3221/2119/3324 3209/2103/3302
f 3209/2103/3302 3221/2119/3324 3222/2102/3325
f 3221/2119/3324 3218/2120/3321 3222/2102/3325
f 3223/2099/3326 3222/2102/3325 3218/2120/3321
f 3223/2099/3326 3218/2120/3321 3215/2131/3318
f 3151/2101/3244 3223/2099/3326 3215/2131/3318
f 3151/2101/3244 3215/2131/3318 3149/2137/3242
f 3149/2137/3242 3215/2131/3318 3217/2129/3320
f 3149/2137/3242 3217/2129/3320 3165/2138/3258
f 3224/2135/3327 3165/2138/3258 3217/2129/3320
f 3224/2135/3327 3164/2139/3257 3165/2138/3258
f 3163/2140/3256 3164/2139/3257 3224/2135/3327
f 3163/2140/3256 3224/2135/3327 3225/2134/3328
f 3097/2141/3190 3163/2140/3256 3225/2134/3328
f 3097/2141/3190 3225/2134/3328 3095/2136/3188
f 3209/2103/3302 3222/2102/3325 3152/2100/3245
f 3152/2100/3245 3222/2102/3325 3223/2099/3326
f 3223/2099/3326 3151/2101/3244 3152/2100/3245
f 3204/2115/3297 3219/2113/3322 3212/2116/3305
f 3204/2115/3297 3203/2114/3296 3219/2113/3322
f 3219/2113/3322 3203/2114/3296 3202/2112/3295
f 3095/2136/3188 3225/2134/3328 3075/2133/3169
f 3225/2134/3328 3076/2127/3170 3075/2133/3169
f 3225/2134/3328 3224/2135/3327 3076/2127/3170
f 3217/2129/3320 3076/2127/3170 3224/2135/3327
f 3217/2129/3320 3077/2128/3171 3076/2127/3170
f 3217/2129/3320 3216/2130/3319 3077/2128/3171
f 3077/2128/3171 3216/2130/3319 3226/2132/3329
f 3218/2120/3321 3226/2132/3329 3216/2130/3319
f 3221/2119/3324 3226/2132/3329 3218/2120/3321
f 3220/2117/3323 3226/2132/3329 3221/2119/3324
f 3220/2117/3323 3227/2125/3330 3226/2132/3329
f 3220/2117/3323 3228/2111/3331 3227/2125/3330
f 3229/2109/3332 3227/2125/3330 3228/2111/3331
f 3229/2109/3332 3228/2111/3331 3230/2110/3333
f 3231/2108/3334 3229/2109/3332 3230/2110/3333
f 3231/2108/3334 3230/2110/3333 3232/2250/3335
f 3232/2250/3335 3233/2105/3336 3231/2108/3334
f 3233/2105/3336 3232/2250/3335 3234/2249/3337
f 3235/2258/3338 3236/2244/3339 3237/2245/3340
f 3237/2245/3340 3238/2257/3341 3235/2258/3338
f 3237/2245/3340 3239/2246/3342 3238/2257/3341
f 3240/2256/3343 3238/2257/3341 3239/2246/3342
f 3240/2256/3343 3239/2246/3342 3241/2247/3344
f 3241/2247/3344 3185/3209/3278 3240/2256/3343
f 3242/2248/3345 3185/3209/3278 3241/2247/3344
f 3242/2248/3345 3186/2254/3279 3185/3209/3278
f 3186/2254/3279 3242/2248/3345 3234/2249/3337
f 3186/2254/3279 3234/2249/3337 3188/2253/3281
f 3232/2250/3335 3188/2253/3281 3234/2249/3337
f 3232/2250/3335 3190/2252/3283 3188/2253/3281
f 3230/2110/3333 3190/2252/3283 3232/2250/3335
f 3230/2110/3333 3192/2251/3285 3190/2252/3283
f 3230/2110/3333 3202/2112/3295 3192/2251/3285
f 3230/2110/3333 3228/2111/3331 3202/2112/3295
f 3219/2113/3322 3202/2112/3295 3228/2111/3331
f 3220/2117/3323 3219/2113/3322 3228/2111/3331
f 3243/2239/3346 343/2261/343 428/2262/410
f 3243/2239/3346 3236/2244/3339 343/2261/343
f 3236/2244/3339 344/2260/344 343/2261/343
f 3236/2244/3339 3244/2259/349 344/2260/344
f 3235/2258/3338 3244/2259/349 3236/2244/3339
f 3081/2207/3175 3085/2202/412 3082/2206/3176
f 3081/2207/3175 3245/2208/311 3085/2202/412
f 3066/2209/3160 3245/2208/311 3081/2207/3175
f 3066/2209/3160 3246/2224/590 3245/2208/311
f 3066/2209/3160 3247/2225/2504 3246/2224/590
f 3246/2224/590 3247/2225/2504 544/3210/528
f 3247/2225/2504 541/3211/525 544/3210/528
f 3247/2225/2504 3248/2226/432 541/3211/525
f 3248/2226/432 540/3212/416 541/3211/525
f 3248/2226/432 3249/2235/3347 540/3212/416
f 3250/2236/3348 540/3212/416 3249/2235/3347
f 3251/2233/2930 3250/2236/3348 3249/2235/3347
f 3251/2233/2930 3252/2234/3349 3250/2236/3348
f 3251/2233/2930 3253/2232/3350 3252/2234/3349
f 3253/2232/3350 3243/2239/3346 3252/2234/3349
f 3253/2232/3350 3254/2240/3351 3243/2239/3346
f 3254/2240/3351 3236/2244/3339 3243/2239/3346
f 3254/2240/3351 3237/2245/3340 3236/2244/3339
f 3250/2236/3348 415/3213/414 540/3212/416
f 3250/2236/3348 417/2237/416 415/3213/414
f 3250/2236/3348 3252/2234/3349 417/2237/416
f 3252/2234/3349 428/2238/410 417/2237/416
f 3252/2234/3349 3243/2239/3346 428/2238/410
f 3255/2241/3352 3241/2247/3344 3239/2246/3342
f 3255/2241/3352 3239/2246/3342 3237/2245/3340
f 3255/2241/3352 3237/2245/3340 3254/2240/3351
f 3256/2229/3353 3255/2241/3352 3254/2240/3351
f 3256/2229/3353 3254/2240/3351 3253/2232/3350
f 3257/2228/3354 3256/2229/3353 3253/2232/3350
f 3257/2228/3354 3253/2232/3350 3251/2233/2930
f 3258/2227/2921 3257/2228/3354 3251/2233/2930
f 3251/2233/2930 3249/2235/3347 3258/2227/2921
f 3258/2227/2921 3249/2235/3347 3248/2226/432
f 3233/2105/3336 3234/2249/3337 3259/2104/3355
f 3242/2248/3345 3259/2104/3355 3234/2249/3337
f 3242/2248/3345 3260/2243/3356 3259/2104/3355
f 3260/2243/3356 3242/2248/3345 3241/2247/3344
f 3260/2243/3356 3241/2247/3344 3261/2242/3357
f 3255/2241/3352 3261/2242/3357 3241/2247/3344
f 3255/2241/3352 3262/2230/3358 3261/2242/3357
f 3255/2241/3352 3256/2229/3353 3262/2230/3358
f 3256/2229/3353 3263/2217/3359 3262/2230/3358
f 3256/2229/3353 3257/2228/3354 3263/2217/3359
f 3264/2220/3360 3263/2217/3359 3257/2228/3354
f 3258/2227/2921 3264/2220/3360 3257/2228/3354
f 3265/2223/3361 3264/2220/3360 3258/2227/2921
f 3258/2227/2921 3248/2226/432 3265/2223/3361
f 3266/2222/3362 3265/2223/3361 3248/2226/432
f 3266/2222/3362 3248/2226/432 3247/2225/2504
f 3066/2209/3160 3266/2222/3362 3247/2225/2504
f 3066/2209/3160 3068/2211/3162 3266/2222/3362
f 3048/2214/3142 3045/2216/3139 3267/2215/3363
f 3048/2214/3142 3267/2215/3363 3268/2213/3364
f 3060/2212/3154 3048/2214/3142 3268/2213/3364
f 3068/2211/3162 3060/2212/3154 3268/2213/3364
f 3068/2211/3162 3268/2213/3364 3269/2221/3365
f 3266/2222/3362 3068/2211/3162 3269/2221/3365
f 3266/2222/3362 3269/2221/3365 3265/2223/3361
f 3265/2223/3361 3269/2221/3365 3264/2220/3360
f 3269/2221/3365 3267/2215/3363 3264/2220/3360
f 3264/2220/3360 3267/2215/3363 3263/2217/3359
f 3269/2221/3365 3268/2213/3364 3267/2215/3363
f 3050/2123/3144 3077/2128/3171 3051/2124/3145
f 3077/2128/3171 3226/2132/3329 3051/2124/3145
f 3051/2124/3145 3226/2132/3329 3227/2125/3330
f 3051/2124/3145 3227/2125/3330 3229/2109/3332
f 3052/2107/3146 3051/2124/3145 3229/2109/3332
f 3052/2107/3146 3229/2109/3332 3231/2108/3334
f 3052/2107/3146 3231/2108/3334 3233/2105/3336
f 3052/2107/3146 3233/2105/3336 3053/2106/3147
f 3053/2106/3147 3233/2105/3336 3259/2104/3355
f 3053/2106/3147 3259/2104/3355 3041/2121/3135
f 3260/2243/3356 3041/2121/3135 3259/2104/3355
f 3260/2243/3356 3042/2231/3136 3041/2121/3135
f 3042/2231/3136 3260/2243/3356 3261/2242/3357
f 3042/2231/3136 3261/2242/3357 3262/2230/3358
f 3043/2218/3137 3042/2231/3136 3262/2230/3358
f 3043/2218/3137 3262/2230/3358 3263/2217/3359
f 3045/2216/3139 3043/2218/3137 3263/2217/3359
f 3045/2216/3139 3263/2217/3359 3267/2215/3363
f 3270/3214/3366 3271/3215/912 3272/3216/3367
f 3270/3214/3366 3273/3217/3368 3271/3215/912
f 3271/3215/912 3273/3217/3368 3274/3218/3369
f 3271/3215/912 3274/3218/3369 3275/3219/3370
f 3276/3220/3371 3277/3221/3372 3278/3222/3373
f 3276/3220/3371 3272/3216/3367 3277/3221/3372
f 3272/3216/3367 3279/3223/3374 3277/3221/3372
f 3272/3216/3367 3271/3215/912 3279/3223/3374
f 3271/3215/912 3280/3224/3375 3279/3223/3374
f 3271/3215/912 3275/3219/3370 3280/3224/3375
f 3280/3224/3375 3275/3219/3370 3281/3225/667
f 3275/3219/3370 3282/3226/3376 3281/3225/667
f 3275/3219/3370 3274/3218/3369 3282/3226/3376
f 3283/3227/3377 3282/3226/3376 3274/3218/3369
f 3273/3217/3368 3283/3227/3377 3274/3218/3369
f 3273/3217/3368 3284/3228/3378 3283/3227/3377
f 3270/3214/3366 3284/3228/3378 3273/3217/3368
f 3270/3214/3366 3285/3229/3379 3284/3228/3378
f 3270/3214/3366 3286/3230/3380 3285/3229/3379
f 3285/3229/3379 3286/3230/3380 2135/3231/2272
f 3286/3230/3380 2124/3232/2261 2135/3231/2272
f 3286/3230/3380 3287/3233/3381 2124/3232/2261
f 3283/3227/3377 3288/3234/3382 3282/3226/3376
f 3283/3227/3377 2129/3235/2266 3288/3234/3382
f 3283/3227/3377 2127/3236/2264 2129/3235/2266
f 3284/3228/3378 2127/3236/2264 3283/3227/3377
f 3284/3228/3378 2130/3237/2267 2127/3236/2264
f 3285/3229/3379 2130/3237/2267 3284/3228/3378
f 3285/3229/3379 2132/3238/2269 2130/3237/2267
f 3285/3229/3379 2135/3231/2272 2132/3238/2269
f 3289/3239/3383 3280/3224/3375 3290/3240/3384
f 3289/3239/3383 3279/3223/3374 3280/3224/3375
f 3277/3221/3372 3279/3223/3374 3289/3239/3383
f 3277/3221/3372 3289/3239/3383 3278/3222/3373
f 3278/3222/3373 3289/3239/3383 3291/3241/3385
f 3278/3222/3373 3291/3241/3385 3292/3242/3386
f 2125/3243/2262 2124/3232/2261 3287/3233/3381
f 2125/3243/2262 3287/3233/3381 3293/3244/3387
f 3287/3233/3381 3294/3245/3388 3293/3244/3387
f 3287/3233/3381 3295/3246/3389 3294/3245/3388
f 3294/3245/3388 3295/3246/3389 3296/3247/3390
f 3295/3246/3389 3297/3248/3391 3296/3247/3390
f 3298/3249/3392 3296/3247/3390 3297/3248/3391
f 3298/3249/3392 3297/3248/3391 3276/3220/3371
f 3298/3249/3392 3276/3220/3371 3299/3250/3393
f 3276/3220/3371 3278/3222/3373 3299/3250/3393
f 3278/3222/3373 3300/3251/3394 3299/3250/3393
f 3278/3222/3373 3292/3242/3386 3300/3251/3394
f 3301/3252/3395 3300/3251/3394 3292/3242/3386
f 3301/3252/3395 3292/3242/3386 3291/3241/3385
f 3291/3241/3385 3302/3253/3396 3301/3252/3395
f 3291/3241/3385 3303/3254/3397 3302/3253/3396
f 3289/3239/3383 3303/3254/3397 3291/3241/3385
f 3289/3239/3383 3290/3240/3384 3303/3254/3397
f 3301/3252/3395 3302/3253/3396 3304/3255/641
f 3294/3245/3388 3296/3247/3390 3305/3256/3398
f 3298/3249/3392 3305/3256/3398 3296/3247/3390
f 3298/3249/3392 3299/3250/3393 3306/3257/3399
f 3299/3250/3393 3307/3258/3400 3306/3257/3399
f 3299/3250/3393 3300/3251/3394 3307/3258/3400
f 3300/3251/3394 3308/3259/3401 3307/3258/3400
f 3300/3251/3394 3301/3252/3395 3308/3259/3401
f 3308/3259/3401 3301/3252/3395 3309/3260/3402
f 3301/3252/3395 3304/3255/641 3309/3260/3402
f 3310/3261/3402 3309/3260/3402 3304/3255/641
f 3310/3261/3402 3304/3255/641 3311/3262/3403
f 3312/3263/3404 3310/3261/3402 3311/3262/3403
f 3312/3263/3404 3313/3264/3405 3310/3261/3402
f 936/3265/911 3313/3264/3405 3312/3263/3404
f 3314/3266/3406 3313/3264/3405 936/3265/911
f 3314/3266/3406 936/3265/911 658/3267/637
f 936/3265/911 3312/3263/3404 937/3268/912
f 3315/3269/3407 3313/3264/3405 3314/3266/3406
f 3315/3269/3407 3310/3261/3402 3313/3264/3405
f 3316/3270/3407 3310/3261/3402 3315/3269/3407
f 3316/3270/3407 3309/3260/3402 3310/3261/3402
f 3308/3259/3401 3309/3260/3402 3316/3270/3407
f 3317/3271/3408 3318/3272/3409 3319/3273/3410
f 3320/3274/3411 931/3275/906 930/3276/905
f 931/3275/906 3320/3274/3411 3321/3277/3412
f 931/3275/906 3321/3277/3412 932/3278/907
f 932/3278/907 3321/3277/3412 3322/3279/3413
f 932/3278/907 3322/3279/3413 933/3280/908
f 933/3280/908 3322/3279/3413 3323/3281/3414
f 933/3280/908 3323/3281/3414 642/3282/621
f 642/3282/621 3323/3281/3414 3319/3273/3410
f 642/3282/621 3319/3273/3410 643/3283/622
f 3319/3273/3410 644/3284/623 643/3283/622
f 3319/3273/3410 3318/3272/3409 644/3284/623
f 644/3284/623 3318/3272/3409 3324/3285/3415
f 3324/3285/3415 3318/3272/3409 3317/3271/3408
f 3324/3285/3415 3317/3271/3408 3325/3286/3416
f 3326/3287/3417 3325/3286/3416 3317/3271/3408
f 3326/3287/3417 3327/3288/3418 3325/3286/3416
f 3328/3289/3419 3327/3288/3418 3326/3287/3417
f 3328/3289/3419 3329/3290/3418 3327/3288/3418
f 3323/3281/3414 3322/3279/3413 3330/3291/3420
f 644/3284/623 3324/3285/3415 656/3292/635
f 656/3292/635 3324/3285/3415 3331/3293/3421
f 3331/3293/3421 3324/3285/3415 3325/3286/3416
f 3331/3293/3421 3325/3286/3416 3332/3294/3422
f 3327/3288/3418 3332/3294/3422 3325/3286/3416
f 3327/3288/3418 3333/3295/3423 3332/3294/3422
f 3333/3295/3423 3327/3288/3418 3329/3290/3418
f 3329/3290/3418 3334/3296/974 3333/3295/3423
f 3333/3295/3423 3334/3296/974 3308/3297/3401
f 3334/3296/974 3307/3298/3400 3308/3297/3401
f 656/3292/635 3331/3293/3421 657/3299/636
f 3331/3293/3421 658/3300/637 657/3299/636
f 3331/3293/3421 3314/3301/3406 658/3300/637
f 3314/3301/3406 3331/3293/3421 3332/3294/3422
f 3314/3301/3406 3332/3294/3422 3315/3302/3407
f 3333/3295/3423 3315/3302/3407 3332/3294/3422
f 3333/3295/3423 3316/3303/3407 3315/3302/3407
f 3333/3295/3423 3308/3297/3401 3316/3303/3407
f 3328/3289/3419 3335/3304/3424 3329/3290/3418
f 3329/3290/3418 3335/3304/3424 3334/3296/974
f 3335/3304/3424 3336/3305/1045 3334/3296/974
f 3334/3296/974 3336/3305/1045 3307/3298/3400
f 3337/3306/3425 3307/3298/3400 3336/3305/1045
f 3337/3306/3425 3306/3307/3399 3307/3298/3400
f 3298/3308/3392 3306/3307/3399 3337/3306/3425
f 3298/3308/3392 3337/3306/3425 3305/3309/3398
f 3305/3309/3398 3337/3306/3425 3338/3310/3426
f 3305/3309/3398 3338/3310/3426 3294/3311/3388
f 3339/3312/3419 3294/3311/3388 3338/3310/3426
f 3339/3312/3419 3293/3313/3387 3294/3311/3388
f 3293/3313/3387 3339/3312/3419 3340/3314/3427
f 3293/3313/3387 3340/3314/3427 2125/3315/2262
f 2125/3315/2262 3340/3314/3427 3341/3316/3428
f 3341/3316/3428 2142/3317/2279 2125/3315/2262
f 2142/3317/2279 3341/3316/3428 3342/3318/3429
f 2142/3317/2279 3342/3318/3429 2140/3319/2277
f 3338/3310/3426 3343/3320/3430 3339/3312/3419
f 3344/3321/3431 3345/3322/3432 3346/3323/3433
f 3347/3324/3434 3346/3323/3433 3345/3322/3432
f 3347/3324/3434 3348/3325/3435 3346/3323/3433
f 3347/3324/3434 3349/3326/3436 3348/3325/3435
f 3348/3325/3435 3349/3326/3436 3343/3320/3430
f 3350/3327/3437 3343/3320/3430 3349/3326/3436
f 3339/3312/3419 3343/3320/3430 3350/3327/3437
f 3339/3312/3419 3350/3327/3437 3340/3314/3427
f 3341/3316/3428 3340/3314/3427 3350/3327/3437
f 3341/3316/3428 3350/3327/3437 3342/3318/3429
f 3342/3318/3429 3350/3327/3437 3349/3326/3436
f 3342/3318/3429 3349/3326/3436 3347/3324/3434
f 2140/3319/2277 3342/3318/3429 3347/3324/3434
f 2140/3319/2277 3347/3324/3434 2139/3328/2276
f 3345/3322/3432 2139/3328/2276 3347/3324/3434
f 3345/3322/3432 2138/3329/2275 2139/3328/2276
f 3344/3321/3431 2138/3329/2275 3345/3322/3432
f 3344/3321/3431 2161/3330/2295 2138/3329/2275
f 2160/3331/887 2161/3330/2295 3344/3321/3431
f 2160/3331/887 3344/3321/3431 3351/3332/3438
f 3352/3333/3439 2160/3331/887 3351/3332/3438
f 3353/3334/3440 3352/3333/3439 3351/3332/3438
f 3354/3335/3441 3352/3333/3439 3353/3334/3440
f 3355/3336/3442 3354/3335/3441 3353/3334/3440
f 3356/3337/3443 3354/3335/3441 3355/3336/3442
f 3357/3338/3443 3356/3337/3443 3355/3336/3442
f 3356/3337/3443 3357/3338/3443 3358/3339/3444
f 3359/3340/3445 3358/3339/3444 3357/3338/3443
f 3358/3339/3444 3359/3340/3445 3360/3341/3446
f 3359/3340/3445 3361/3342/3447 3360/3341/3446
f 3356/3337/3443 3358/3339/3444 3362/3343/3448
f 3359/3340/3445 3357/3338/3443 3363/3344/3449
f 3363/3344/3449 3357/3338/3443 3364/3345/3450
f 3357/3338/3443 3355/3336/3442 3364/3345/3450
f 3364/3345/3450 3355/3336/3442 3365/3346/3451
f 3355/3336/3442 3353/3334/3440 3365/3346/3451
f 3365/3346/3451 3353/3334/3440 3366/3347/2289
f 3353/3334/3440 3351/3332/3438 3366/3347/2289
f 3365/3346/3451 3366/3347/2289 3367/3348/3452
f 3368/3349/3453 3365/3346/3451 3367/3348/3452
f 3364/3345/3450 3365/3346/3451 3368/3349/3453
f 3369/3350/3454 3364/3345/3450 3368/3349/3453
f 3363/3344/3449 3364/3345/3450 3369/3350/3454
f 3368/3349/3453 3367/3348/3452 3370/3351/3455
f 3371/3352/3456 3368/3349/3453 3370/3351/3455
f 3369/3350/3454 3368/3349/3453 3371/3352/3456
f 3371/3352/3456 3370/3351/3455 3372/3353/839
f 3359/3340/3445 3373/3354/3457 3361/3342/3447
f 3363/3344/3449 3373/3354/3457 3359/3340/3445
f 3363/3344/3449 3320/3274/3411 3373/3354/3457
f 3320/3274/3411 3363/3344/3449 3369/3350/3454
f 3320/3274/3411 3369/3350/3454 3321/3277/3412
f 3321/3277/3412 3369/3350/3454 3371/3352/3456
f 3321/3277/3412 3371/3352/3456 3322/3279/3413
f 3322/3279/3413 3371/3352/3456 3372/3353/839
f 3330/3291/3420 3322/3279/3413 3372/3353/839
f 3370/3351/3455 3330/3291/3420 3372/3353/839
f 3370/3351/3455 3374/3355/3458 3330/3291/3420
f 3367/3348/3452 3374/3355/3458 3370/3351/3455
f 3367/3348/3452 3375/3356/3459 3374/3355/3458
f 3366/3347/2289 3375/3356/3459 3367/3348/3452
f 3366/3347/2289 3376/3357/3460 3375/3356/3459
f 3351/3332/3438 3376/3357/3460 3366/3347/2289
f 3351/3332/3438 3344/3321/3431 3376/3357/3460
f 3344/3321/3431 3346/3323/3433 3376/3357/3460
f 3374/3355/3458 3377/3358/3461 3378/3359/3462
f 3375/3356/3459 3377/3358/3461 3374/3355/3458
f 3375/3356/3459 3379/3360/884 3377/3358/3461
f 3376/3357/3460 3379/3360/884 3375/3356/3459
f 3376/3357/3460 3346/3323/3433 3379/3360/884
f 3380/3361/1052 3379/3360/884 3346/3323/3433
f 3380/3361/1052 3346/3323/3433 3348/3325/3435
f 3380/3361/1052 3348/3325/3435 3381/3362/3463
f 3377/3358/3461 3382/3363/3464 3378/3359/3462
f 3377/3358/3461 3383/3364/3465 3382/3363/3464
f 3379/3360/884 3383/3364/3465 3377/3358/3461
f 3379/3360/884 3380/3361/1052 3383/3364/3465
f 3348/3325/3435 3343/3320/3430 3381/3362/3463
f 3381/3362/3463 3343/3320/3430 3384/3365/936
f 3338/3310/3426 3384/3365/936 3343/3320/3430
f 3337/3306/3425 3384/3365/936 3338/3310/3426
f 3337/3306/3425 3336/3305/1045 3384/3365/936
f 3335/3304/3424 3384/3365/936 3336/3305/1045
f 3381/3362/3463 3384/3365/936 3335/3304/3424
f 3328/3289/3419 3381/3362/3463 3335/3304/3424
f 3380/3361/1052 3381/3362/3463 3328/3289/3419
f 3380/3361/1052 3328/3289/3419 3326/3287/3417
f 3380/3361/1052 3326/3287/3417 3383/3364/3465
f 3383/3364/3465 3326/3287/3417 3317/3271/3408
f 3383/3364/3465 3317/3271/3408 3382/3363/3464
f 3317/3271/3408 3319/3273/3410 3382/3363/3464
f 3323/3281/3414 3382/3363/3464 3319/3273/3410
f 3323/3281/3414 3378/3359/3462 3382/3363/3464
f 3323/3281/3414 3330/3291/3420 3378/3359/3462
f 3374/3355/3458 3378/3359/3462 3330/3291/3420
f 3276/3220/3371 3297/3248/3391 3272/3216/3367
f 3297/3248/3391 3270/3214/3366 3272/3216/3367
f 3297/3248/3391 3385/3366/3466 3270/3214/3366
f 3270/3214/3366 3385/3366/3466 3286/3230/3380
f 3385/3366/3466 3287/3233/3381 3286/3230/3380
f 3385/3366/3466 3295/3246/3389 3287/3233/3381
f 3295/3246/3389 3385/3366/3466 3297/3248/3391
f 3386/2467/3467 3387/2471/3468 3388/2470/3469
f 3386/2467/3467 3388/2470/3469 3389/2466/3470
f 3390/2465/3471 3386/2467/3467 3389/2466/3470
f 3390/2465/3471 3389/2466/3470 3391/2469/3472
f 3388/2470/3469 3391/2469/3472 3389/2466/3470
f 3391/2469/3472 3392/2493/3473 3393/2492/3474
f 3388/2470/3469 3392/2493/3473 3391/2469/3472
f 3392/2493/3473 3388/2470/3469 3394/2472/3475
f 3394/2472/3475 3388/2470/3469 3387/2471/3468
f 3394/2472/3475 3387/2471/3468 3395/2473/3476
f 3396/2474/3477 3394/2472/3475 3395/2473/3476
f 3396/2474/3477 3397/2475/3478 3394/2472/3475
f 3398/2476/3479 3394/2472/3475 3397/2475/3478
f 3398/2476/3479 3397/2475/3478 3399/2477/3480
f 3400/2478/3481 3398/2476/3479 3399/2477/3480
f 3400/2478/3481 3399/2477/3480 3401/2479/3482
f 3400/2478/3481 3401/2479/3482 3402/2480/3483
f 3400/2478/3481 3402/2480/3483 3403/2481/3484
f 3403/2481/3484 3402/2480/3483 3404/2482/3485
f 3403/2481/3484 3404/2482/3485 3405/2483/3486
f 3405/2483/3486 3404/2482/3485 3406/2484/3487
f 3405/2483/3486 3406/2484/3487 3407/2485/3488
f 3405/2483/3486 3407/2485/3488 3408/2486/3489
f 3405/2483/3486 3408/2486/3489 3409/2487/3490
f 3409/2487/3490 3408/2486/3489 3410/2488/3491
f 3409/2487/3490 3410/2488/3491 3411/2489/3492
f 3412/2441/3493 3411/2489/3492 3410/2488/3491
f 3413/2490/3494 3411/2489/3492 3412/2441/3493
f 3413/2490/3494 3409/2487/3490 3411/2489/3492
f 3413/2490/3494 3414/2494/3495 3409/2487/3490
f 3414/2494/3495 3405/2483/3486 3409/2487/3490
f 3414/2494/3495 3403/2481/3484 3405/2483/3486
f 3393/2492/3474 3403/2481/3484 3414/2494/3495
f 3393/2492/3474 3400/2478/3481 3403/2481/3484
f 3393/2492/3474 3398/2476/3479 3400/2478/3481
f 3393/2492/3474 3392/2493/3473 3398/2476/3479
f 3392/2493/3473 3394/2472/3475 3398/2476/3479
f 3393/2492/3474 3414/2494/3495 3413/2490/3494
f 3415/3367/3496 3416/2456/3497 3417/2455/3498
f 3418/2454/3499 3417/2455/3498 3416/2456/3497
f 3418/2454/3499 3419/2452/3500 3417/2455/3498
f 3420/2453/3501 3419/2452/3500 3418/2454/3499
f 3420/2453/3501 3421/2451/3502 3419/2452/3500
f 3422/2449/3503 3421/2451/3502 3420/2453/3501
f 3422/2449/3503 3423/2450/3504 3421/2451/3502
f 3422/2449/3503 3424/2448/3505 3423/2450/3504
f 3425/2447/3506 3424/2448/3505 3422/2449/3503
f 3425/2447/3506 3426/2444/3507 3424/2448/3505
f 3427/2440/3508 3426/2444/3507 3425/2447/3506
f 3427/2440/3508 3428/2443/3509 3426/2444/3507
f 3427/2440/3508 3412/2441/3493 3428/2443/3509
f 3427/2440/3508 3429/2442/3510 3412/2441/3493
f 3413/2490/3494 3412/2441/3493 3429/2442/3510
f 3430/2491/3511 3413/2490/3494 3429/2442/3510
f 3393/2492/3474 3413/2490/3494 3430/2491/3511
f 3391/2469/3472 3393/2492/3474 3430/2491/3511
f 3422/2449/3503 3420/2453/3501 3431/2457/3512
f 3432/2446/3513 3433/2445/3514 3434/2461/3515
f 3433/2445/3514 3432/2446/3513 3429/2442/3510
f 3433/2445/3514 3429/2442/3510 3427/2440/3508
f 3433/2445/3514 3427/2440/3508 3425/2447/3506
f 3433/2445/3514 3425/2447/3506 3435/2462/3516
f 3422/2449/3503 3435/2462/3516 3425/2447/3506
f 3422/2449/3503 3436/2460/3517 3435/2462/3516
f 3436/2460/3517 3422/2449/3503 3431/2457/3512
f 3436/2460/3517 3431/2457/3512 3437/2463/3518
f 3434/2461/3515 3436/2460/3517 3437/2463/3518
f 3434/2461/3515 3437/2463/3518 3438/2464/3519
f 3390/2465/3471 3434/2461/3515 3438/2464/3519
f 3390/2465/3471 3439/2468/3520 3434/2461/3515
f 3390/2465/3471 3391/2469/3472 3439/2468/3520
f 3439/2468/3520 3391/2469/3472 3430/2491/3511
f 3439/2468/3520 3430/2491/3511 3432/2446/3513
f 3430/2491/3511 3429/2442/3510 3432/2446/3513
f 3432/2446/3513 3434/2461/3515 3439/2468/3520
f 3433/2445/3514 3436/2460/3517 3434/2461/3515
f 3433/2445/3514 3435/2462/3516 3436/2460/3517
f 3440/2421/3521 3441/2419/3522 3442/2420/3523
f 3443/2428/3524 3441/2419/3522 3440/2421/3521
f 3443/2428/3524 3440/2421/3521 3444/2426/3525
f 3445/2423/3526 3444/2426/3525 3440/2421/3521
f 3445/2423/3526 3440/2421/3521 3446/2422/3527
f 3446/2422/3527 3440/2421/3521 3442/2420/3523
f 3447/2433/3528 3431/2434/3512 3420/2416/3501
f 3448/2431/3529 3431/2434/3512 3447/2433/3528
f 3449/2412/3530 3448/2431/3529 3447/2433/3528
f 3449/2412/3530 3450/2430/3531 3448/2431/3529
f 3451/2413/3532 3450/2430/3531 3449/2412/3530
f 3451/2413/3532 3441/2419/3522 3450/2430/3531
f 3452/2408/3533 3441/2419/3522 3451/2413/3532
f 3452/2408/3533 3442/2420/3523 3441/2419/3522
f 3453/2541/3534 3442/2420/3523 3452/2408/3533
f 3446/2422/3527 3442/2420/3523 3453/2541/3534
f 3454/2539/3535 3446/2422/3527 3453/2541/3534
f 3455/2424/3536 3446/2422/3527 3454/2539/3535
f 3455/2424/3536 3445/2423/3526 3446/2422/3527
f 3445/2423/3526 3455/2424/3536 3396/2425/3477
f 3396/2425/3477 3444/2426/3525 3445/2423/3526
f 3395/2427/3476 3444/2426/3525 3396/2425/3477
f 3395/2427/3476 3443/2428/3524 3444/2426/3525
f 3456/2429/3537 3443/2428/3524 3395/2427/3476
f 3448/2431/3529 3437/2435/3518 3431/2434/3512
f 3454/2539/3535 3453/2541/3534 3457/2540/3538
f 3458/2542/3539 3457/2540/3538 3453/2541/3534
f 3456/2429/3537 3441/2419/3522 3443/2428/3524
f 3456/2429/3537 3450/2430/3531 3441/2419/3522
f 3456/2429/3537 3448/2431/3529 3450/2430/3531
f 3456/2429/3537 3459/2432/3540 3448/2431/3529
f 3459/2432/3540 3437/2435/3518 3448/2431/3529
f 3459/2432/3540 3438/2436/3519 3437/2435/3518
f 3390/2437/3471 3438/2436/3519 3459/2432/3540
f 3390/2437/3471 3459/2432/3540 3386/2438/3467
f 3386/2438/3467 3459/2432/3540 3456/2429/3537
f 3386/2438/3467 3456/2429/3537 3387/2439/3468
f 3456/2429/3537 3395/2427/3476 3387/2439/3468
f 3460/2405/3541 3416/2418/3497 3415/3368/3496
f 3460/2405/3541 3418/2417/3499 3416/2418/3497
f 3460/2405/3541 3461/2409/3542 3418/2417/3499
f 3420/2416/3501 3418/2417/3499 3461/2409/3542
f 3420/2416/3501 3461/2409/3542 3462/2415/3543
f 3447/2433/3528 3420/2416/3501 3462/2415/3543
f 3463/2414/3544 3447/2433/3528 3462/2415/3543
f 3463/2414/3544 3449/2412/3530 3447/2433/3528
f 3464/2411/3545 3449/2412/3530 3463/2414/3544
f 3464/2411/3545 3451/2413/3532 3449/2412/3530
f 3465/2401/3546 3451/2413/3532 3464/2411/3545
f 3465/2401/3546 3452/2408/3533 3451/2413/3532
f 3465/2401/3546 3466/2400/3547 3452/2408/3533
f 3453/2541/3534 3452/2408/3533 3466/2400/3547
f 3453/2541/3534 3466/2400/3547 3467/2543/3548
f 3458/2542/3539 3453/2541/3534 3467/2543/3548
f 3468/2544/3549 3458/2542/3539 3467/2543/3548
f 3468/2544/3549 3467/2543/3548 3469/2399/3550
f 3470/2397/3551 3468/2544/3549 3469/2399/3550
f 3469/2399/3550 3467/2543/3548 3466/2400/3547
f 3465/2401/3546 3464/2411/3545 3471/2402/3552
f 3464/2411/3545 3472/2410/3553 3471/2402/3552
f 3464/2411/3545 3463/2414/3544 3472/2410/3553
f 3462/2415/3543 3472/2410/3553 3463/2414/3544
f 3472/2410/3553 3462/2415/3543 3461/2409/3542
f 3472/2410/3553 3461/2409/3542 3473/2403/3554
f 3460/2405/3541 3473/2403/3554 3461/2409/3542
f 3471/2402/3552 3472/2410/3553 3473/2403/3554
f 3474/2384/3555 3475/2363/3556 3476/2364/3557
f 3474/2384/3555 3477/2383/3558 3475/2363/3556
f 3474/2384/3555 3478/2395/3559 3477/2383/3558
f 3477/2383/3558 3478/2395/3559 3479/2396/3560
f 3477/2383/3558 3479/2396/3560 3480/2382/3561
f 3480/2382/3561 3479/2396/3560 3470/2397/3551
f 3480/2382/3561 3470/2397/3551 3481/2381/3562
f 3470/2397/3551 3469/2399/3550 3481/2381/3562
f 3481/2381/3562 3469/2399/3550 3482/2380/3563
f 3469/2399/3550 3466/2400/3547 3482/2380/3563
f 3482/2380/3563 3466/2400/3547 3483/2379/3564
f 3465/2401/3546 3483/2379/3564 3466/2400/3547
f 3483/2379/3564 3465/2401/3546 3484/2378/3565
f 3465/2401/3546 3471/2402/3552 3484/2378/3565
f 3484/2378/3565 3471/2402/3552 3485/2377/3566
f 3471/2402/3552 3473/2403/3554 3485/2377/3566
f 3486/2404/3567 3485/2377/3566 3473/2403/3554
f 3460/2405/3541 3486/2404/3567 3473/2403/3554
f 3475/2363/3556 3477/2383/3558 3480/2382/3561
f 3487/2357/3568 3488/2359/3569 3489/2360/3570
f 3487/2357/3568 3490/2356/3571 3488/2359/3569
f 3490/2356/3571 3491/2361/3572 3488/2359/3569
f 3490/2356/3571 3492/2355/3573 3491/2361/3572
f 3492/2355/3573 3493/2362/3574 3491/2361/3572
f 3492/2355/3573 3494/2354/3575 3493/2362/3574
f 3494/2354/3575 3475/2363/3556 3493/2362/3574
f 3493/2362/3574 3475/2363/3556 3495/2372/3576
f 3475/2363/3556 3480/2382/3561 3495/2372/3576
f 3495/2372/3576 3480/2382/3561 3481/2381/3562
f 3495/2372/3576 3481/2381/3562 3496/2376/3577
f 3481/2381/3562 3482/2380/3563 3496/2376/3577
f 3496/2376/3577 3482/2380/3563 3497/2268/3578
f 3482/2380/3563 3483/2379/3564 3497/2268/3578
f 3497/2268/3578 3483/2379/3564 3498/2270/3579
f 3483/2379/3564 3484/2378/3565 3498/2270/3579
f 3498/2270/3579 3484/2378/3565 3499/2272/992
f 3484/2378/3565 3485/2377/3566 3499/2272/992
f 3493/2362/3574 3495/2372/3576 3500/2371/3580
f 3500/2371/3580 3495/2372/3576 3496/2376/3577
f 3500/2371/3580 3496/2376/3577 3501/2269/3581
f 3496/2376/3577 3497/2268/3578 3501/2269/3581
f 3501/2269/3581 3497/2268/3578 3502/2267/3582
f 3497/2268/3578 3498/2270/3579 3502/2267/3582
f 3502/2267/3582 3498/2270/3579 3503/2271/3583
f 3498/2270/3579 3499/2272/992 3503/2271/3583
f 3491/2361/3572 3493/2362/3574 3500/2371/3580
f 3491/2361/3572 3500/2371/3580 3504/2370/3584
f 3504/2370/3584 3500/2371/3580 3501/2269/3581
f 3504/2370/3584 3501/2269/3581 3505/2366/3585
f 3501/2269/3581 3502/2267/3582 3505/2366/3585
f 3505/2366/3585 3502/2267/3582 3506/2365/3586
f 3502/2267/3582 3503/2271/3583 3506/2365/3586
f 3507/2273/3587 3506/2365/3586 3503/2271/3583
f 3507/2273/3587 3503/2271/3583 3499/2272/992
f 3507/2273/3587 3499/2272/992 3508/2274/3588
f 3485/2377/3566 3508/2274/3588 3499/2272/992
f 3485/2377/3566 3509/2407/3589 3508/2274/3588
f 3486/2404/3567 3509/2407/3589 3485/2377/3566
f 3509/2407/3589 3486/2404/3567 3510/2406/3590
f 3486/2404/3567 3511/2266/3591 3510/2406/3590
f 3512/2265/3592 3510/2406/3590 3511/2266/3591
f 3512/2265/3592 3511/2266/3591 3513/2264/3591
f 3512/2265/3592 3513/2264/3591 3514/2263/3593
f 3515/2369/3594 3504/2370/3584 3505/2366/3585
f 3515/2369/3594 3505/2366/3585 3516/2367/3595
f 3505/2366/3585 3506/2365/3586 3516/2367/3595
f 3506/2365/3586 3517/2368/3596 3516/2367/3595
f 3507/2273/3587 3517/2368/3596 3506/2365/3586
f 3517/2368/3596 3507/2273/3587 3518/2291/3597
f 3517/2368/3596 3518/2291/3597 3519/2374/3598
f 3517/2368/3596 3515/2369/3594 3516/2367/3595
f 3488/2359/3569 3491/2361/3572 3504/2370/3584
f 3488/2359/3569 3504/2370/3584 3515/2369/3594
f 3489/2360/3570 3488/2359/3569 3515/2369/3594
f 3489/2360/3570 3515/2369/3594 3517/2368/3596
f 3520/2373/639 3489/2360/3570 3517/2368/3596
f 3520/2373/639 3517/2368/3596 3519/2374/3598
f 3521/2375/3599 3520/2373/639 3519/2374/3598
f 3521/2375/3599 3519/2374/3598 3522/2292/3600
f 3522/2292/3600 3519/2374/3598 3518/2291/3597
f 3522/2292/3600 3518/2291/3597 3523/2288/3601
f 3523/2288/3601 3518/2291/3597 3524/2275/3602
f 3507/2273/3587 3524/2275/3602 3518/2291/3597
f 3507/2273/3587 3508/2274/3588 3524/2275/3602
f 3508/2274/3588 3525/2276/3603 3524/2275/3602
f 3508/2274/3588 3509/2407/3589 3525/2276/3603
f 3509/2407/3589 3510/2406/3590 3525/2276/3603
f 3512/2265/3592 3525/2276/3603 3510/2406/3590
f 3512/2265/3592 3526/2277/3604 3525/2276/3603
f 3526/2277/3604 3524/2275/3602 3525/2276/3603
f 3526/2277/3604 3527/2287/3605 3524/2275/3602
f 3523/2288/3601 3524/2275/3602 3527/2287/3605
f 3528/2289/3606 3523/2288/3601 3527/2287/3605
f 3529/2290/973 3523/2288/3601 3528/2289/3606
f 3529/2290/973 3522/2292/3600 3523/2288/3601
f 3530/2293/3607 3522/2292/3600 3529/2290/973
f 3530/2293/3607 3521/2375/3599 3522/2292/3600
f 3531/2295/769 3521/2375/3599 3530/2293/3607
f 3531/2295/769 3532/2296/3608 3521/2375/3599
f 3532/2296/3608 3520/2373/639 3521/2375/3599
f 3532/2296/3608 3533/2358/3609 3520/2373/639
f 3533/2358/3609 3489/2360/3570 3520/2373/639
f 3533/2358/3609 3487/2357/3568 3489/2360/3570
f 3512/2265/3592 3514/2263/3593 3534/2278/979
f 3526/2277/3604 3512/2265/3592 3534/2278/979
f 3526/2277/3604 3534/2278/979 3535/2303/3610
f 3527/2287/3605 3526/2277/3604 3535/2303/3610
f 3527/2287/3605 3535/2303/3610 3536/2302/3611
f 3528/2289/3606 3527/2287/3605 3536/2302/3611
f 3536/2302/3611 3537/2301/2449 3528/2289/3606
f 3529/2290/973 3528/2289/3606 3537/2301/2449
f 3529/2290/973 3537/2301/2449 3538/2300/3423
f 3530/2293/3607 3529/2290/973 3538/2300/3423
f 3530/2293/3607 3538/2300/3423 3539/2299/3612
f 3531/2295/769 3530/2293/3607 3539/2299/3612
f 3531/2295/769 3539/2299/3612 3540/2298/3613
f 3531/2295/769 3540/2298/3613 3541/2297/3614
f 3531/2295/769 3541/2297/3614 3542/2294/3615
f 3542/2294/3615 3532/2296/3608 3531/2295/769
f 3542/2294/3615 3543/2313/3616 3532/2296/3608
f 3543/2313/3616 3533/2358/3609 3532/2296/3608
f 3536/2302/3611 3544/2304/3617 3537/2301/2449
f 3536/2302/3611 3545/2283/3618 3544/2304/3617
f 3536/2302/3611 3535/2303/3610 3545/2283/3618
f 3535/2303/3610 3546/2280/979 3545/2283/3618
f 3535/2303/3610 3534/2278/979 3546/2280/979
f 3534/2278/979 3547/2279/763 3546/2280/979
f 3534/2278/979 3514/2263/3593 3547/2279/763
f 3537/2301/2449 993/2305/965 994/2306/966
f 3538/2300/3423 3537/2301/2449 994/2306/966
f 3538/2300/3423 994/2306/966 982/2307/956
f 3539/2299/3612 3538/2300/3423 982/2307/956
f 3539/2299/3612 982/2307/956 980/2308/954
f 3540/2298/3613 3539/2299/3612 980/2308/954
f 3540/2298/3613 980/2308/954 979/2309/953
f 3540/2298/3613 979/2309/953 977/2310/951
f 3540/2298/3613 977/2310/951 3541/2297/3614
f 3548/2311/3619 3541/2297/3614 977/2310/951
f 3542/2294/3615 3541/2297/3614 3548/2311/3619
f 3542/2294/3615 3548/2311/3619 3549/2312/3620
f 3543/2313/3616 3542/2294/3615 3549/2312/3620
f 3543/2313/3616 3549/2312/3620 3550/2314/3621
f 3551/2315/3622 3543/2313/3616 3550/2314/3621
f 3551/2315/3622 3550/2314/3621 3552/2333/3623
f 3553/2338/3624 3551/2315/3622 3552/2333/3623
f 3553/2338/3624 3552/2333/3623 3554/2331/3625
f 3548/2311/3619 977/2310/951 975/2316/660
f 3555/3369/3626 3556/2334/690 3557/3370/3627
f 3557/3370/3627 3556/2334/690 3558/2335/3628
f 3550/2314/3621 3558/2335/3628 3556/2334/690
f 3550/2314/3621 3549/2312/3620 3558/2335/3628
f 3549/2312/3620 3559/2318/3629 3558/2335/3628
f 3549/2312/3620 3548/2311/3619 3559/2318/3629
f 3548/2311/3619 681/2320/660 3559/2318/3629
f 3548/2311/3619 975/2321/660 681/2320/660
f 680/2317/659 3559/2318/3629 681/2320/660
f 680/2317/659 3560/2319/3630 3559/2318/3629
f 3561/3371/3631 3559/2318/3629 3560/2319/3630
f 3561/3371/3631 3558/2335/3628 3559/2318/3629
f 3557/3370/3627 3558/2335/3628 3561/3371/3631
f 3543/2313/3616 3551/2315/3622 3533/2358/3609
f 3487/2357/3568 3533/2358/3609 3551/2315/3622
f 3487/2357/3568 3551/2315/3622 3553/2338/3624
f 3490/2356/3571 3487/2357/3568 3553/2338/3624
f 3490/2356/3571 3553/2338/3624 3562/2339/3632
f 3562/2339/3632 3492/2355/3573 3490/2356/3571
f 3562/2339/3632 3563/2340/3633 3492/2355/3573
f 3494/2354/3575 3492/2355/3573 3563/2340/3633
f 3494/2354/3575 3563/2340/3633 3564/2341/3634
f 3562/2339/3632 3553/2338/3624 3554/2331/3625
f 3562/2339/3632 3554/2331/3625 3565/2329/3635
f 3563/2340/3633 3562/2339/3632 3565/2329/3635
f 3563/2340/3633 3565/2329/3635 3566/2327/3636
f 3564/2341/3634 3563/2340/3633 3566/2327/3636
f 3564/2341/3634 3566/2327/3636 3567/2326/3637
f 3567/2326/3637 3566/2327/3636 3568/2325/3638
f 3566/2327/3636 3569/2328/3639 3568/2325/3638
f 3566/2327/3636 3565/2329/3635 3569/2328/3639
f 3565/2329/3635 3570/2330/3640 3569/2328/3639
f 3565/2329/3635 3554/2331/3625 3570/2330/3640
f 3554/2331/3625 3571/2332/3629 3570/2330/3640
f 3554/2331/3625 3552/2333/3623 3571/2332/3629
f 3552/2333/3623 3550/2314/3621 3556/2334/690
f 3552/2333/3623 3556/2334/690 3571/2332/3629
f 3555/3369/3626 3571/2332/3629 3556/2334/690
f 3572/3372/3641 3571/2332/3629 3555/3369/3626
f 3570/2330/3640 3571/2332/3629 3572/3372/3641
f 3570/2330/3640 3572/3372/3641 3573/2337/3642
f 3570/2330/3640 3573/2337/3642 3574/2336/3643
f 3570/2330/3640 3574/2336/3643 3569/2328/3639
f 3423/2322/3504 3569/2328/3639 3574/2336/3643
f 3423/2322/3504 3568/2325/3638 3569/2328/3639
f 3423/2322/3504 3575/2323/3644 3568/2325/3638
f 3575/2323/3644 3567/2326/3637 3568/2325/3638
f 3575/2323/3644 3576/2342/3645 3567/2326/3637
f 3564/2341/3634 3567/2326/3637 3576/2342/3645
f 3564/2341/3634 3576/2342/3645 3577/2353/3646
f 3494/2354/3575 3564/2341/3634 3577/2353/3646
f 3494/2354/3575 3577/2353/3646 3476/2364/3557
f 3494/2354/3575 3476/2364/3557 3475/2363/3556
f 3576/2342/3645 3575/2323/3644 3578/2343/3647
f 3423/2322/3504 3424/2324/3505 3575/2323/3644
f 3424/2324/3505 3578/2343/3647 3575/2323/3644
f 3424/2324/3505 3426/2344/3507 3578/2343/3647
f 3426/2344/3507 3579/2345/3648 3578/2343/3647
f 3426/2344/3507 3428/2346/3509 3579/2345/3648
f 3412/2347/3493 3579/2345/3648 3428/2346/3509
f 3412/2347/3493 3410/2348/3491 3579/2345/3648
f 3410/2348/3491 3580/2349/3649 3579/2345/3648
f 3578/2343/3647 3579/2345/3648 3580/2349/3649
f 3578/2343/3647 3580/2349/3649 3581/2352/3650
f 3576/2342/3645 3578/2343/3647 3581/2352/3650
f 3577/2353/3646 3576/2342/3645 3581/2352/3650
f 3577/2353/3646 3581/2352/3650 3582/2350/3651
f 3476/2364/3557 3577/2353/3646 3582/2350/3651
f 3476/2364/3557 3582/2350/3651 3583/2385/3652
f 3474/2384/3555 3476/2364/3557 3583/2385/3652
f 3584/2387/3653 3474/2384/3555 3583/2385/3652
f 3584/2387/3653 3583/2385/3652 3585/2386/3654
f 3583/2385/3652 3582/2350/3651 3585/2386/3654
f 3585/2386/3654 3582/2350/3651 3586/2351/3655
f 3582/2350/3651 3580/2349/3649 3586/2351/3655
f 3582/2350/3651 3581/2352/3650 3580/2349/3649
f 3474/2384/3555 3587/2394/3656 3478/2395/3559
f 3474/2384/3555 3588/2393/3657 3587/2394/3656
f 3474/2384/3555 3584/2387/3653 3588/2393/3657
f 3584/2387/3653 3589/2392/3658 3588/2393/3657
f 3584/2387/3653 3590/2391/3659 3589/2392/3658
f 3590/2391/3659 3584/2387/3653 3585/2386/3654
f 3590/2391/3659 3585/2386/3654 3591/2390/3660
f 3585/2386/3654 3586/2351/3655 3591/2390/3660
f 3407/2389/3488 3591/2390/3660 3586/2351/3655
f 3580/2349/3649 3407/2389/3488 3586/2351/3655
f 3580/2349/3649 3408/2388/3489 3407/2389/3488
f 3410/2348/3491 3408/2388/3489 3580/2349/3649
f 3406/2398/3487 3589/2392/3658 3590/2391/3659
f 3591/2390/3660 3406/2398/3487 3590/2391/3659
f 3407/2389/3488 3406/2398/3487 3591/2390/3660
f 3404/2530/3485 3592/2529/3661 3406/2509/3487
f 3402/2531/3483 3592/2529/3661 3404/2530/3485
f 3402/2531/3483 3593/2532/3662 3592/2529/3661
f 3401/2533/3482 3593/2532/3662 3402/2531/3483
f 3401/2533/3482 3594/2534/3663 3593/2532/3662
f 3401/2533/3482 3595/2535/3664 3594/2534/3663
f 3401/2533/3482 3399/2536/3480 3595/2535/3664
f 3399/2536/3480 3596/2537/3665 3595/2535/3664
f 3399/2536/3480 3397/2538/3478 3596/2537/3665
f 3397/2538/3478 3396/2525/3477 3596/2537/3665
f 3597/2518/3666 3598/2520/3667 3458/2519/3539
f 3598/2520/3667 3457/2521/3538 3458/2519/3539
f 3598/2520/3667 3454/2522/3535 3457/2521/3538
f 3599/2523/3668 3454/2522/3535 3598/2520/3667
f 3599/2523/3668 3455/2524/3536 3454/2522/3535
f 3396/2525/3477 3455/2524/3536 3599/2523/3668
f 3396/2525/3477 3599/2523/3668 3600/2526/3669
f 3601/2502/3670 3602/2501/3671 3603/2503/3672
f 3601/2502/3670 3604/2504/3673 3602/2501/3671
f 3604/2504/3673 3601/2502/3670 3605/2505/3674
f 3604/2504/3673 3605/2505/3674 3606/2515/3675
f 3605/2505/3674 3597/2518/3666 3606/2515/3675
f 3605/2505/3674 3607/2528/3676 3597/2518/3666
f 3607/2528/3676 3598/2520/3667 3597/2518/3666
f 3607/2528/3676 3599/2523/3668 3598/2520/3667
f 3608/2527/3677 3599/2523/3668 3607/2528/3676
f 3608/2527/3677 3600/2526/3669 3599/2523/3668
f 3609/2506/3678 3608/2527/3677 3607/2528/3676
f 3609/2506/3678 3607/2528/3676 3605/2505/3674
f 3601/2502/3670 3609/2506/3678 3605/2505/3674
f 3601/2502/3670 3610/2507/3679 3609/2506/3678
f 3611/2508/3680 3610/2507/3679 3601/2502/3670
f 3611/2508/3680 3601/2502/3670 3603/2503/3672
f 3603/2503/3672 3406/2509/3487 3611/2508/3680
f 3603/2503/3672 3589/2510/3658 3406/2509/3487
f 3603/2503/3672 3588/2511/3657 3589/2510/3658
f 3603/2503/3672 3602/2501/3671 3588/2511/3657
f 3602/2501/3671 3587/2512/3656 3588/2511/3657
f 3602/2501/3671 3478/2513/3559 3587/2512/3656
f 3604/2504/3673 3478/2513/3559 3602/2501/3671
f 3604/2504/3673 3479/2514/3560 3478/2513/3559
f 3479/2514/3560 3604/2504/3673 3606/2515/3675
f 3479/2514/3560 3606/2515/3675 3470/2516/3551
f 3606/2515/3675 3468/2517/3549 3470/2516/3551
f 3606/2515/3675 3597/2518/3666 3468/2517/3549
f 3597/2518/3666 3458/2519/3539 3468/2517/3549
f 3612/2811/3681 3613/2631/3682 3614/2812/3683
f 3612/2811/3681 3614/2812/3683 3615/2804/3684
f 3616/2805/3685 3612/2811/3681 3615/2804/3684
f 3616/2805/3685 3615/2804/3684 3617/2806/3686
f 3618/2807/3687 3616/2805/3685 3617/2806/3686
f 3618/2807/3687 3619/2808/3688 3616/2805/3685
f 3620/2678/983 3621/2680/3689 3619/2808/3688
f 3620/2678/983 3619/2808/3688 3618/2807/3687
f 3620/2678/983 3618/2807/3687 3622/2677/3690
f 3617/2806/3686 3622/2677/3690 3618/2807/3687
f 3617/2806/3686 3623/2817/3691 3622/2677/3690
f 3617/2806/3686 3624/2816/3692 3623/2817/3691
f 3617/2806/3686 3615/2804/3684 3624/2816/3692
f 3615/2804/3684 3625/2815/940 3624/2816/3692
f 3615/2804/3684 3614/2812/3683 3625/2815/940
f 3614/2812/3683 3626/2814/3693 3625/2815/940
f 3614/2812/3683 3627/2813/3694 3626/2814/3693
f 3614/2812/3683 3628/2632/3695 3627/2813/3694
f 3614/2812/3683 3613/2631/3682 3628/2632/3695
f 3613/2631/3682 3629/2621/3696 3628/2632/3695
f 3630/2679/3697 3620/2678/983 3631/2675/937
f 3620/2678/983 3622/2677/3690 3631/2675/937
f 3631/2675/937 3622/2677/3690 949/2676/922
f 3623/2817/3691 949/2676/922 3622/2677/3690
f 3623/2817/3691 947/2827/923 949/2676/922
f 3623/2817/3691 946/2826/922 947/2827/923
f 3623/2817/3691 3624/2816/3692 946/2826/922
f 3624/2816/3692 968/2825/943 946/2826/922
f 3624/2816/3692 3625/2815/940 968/2825/943
f 3625/2815/940 674/2824/653 968/2825/943
f 3625/2815/940 3626/2814/3693 674/2824/653
f 3626/2814/3693 666/2823/645 674/2824/653
f 3626/2814/3693 3632/2822/3698 666/2823/645
f 3633/2821/3699 3632/2822/3698 3626/2814/3693
f 3633/2821/3699 3626/2814/3693 3627/2813/3694
f 3627/2813/3694 3634/2820/3700 3633/2821/3699
f 3627/2813/3694 3628/2632/3695 3634/2820/3700
f 3635/2819/3701 3634/2820/3700 3628/2632/3695
f 3636/2698/3702 3637/2699/3703 3638/2700/3704
f 3639/2697/3705 3637/2699/3703 3636/2698/3702
f 3639/2697/3705 3636/2698/3702 3640/2688/3706
f 3639/2697/3705 3640/2688/3706 3641/2687/3707
f 3642/2696/3708 3639/2697/3705 3641/2687/3707
f 3642/2696/3708 3641/2687/3707 3643/2686/3709
f 3644/2695/3710 3642/2696/3708 3643/2686/3709
f 3644/2695/3710 3643/2686/3709 3645/2685/3711
f 3646/2694/3712 3644/2695/3710 3645/2685/3711
f 3646/2694/3712 3645/2685/3711 3647/2684/3713
f 3648/2693/3714 3646/2694/3712 3647/2684/3713
f 3648/2693/3714 3647/2684/3713 3649/2683/3715
f 3650/2692/3716 3648/2693/3714 3649/2683/3715
f 3650/2692/3716 3649/2683/3715 3651/2681/3717
f 3652/2691/3718 3650/2692/3716 3651/2681/3717
f 3652/2691/3718 3651/2681/3717 3630/2679/3697
f 3652/2691/3718 3630/2679/3697 3653/2690/3418
f 3630/2679/3697 3631/2675/937 3653/2690/3418
f 3653/2690/3418 3631/2675/937 950/2689/925
f 3631/2675/937 949/2676/922 950/2689/925
f 3652/2691/3718 3653/2690/3418 3654/2701/3719
f 3639/2697/3705 3655/2702/3720 3637/2699/3703
f 3639/2697/3705 3656/2703/3721 3655/2702/3720
f 3639/2697/3705 3642/2696/3708 3656/2703/3721
f 3657/2704/3722 3656/2703/3721 3642/2696/3708
f 3657/2704/3722 3642/2696/3708 3644/2695/3710
f 3644/2695/3710 3658/2705/3723 3657/2704/3722
f 3644/2695/3710 3646/2694/3712 3658/2705/3723
f 3646/2694/3712 3659/2706/3724 3658/2705/3723
f 3646/2694/3712 3648/2693/3714 3659/2706/3724
f 3660/2707/3725 3659/2706/3724 3648/2693/3714
f 3660/2707/3725 3648/2693/3714 3650/2692/3716
f 3661/2708/3726 3660/2707/3725 3650/2692/3716
f 3661/2708/3726 3650/2692/3716 3652/2691/3718
f 3652/2691/3718 3662/2709/3727 3661/2708/3726
f 3652/2691/3718 3654/2701/3719 3662/2709/3727
f 3654/2701/3719 1100/2710/1064 3662/2709/3727
f 3654/2701/3719 1101/2711/1064 1100/2710/1064
f 3654/2701/3719 1102/2712/1065 1101/2711/1064
f 3654/2701/3719 3653/2690/3418 1102/2712/1065
f 3653/2690/3418 950/2689/925 1102/2712/1065
f 3655/2702/3720 3656/2703/3721 3663/2713/3728
f 3656/2703/3721 3664/2714/3729 3663/2713/3728
f 3656/2703/3721 3657/2704/3722 3664/2714/3729
f 3657/2704/3722 3665/2715/3730 3664/2714/3729
f 3657/2704/3722 3658/2705/3723 3665/2715/3730
f 3658/2705/3723 3666/2716/3731 3665/2715/3730
f 3658/2705/3723 3659/2706/3724 3666/2716/3731
f 3659/2706/3724 3667/2717/3732 3666/2716/3731
f 3659/2706/3724 3660/2707/3725 3667/2717/3732
f 3660/2707/3725 3668/2718/3733 3667/2717/3732
f 3660/2707/3725 3661/2708/3726 3668/2718/3733
f 3661/2708/3726 3669/2719/1078 3668/2718/3733
f 3661/2708/3726 3662/2709/3727 3669/2719/1078
f 3669/2719/1078 3662/2709/3727 1100/2710/1064
f 3669/2719/1078 1100/2710/1064 1103/2720/1066
f 3663/2713/3728 3664/2714/3729 3670/2721/3734
f 3664/2714/3729 3671/2722/3735 3670/2721/3734
f 3664/2714/3729 3665/2715/3730 3671/2722/3735
f 3665/2715/3730 3672/2723/3736 3671/2722/3735
f 3665/2715/3730 3666/2716/3731 3672/2723/3736
f 3672/2723/3736 3666/2716/3731 3667/2717/3732
f 3672/2723/3736 3667/2717/3732 3673/2724/3737
f 3673/2724/3737 3667/2717/3732 3668/2718/3733
f 3673/2724/3737 3668/2718/3733 3674/2725/3738
f 3668/2718/3733 3675/2726/3739 3674/2725/3738
f 3668/2718/3733 3669/2719/1078 3675/2726/3739
f 3669/2719/1078 1103/2739/1066 1105/2738/1066
f 3669/2719/1078 1105/2738/1066 3675/2726/3739
f 664/2737/643 3675/2726/3739 1105/2738/1066
f 664/2737/643 3676/2736/3740 3675/2726/3739
f 3677/2735/3741 3675/2726/3739 3676/2736/3740
f 3677/2735/3741 3674/2725/3738 3675/2726/3739
f 3678/2734/3742 3674/2725/3738 3677/2735/3741
f 3678/2734/3742 3673/2724/3737 3674/2725/3738
f 3679/2733/3743 3673/2724/3737 3678/2734/3742
f 3679/2733/3743 3672/2723/3736 3673/2724/3737
f 3680/3373/3744 3672/2723/3736 3679/2733/3743
f 3671/2722/3735 3672/2723/3736 3680/3373/3744
f 3671/2722/3735 3680/3373/3744 3681/2731/3745
f 3670/2721/3734 3671/2722/3735 3681/2731/3745
f 3670/2721/3734 3681/2731/3745 3682/2730/3746
f 3682/2730/3746 3683/2729/3747 3670/2721/3734
f 3663/2713/3728 3670/2721/3734 3683/2729/3747
f 3684/2728/3748 3663/2713/3728 3683/2729/3747
f 3685/2741/3749 3686/2743/3750 3687/2742/3751
f 3688/2727/3752 3685/2741/3749 3687/2742/3751
f 3688/2727/3752 3689/2740/3753 3685/2741/3749
f 3689/2740/3753 3688/2727/3752 3684/2728/3748
f 3689/2740/3753 3684/2728/3748 3683/2729/3747
f 3682/2730/3746 3690/2744/3754 3683/2729/3747
f 3690/2744/3754 3689/2740/3753 3683/2729/3747
f 3690/2744/3754 3691/2745/3755 3689/2740/3753
f 3692/2746/3756 3689/2740/3753 3691/2745/3755
f 3692/2746/3756 3685/2741/3749 3689/2740/3753
f 3692/2746/3756 3693/2747/3757 3685/2741/3749
f 3685/2741/3749 3693/2747/3757 3686/2743/3750
f 3694/2748/3758 3686/2743/3750 3693/2747/3757
f 3694/2748/3758 3695/2749/3759 3686/2743/3750
f 3686/2743/3750 3695/2749/3759 3696/2750/3760
f 3692/2746/3756 3697/2751/3761 3693/2747/3757
f 3698/2752/3762 3693/2747/3757 3697/2751/3761
f 3698/2752/3762 3694/2748/3758 3693/2747/3757
f 3655/2702/3720 3663/2713/3728 3684/2728/3748
f 3655/2702/3720 3684/2728/3748 3688/2727/3752
f 3655/2702/3720 3688/2727/3752 3637/2699/3703
f 3637/2699/3703 3688/2727/3752 3687/2742/3751
f 3637/2699/3703 3687/2742/3751 3638/2700/3704
f 3638/2700/3704 3687/2742/3751 3686/2743/3750
f 3638/2700/3704 3686/2743/3750 3699/2763/3763
f 3686/2743/3750 3696/2750/3760 3699/2763/3763
f 3696/2750/3760 3700/2762/3764 3699/2763/3763
f 3696/2750/3760 3701/2761/3765 3700/2762/3764
f 3700/2762/3764 3701/2761/3765 3702/2760/3766
f 3701/2761/3765 3703/2759/3767 3702/2760/3766
f 3704/2758/3768 3702/2760/3766 3703/2759/3767
f 3704/2758/3768 3703/2759/3767 3705/2757/3769
f 3706/2755/3770 3704/2758/3768 3705/2757/3769
f 3706/2755/3770 3705/2757/3769 3707/2756/3771
f 3706/2755/3770 3707/2756/3771 3708/2754/3772
f 3706/2755/3770 3708/2754/3772 3709/2753/3773
f 3636/2698/3702 3638/2700/3704 3710/2764/3774
f 3710/2764/3774 3638/2700/3704 3711/2765/3775
f 3711/2765/3775 3638/2700/3704 3699/2763/3763
f 3711/2765/3775 3699/2763/3763 3700/2762/3764
f 3702/2760/3766 3711/2765/3775 3700/2762/3764
f 3702/2760/3766 3704/2758/3768 3711/2765/3775
f 3704/2758/3768 3710/2764/3774 3711/2765/3775
f 3704/2758/3768 3706/2755/3770 3710/2764/3774
f 3706/2755/3770 3636/2698/3702 3710/2764/3774
f 3706/2755/3770 3640/2688/3706 3636/2698/3702
f 3706/2755/3770 3709/2753/3773 3640/2688/3706
f 3709/2753/3773 3708/2754/3772 3712/2672/3776
f 3709/2753/3773 3712/2672/3776 3713/2671/3777
f 3640/2688/3706 3709/2753/3773 3713/2671/3777
f 3640/2688/3706 3713/2671/3777 3714/2673/3778
f 3641/2687/3707 3640/2688/3706 3714/2673/3778
f 3641/2687/3707 3714/2673/3778 3715/2674/3779
f 3643/2686/3709 3641/2687/3707 3715/2674/3779
f 3643/2686/3709 3715/2674/3779 3716/2656/3780
f 3645/2685/3711 3643/2686/3709 3716/2656/3780
f 3645/2685/3711 3716/2656/3780 3717/2654/3781
f 3647/2684/3713 3645/2685/3711 3717/2654/3781
f 3647/2684/3713 3717/2654/3781 3718/2652/3782
f 3649/2683/3715 3647/2684/3713 3718/2652/3782
f 3649/2683/3715 3718/2652/3782 3719/2682/3783
f 3651/2681/3717 3649/2683/3715 3719/2682/3783
f 3651/2681/3717 3719/2682/3783 3621/2680/3689
f 3630/2679/3697 3651/2681/3717 3621/2680/3689
f 3630/2679/3697 3621/2680/3689 3620/2678/983
f 3713/2671/3777 3712/2672/3776 3720/2665/3784
f 3721/2667/3785 3722/2645/3786 3723/2661/3787
f 3724/2666/3788 3721/2667/3785 3723/2661/3787
f 3724/2666/3788 3723/2661/3787 3725/2660/3789
f 3720/2665/3784 3724/2666/3788 3725/2660/3789
f 3720/2665/3784 3725/2660/3789 3726/2664/3790
f 3713/2671/3777 3720/2665/3784 3726/2664/3790
f 3714/2673/3778 3713/2671/3777 3726/2664/3790
f 3714/2673/3778 3726/2664/3790 3727/2663/3791
f 3715/2674/3779 3714/2673/3778 3727/2663/3791
f 3715/2674/3779 3727/2663/3791 3728/2662/3792
f 3716/2656/3780 3715/2674/3779 3728/2662/3792
f 3716/2656/3780 3728/2662/3792 3729/2655/3793
f 3717/2654/3781 3716/2656/3780 3729/2655/3793
f 3717/2654/3781 3729/2655/3793 3730/2653/3794
f 3718/2652/3782 3717/2654/3781 3730/2653/3794
f 3731/2651/3795 3718/2652/3782 3730/2653/3794
f 3732/2650/3796 3718/2652/3782 3731/2651/3795
f 3732/2650/3796 3731/2651/3795 3733/2649/3797
f 3729/2655/3793 3731/2651/3795 3730/2653/3794
f 3729/2655/3793 3734/2657/3798 3731/2651/3795
f 3728/2662/3792 3734/2657/3798 3729/2655/3793
f 3728/2662/3792 3735/2658/3799 3734/2657/3798
f 3727/2663/3791 3735/2658/3799 3728/2662/3792
f 3727/2663/3791 3736/2659/3800 3735/2658/3799
f 3726/2664/3790 3736/2659/3800 3727/2663/3791
f 3726/2664/3790 3725/2660/3789 3736/2659/3800
f 3725/2660/3789 3737/2646/3801 3736/2659/3800
f 3725/2660/3789 3723/2661/3787 3737/2646/3801
f 3722/2645/3786 3737/2646/3801 3723/2661/3787
f 3734/2657/3798 3733/2649/3797 3731/2651/3795
f 3734/2657/3798 3738/2648/3802 3733/2649/3797
f 3735/2658/3799 3738/2648/3802 3734/2657/3798
f 3735/2658/3799 3739/2647/3803 3738/2648/3802
f 3736/2659/3800 3739/2647/3803 3735/2658/3799
f 3736/2659/3800 3737/2646/3801 3739/2647/3803
f 3621/2680/3689 3719/2682/3783 3740/2809/3804
f 3718/2652/3782 3740/2809/3804 3719/2682/3783
f 3718/2652/3782 3732/2650/3796 3740/2809/3804
f 3732/2650/3796 3741/2810/3805 3740/2809/3804
f 3732/2650/3796 3733/2649/3797 3742/2633/3806
f 3738/2648/3802 3742/2633/3806 3733/2649/3797
f 3738/2648/3802 3743/2634/3807 3742/2633/3806
f 3739/2647/3803 3743/2634/3807 3738/2648/3802
f 3739/2647/3803 3744/2635/3808 3743/2634/3807
f 3744/2635/3808 3739/2647/3803 3737/2646/3801
f 3744/2635/3808 3737/2646/3801 3745/2637/3809
f 3722/2645/3786 3745/2637/3809 3737/2646/3801
f 3722/2645/3786 3746/2639/3810 3745/2637/3809
f 3747/2644/3811 3746/2639/3810 3722/2645/3786
f 3747/2644/3811 3748/2640/3812 3746/2639/3810
f 3749/2643/3813 3748/2640/3812 3747/2644/3811
f 3749/2643/3813 3750/2642/3814 3748/2640/3812
f 3751/2641/3815 3748/2640/3812 3750/2642/3814
f 3751/2641/3815 3752/2638/3816 3748/2640/3812
f 3748/2640/3812 3752/2638/3816 3746/2639/3810
f 3745/2637/3809 3746/2639/3810 3752/2638/3816
f 3745/2637/3809 3752/2638/3816 3753/2636/3817
f 3743/2634/3807 3754/2628/3818 3742/2633/3806
f 3754/2628/3818 3755/2629/3819 3742/2633/3806
f 3754/2628/3818 3756/2620/3820 3755/2629/3819
f 3744/2635/3808 3757/2625/3821 3743/2634/3807
f 3743/2634/3807 3757/2625/3821 3754/2628/3818
f 3757/2625/3821 3758/2626/3822 3754/2628/3818
f 3759/2619/3823 3754/2628/3818 3758/2626/3822
f 3759/2619/3823 3756/2620/3820 3754/2628/3818
f 3756/2620/3820 3759/2619/3823 3760/2618/3824
f 3756/2620/3820 3760/2618/3824 3761/2630/3825
f 3755/2629/3819 3756/2620/3820 3761/2630/3825
f 3755/2629/3819 3761/2630/3825 3741/2810/3805
f 3732/2650/3796 3755/2629/3819 3741/2810/3805
f 3732/2650/3796 3742/2633/3806 3755/2629/3819
f 3744/2635/3808 3745/2637/3809 3753/2636/3817
f 3744/2635/3808 3753/2636/3817 3762/2624/3826
f 3744/2635/3808 3762/2624/3826 3757/2625/3821
f 3762/2624/3826 3763/2623/3827 3757/2625/3821
f 3757/2625/3821 3763/2623/3827 3758/2626/3822
f 3763/2623/3827 3764/2627/3828 3758/2626/3822
f 3765/2622/3829 3758/2626/3822 3764/2627/3828
f 3765/2622/3829 3759/2619/3823 3758/2626/3822
f 3759/2619/3823 3765/2622/3829 3629/2621/3696
f 3759/2619/3823 3629/2621/3696 3760/2618/3824
f 3613/2631/3682 3760/2618/3824 3629/2621/3696
f 3613/2631/3682 3761/2630/3825 3760/2618/3824
f 3613/2631/3682 3612/2811/3681 3761/2630/3825
f 3612/2811/3681 3741/2810/3805 3761/2630/3825
f 3612/2811/3681 3616/2805/3685 3741/2810/3805
f 3616/2805/3685 3740/2809/3804 3741/2810/3805
f 3616/2805/3685 3619/2808/3688 3740/2809/3804
f 3621/2680/3689 3740/2809/3804 3619/2808/3688
f 3635/2819/3701 3628/2632/3695 3629/2621/3696
f 3629/2621/3696 3766/3374/3830 3635/2819/3701
f 3765/2622/3829 3766/3374/3830 3629/2621/3696
f 3765/2622/3829 3767/2836/3831 3766/3374/3830
f 3767/2836/3831 3765/2622/3829 3764/2627/3828
f 3767/2836/3831 3764/2627/3828 3768/2835/3832
f 3769/2834/3833 3768/2835/3832 3764/2627/3828
f 3763/2623/3827 3769/2834/3833 3764/2627/3828
f 3769/2834/3833 3763/2623/3827 3770/2833/3834
f 3762/2624/3826 3770/2833/3834 3763/2623/3827
f 3762/2624/3826 3771/2832/3835 3770/2833/3834
f 3762/2624/3826 3753/2636/3817 3771/2832/3835
f 3753/2636/3817 3772/2831/3836 3771/2832/3835
f 3753/2636/3817 3752/2638/3816 3772/2831/3836
f 3773/2830/3837 3772/2831/3836 3752/2638/3816
f 3773/2830/3837 3752/2638/3816 3751/2641/3815
f 3773/2830/3837 3751/2641/3815 3774/2829/3838
f 3774/2829/3838 3751/2641/3815 3750/2642/3814
f 3775/2839/3839 3773/2830/3837 3776/2838/3840
f 3773/2830/3837 3774/2829/3838 3776/2838/3840
f 3771/2832/3835 3772/2831/3836 3777/2837/3841
f 3773/2830/3837 3777/2837/3841 3772/2831/3836
f 3773/2830/3837 3778/2840/3842 3777/2837/3841
f 3775/2839/3839 3778/2840/3842 3773/2830/3837
f 3779/2841/3843 3778/2840/3842 3775/2839/3839
f 3779/2841/3843 3780/2842/3844 3778/2840/3842
f 3778/2840/3842 3780/2842/3844 3781/2843/3845
f 3778/2840/3842 3781/2843/3845 3777/2837/3841
f 3782/2844/3846 3777/2837/3841 3781/2843/3845
f 3771/2832/3835 3777/2837/3841 3782/2844/3846
f 3770/2833/3834 3771/2832/3835 3782/2844/3846
f 3770/2833/3834 3782/2844/3846 3769/2834/3833
f 3782/2844/3846 3783/2845/3847 3769/2834/3833
f 3769/2834/3833 3783/2845/3847 3768/2835/3832
f 3782/2844/3846 3784/2846/3848 3783/2845/3847
f 3782/2844/3846 3781/2843/3845 3784/2846/3848
f 3774/2829/3838 3750/2642/3814 3785/2828/3849
f 3785/2828/3849 3750/2642/3814 3749/2643/3813
f 3749/2643/3813 3786/2670/3850 3785/2828/3849
f 3786/2670/3850 3749/2643/3813 3747/2644/3811
f 3786/2670/3850 3747/2644/3811 3787/2669/3851
f 3787/2669/3851 3747/2644/3811 3722/2645/3786
f 3787/2669/3851 3722/2645/3786 3788/2668/3852
f 3721/2667/3785 3788/2668/3852 3722/2645/3786
f 3677/2558/3741 3676/2561/3740 3789/2560/3853
f 3677/2558/3741 3789/2560/3853 3790/2559/3854
f 3791/2557/3855 3677/2558/3741 3790/2559/3854
f 3791/2557/3855 3678/2556/3742 3677/2558/3741
f 3792/2555/3856 3678/2556/3742 3791/2557/3855
f 3792/2555/3856 3679/2554/3743 3678/2556/3742
f 3793/2553/3857 3679/2554/3743 3792/2555/3856
f 3793/2553/3857 3680/2552/3744 3679/2554/3743
f 3794/2551/3858 3680/2552/3744 3793/2553/3857
f 3794/2551/3858 3681/2550/3745 3680/2552/3744
f 3681/2550/3745 3794/2551/3858 3795/2548/3859
f 3681/2550/3745 3795/2548/3859 3682/2549/3746
f 3795/2548/3859 3690/2546/3754 3682/2549/3746
f 3795/2548/3859 3796/2545/3860 3690/2546/3754
f 3796/2545/3860 3691/2547/3755 3690/2546/3754
f 3676/2561/3740 664/2563/643 665/2562/644
f 3676/2561/3740 665/2562/644 3789/2560/3853
f 3789/2560/3853 665/2562/644 666/2564/645
f 3789/2560/3853 666/2564/645 3632/2565/3698
f 3790/2559/3854 3789/2560/3853 3632/2565/3698
f 3790/2559/3854 3632/2565/3698 3633/2566/3699
f 3633/2566/3699 3791/2557/3855 3790/2559/3854
f 3633/2566/3699 3634/2567/3700 3791/2557/3855
f 3634/2567/3700 3792/2555/3856 3791/2557/3855
f 3634/2567/3700 3635/2568/3701 3792/2555/3856
f 3635/2568/3701 3793/2553/3857 3792/2555/3856
f 3635/2568/3701 3766/2569/3830 3793/2553/3857
f 3766/2569/3830 3794/2551/3858 3793/2553/3857
f 3766/2569/3830 3767/2570/3831 3794/2551/3858
f 3768/2571/3832 3794/2551/3858 3767/2570/3831
f 3768/2571/3832 3795/2548/3859 3794/2551/3858
f 3783/2572/3847 3795/2548/3859 3768/2571/3832
f 3783/2572/3847 3796/2545/3860 3795/2548/3859
f 3784/2573/3848 3796/2545/3860 3783/2572/3847
f 3784/2573/3848 3797/2574/3861 3796/2545/3860
f 3796/2545/3860 3797/2574/3861 3691/2547/3755
f 3798/2575/3862 3691/2547/3755 3797/2574/3861
f 3798/2575/3862 3692/2576/3756 3691/2547/3755
f 3799/2577/3863 3692/2576/3756 3798/2575/3862
f 3800/2578/3864 3799/2577/3863 3798/2575/3862
f 3801/2579/3865 3799/2577/3863 3800/2578/3864
f 3801/2579/3865 3800/2578/3864 3802/2580/3866
f 3801/2579/3865 3802/2580/3866 3803/2581/3867
f 3779/2582/3843 3803/2581/3867 3802/2580/3866
f 3779/2582/3843 3804/2583/3868 3803/2581/3867
f 3779/2582/3843 3805/2584/3869 3804/2583/3868
f 3806/2585/3870 3804/2583/3868 3805/2584/3869
f 3775/2586/3839 3806/2585/3870 3805/2584/3869
f 3775/2586/3839 3776/2587/3840 3806/2585/3870
f 3807/2588/3871 3806/2585/3870 3776/2587/3840
f 3807/2588/3871 3776/2587/3840 3774/2589/3838
f 3779/2582/3843 3775/2586/3839 3805/2584/3869
f 3801/2579/3865 3808/2590/3872 3799/2577/3863
f 3799/2577/3863 3808/2590/3872 3698/2591/3762
f 3799/2577/3863 3698/2591/3762 3697/2592/3761
f 3799/2577/3863 3697/2592/3761 3692/2576/3756
f 3800/2578/3864 3809/2593/3873 3802/2580/3866
f 3800/2578/3864 3810/2594/3874 3809/2593/3873
f 3800/2578/3864 3798/2575/3862 3810/2594/3874
f 3797/2574/3861 3810/2594/3874 3798/2575/3862
f 3797/2574/3861 3809/2593/3873 3810/2594/3874
f 3809/2593/3873 3797/2574/3861 3784/2573/3848
f 3809/2593/3873 3784/2573/3848 3781/2596/3845
f 3802/2580/3866 3809/2593/3873 3781/2596/3845
f 3802/2580/3866 3781/2596/3845 3780/2595/3844
f 3779/2582/3843 3802/2580/3866 3780/2595/3844
f 3811/2597/3875 3698/2591/3762 3808/2590/3872
f 3812/2598/3876 3811/2597/3875 3808/2590/3872
f 3812/2598/3876 3808/2590/3872 3801/2579/3865
f 3803/2581/3867 3812/2598/3876 3801/2579/3865
f 3803/2581/3867 3804/2583/3868 3812/2598/3876
f 3804/2583/3868 3813/2599/3877 3812/2598/3876
f 3804/2583/3868 3814/2600/3878 3813/2599/3877
f 3813/2599/3877 3814/2600/3878 3815/2601/3879
f 3814/2600/3878 3807/2588/3871 3815/2601/3879
f 3814/2600/3878 3806/2585/3870 3807/2588/3871
f 3806/2585/3870 3814/2600/3878 3804/2583/3868
f 3813/2599/3877 3811/2597/3875 3812/2598/3876
f 3813/2599/3877 3816/2604/3880 3811/2597/3875
f 3816/2604/3880 3817/2607/3881 3811/2597/3875
f 3816/2604/3880 3818/2606/3882 3817/2607/3881
f 3816/2604/3880 3819/2605/3883 3818/2606/3882
f 3816/2604/3880 3820/2603/3884 3819/2605/3883
f 3813/2599/3877 3820/2603/3884 3816/2604/3880
f 3813/2599/3877 3821/2602/3885 3820/2603/3884
f 3813/2599/3877 3815/2601/3879 3821/2602/3885
f 3785/2608/3849 3807/2588/3871 3774/2589/3838
f 3785/2608/3849 3822/2609/3886 3807/2588/3871
f 3815/2601/3879 3807/2588/3871 3822/2609/3886
f 3815/2601/3879 3822/2609/3886 3823/2610/3887
f 3821/2602/3885 3815/2601/3879 3823/2610/3887
f 3821/2602/3885 3823/2610/3887 3824/2611/3888
f 3821/2602/3885 3824/2611/3888 3825/2612/3889
f 3821/2602/3885 3825/2612/3889 3820/2603/3884
f 3820/2603/3884 3825/2612/3889 3826/2613/3872
f 3820/2603/3884 3826/2613/3872 3819/2605/3883
f 3819/2605/3883 3826/2613/3872 3701/2614/3765
f 3819/2605/3883 3701/2614/3765 3696/2615/3760
f 3819/2605/3883 3696/2615/3760 3695/2616/3759
f 3819/2605/3883 3695/2616/3759 3818/2606/3882
f 3818/2606/3882 3695/2616/3759 3694/2617/3758
f 3818/2606/3882 3694/2617/3758 3817/2607/3881
f 3698/2591/3762 3817/2607/3881 3694/2617/3758
f 3811/2597/3875 3817/2607/3881 3698/2591/3762
f 3701/2781/3890 3827/2796/3891 3828/2780/3891
f 3829/2799/3892 3828/2780/3891 3827/2796/3891
f 3829/2799/3892 3830/2779/3893 3828/2780/3891
f 3830/2779/3893 3829/2799/3892 3831/2801/3894
f 3830/2779/3893 3831/2801/3894 3832/2778/3895
f 3833/2802/3896 3832/2778/3895 3831/2801/3894
f 3833/2802/3896 3834/2776/3897 3832/2778/3895
f 3833/2802/3896 3835/2777/3898 3834/2776/3897
f 3833/2802/3896 3836/2794/3898 3835/2777/3898
f 3836/2794/3898 3785/2793/3899 3835/2777/3898
f 3826/2797/3872 3827/2796/3900 3701/2781/3765
f 3825/2798/3889 3827/2796/3900 3826/2797/3872
f 3825/2798/3889 3829/2799/3901 3827/2796/3900
f 3824/2800/3888 3829/2799/3901 3825/2798/3889
f 3824/2800/3888 3831/2801/3902 3829/2799/3901
f 3824/2800/3888 3833/2802/3903 3831/2801/3902
f 3824/2800/3888 3823/2803/3887 3833/2802/3903
f 3823/2803/3887 3836/2794/3904 3833/2802/3903
f 3823/2803/3887 3822/2795/3886 3836/2794/3904
f 3822/2795/3886 3785/2793/3849 3836/2794/3904
f 3837/2772/3905 3838/2774/3906 3721/2789/3785
f 3838/2774/3906 3788/2790/3852 3721/2789/3785
f 3838/2774/3906 3787/2791/3851 3788/2790/3852
f 3839/2775/3907 3787/2791/3851 3838/2774/3906
f 3839/2775/3907 3786/2792/3850 3787/2791/3851
f 3785/2793/3849 3786/2792/3850 3839/2775/3907
f 3785/2793/3849 3839/2775/3907 3835/2777/3908
f 3840/2767/3909 3841/2766/3910 3842/2768/3911
f 3840/2767/3909 3843/2769/3912 3841/2766/3910
f 3843/2769/3912 3840/2767/3909 3844/2770/3913
f 3843/2769/3912 3844/2770/3913 3845/2771/3914
f 3844/2770/3913 3837/2772/3905 3845/2771/3914
f 3844/2770/3913 3846/2773/3915 3837/2772/3905
f 3846/2773/3915 3838/2774/3906 3837/2772/3905
f 3846/2773/3915 3839/2775/3907 3838/2774/3906
f 3834/2776/3916 3839/2775/3907 3846/2773/3915
f 3834/2776/3916 3835/2777/3908 3839/2775/3907
f 3832/2778/3917 3834/2776/3916 3846/2773/3915
f 3832/2778/3917 3846/2773/3915 3844/2770/3913
f 3840/2767/3909 3832/2778/3917 3844/2770/3913
f 3840/2767/3909 3830/2779/3918 3832/2778/3917
f 3830/2779/3918 3840/2767/3909 3842/2768/3911
f 3830/2779/3918 3842/2768/3911 3828/2780/3919
f 3842/2768/3911 3701/2781/3765 3828/2780/3919
f 3842/2768/3911 3703/2782/3767 3701/2781/3765
f 3842/2768/3911 3705/2783/3769 3703/2782/3767
f 3842/2768/3911 3841/2766/3910 3705/2783/3769
f 3841/2766/3910 3707/2784/3771 3705/2783/3769
f 3841/2766/3910 3708/2785/3772 3707/2784/3771
f 3843/2769/3912 3708/2785/3772 3841/2766/3910
f 3843/2769/3912 3712/2786/3776 3708/2785/3772
f 3712/2786/3776 3843/2769/3912 3845/2771/3914
f 3712/2786/3776 3845/2771/3914 3720/2787/3784
f 3845/2771/3914 3724/2788/3788 3720/2787/3784
f 3845/2771/3914 3837/2772/3905 3724/2788/3788
f 3837/2772/3905 3721/2789/3785 3724/2788/3788
f 3847/2943/3920 3848/2941/3921 3849/2944/3922
f 3850/2942/3923 3848/2941/3921 3847/2943/3920
f 3850/2942/3923 3851/2940/3924 3848/2941/3921
f 3847/2943/3920 3849/2944/3922 3852/2945/3925
f 3853/2910/3926 3852/2945/3925 3849/2944/3922
f 3853/2910/3926 3849/2944/3922 3854/2912/3927
f 3854/2912/3927 3849/2944/3922 3855/2946/3928
f 3848/2941/3921 3855/2946/3928 3849/2944/3922
f 3848/2941/3921 3856/2939/3929 3855/2946/3928
f 3851/2940/3924 3856/2939/3929 3848/2941/3921
f 3851/2940/3924 3857/2938/3930 3856/2939/3929
f 3857/2938/3930 3858/2936/3931 3856/2939/3929
f 3857/2938/3930 3859/2937/3932 3858/2936/3931
f 3858/2936/3931 3859/2937/3932 3860/2935/3933
f 3858/2936/3931 3860/2935/3933 3861/2929/3934
f 3862/2934/3935 3861/2929/3934 3860/2935/3933
f 3862/2934/3935 3863/2928/3936 3861/2929/3934
f 3864/2933/3937 3863/2928/3936 3862/2934/3935
f 3864/2933/3937 3865/2932/3938 3863/2928/3936
f 3865/2932/3938 3866/2930/3939 3863/2928/3936
f 3865/2932/3938 3867/2931/3940 3866/2930/3939
f 3854/2912/3927 3855/2946/3928 3868/2914/3941
f 3855/2946/3928 3869/2916/3942 3868/2914/3941
f 3866/2930/3939 3867/2931/3940 3870/2921/3943
f 3866/2930/3939 3870/2921/3943 3871/2919/3944
f 3866/2930/3939 3871/2919/3944 3872/2917/3945
f 3866/2930/3939 3872/2917/3945 3873/2927/3946
f 3869/2916/3942 3873/2927/3946 3872/2917/3945
f 3869/2916/3942 3874/2947/3947 3873/2927/3946
f 3855/2946/3928 3874/2947/3947 3869/2916/3942
f 3856/2939/3929 3874/2947/3947 3855/2946/3928
f 3856/2939/3929 3858/2936/3931 3874/2947/3947
f 3874/2947/3947 3858/2936/3931 3861/2929/3934
f 3874/2947/3947 3861/2929/3934 3873/2927/3946
f 3863/2928/3936 3873/2927/3946 3861/2929/3934
f 3863/2928/3936 3866/2930/3939 3873/2927/3946
f 3875/2920/3948 3870/2921/3943 3876/2926/3949
f 3875/2920/3948 3876/2926/3949 3877/2925/3950
f 3875/2920/3948 3877/2925/3950 3878/2918/3951
f 3879/2924/3952 3878/2918/3951 3877/2925/3950
f 3879/2924/3952 3880/2915/3953 3878/2918/3951
f 3879/2924/3952 3881/2913/3954 3880/2915/3953
f 3879/2924/3952 3882/2923/3955 3881/2913/3954
f 3882/2923/3955 3883/2911/3956 3881/2913/3954
f 3882/2923/3955 3884/2922/3957 3883/2911/3956
f 3853/2910/3926 3883/2911/3956 3884/2922/3957
f 3885/2968/3958 3886/2982/3959 3887/2970/3960
f 3885/2968/3958 3888/2996/3961 3886/2982/3959
f 3889/2997/3962 3888/2996/3961 3885/2968/3958
f 3889/2997/3962 3890/2998/3963 3888/2996/3961
f 3891/2999/3964 3890/2998/3963 3889/2997/3962
f 3891/2999/3964 3889/2997/3962 3892/3000/3965
f 3893/3001/3966 3891/2999/3964 3892/3000/3965
f 3893/3001/3966 3892/3000/3965 3894/3002/3967
f 3895/3003/3968 3893/3001/3966 3894/3002/3967
f 3895/3003/3968 3894/3002/3967 3896/3004/3969
f 3897/3005/3970 3895/3003/3968 3896/3004/3969
f 3897/3005/3970 3896/3004/3969 3898/3006/3971
f 3899/3007/3972 3897/3005/3970 3898/3006/3971
f 3899/3007/3972 3898/3006/3971 3900/3008/732
f 3901/3009/3973 3899/3007/3972 3900/3008/732
f 3901/3009/3973 3902/3010/3974 3899/3007/3972
f 763/3012/741 764/3011/742 3902/3010/3974
f 763/3012/741 3902/3010/3974 3901/3009/3973
f 740/3013/718 763/3012/741 3901/3009/3973
f 740/3013/718 3901/3009/3973 3903/3014/3975
f 3903/3014/3975 3901/3009/3973 3900/3008/732
f 3903/3014/3975 3900/3008/732 3904/3015/3976
f 3904/3015/3976 3900/3008/732 3898/3006/3971
f 3904/3015/3976 3898/3006/3971 3905/3016/3977
f 3905/3016/3977 3898/3006/3971 3896/3004/3969
f 3905/3016/3977 3896/3004/3969 3906/3017/3978
f 3906/3017/3978 3896/3004/3969 3894/3002/3967
f 3906/3017/3978 3894/3002/3967 3907/3018/3979
f 3907/3018/3979 3894/3002/3967 3892/3000/3965
f 3907/3018/3979 3892/3000/3965 3908/3019/3980
f 3892/3000/3965 3909/3020/3981 3908/3019/3980
f 3892/3000/3965 3889/2997/3962 3909/3020/3981
f 3910/2969/3982 3909/3020/3981 3889/2997/3962
f 3910/2969/3982 3889/2997/3962 3885/2968/3958
f 3911/2967/3983 3910/2969/3982 3885/2968/3958
f 3911/2967/3983 3885/2968/3958 3887/2970/3960
f 3911/2967/3983 3887/2970/3960 3912/2971/3984
f 3887/2970/3960 3913/2972/3985 3912/2971/3984
f 3912/2971/3984 3913/2972/3985 3914/2973/3986
f 3915/2974/3987 3914/2973/3986 3913/2972/3985
f 3915/2974/3987 3916/2975/3988 3914/2973/3986
f 3917/2976/3989 3916/2975/3988 3915/2974/3987
f 3917/2976/3989 3918/2977/3990 3916/2975/3988
f 3916/2975/3988 3918/2977/3990 3919/2964/3991
f 3916/2975/3988 3919/2964/3991 3920/2978/3992
f 3919/2964/3991 3921/2965/3993 3920/2978/3992
f 3920/2978/3992 3921/2965/3993 3922/2979/3994
f 3921/2965/3993 3923/2954/3995 3922/2979/3994
f 3922/2979/3994 3923/2954/3995 3924/2980/3996
f 3923/2954/3995 3925/2952/3997 3924/2980/3996
f 3926/2981/3998 3924/2980/3996 3925/2952/3997
f 3876/2953/3949 3926/2981/3998 3925/2952/3997
f 3887/2970/3960 3915/2974/3987 3913/2972/3985
f 3886/2982/3959 3915/2974/3987 3887/2970/3960
f 3886/2982/3959 3917/2976/3989 3915/2974/3987
f 3912/2971/3984 3914/2973/3986 3927/2983/3999
f 3922/2979/3994 3924/2980/3996 3928/2985/4000
f 3928/2985/4000 3924/2980/3996 3929/2984/4001
f 3926/2981/3998 3929/2984/4001 3924/2980/3996
f 3928/2985/4000 3929/2984/4001 3930/2986/4002
f 3926/2981/3998 3876/2953/3949 3870/2987/3943
f 3926/2981/3998 3870/2987/3943 3931/2988/4003
f 3929/2984/4001 3926/2981/3998 3931/2988/4003
f 3929/2984/4001 3931/2988/4003 3932/2989/4004
f 3933/2990/4005 3929/2984/4001 3932/2989/4004
f 3933/2990/4005 3930/2986/4002 3929/2984/4001
f 3934/2991/4006 3930/2986/4002 3933/2990/4005
f 3934/2991/4006 3928/2985/4000 3930/2986/4002
f 3934/2991/4006 3935/2992/4007 3928/2985/4000
f 3935/2992/4007 3922/2979/3994 3928/2985/4000
f 3935/2992/4007 3936/2993/4008 3922/2979/3994
f 3920/2978/3992 3922/2979/3994 3936/2993/4008
f 3916/2975/3988 3920/2978/3992 3936/2993/4008
f 3916/2975/3988 3936/2993/4008 3914/2973/3986
f 3935/2992/4007 3914/2973/3986 3936/2993/4008
f 3935/2992/4007 3927/2983/3999 3914/2973/3986
f 3934/2991/4006 3927/2983/3999 3935/2992/4007
f 3934/2991/4006 3937/2994/4009 3927/2983/3999
f 3937/2994/4009 3912/2971/3984 3927/2983/3999
f 3937/2994/4009 3938/2995/4010 3912/2971/3984
f 3911/2967/3983 3912/2971/3984 3938/2995/4010
f 3939/3375/4011 3354/3335/3441 3940/3376/4012
f 3356/3337/3443 3940/3376/4012 3354/3335/3441
f 3356/3337/3443 3941/3377/4013 3940/3376/4012
f 3356/3337/3443 3362/3343/3448 3941/3377/4013
f 3362/3343/3448 3942/3378/4014 3941/3377/4013
f 3362/3343/3448 3943/3379/4015 3942/3378/4014
f 3362/3343/3448 3944/3380/4016 3943/3379/4015
f 3362/3343/3448 3358/3339/3444 3944/3380/4016
f 3358/3339/3444 3360/3341/3446 3944/3380/4016
f 3352/3333/3439 2159/3381/2294 2160/3331/887
f 2158/3382/2293 2159/3381/2294 3352/3333/3439
f 2158/3382/2293 3352/3333/3439 3945/3383/4017
f 3354/3335/3441 3945/3383/4017 3352/3333/3439
f 3939/3375/4011 3945/3383/4017 3354/3335/3441
f 3945/3383/4017 3939/3375/4011 2157/3384/2292
f 3939/3375/4011 2156/3385/872 2157/3384/2292
f 3945/3383/4017 2157/3384/2292 2158/3382/2293
f 3941/3377/4013 3942/3378/4014 3946/3386/4018
f 3941/3377/4013 3946/3386/4018 3947/3387/4019
f 3940/3376/4012 3941/3377/4013 3947/3387/4019
f 3940/3376/4012 3947/3387/4019 3948/3388/4020
f 3939/3375/4011 3940/3376/4012 3948/3388/4020
f 3949/3389/4021 3939/3375/4011 3948/3388/4020
f 3939/3375/4011 3949/3389/4021 2156/3385/872
f 3949/3389/4021 2155/3390/839 2156/3385/872
f 3949/3389/4021 3950/3391/4022 2155/3390/839
f 2129/3392/2266 2155/3390/839 3950/3391/4022
f 3951/3393/4023 2129/3392/2266 3950/3391/4022
f 3288/3394/3382 2129/3392/2266 3951/3393/4023
f 3288/3394/3382 3951/3393/4023 3952/3395/4024
f 3282/3396/3376 3288/3394/3382 3952/3395/4024
f 3282/3396/3376 3952/3395/4024 3953/3397/4025
f 3947/3387/4019 3953/3397/4025 3952/3395/4024
f 3947/3387/4019 3946/3386/4018 3953/3397/4025
f 3949/3389/4021 3948/3388/4020 3954/3398/4026
f 3948/3388/4020 3947/3387/4019 3954/3398/4026
f 3954/3398/4026 3947/3387/4019 3952/3395/4024
f 3954/3398/4026 3952/3395/4024 3951/3393/4023
f 3950/3391/4022 3954/3398/4026 3951/3393/4023
f 3950/3391/4022 3949/3389/4021 3954/3398/4026
f 3281/3399/667 3282/3396/3376 3953/3397/4025
f 3281/3399/667 3953/3397/4025 3955/3400/4027
f 3955/3400/4027 3953/3397/4025 3946/3386/4018
f 3955/3400/4027 3946/3386/4018 3956/3401/4028
f 3942/3378/4014 3956/3401/4028 3946/3386/4018
f 3942/3378/4014 3957/3402/4029 3956/3401/4028
f 3957/3402/4029 3942/3378/4014 3943/3379/4015
f 3957/3402/4029 3943/3379/4015 3958/3403/4030
f 3943/3379/4015 3944/3380/4016 3958/3403/4030
f 3944/3380/4016 3959/3404/4031 3958/3403/4030
f 3944/3380/4016 3360/3341/3446 3959/3404/4031
f 3360/3341/3446 3960/3405/4032 3959/3404/4031
f 3360/3341/3446 3361/3342/3447 3960/3405/4032
f 3361/3342/3447 938/3406/913 3960/3405/4032
f 3361/3342/3447 929/3407/904 938/3406/913
f 3373/3354/3457 929/3407/904 3361/3342/3447
f 3373/3354/3457 930/3276/905 929/3407/904
f 3320/3274/3411 930/3276/905 3373/3354/3457
f 3960/3405/4032 938/3406/913 937/3408/912
f 3960/3405/4032 937/3408/912 3312/3409/3404
f 3959/3404/4031 3960/3405/4032 3312/3409/3404
f 3959/3404/4031 3312/3409/3404 3311/3410/3403
f 3304/3411/641 3959/3404/4031 3311/3410/3403
f 3304/3411/641 3958/3403/4030 3959/3404/4031
f 3302/3412/3396 3958/3403/4030 3304/3411/641
f 3302/3412/3396 3957/3402/4029 3958/3403/4030
f 3303/3413/3397 3957/3402/4029 3302/3412/3396
f 3303/3413/3397 3956/3401/4028 3957/3402/4029
f 3303/3413/3397 3955/3400/4027 3956/3401/4028
f 3303/3413/3397 3290/3414/3384 3955/3400/4027
f 3280/3415/3375 3955/3400/4027 3290/3414/3384
f 3280/3415/3375 3281/3399/667 3955/3400/4027
f 1026/3416/4033 1027/3417/4034 3961/3418/4035
f 1027/3417/4034 3962/3419/4036 3961/3418/4035
f 1027/3417/4034 1028/3420/4037 3962/3419/4036
f 1028/3420/4037 3963/3421/3687 3962/3419/4036
f 1028/3420/4037 1029/3422/4038 3963/3421/3687
f 3963/3421/3687 1029/3422/4038 795/3423/4039
f 3963/3421/3687 795/3423/4039 793/3424/4038
f 3963/3421/3687 793/3424/4038 794/3425/3687
f 3963/3421/3687 794/3425/3687 800/3426/3687
f 3962/3419/4036 3963/3421/3687 800/3426/3687
f 3962/3419/4036 800/3426/3687 1022/3427/4036
f 1023/3428/4035 3962/3419/4036 1022/3427/4036
f 1023/3428/4035 3961/3418/4035 3962/3419/4036
f 1024/3429/4033 3961/3418/4035 1023/3428/4035
f 1024/3429/4033 1025/3430/4033 3961/3418/4035
f 1026/3416/4033 3961/3418/4035 1025/3430/4033
f 3964/2856/4040 3965/2857/4041 3966/3099/4042
f 3966/3099/4042 3965/2857/4041 3967/3110/4043
f 3966/3099/4042 3967/3110/4043 3968/3119/4044
f 3969/2853/4045 3970/2854/4046 3971/2855/4047
f 3970/2854/4046 3972/3109/4048 3971/2855/4047
f 3971/2855/4047 3972/3109/4048 3967/3110/4043
f 3972/3109/4048 3973/3118/4049 3967/3110/4043
f 3968/3119/4044 3967/3110/4043 3973/3118/4049
f 3968/3119/4044 3973/3118/4049 3974/3087/4050
f 3975/3094/4051 3966/3099/4042 3968/3119/4044
f 3975/3094/4051 3968/3119/4044 3976/3088/4052
f 3976/3088/4052 3968/3119/4044 3974/3087/4050
f 3976/3088/4052 3974/3087/4050 3977/3075/4053
f 3977/3075/4053 3974/3087/4050 3978/3074/4054
f 3977/3075/4053 3978/3074/4054 3979/3021/4055
f 3974/3087/4050 3980/3086/4056 3978/3074/4054
f 3974/3087/4050 3973/3118/4049 3980/3086/4056
f 3980/3086/4056 3973/3118/4049 3981/3117/4057
f 3972/3109/4048 3981/3117/4057 3973/3118/4049
f 3982/2869/4058 3981/3117/4057 3972/3109/4048
f 3970/2854/4046 3982/2869/4058 3972/3109/4048
f 3983/2852/4059 3982/2869/4058 3970/2854/4046
f 3983/2852/4059 3970/2854/4046 3969/2853/4045
f 3983/2852/4059 3969/2853/4045 3984/2851/4060
f 3985/2860/4061 3984/2851/4060 3969/2853/4045
f 3986/2861/4062 3984/2851/4060 3985/2860/4061
f 3985/2860/4061 3987/2872/4063 3986/2861/4062
f 3988/2870/4064 3986/2861/4062 3987/2872/4063
f 3985/2860/4061 3989/2873/4065 3987/2872/4063
f 3979/3021/4055 3990/3022/4066 3991/3024/4067
f 3979/3021/4055 3992/3023/4068 3990/3022/4066
f 3979/3021/4055 3978/3074/4054 3992/3023/4068
f 3978/3074/4054 3993/3073/4069 3992/3023/4068
f 3978/3074/4054 3980/3086/4056 3993/3073/4069
f 3993/3073/4069 3980/3086/4056 3994/3085/4070
f 3980/3086/4056 3981/3117/4057 3994/3085/4070
f 3995/3116/4071 3994/3085/4070 3981/3117/4057
f 3982/2869/4058 3995/3116/4071 3981/3117/4057
f 3996/2868/4072 3995/3116/4071 3982/2869/4058
f 3983/2852/4059 3996/2868/4072 3982/2869/4058
f 3997/2848/4073 3996/2868/4072 3983/2852/4059
f 3997/2848/4073 3983/2852/4059 3984/2851/4060
f 3997/2848/4073 3984/2851/4060 3998/2850/4074
f 3986/2861/4062 3998/2850/4074 3984/2851/4060
f 3999/2862/4075 3998/2850/4074 3986/2861/4062
f 3988/2870/4064 3999/2862/4075 3986/2861/4062
f 4000/2863/4076 3999/2862/4075 3988/2870/4064
f 4001/2847/4077 4002/2849/4078 3997/2848/4073
f 4002/2849/4078 4003/2867/4079 3997/2848/4073
f 3997/2848/4073 4003/2867/4079 3996/2868/4072
f 4003/2867/4079 4004/3115/4080 3996/2868/4072
f 3996/2868/4072 4004/3115/4080 3995/3116/4071
f 4004/3115/4080 4005/3084/4081 3995/3116/4071
f 3995/3116/4071 4005/3084/4081 3994/3085/4070
f 4005/3084/4081 4006/3071/4082 3994/3085/4070
f 3993/3073/4069 3994/3085/4070 4006/3071/4082
f 3859/3030/3932 3993/3073/4069 4006/3071/4082
f 3992/3023/4068 3993/3073/4069 3859/3030/3932
f 3992/3023/4068 3859/3030/3932 3857/3029/3930
f 3992/3023/4068 3857/3029/3930 3851/3028/3924
f 3992/3023/4068 3851/3028/3924 3990/3022/4066
f 3990/3022/4066 3851/3028/3924 3850/3027/3923
f 3990/3022/4066 3850/3027/3923 3991/3024/4067
f 3847/3026/3920 3991/3024/4067 3850/3027/3923
f 3847/3026/3920 4007/3025/4083 3991/3024/4067
f 4005/3084/4081 4008/3067/4084 4006/3071/4082
f 4005/3084/4081 4009/3069/4085 4008/3067/4084
f 4005/3084/4081 4010/3083/4086 4009/3069/4085
f 4009/3069/4085 4010/3083/4086 4011/3082/4087
f 4011/3082/4087 4010/3083/4086 4012/3081/4088
f 4012/3081/4088 4010/3083/4086 4013/3129/4089
f 4012/3081/4088 4013/3129/4089 4014/3128/4090
f 4004/3115/4080 4014/3128/4090 4013/3129/4089
f 4004/3115/4080 4015/3114/4091 4014/3128/4090
f 4003/2867/4079 4015/3114/4091 4004/3115/4080
f 4016/2866/4092 4015/3114/4091 4003/2867/4079
f 4002/2849/4078 4016/2866/4092 4003/2867/4079
f 4017/2865/4093 4016/2866/4092 4002/2849/4078
f 4018/2864/4094 4017/2865/4093 4002/2849/4078
f 4018/2864/4094 4002/2849/4078 4001/2847/4077
f 4000/2863/4076 4018/2864/4094 4001/2847/4077
f 4000/2863/4076 4001/2847/4077 3999/2862/4075
f 3999/2862/4075 4001/2847/4077 3998/2850/4074
f 4001/2847/4077 3997/2848/4073 3998/2850/4074
f 4004/3115/4080 4013/3129/4089 4005/3084/4081
f 4005/3084/4081 4013/3129/4089 4010/3083/4086
f 3907/3431/3979 3908/2891/3980 4018/2864/4094
f 3909/3111/3981 4018/2864/4094 3908/2891/3980
f 3909/3111/3981 4017/2865/4093 4018/2864/4094
f 4019/3112/4095 4017/2865/4093 3909/3111/3981
f 4017/2865/4093 4019/3112/4095 4016/2866/4092
f 4019/3112/4095 4020/3113/4096 4016/2866/4092
f 4016/2866/4092 4020/3113/4096 4015/3114/4091
f 4015/3114/4091 4020/3113/4096 4021/3130/4097
f 4015/3114/4091 4021/3130/4097 4014/3128/4090
f 4022/3127/4098 4014/3128/4090 4021/3130/4097
f 4022/3127/4098 4012/3081/4088 4014/3128/4090
f 4023/3080/4099 4012/3081/4088 4022/3127/4098
f 4023/3080/4099 4011/3082/4087 4012/3081/4088
f 4023/3080/4099 4024/3136/4100 4011/3082/4087
f 4025/3137/4101 4011/3082/4087 4024/3136/4100
f 4025/3137/4101 4024/3136/4100 4026/3140/4102
f 3867/3141/3940 4025/3137/4101 4026/3140/4102
f 4026/3140/4102 3870/3139/3943 3867/3141/3940
f 4009/3069/4085 4011/3082/4087 4025/3137/4101
f 3870/3139/3943 4026/3140/4102 4024/3136/4100
f 4024/3136/4100 3931/3135/4003 3870/3139/3943
f 4024/3136/4100 4023/3080/4099 3931/3135/4003
f 4027/3124/4103 3931/3135/4003 4023/3080/4099
f 4023/3080/4099 4022/3127/4098 4027/3124/4103
f 4027/3124/4103 4022/3127/4098 4028/3126/4104
f 4028/3126/4104 4022/3127/4098 4021/3130/4097
f 4028/3126/4104 4021/3130/4097 4029/3121/4105
f 4020/3113/4096 4029/3121/4105 4021/3130/4097
f 4020/3113/4096 4019/3112/4095 4029/3121/4105
f 3910/3120/3982 4029/3121/4105 4019/3112/4095
f 4019/3112/4095 3909/3111/3981 3910/3120/3982
f 4027/3124/4103 3932/3134/4004 3931/3135/4003
f 4027/3124/4103 3933/3133/4005 3932/3134/4004
f 4027/3124/4103 4030/3125/4106 3933/3133/4005
f 4027/3124/4103 4028/3126/4104 4030/3125/4106
f 4030/3125/4106 4028/3126/4104 3938/3123/4010
f 4029/3121/4105 3938/3123/4010 4028/3126/4104
f 4029/3121/4105 3911/3122/3983 3938/3123/4010
f 3910/3120/3982 3911/3122/3983 4029/3121/4105
f 4030/3125/4106 3934/3132/4006 3933/3133/4005
f 4030/3125/4106 3937/3131/4009 3934/3132/4006
f 4030/3125/4106 3938/3123/4010 3937/3131/4009
f 3867/3141/3940 3865/3138/3938 4025/3137/4101
f 3865/3138/3938 4009/3069/4085 4025/3137/4101
f 3865/3138/3938 3864/3068/3937 4009/3069/4085
f 4008/3067/4084 4009/3069/4085 3864/3068/3937
f 4008/3067/4084 3864/3068/3937 3862/3070/3935
f 4006/3071/4082 4008/3067/4084 3862/3070/3935
f 4006/3071/4082 3862/3070/3935 3860/3072/3933
f 3859/3030/3932 4006/3071/4082 3860/3072/3933
f 3854/2912/4107 3883/2911/4107 3853/2910/4108
f 3854/2912/4107 3881/2913/4109 3883/2911/4107
f 3854/2912/4107 3868/2914/4109 3881/2913/4109
f 3868/2914/4109 3880/2915/4110 3881/2913/4109
f 3868/2914/4109 3869/2916/4110 3880/2915/4110
f 3880/2915/4110 3869/2916/4110 3872/2917/4111
f 3880/2915/4110 3872/2917/4111 3878/2918/4111
f 3871/2919/4112 3878/2918/4111 3872/2917/4111
f 3871/2919/4112 3875/2920/4112 3878/2918/4111
f 3871/2919/4112 3870/2921/4113 3875/2920/4112
f 3876/2953/3949 3925/2952/3997 3877/2951/3950
f 4031/2948/4114 3877/2951/3950 3925/2952/3997
f 4031/2948/4114 3879/2949/3952 3877/2951/3950
f 4031/2948/4114 3882/2950/3955 3879/2949/3952
f 4031/2948/4114 4032/2955/4115 3882/2950/3955
f 4032/2955/4115 3884/2956/3957 3882/2950/3955
f 4032/2955/4115 4033/2957/4116 3884/2956/3957
f 3853/2958/3926 3884/2956/3957 4033/2957/4116
f 3853/2958/3926 4033/2957/4116 4034/2959/4117
f 4035/2960/4118 4034/2959/4117 4033/2957/4116
f 4035/2960/4118 4036/2961/4119 4034/2959/4117
f 4037/2962/4120 4036/2961/4119 4035/2960/4118
f 4037/2962/4120 4035/2960/4118 4038/2963/4121
f 3919/2964/3991 4037/2962/4120 4038/2963/4121
f 3919/2964/3991 4038/2963/4121 3921/2965/3993
f 4038/2963/4121 4039/2966/4122 3921/2965/3993
f 3921/2965/3993 4039/2966/4122 3923/2954/3995
f 3923/2954/3995 4039/2966/4122 4032/2955/4115
f 3923/2954/3995 4032/2955/4115 4031/2948/4114
f 3923/2954/3995 4031/2948/4114 3925/2952/3997
f 4039/2966/4122 4033/2957/4116 4032/2955/4115
f 4039/2966/4122 4035/2960/4118 4033/2957/4116
f 4038/2963/4121 4035/2960/4118 4039/2966/4122
f 4040/3039/4123 4041/3038/4124 4042/3037/4125
f 4041/3038/4124 4043/3036/4126 4042/3037/4125
f 4042/3037/4125 4043/3036/4126 4044/3035/4127
f 4045/3034/4128 4044/3035/4127 4043/3036/4126
f 4045/3034/4128 4046/3033/4129 4044/3035/4127
f 4047/3100/4130 4048/3108/4131 4049/3098/4132
f 4047/3100/4130 4049/3098/4132 4050/3093/4133
f 3975/3094/4051 4050/3093/4133 4049/3098/4132
f 3975/3094/4051 4051/3089/4134 4050/3093/4133
f 4051/3089/4134 3975/3094/4051 3976/3088/4052
f 4051/3089/4134 3976/3088/4052 4052/3076/4135
f 4052/3076/4135 3976/3088/4052 3977/3075/4053
f 4052/3076/4135 3977/3075/4053 4040/3039/4123
f 4040/3039/4123 3977/3075/4053 3979/3021/4055
f 4040/3039/4123 3979/3021/4055 4041/3038/4124
f 3979/3021/4055 4053/3040/4136 4041/3038/4124
f 4041/3038/4124 4053/3040/4136 4043/3036/4126
f 4053/3040/4136 4054/3041/4137 4043/3036/4126
f 4054/3041/4137 4045/3034/4128 4043/3036/4126
f 4054/3041/4137 4055/3042/4138 4045/3034/4128
f 4055/3042/4138 4054/3041/4137 4007/3025/4083
f 4055/3042/4138 4007/3025/4083 4056/3043/4139
f 3979/3021/4055 3991/3024/4067 4053/3040/4136
f 4054/3041/4137 4053/3040/4136 3991/3024/4067
f 4054/3041/4137 3991/3024/4067 4007/3025/4083
f 4057/3051/4140 4046/3033/4129 4058/3049/4141
f 4057/3051/4140 4044/3035/4127 4046/3033/4129
f 4059/3052/4142 4044/3035/4127 4057/3051/4140
f 4042/3037/4125 4044/3035/4127 4059/3052/4142
f 4060/3053/4143 4042/3037/4125 4059/3052/4142
f 4040/3039/4123 4042/3037/4125 4060/3053/4143
f 4040/3039/4123 4060/3053/4143 4061/3054/4144
f 4040/3039/4123 4061/3054/4144 4052/3076/4135
f 4062/3077/4145 4052/3076/4135 4061/3054/4144
f 4062/3077/4145 4051/3089/4134 4052/3076/4135
f 4051/3089/4134 4062/3077/4145 4063/3090/4146
f 4051/3089/4134 4063/3090/4146 4050/3093/4133
f 4050/3093/4133 4063/3090/4146 4064/3095/4147
f 4050/3093/4133 4064/3095/4147 4047/3100/4130
f 4065/3101/4148 4047/3100/4130 4064/3095/4147
f 4065/3101/4148 4066/3107/4149 4047/3100/4130
f 4067/3106/4150 4066/3107/4149 4065/3101/4148
f 4067/3106/4150 4068/2880/4151 4066/3107/4149
f 4060/3053/4143 4069/3063/4152 4070/3055/4153
f 4060/3053/4143 4070/3055/4153 4061/3054/4144
f 4071/3056/4154 4061/3054/4144 4070/3055/4153
f 4071/3056/4154 4062/3077/4145 4061/3054/4144
f 4062/3077/4145 4071/3056/4154 4072/3078/4155
f 4062/3077/4145 4072/3078/4155 4063/3090/4146
f 4063/3090/4146 4072/3078/4155 4073/3091/4156
f 4063/3090/4146 4073/3091/4156 4064/3095/4147
f 4074/3096/4157 4064/3095/4147 4073/3091/4156
f 4074/3096/4157 4065/3101/4148 4064/3095/4147
f 4075/3102/4158 4065/3101/4148 4074/3096/4157
f 4075/3102/4158 4067/3106/4150 4065/3101/4148
f 4075/3102/4158 4076/3105/4159 4067/3106/4150
f 4076/3105/4159 4068/2880/4151 4067/3106/4150
f 4076/3105/4159 4077/2892/4160 4068/2880/4151
f 4068/2880/4151 4077/2892/4160 4078/2882/4161
f 4077/2892/4160 777/2895/754 4078/2882/4161
f 4078/2882/4161 777/2895/754 776/2896/753
f 4079/3097/4162 4075/3102/4158 4074/3096/4157
f 4079/3097/4162 4074/3096/4157 4080/3092/4163
f 4080/3092/4163 4074/3096/4157 4073/3091/4156
f 4080/3092/4163 4073/3091/4156 4081/3079/4164
f 4072/3078/4155 4081/3079/4164 4073/3091/4156
f 4072/3078/4155 4082/3058/4165 4081/3079/4164
f 4071/3056/4154 4082/3058/4165 4072/3078/4155
f 4071/3056/4154 4083/3057/4166 4082/3058/4165
f 4083/3057/4166 4071/3056/4154 4070/3055/4153
f 4083/3057/4166 4070/3055/4153 4084/3062/4167
f 4069/3063/4152 4084/3062/4167 4070/3055/4153
f 4069/3063/4152 4085/3064/4168 4084/3062/4167
f 4077/2892/4160 780/2893/757 777/2895/754
f 772/2894/749 780/2893/757 4077/2892/4160
f 772/2894/749 4077/2892/4160 4076/3105/4159
f 4086/3104/4169 772/2894/749 4076/3105/4159
f 4075/3102/4158 4086/3104/4169 4076/3105/4159
f 4087/3103/4170 4086/3104/4169 4075/3102/4158
f 4087/3103/4170 4075/3102/4158 4079/3097/4162
f 3899/3432/3972 4087/3103/4170 4079/3097/4162
f 4079/3097/4162 3897/3433/3970 3899/3432/3972
f 4079/3097/4162 4080/3092/4163 3897/3433/3970
f 4080/3092/4163 3895/3434/3968 3897/3433/3970
f 4080/3092/4163 4081/3079/4164 3895/3434/3968
f 3893/3435/3966 3895/3434/3968 4081/3079/4164
f 4082/3058/4165 3893/3435/3966 4081/3079/4164
f 4082/3058/4165 3891/3059/3964 3893/3435/3966
f 4083/3057/4166 3891/3059/3964 4082/3058/4165
f 4083/3057/4166 3890/3061/3963 3891/3059/3964
f 3890/3061/3963 4083/3057/4166 4084/3062/4167
f 3899/3432/3972 3902/3436/3974 4087/3103/4170
f 764/3437/742 4087/3103/4170 3902/3436/3974
f 764/3437/742 770/3438/748 4087/3103/4170
f 770/3438/748 4086/3104/4169 4087/3103/4170
f 770/3438/748 771/3439/748 4086/3104/4169
f 4086/3104/4169 771/3439/748 772/2894/749
f 3890/3061/3963 4084/3062/4167 3888/3066/3961
f 3888/3066/3961 4084/3062/4167 4085/3064/4168
f 3888/3066/3961 4085/3064/4168 3886/3065/3959
f 4085/3064/4168 3917/3047/3989 3886/3065/3959
f 3852/3045/3925 4007/3025/4083 3847/3026/3920
f 3852/3045/3925 4056/3043/4139 4007/3025/4083
f 3853/3044/3926 4056/3043/4139 3852/3045/3925
f 4055/3042/4138 4056/3043/4139 3853/3044/3926
f 4055/3042/4138 3853/3044/3926 4034/3046/4117
f 4055/3042/4138 4034/3046/4117 4045/3034/4128
f 4045/3034/4128 4034/3046/4117 4036/3032/4119
f 4045/3034/4128 4036/3032/4119 4046/3033/4129
f 4046/3033/4129 4036/3032/4119 4037/3031/4120
f 4046/3033/4129 4037/3031/4120 4058/3049/4141
f 4058/3049/4141 4037/3031/4120 3919/3050/3991
f 4058/3049/4141 3919/3050/3991 3918/3048/3990
f 3917/3047/3989 4058/3049/4141 3918/3048/3990
f 3917/3047/3989 4057/3051/4140 4058/3049/4141
f 4085/3064/4168 4057/3051/4140 3917/3047/3989
f 4059/3052/4142 4057/3051/4140 4085/3064/4168
f 4069/3063/4152 4059/3052/4142 4085/3064/4168
f 4060/3053/4143 4059/3052/4142 4069/3063/4152
f 3971/2855/4047 3967/3110/4043 3965/2857/4041
f 3964/2856/4040 3971/2855/4047 3965/2857/4041
f 3969/2853/4045 3971/2855/4047 3964/2856/4040
f 4088/2858/4171 3969/2853/4045 3964/2856/4040
f 3985/2860/4061 3969/2853/4045 4088/2858/4171
f 3985/2860/4061 4088/2858/4171 4089/2874/4172
f 3985/2860/4061 4089/2874/4172 3989/2873/4065
f 4090/2877/4173 3989/2873/4065 4089/2874/4172
f 4091/2878/4174 4090/2877/4173 4089/2874/4172
f 4091/2878/4174 4089/2874/4172 4092/2875/4175
f 4093/2879/4176 4091/2878/4174 4092/2875/4175
f 4093/2879/4176 4092/2875/4175 4094/2876/4177
f 4095/2859/4178 4094/2876/4177 4092/2875/4175
f 4095/2859/4178 4048/3108/4131 4094/2876/4177
f 4048/3108/4131 4095/2859/4178 3964/2856/4040
f 4048/3108/4131 3964/2856/4040 4049/3098/4132
f 3966/3099/4042 4049/3098/4132 3964/2856/4040
f 3966/3099/4042 3975/3094/4051 4049/3098/4132
f 4088/2858/4171 4092/2875/4175 4089/2874/4172
f 4088/2858/4171 4095/2859/4178 4092/2875/4175
f 4088/2858/4171 3964/2856/4040 4095/2859/4178
f 4000/2863/4076 3988/2870/4064 4096/2871/4179
f 4097/2887/4180 4096/2871/4179 3988/2870/4064
f 4097/2887/4180 3988/2870/4064 4098/2886/4181
f 4098/2886/4181 3988/2870/4064 3987/2872/4063
f 4098/2886/4181 3987/2872/4063 4099/2885/4182
f 4099/2885/4182 3987/2872/4063 3989/2873/4065
f 4099/2885/4182 3989/2873/4065 4100/2884/4183
f 4090/2877/4173 4100/2884/4183 3989/2873/4065
f 4101/2883/4184 4100/2884/4183 4090/2877/4173
f 4091/2878/4174 4101/2883/4184 4090/2877/4173
f 4091/2878/4174 4102/2881/4185 4101/2883/4184
f 4093/2879/4176 4102/2881/4185 4091/2878/4174
f 4093/2879/4176 4078/2882/4161 4102/2881/4185
f 4068/2880/4151 4078/2882/4161 4093/2879/4176
f 4068/2880/4151 4093/2879/4176 4094/2876/4177
f 4068/2880/4151 4094/2876/4177 4066/3107/4149
f 4048/3108/4131 4066/3107/4149 4094/2876/4177
f 4048/3108/4131 4047/3100/4130 4066/3107/4149
f 4078/2882/4161 776/2896/753 4102/2881/4185
f 4102/2881/4185 776/2896/753 1071/2897/1038
f 4102/2881/4185 1071/2897/1038 4101/2883/4184
f 1071/2897/1038 4103/2898/4186 4101/2883/4184
f 4101/2883/4184 4103/2898/4186 4100/2884/4183
f 4100/2884/4183 4103/2898/4186 4104/2899/4187
f 4100/2884/4183 4104/2899/4187 4099/2885/4182
f 4099/2885/4182 4104/2899/4187 4105/2900/4188
f 4099/2885/4182 4105/2900/4188 4098/2886/4181
f 4098/2886/4181 4105/2900/4188 4106/2901/4189
f 4098/2886/4181 4106/2901/4189 4097/2887/4180
f 4106/2901/4189 3904/2902/3976 4097/2887/4180
f 3905/2888/3977 4097/2887/4180 3904/2902/3976
f 3905/2888/3977 4096/2871/4179 4097/2887/4180
f 4096/2871/4179 3905/2888/3977 3906/2889/3978
f 4096/2871/4179 3906/2889/3978 4000/2863/4076
f 4000/2863/4076 3906/2889/3978 3907/3431/3979
f 3907/3431/3979 4018/2864/4094 4000/2863/4076
f 4104/2899/4187 1074/2905/1041 4105/2900/4188
f 4104/2899/4187 1069/2904/1036 1074/2905/1041
f 4103/2898/4186 1069/2904/1036 4104/2899/4187
f 4103/2898/4186 1070/2903/1037 1069/2904/1036
f 1071/2897/1038 1070/2903/1037 4103/2898/4186
f 4106/2901/4189 3903/2909/3975 3904/2902/3976
f 4106/2901/4189 740/2908/718 3903/2909/3975
f 4106/2901/4189 741/2906/719 740/2908/718
f 4105/2900/4188 741/2906/719 4106/2901/4189
f 4105/2900/4188 1074/2907/1041 741/2906/719
f 4107/3146/4190 4108/3152/4191 4109/3147/4192
f 4110/3151/4193 4109/3147/4192 4108/3152/4191
f 4111/3148/4194 4109/3147/4192 4110/3151/4193
f 4112/3150/4195 4111/3148/4194 4110/3151/4193
f 4111/3148/4194 4112/3150/4195 4113/3149/4196
f 4112/3150/4195 4114/3155/4197 4113/3149/4196
f 4115/3154/4198 4113/3149/4196 4114/3155/4197
f 4114/3155/4197 4116/3161/4199 4115/3154/4198
f 4117/3162/4200 4115/3154/4198 4116/3161/4199
f 2311/2219/2443 4118/3142/4201 2308/2216/2440
f 2311/2219/2443 4119/3145/4202 4118/3142/4201
f 4118/3142/4201 4119/3145/4202 4107/3146/4190
f 4119/3145/4202 4120/3153/4203 4107/3146/4190
f 4107/3146/4190 4120/3153/4203 4108/3152/4191
f 4121/3159/4204 4108/3152/4191 4120/3153/4203
f 4122/3158/4205 4108/3152/4191 4121/3159/4204
f 4110/3151/4193 4108/3152/4191 4122/3158/4205
f 4123/3157/4206 4110/3151/4193 4122/3158/4205
f 4112/3150/4195 4110/3151/4193 4123/3157/4206
f 4124/3156/4207 4112/3150/4195 4123/3157/4206
f 4112/3150/4195 4124/3156/4207 4114/3155/4197
f 4124/3156/4207 4125/3160/4208 4114/3155/4197
f 4114/3155/4197 4125/3160/4208 4116/3161/4199
f 4125/3160/4208 4126/3163/4209 4116/3161/4199
f 2297/2205/2430 4116/3161/4199 4126/3163/4209
f 2297/2205/2430 4117/3162/4200 4116/3161/4199
f 2298/2206/2430 4117/3162/4200 2297/2205/2430
f 2311/2219/2443 2226/2122/2360 4119/3145/4202
f 2226/2122/2360 2230/2126/2364 4119/3145/4202
f 4119/3145/4202 2230/2126/2364 4120/3153/4203
f 2230/2126/2364 2237/2133/2371 4120/3153/4203
f 4121/3159/4204 4120/3153/4203 2237/2133/2371
f 2240/2136/2374 4121/3159/4204 2237/2133/2371
f 2247/2143/2381 4121/3159/4204 2240/2136/2374
f 4122/3158/4205 4121/3159/4204 2247/2143/2381
f 2249/2145/2383 4122/3158/4205 2247/2143/2381
f 4123/3157/4206 4122/3158/4205 2249/2145/2383
f 2251/2147/2385 4123/3157/4206 2249/2145/2383
f 4124/3156/4207 4123/3157/4206 2251/2147/2385
f 2286/2190/2420 4124/3156/4207 2251/2147/2385
f 4124/3156/4207 2286/2190/2420 4125/3160/4208
f 2286/2190/2420 2287/2191/2421 4125/3160/4208
f 4125/3160/4208 2287/2191/2421 4126/3163/4209
f 2287/2191/2421 2288/2192/2422 4126/3163/4209
f 2288/2192/2422 2297/2205/2430 4126/3163/4209
f 2298/2206/2430 2299/2207/2431 4117/3162/4200
f 2299/2207/2431 2302/2210/2434 4117/3162/4200
f 4117/3162/4200 2302/2210/2434 4115/3154/4198
f 2304/2212/2436 4115/3154/4198 2302/2210/2434
f 4115/3154/4198 2304/2212/2436 4113/3149/4196
f 2304/2212/2436 2306/2214/2438 4113/3149/4196
f 4111/3148/4194 4113/3149/4196 2306/2214/2438
f 2306/2214/2438 4127/3144/4210 4111/3148/4194
f 4111/3148/4194 4127/3144/4210 4109/3147/4192
f 4128/3143/4211 4109/3147/4192 4127/3144/4210
f 4128/3143/4211 4107/3146/4190 4109/3147/4192
f 4118/3142/4201 4107/3146/4190 4128/3143/4211
f 2308/2216/2440 4118/3142/4201 4128/3143/4211
f 2308/2216/2440 4128/3143/4211 2306/2214/2438
f 2306/2214/2438 4128/3143/4211 4127/3144/4210
f 2169/2058/2303 2164/2053/2298 2171/2060/2305
f 2162/2051/2296 2164/2053/2298 2169/2058/2303
f 2168/2057/2302 2162/2051/2296 2169/2058/2303
f 2168/2057/2302 2282/3208/2416 2162/2051/2296
f 4129/3207/4212 2282/3208/2416 2168/2057/2302
f 4129/3207/4212 2279/3440/2413 2282/3208/2416
f 2280/3441/2414 2279/3440/2413 4129/3207/4212
f 2280/3441/2414 4129/3207/4212 4130/3205/4213
f 2281/3442/2415 2280/3441/2414 4130/3205/4213
f 2281/3442/2415 4130/3205/4213 4131/3443/4214
f 2289/3444/2423 2281/3442/2415 4131/3443/4214
f 2289/3444/2423 4131/3443/4214 4132/3445/4215
f 2291/3446/2425 2289/3444/2423 4132/3445/4215
f 2291/3446/2425 4132/3445/4215 4133/3447/4216
f 2293/3448/2427 2291/3446/2425 4133/3447/4216
f 2293/3448/2427 4133/3447/4216 4134/3449/4217
f 4135/3450/4218 2293/3448/2427 4134/3449/4217
f 4135/3450/4218 2295/3451/2429 2293/3448/2427
f 733/3452/711 734/3453/712 2295/3451/2429
f 733/3452/711 2295/3451/2429 4135/3450/4218
f 714/3454/692 733/3452/711 4135/3450/4218
f 714/3454/692 4135/3450/4218 2347/3455/676
f 2347/3455/676 4135/3450/4218 4134/3449/4217
f 2347/3455/676 4134/3449/4217 2346/3456/2472
f 2346/3456/2472 4134/3449/4217 4133/3447/4216
f 2346/3456/2472 4133/3447/4216 2345/3457/2471
f 2345/3457/2471 4133/3447/4216 4132/3445/4215
f 2345/3457/2471 4132/3445/4215 2344/3458/2470
f 2344/3458/2470 4132/3445/4215 4131/3443/4214
f 2344/3458/2470 4131/3443/4214 2343/3203/2469
f 2343/3203/2469 4131/3443/4214 4130/3205/4213
f 2343/3203/2469 4130/3205/4213 2342/3204/2468
f 4130/3205/4213 2341/3206/2467 2342/3204/2468
f 4130/3205/4213 4129/3207/4212 2341/3206/2467
f 2167/2056/2301 2341/3206/2467 4129/3207/4212
f 2167/2056/2301 4129/3207/4212 2168/2057/2302
f 2328/2236/2458 1111/3213/1071 1110/2237/966
f 1119/3212/1077 1111/3213/1071 2328/2236/2458
f 1119/3212/1077 2328/2236/2458 2327/2235/2457
f 2318/2226/982 1119/3212/1077 2327/2235/2457
f 2318/2226/982 1050/3211/1018 1119/3212/1077
f 2317/2225/2449 1050/3211/1018 2318/2226/982
f 2317/2225/2449 1051/3210/1017 1050/3211/1018
f 2316/2224/2448 1051/3210/1017 2317/2225/2449
f 2316/2224/2448 1049/3459/1017 1051/3210/1017
f 1045/2204/1013 1049/3459/1017 2316/2224/2448
f 2253/3185/2387 4136/3178/4219 4137/3179/4220
f 2255/3186/2389 4136/3178/4219 2253/3185/2387
f 2255/3186/2389 2257/3187/2391 4136/3178/4219
f 2253/3185/2387 4137/3179/4220 2259/3184/2393
f 2203/3183/2337 2259/3184/2393 4137/3179/4220
f 2203/3183/2337 4137/3179/4220 4138/3182/4221
f 4138/3182/4221 4137/3179/4220 4139/3165/4222
f 4136/3178/4219 4139/3165/4222 4137/3179/4220
f 4136/3178/4219 4140/3177/4223 4139/3165/4222
f 2257/3187/2391 4140/3177/4223 4136/3178/4219
f 2257/3187/2391 2258/3188/2392 4140/3177/4223
f 2258/3188/2392 4141/3180/4224 4140/3177/4223
f 2258/3188/2392 2245/3189/2379 4141/3180/4224
f 4141/3180/4224 2245/3189/2379 2244/3190/2378
f 4141/3180/4224 2244/3190/2378 4142/3181/4225
f 2243/3191/2377 4142/3181/4225 2244/3190/2378
f 2243/3191/2377 4143/3170/4226 4142/3181/4225
f 2242/3192/2376 4143/3170/4226 2243/3191/2377
f 2242/3192/2376 2241/3169/2375 4143/3170/4226
f 2241/3169/2375 4144/3168/4227 4143/3170/4226
f 2241/3169/2375 2211/3171/2345 4144/3168/4227
f 4138/3182/4221 4139/3165/4222 4145/3166/4228
f 4139/3165/4222 4146/3167/4229 4145/3166/4228
f 4144/3168/4227 2211/3171/2345 2183/3172/2317
f 4144/3168/4227 2183/3172/2317 4147/3173/4230
f 4148/3174/4231 4144/3168/4227 4147/3173/4230
f 4148/3174/4231 4147/3173/4230 4149/3175/4232
f 4146/3167/4229 4148/3174/4231 4149/3175/4232
f 4146/3167/4229 4150/3176/4233 4148/3174/4231
f 4139/3165/4222 4150/3176/4233 4146/3167/4229
f 4140/3177/4223 4150/3176/4233 4139/3165/4222
f 4140/3177/4223 4141/3180/4224 4150/3176/4233
f 4150/3176/4233 4141/3180/4224 4142/3181/4225
f 4150/3176/4233 4142/3181/4225 4148/3174/4231
f 4143/3170/4226 4148/3174/4231 4142/3181/4225
f 4143/3170/4226 4144/3168/4227 4148/3174/4231
f 2182/3202/2316 4151/3201/4234 2183/3172/2317
f 4151/3201/4234 2182/3202/2316 2196/3200/2330
f 4151/3201/4234 2196/3200/2330 4152/3199/4235
f 2198/3197/2332 4152/3199/4235 2196/3200/2330
f 2198/3197/2332 4153/3198/4236 4152/3199/4235
f 2198/3197/2332 4154/3196/4237 4153/3198/4236
f 2198/3197/2332 2199/3195/2333 4154/3196/4237
f 2199/3195/2333 4155/3193/4238 4154/3196/4237
f 2199/3195/2333 2201/3194/2335 4155/3193/4238
f 2201/3194/2335 2203/3183/2337 4155/3193/4238
f 4156/3418/4239 2109/3417/4240 2108/3416/4241
f 4157/3419/4242 2109/3417/4240 4156/3418/4239
f 4157/3419/4242 2110/3420/4243 2109/3417/4240
f 4158/3421/2874 2110/3420/4243 4157/3419/4242
f 4158/3421/2874 2111/3422/4244 2110/3420/4243
f 4158/3421/2874 2112/3423/294 2111/3422/4244
f 4158/3421/2874 2113/3424/4245 2112/3423/294
f 307/3425/2874 2113/3424/4245 4158/3421/2874
f 307/3425/2874 4158/3421/2874 303/3426/2874
f 303/3426/2874 4158/3421/2874 4157/3419/4242
f 303/3426/2874 4157/3419/4242 304/3427/4242
f 305/3428/4240 304/3427/4242 4157/3419/4242
f 305/3428/4240 4157/3419/4242 4156/3418/4239
f 306/3429/4241 305/3428/4240 4156/3418/4239
f 306/3429/4241 4156/3418/4239 2107/3430/4241
f 4156/3418/4239 2108/3416/4241 2107/3430/4241
f 2129/2018/4246 2128/2017/4247 2154/2043/4248
f 2131/2020/4249 2154/2043/4248 2128/2017/4247
f 2131/2020/4249 2153/2042/4250 2154/2043/4248
f 2153/2042/4250 2131/2020/4249 2133/2022/4251
f 2153/2042/4250 2133/2022/4251 2152/2041/4252
f 2133/2022/4251 2151/2040/4253 2152/2041/4252
f 2133/2022/4251 2134/2023/621 2151/2040/4253
f 2134/2023/621 2143/2032/4254 2151/2040/4253
f 2134/2023/621 2126/2015/4255 2143/2032/4254
f 2126/2015/4255 2125/2014/4256 2143/2032/4254
f 3406/2509/4257 3592/2529/4258 3611/2508/4258
f 3593/2532/4259 3611/2508/4258 3592/2529/4258
f 3593/2532/4259 3610/2507/4259 3611/2508/4258
f 3610/2507/4259 3593/2532/4259 3594/2534/4260
f 3610/2507/4259 3594/2534/4260 3609/2506/4260
f 3595/2535/4261 3609/2506/4260 3594/2534/4260
f 3595/2535/4261 3608/2527/4261 3609/2506/4260
f 3595/2535/4261 3600/2526/4262 3608/2527/4261
f 3595/2535/4261 3596/2537/4262 3600/2526/4262
f 3596/2537/4262 3396/2525/4263 3600/2526/4262
f 2183/3172/4264 4151/3201/4265 4147/3173/4266
f 4147/3173/4266 4151/3201/4265 4152/3199/4267
f 4147/3173/4266 4152/3199/4267 4149/3175/4267
f 4153/3198/4268 4149/3175/4267 4152/3199/4267
f 4153/3198/4268 4146/3167/4268 4149/3175/4267
f 4145/3166/4269 4146/3167/4268 4153/3198/4268
f 4145/3166/4269 4153/3198/4268 4154/3196/4269
f 4138/3182/4270 4145/3166/4269 4154/3196/4269
f 4138/3182/4270 4154/3196/4269 4155/3193/4270
f 4155/3193/4270 2203/3183/4271 4138/3182/4270
f 4159/3460/673 3560/2499/3630 4160/2496/4272
f 4159/3460/673 3561/3461/3631 3560/2499/3630
f 4161/3462/4273 3561/3461/3631 4159/3460/673
f 4161/3462/4273 3557/3463/3627 3561/3461/3631
f 4162/3464/4274 3557/3463/3627 4161/3462/4273
f 4162/3464/4274 3555/3465/3626 3557/3463/3627
f 4163/3466/4275 3555/3465/3626 4162/3464/4274
f 4163/3466/4275 3572/3467/3641 3555/3465/3626
f 3560/2499/3630 680/2500/659 696/2498/675
f 3560/2499/3630 696/2498/675 4160/2496/4272
f 4160/2496/4272 696/2498/675 703/2495/682
f 4160/2496/4272 703/2495/682 4164/2497/4276
f 4159/3460/673 4160/2496/4272 4164/2497/4276
f 4159/3460/673 4164/2497/4276 4165/3468/4277
f 4165/3468/4277 4161/3462/4273 4159/3460/673
f 4165/3468/4277 4166/3469/4278 4161/3462/4273
f 4166/3469/4278 4162/3464/4274 4161/3462/4273
f 4166/3469/4278 4167/3470/4279 4162/3464/4274
f 4167/3470/4279 4163/3466/4275 4162/3464/4274
f 4167/3470/4279 3415/3367/3496 4163/3466/4275
f 3415/3367/3496 3417/2455/3498 4163/3466/4275
f 3417/2455/3498 3572/3467/3641 4163/3466/4275
f 3417/2455/3498 3573/2459/3642 3572/3467/3641
f 3417/2455/3498 3574/2458/3643 3573/2459/3642
f 3417/2455/3498 3419/2452/3500 3574/2458/3643
f 3419/2452/3500 3423/2450/3504 3574/2458/3643
f 3419/2452/3500 3421/2451/3502 3423/2450/3504
f 4168/3451/4280 359/3453/359 357/3452/357
f 4168/3451/4280 357/3452/357 4169/3450/351
f 4169/3450/351 357/3452/357 344/3454/344
f 4169/3450/351 344/3454/344 3244/3455/349
f 4170/3449/4281 4169/3450/351 3244/3455/349
f 4170/3449/4281 3244/3455/349 3235/3456/3338
f 3235/3456/3338 4171/3447/4282 4170/3449/4281
f 3235/3456/3338 3238/3457/3341 4171/3447/4282
f 3238/3457/3341 4172/3445/4283 4171/3447/4282
f 3238/3457/3341 3240/3458/3343 4172/3445/4283
f 3240/3458/3343 4173/3443/4284 4172/3445/4283
f 3240/3458/3343 3185/3203/3278 4173/3443/4284
f 3185/3203/3278 3187/3205/3280 4173/3443/4284
f 3187/3205/3280 3103/3442/3196 4173/3443/4284
f 3187/3205/3280 3125/3441/3218 3103/3442/3196
f 3125/3441/3218 3187/3205/3280 3189/3207/3282
f 3125/3441/3218 3189/3207/3282 3124/3440/3217
f 3189/3207/3282 3144/3208/3237 3124/3440/3217
f 3106/3448/3199 4168/3451/4280 4169/3450/351
f 3106/3448/3199 4169/3450/351 4170/3449/4281
f 4171/3447/4282 3106/3448/3199 4170/3449/4281
f 4171/3447/4282 3105/3446/3198 3106/3448/3199
f 4172/3445/4283 3105/3446/3198 4171/3447/4282
f 4172/3445/4283 3104/3444/3197 3105/3446/3198
f 4173/3443/4284 3104/3444/3197 4172/3445/4283
f 4173/3443/4284 3103/3442/3196 3104/3444/3197
f 3106/2197/3199 3087/2196/3180 3086/2198/3179
f 3106/2197/3199 3086/2198/3179 4168/2199/4280
f 359/2200/359 4168/2199/4280 3086/2198/3179
f 359/2200/359 3086/2198/3179 361/2201/361
f 3085/2202/412 361/2201/361 3086/2198/3179
f 3085/2202/412 553/2203/537 361/2201/361
f 3085/2202/412 547/2204/531 553/2203/537
f 3085/2202/412 3245/2208/311 547/2204/531
f 3246/2224/590 547/2204/531 3245/2208/311
f 3246/2224/590 545/3459/529 547/2204/531
f 3246/2224/590 544/3210/528 545/3459/529
f 3486/2404/3567 3460/2405/3541 3511/2266/3591
f 3460/2405/3541 3415/3368/3496 3511/2266/3591
f 3511/2266/3591 3415/3368/3496 4167/3471/4279
f 4167/3471/4279 3513/2264/3591 3511/2266/3591
f 4167/3471/4279 4166/3472/4278 3513/2264/3591
f 3514/2263/3593 3513/2264/3591 4166/3472/4278
f 3514/2263/3593 4166/3472/4278 4165/3473/4277
f 4165/3473/4277 3547/2279/763 3514/2263/3593
f 4165/3473/4277 4164/2286/4276 3547/2279/763
f 3547/2279/763 4164/2286/4276 703/2285/682
f 3547/2279/763 703/2285/682 713/2281/691
f 3546/2280/979 3547/2279/763 713/2281/691
f 3546/2280/979 713/2281/691 995/2282/691
f 3545/2283/3618 3546/2280/979 995/2282/691
f 3545/2283/3618 995/2282/691 992/2284/964
f 3544/2304/3617 3545/2283/3618 992/2284/964
f 3544/2304/3617 992/2284/964 993/2305/965
f 3537/2301/2449 3544/2304/3617 993/2305/965
f 2977/3058/3072 2990/3079/3085 2942/3060/3038
f 2942/3060/3038 2990/3079/3085 2944/3434/3040
f 2944/3434/3040 2990/3079/3085 3003/3092/3098
f 2944/3434/3040 3003/3092/3098 2946/3433/3042
f 2946/3433/3042 3003/3092/3098 3008/3097/3103
f 2946/3433/3042 3008/3097/3103 2948/3432/3044
f 2948/3432/3044 3008/3097/3103 3014/3103/3109
f 2948/3432/3044 3014/3103/3109 2951/3436/3046
f 326/3437/326 2951/3436/3046 3014/3103/3109
f 326/3437/326 3014/3103/3109 605/3438/584
f 3015/3104/3110 605/3438/584 3014/3103/3109
f 3015/3104/3110 603/3439/582 605/3438/584
f 3015/3104/3110 595/2894/575 603/3439/582
f 3015/3104/3110 3016/3105/2490 595/2894/575
f 2851/2892/2929 595/2894/575 3016/3105/2490
f 2839/2880/2919 2851/2892/2929 3016/3105/2490
f 2839/2880/2919 2841/2882/577 2851/2892/2929
f 2839/2880/2919 2838/2879/2918 2841/2882/577
f 155/3265/156 4174/3266/4285 154/3267/155
f 4175/3249/4286 4176/3257/4287 4177/3250/4288
f 4178/3258/4289 4177/3250/4288 4176/3257/4287
f 4178/3258/4289 4179/3251/4290 4177/3250/4288
f 4180/3259/4291 4179/3251/4290 4178/3258/4289
f 4180/3259/4291 4181/3252/4292 4179/3251/4290
f 4180/3259/4291 4182/3260/4293 4181/3252/4292
f 4180/3259/4291 4183/3270/4294 4182/3260/4293
f 4183/3270/4294 4184/3261/4293 4182/3260/4293
f 4183/3270/4294 4185/3269/4294 4184/3261/4293
f 4186/3264/4295 4184/3261/4293 4185/3269/4294
f 4186/3264/4295 4185/3269/4294 4174/3266/4285
f 155/3265/156 4186/3264/4295 4174/3266/4285
f 155/3265/156 4187/3263/4296 4186/3264/4295
f 155/3265/156 141/3268/142 4187/3263/4296
f 4188/3255/4297 4189/3253/4298 4181/3252/4292
f 4188/3255/4297 4181/3252/4292 4182/3260/4293
f 4184/3261/4293 4188/3255/4297 4182/3260/4293
f 4184/3261/4293 4190/3262/4299 4188/3255/4297
f 4187/3263/4296 4190/3262/4299 4184/3261/4293
f 4187/3263/4296 4184/3261/4293 4186/3264/4295
f 4175/3249/4286 4177/3250/4288 4191/3220/4300
f 4191/3220/4300 4177/3250/4288 4192/3222/4301
f 4179/3251/4290 4192/3222/4301 4177/3250/4288
f 4179/3251/4290 4193/3242/4302 4192/3222/4301
f 4181/3252/4292 4193/3242/4302 4179/3251/4290
f 4181/3252/4292 4194/3241/4303 4193/3242/4302
f 4189/3253/4298 4194/3241/4303 4181/3252/4292
f 4189/3253/4298 4195/3254/4304 4194/3241/4303
f 4195/3254/4304 4196/3239/4305 4194/3241/4303
f 4195/3254/4304 4197/3240/4306 4196/3239/4305
f 4196/3239/4305 4197/3240/4306 4198/3224/4307
f 4196/3239/4305 4198/3224/4307 4199/3223/4308
f 4198/3224/4307 4200/3215/4309 4199/3223/4308
f 4199/3223/4308 4200/3215/4309 4201/3216/4310
f 4200/3215/4309 4202/3214/4311 4201/3216/4310
f 4200/3215/4309 4203/3217/4312 4202/3214/4311
f 4202/3214/4311 4203/3217/4312 4204/3228/4313
f 4203/3217/4312 4205/3227/4314 4204/3228/4313
f 4194/3241/4303 4192/3222/4301 4193/3242/4302
f 4196/3239/4305 4199/3223/4308 4206/3221/4315
f 4199/3223/4308 4201/3216/4310 4206/3221/4315
f 4200/3215/4309 4207/3218/4316 4203/3217/4312
f 4203/3217/4312 4207/3218/4316 4205/3227/4314
f 4204/3228/4313 4205/3227/4314 4208/3236/4317
f 4209/3235/4318 4208/3236/4317 4205/3227/4314
f 4209/3235/4318 4205/3227/4314 4210/3234/4319
f 4211/3226/4320 4210/3234/4319 4205/3227/4314
f 4211/3226/4320 4205/3227/4314 4207/3218/4316
f 4212/3219/4321 4211/3226/4320 4207/3218/4316
f 4200/3215/4309 4212/3219/4321 4207/3218/4316
f 4198/3224/4307 4212/3219/4321 4200/3215/4309
f 4198/3224/4307 4213/3225/4322 4212/3219/4321
f 4212/3219/4321 4213/3225/4322 4211/3226/4320
f 4214/3232/4323 4215/3230/4324 4216/3231/4325
f 4217/3229/4326 4216/3231/4325 4215/3230/4324
f 4202/3214/4311 4217/3229/4326 4215/3230/4324
f 4202/3214/4311 4204/3228/4313 4217/3229/4326
f 4217/3229/4326 4204/3228/4313 4218/3237/4327
f 4204/3228/4313 4208/3236/4317 4218/3237/4327
f 4217/3229/4326 4219/3238/4328 4216/3231/4325
f 4217/3229/4326 4218/3237/4327 4219/3238/4328
f 4194/3241/4303 4196/3239/4305 4192/3222/4301
f 4196/3239/4305 4206/3221/4315 4192/3222/4301
f 4191/3220/4300 4192/3222/4301 4206/3221/4315
f 4191/3220/4300 4206/3221/4315 4201/3216/4310
f 4191/3220/4300 4201/3216/4310 4220/3248/4329
f 4220/3248/4329 4201/3216/4310 4202/3214/4311
f 4220/3248/4329 4202/3214/4311 4221/3366/4330
f 4202/3214/4311 4215/3230/4324 4221/3366/4330
f 4222/3233/4331 4221/3366/4330 4215/3230/4324
f 4214/3232/4323 4222/3233/4331 4215/3230/4324
f 4222/3233/4331 4214/3232/4323 4223/3243/4332
f 4222/3233/4331 4223/3243/4332 4224/3244/4333
f 4222/3233/4331 4224/3244/4333 4225/3245/4334
f 4222/3233/4331 4225/3245/4334 4226/3246/4335
f 4227/3247/4336 4226/3246/4335 4225/3245/4334
f 4220/3248/4329 4226/3246/4335 4227/3247/4336
f 4175/3249/4286 4220/3248/4329 4227/3247/4336
f 4175/3249/4286 4191/3220/4300 4220/3248/4329
f 4222/3233/4331 4226/3246/4335 4221/3366/4330
f 4220/3248/4329 4221/3366/4330 4226/3246/4335
f 4175/3249/4286 4227/3247/4336 4228/3256/4337
f 4227/3247/4336 4225/3245/4334 4228/3256/4337
f 174/3284/175 175/3292/176 4229/3285/4338
f 4230/3354/4339 139/3407/140 153/3276/154
f 4231/3274/4340 4230/3354/4339 153/3276/154
f 4231/3274/4340 153/3276/154 156/3275/157
f 156/3275/157 4232/3277/4341 4231/3274/4340
f 156/3275/157 159/3278/160 4232/3277/4341
f 159/3278/160 4233/3279/4342 4232/3277/4341
f 159/3278/160 161/3280/162 4233/3279/4342
f 161/3280/162 4234/3281/4343 4233/3279/4342
f 161/3280/162 172/3282/173 4234/3281/4343
f 172/3282/173 4235/3273/4344 4234/3281/4343
f 172/3282/173 173/3283/174 4235/3273/4344
f 174/3284/175 4235/3273/4344 173/3283/174
f 174/3284/175 4236/3272/4345 4235/3273/4344
f 174/3284/175 4229/3285/4338 4236/3272/4345
f 4229/3285/4338 4237/3271/4346 4236/3272/4345
f 4237/3271/4346 4235/3273/4344 4236/3272/4345
f 4237/3271/4346 4238/3363/4347 4235/3273/4344
f 4238/3363/4347 4234/3281/4343 4235/3273/4344
f 4233/3279/4342 4239/3353/4348 4240/3352/4349
f 4240/3352/4349 4232/3277/4341 4233/3279/4342
f 4240/3352/4349 4241/3350/4350 4232/3277/4341
f 4241/3350/4350 4231/3274/4340 4232/3277/4341
f 4241/3350/4350 4242/3344/4351 4231/3274/4340
f 4242/3344/4351 4230/3354/4339 4231/3274/4340
f 4242/3344/4351 4243/3340/4352 4230/3354/4339
f 4234/3281/4343 4244/3291/4353 4233/3279/4342
f 4244/3291/4353 4239/3353/4348 4233/3279/4342
f 4244/3291/4353 4245/3351/4354 4239/3353/4348
f 4240/3352/4349 4239/3353/4348 4245/3351/4354
f 4240/3352/4349 4245/3351/4354 4246/3349/4355
f 4241/3350/4350 4240/3352/4349 4246/3349/4355
f 4241/3350/4350 4246/3349/4355 4247/3345/4356
f 4242/3344/4351 4241/3350/4350 4247/3345/4356
f 4242/3344/4351 4247/3345/4356 4248/3338/4357
f 4243/3340/4352 4242/3344/4351 4248/3338/4357
f 4243/3340/4352 4248/3338/4357 4249/3339/4358
f 4238/3363/4347 4250/3359/4359 4234/3281/4343
f 4234/3281/4343 4250/3359/4359 4244/3291/4353
f 4250/3359/4359 4251/3355/4360 4244/3291/4353
f 4244/3291/4353 4251/3355/4360 4245/3351/4354
f 4251/3355/4360 4252/3348/4361 4245/3351/4354
f 4246/3349/4355 4245/3351/4354 4252/3348/4361
f 4246/3349/4355 4252/3348/4361 4253/3346/4362
f 4247/3345/4356 4246/3349/4355 4253/3346/4362
f 4247/3345/4356 4253/3346/4362 4254/3336/4363
f 4248/3338/4357 4247/3345/4356 4254/3336/4363
f 4248/3338/4357 4254/3336/4363 4255/3337/4357
f 4255/3337/4357 4249/3339/4358 4248/3338/4357
f 4255/3337/4357 4256/3343/4364 4249/3339/4358
f 4255/3337/4357 4257/3377/4365 4256/3343/4364
f 4256/3343/4364 4257/3377/4365 4258/3378/4366
f 4257/3377/4365 4259/3386/4367 4258/3378/4366
f 4258/3378/4366 4259/3386/4367 4260/3401/4368
f 4259/3386/4367 4261/3400/4369 4260/3401/4368
f 4257/3377/4365 4262/3387/4370 4259/3386/4367
f 4255/3337/4357 4263/3376/4371 4257/3377/4365
f 4263/3376/4371 4262/3387/4370 4257/3377/4365
f 4263/3376/4371 4264/3388/4372 4262/3387/4370
f 4264/3388/4372 4265/3398/4373 4262/3387/4370
f 4259/3386/4367 4266/3397/4374 4261/3400/4369
f 4262/3387/4370 4266/3397/4374 4259/3386/4367
f 4262/3387/4370 4267/3395/4375 4266/3397/4374
f 4265/3398/4373 4267/3395/4375 4262/3387/4370
f 4265/3398/4373 4268/3393/4376 4267/3395/4375
f 4269/3391/4377 4268/3393/4376 4265/3398/4373
f 4269/3391/4377 4265/3398/4373 4270/3389/4378
f 4270/3389/4378 4265/3398/4373 4264/3388/4372
f 4270/3389/4378 4264/3388/4372 4271/3375/4379
f 4271/3375/4379 4264/3388/4372 4263/3376/4371
f 4271/3375/4379 4263/3376/4371 4272/3335/4380
f 4255/3337/4357 4272/3335/4380 4263/3376/4371
f 4255/3337/4357 4254/3336/4363 4272/3335/4380
f 4254/3336/4363 4273/3334/4381 4272/3335/4380
f 4254/3336/4363 4253/3346/4362 4273/3334/4381
f 4253/3346/4362 4274/3347/4382 4273/3334/4381
f 4253/3346/4362 4252/3348/4361 4274/3347/4382
f 4274/3347/4382 4252/3348/4361 4275/3356/4383
f 4271/3375/4379 4272/3335/4380 4276/3383/4384
f 4272/3335/4380 4277/3333/4385 4276/3383/4384
f 4272/3335/4380 4273/3334/4381 4277/3333/4385
f 4273/3334/4381 4278/3332/4386 4277/3333/4385
f 4273/3334/4381 4274/3347/4382 4278/3332/4386
f 4278/3332/4386 4274/3347/4382 4279/3357/4387
f 4274/3347/4382 4275/3356/4383 4279/3357/4387
f 4280/3360/4388 4279/3357/4387 4275/3356/4383
f 4281/3358/4389 4280/3360/4388 4275/3356/4383
f 4282/3364/4390 4280/3360/4388 4281/3358/4389
f 4251/3355/4360 4275/3356/4383 4252/3348/4361
f 4281/3358/4389 4275/3356/4383 4251/3355/4360
f 4250/3359/4359 4281/3358/4389 4251/3355/4360
f 4238/3363/4347 4281/3358/4389 4250/3359/4359
f 4238/3363/4347 4282/3364/4390 4281/3358/4389
f 4237/3271/4346 4282/3364/4390 4238/3363/4347
f 4283/3323/4391 4284/3321/4392 4279/3357/4387
f 4278/3332/4386 4279/3357/4387 4284/3321/4392
f 4285/3331/4393 4278/3332/4386 4284/3321/4392
f 4277/3333/4385 4278/3332/4386 4285/3331/4393
f 4277/3333/4385 4285/3331/4393 4286/3381/4394
f 4277/3333/4385 4286/3381/4394 4287/3382/4395
f 4277/3333/4385 4287/3382/4395 4276/3383/4384
f 4276/3383/4384 4287/3382/4395 4288/3384/4396
f 4276/3383/4384 4288/3384/4396 4271/3375/4379
f 4289/3385/4397 4271/3375/4379 4288/3384/4396
f 4289/3385/4397 4270/3389/4378 4271/3375/4379
f 4290/3390/4398 4270/3389/4378 4289/3385/4397
f 4290/3390/4398 4269/3391/4377 4270/3389/4378
f 4209/3392/4318 4269/3391/4377 4290/3390/4398
f 4268/3393/4376 4269/3391/4377 4209/3392/4318
f 4268/3393/4376 4209/3392/4318 4210/3394/4319
f 4268/3393/4376 4210/3394/4319 4267/3395/4375
f 4267/3395/4375 4210/3394/4319 4211/3396/4320
f 4285/3331/4393 4284/3321/4392 4291/3330/4399
f 4284/3321/4392 4292/3329/4400 4291/3330/4399
f 4284/3321/4392 4293/3322/4401 4292/3329/4400
f 4283/3323/4391 4293/3322/4401 4284/3321/4392
f 4294/3324/4402 4293/3322/4401 4283/3323/4391
f 4294/3324/4402 4283/3323/4391 4295/3325/4403
f 4294/3324/4402 4295/3325/4403 4296/3326/4404
f 4297/3320/4405 4296/3326/4404 4295/3325/4403
f 4298/3327/4406 4296/3326/4404 4297/3320/4405
f 4296/3326/4404 4298/3327/4406 4299/3318/4407
f 4298/3327/4406 4300/3316/4408 4299/3318/4407
f 4296/3326/4404 4299/3318/4407 4294/3324/4402
f 4293/3322/4401 4301/3328/4409 4292/3329/4400
f 4293/3322/4401 4294/3324/4402 4301/3328/4409
f 4302/3319/4410 4301/3328/4409 4294/3324/4402
f 4302/3319/4410 4294/3324/4402 4299/3318/4407
f 4303/3317/4411 4302/3319/4410 4299/3318/4407
f 4303/3317/4411 4299/3318/4407 4300/3316/4408
f 4300/3316/4408 4223/3315/4332 4303/3317/4411
f 4223/3315/4332 4300/3316/4408 4304/3314/4412
f 4298/3327/4406 4304/3314/4412 4300/3316/4408
f 4305/3312/4413 4304/3314/4412 4298/3327/4406
f 4305/3312/4413 4298/3327/4406 4297/3320/4405
f 4306/3310/4414 4305/3312/4413 4297/3320/4405
f 4306/3310/4414 4297/3320/4405 4307/3365/4415
f 4307/3365/4415 4308/3306/4416 4306/3310/4414
f 4307/3365/4415 4309/3305/4417 4308/3306/4416
f 4308/3306/4416 4309/3305/4417 4178/3298/4289
f 4310/3296/4418 4178/3298/4289 4309/3305/4417
f 4310/3296/4418 4180/3297/4291 4178/3298/4289
f 4304/3314/4412 4224/3313/4333 4223/3315/4332
f 4304/3314/4412 4305/3312/4413 4224/3313/4333
f 4225/3311/4334 4224/3313/4333 4305/3312/4413
f 4225/3311/4334 4305/3312/4413 4306/3310/4414
f 4306/3310/4414 4228/3309/4337 4225/3311/4334
f 4306/3310/4414 4308/3306/4416 4228/3309/4337
f 4308/3306/4416 4175/3308/4286 4228/3309/4337
f 4308/3306/4416 4176/3307/4287 4175/3308/4286
f 4308/3306/4416 4178/3298/4289 4176/3307/4287
f 4311/3293/4419 4312/3294/4420 4313/3286/4421
f 4312/3294/4420 4314/3288/4422 4313/3286/4421
f 4312/3294/4420 4315/3295/4423 4314/3288/4422
f 4315/3295/4423 4316/3290/4424 4314/3288/4422
f 4316/3290/4424 4315/3295/4423 4310/3296/4418
f 4316/3290/4424 4310/3296/4418 4317/3304/4425
f 4309/3305/4417 4317/3304/4425 4310/3296/4418
f 4309/3305/4417 4307/3365/4415 4317/3304/4425
f 4307/3365/4415 4318/3362/4426 4317/3304/4425
f 4307/3365/4415 4297/3320/4405 4318/3362/4426
f 4297/3320/4405 4295/3325/4403 4318/3362/4426
f 4319/3361/4427 4318/3362/4426 4295/3325/4403
f 4319/3361/4427 4295/3325/4403 4283/3323/4391
f 4319/3361/4427 4320/3289/4413 4318/3362/4426
f 4320/3289/4413 4317/3304/4425 4318/3362/4426
f 4320/3289/4413 4316/3290/4424 4317/3304/4425
f 4314/3288/4422 4316/3290/4424 4320/3289/4413
f 4314/3288/4422 4320/3289/4413 4321/3287/4428
f 4313/3286/4421 4314/3288/4422 4321/3287/4428
f 4321/3287/4428 4320/3289/4413 4319/3361/4427
f 4315/3295/4423 4180/3297/4291 4310/3296/4418
f 4315/3295/4423 4183/3303/4294 4180/3297/4291
f 4315/3295/4423 4185/3302/4294 4183/3303/4294
f 4315/3295/4423 4312/3294/4420 4185/3302/4294
f 4174/3301/4285 4185/3302/4294 4312/3294/4420
f 4174/3301/4285 4312/3294/4420 4311/3293/4419
f 154/3300/155 4174/3301/4285 4311/3293/4419
f 154/3300/155 4311/3293/4419 170/3299/171
f 175/3292/176 170/3299/171 4311/3293/4419
f 175/3292/176 4311/3293/4419 4229/3285/4338
f 4311/3293/4419 4313/3286/4421 4229/3285/4338
f 4229/3285/4338 4313/3286/4421 4237/3271/4346
f 4313/3286/4421 4321/3287/4428 4237/3271/4346
f 4237/3271/4346 4321/3287/4428 4282/3364/4390
f 4321/3287/4428 4319/3361/4427 4282/3364/4390
f 4282/3364/4390 4319/3361/4427 4280/3360/4388
f 4319/3361/4427 4283/3323/4391 4280/3360/4388
f 4280/3360/4388 4283/3323/4391 4279/3357/4387
f 4322/2037/4429 4323/2038/4430 4324/2025/4431
f 4325/2036/4432 4323/2038/4430 4322/2037/4429
f 4325/2036/4432 4322/2037/4429 4326/2033/4433
f 4327/2034/4434 4325/2036/4432 4326/2033/4433
f 4327/2034/4434 4326/2033/4433 4328/2035/4435
f 4329/2030/4436 4303/2031/4411 4223/2014/4332
f 4302/2029/4410 4303/2031/4411 4329/2030/4436
f 4302/2029/4410 4329/2030/4436 4330/2026/4437
f 4301/2028/4409 4302/2029/4410 4330/2026/4437
f 4301/2028/4409 4330/2026/4437 4292/2027/4400
f 4292/2027/4400 4330/2026/4437 4324/2025/4431
f 4292/2027/4400 4324/2025/4431 4291/2050/4399
f 4323/2038/4430 4291/2050/4399 4324/2025/4431
f 4323/2038/4430 4285/2049/4393 4291/2050/4399
f 4286/2048/4394 4285/2049/4393 4323/2038/4430
f 4286/2048/4394 4323/2038/4430 4325/2036/4432
f 4287/2047/4395 4286/2048/4394 4325/2036/4432
f 4287/2047/4395 4325/2036/4432 4327/2034/4434
f 4288/2046/4396 4287/2047/4395 4327/2034/4434
f 4288/2046/4396 4327/2034/4434 4289/2045/4397
f 4289/2045/4397 4327/2034/4434 4328/2035/4435
f 4289/2045/4397 4328/2035/4435 4290/2044/4398
f 4209/2018/4318 4290/2044/4398 4328/2035/4435
f 4209/2018/4318 4328/2035/4435 4331/2043/4438
f 4331/2043/4438 4328/2035/4435 4326/2033/4433
f 4331/2043/4438 4326/2033/4433 4332/2042/4439
f 4326/2033/4433 4333/2041/4440 4332/2042/4439
f 4326/2033/4433 4322/2037/4429 4333/2041/4440
f 4333/2041/4440 4322/2037/4429 4334/2039/4441
f 4322/2037/4429 4324/2025/4431 4334/2039/4441
f 4330/2026/4437 4334/2039/4441 4324/2025/4431
f 4330/2026/4437 4329/2030/4436 4334/2039/4441
f 4329/2030/4436 4335/2040/4442 4334/2039/4441
f 4329/2030/4436 4336/2032/4443 4335/2040/4442
f 4329/2030/4436 4223/2014/4332 4336/2032/4443
f 4333/2041/4440 4334/2039/4441 4335/2040/4442
f 4209/2018/4318 4337/2017/4444 4208/2016/4317
f 4218/2019/4327 4208/2016/4317 4337/2017/4444
f 4218/2019/4327 4337/2017/4444 4338/2020/4445
f 4219/2021/4328 4218/2019/4327 4338/2020/4445
f 4219/2021/4328 4338/2020/4445 4339/2022/4446
f 4219/2021/4328 4339/2022/4446 4340/2023/4447
f 4219/2021/4328 4340/2023/4447 4216/2024/4325
f 4341/2015/4448 4216/2024/4325 4340/2023/4447
f 4341/2015/4448 4214/2013/4323 4216/2024/4325
f 4341/2015/4448 4223/2014/4332 4214/2013/4323
f 4342/3402/4449 4195/3413/4304 4189/3412/4298
f 4343/3379/4450 4344/3403/4451 4345/3380/4452
f 4343/3379/4450 4342/3402/4449 4344/3403/4451
f 4344/3403/4451 4342/3402/4449 4189/3412/4298
f 4344/3403/4451 4189/3412/4298 4188/3411/4297
f 4346/3404/4453 4344/3403/4451 4188/3411/4297
f 4346/3404/4453 4188/3411/4297 4190/3410/4299
f 4346/3404/4453 4190/3410/4299 4187/3409/4296
f 4346/3404/4453 4187/3409/4296 4347/3405/4454
f 4347/3405/4454 4187/3409/4296 141/3408/142
f 4347/3405/4454 141/3408/142 140/3406/141
f 4348/3342/4455 4347/3405/4454 140/3406/141
f 4348/3342/4455 140/3406/141 139/3407/140
f 4349/3341/4456 4347/3405/4454 4348/3342/4455
f 4349/3341/4456 4346/3404/4453 4347/3405/4454
f 4346/3404/4453 4349/3341/4456 4345/3380/4452
f 4346/3404/4453 4345/3380/4452 4344/3403/4451
f 4267/3395/4375 4211/3396/4320 4266/3397/4374
f 4266/3397/4374 4211/3396/4320 4213/3399/4322
f 4266/3397/4374 4213/3399/4322 4261/3400/4369
f 4261/3400/4369 4213/3399/4322 4198/3415/4307
f 4261/3400/4369 4198/3415/4307 4197/3414/4306
f 4195/3413/4304 4261/3400/4369 4197/3414/4306
f 4195/3413/4304 4260/3401/4368 4261/3400/4369
f 4342/3402/4449 4260/3401/4368 4195/3413/4304
f 4258/3378/4366 4260/3401/4368 4342/3402/4449
f 4343/3379/4450 4258/3378/4366 4342/3402/4449
f 4256/3343/4364 4258/3378/4366 4343/3379/4450
f 4256/3343/4364 4343/3379/4450 4345/3380/4452
f 4256/3343/4364 4345/3380/4452 4249/3339/4358
f 4349/3341/4456 4249/3339/4358 4345/3380/4452
f 4349/3341/4456 4243/3340/4352 4249/3339/4358
f 4243/3340/4352 4349/3341/4456 4348/3342/4455
f 4243/3340/4352 4348/3342/4455 4230/3354/4339
f 4230/3354/4339 4348/3342/4455 139/3407/140
f 4331/2043/4457 4337/2017/4458 4209/2018/4459
f 4331/2043/4457 4338/2020/4460 4337/2017/4458
f 4331/2043/4457 4332/2042/4461 4338/2020/4460
f 4332/2042/4461 4339/2022/4462 4338/2020/4460
f 4332/2042/4461 4333/2041/4463 4339/2022/4462
f 4339/2022/4462 4333/2041/4463 4335/2040/173
f 4339/2022/4462 4335/2040/173 4340/2023/173
f 4336/2032/4464 4340/2023/173 4335/2040/173
f 4336/2032/4464 4341/2015/4464 4340/2023/173
f 4336/2032/4464 4223/2014/4465 4341/2015/4464
f 4350/3461/4466 4351/3462/4467 4352/3460/4468
f 4350/3461/4466 4353/3463/4469 4351/3462/4467
f 4353/3463/4469 4354/3464/4470 4351/3462/4467
f 4353/3463/4469 4355/3465/4471 4354/3464/4470
f 4355/3465/4471 4356/3466/4472 4354/3464/4470
f 4355/3465/4471 4357/3467/4473 4356/3466/4472
f 4357/3467/4473 2519/2455/2634 4356/3466/4472
f 4357/3467/4473 2408/2459/2527 2519/2455/2634
f 4352/3460/4468 2392/2499/2512 4350/3461/4466
f 4352/3460/4468 2544/2496/2659 2392/2499/2512
f 2367/2497/2491 2544/2496/2659 4352/3460/4468
f 2367/2497/2491 4352/3460/4468 4358/3468/4474
f 4358/3468/4474 4352/3460/4468 4351/3462/4467
f 4358/3468/4474 4351/3462/4467 4359/3469/4475
f 4359/3469/4475 4351/3462/4467 4354/3464/4470
f 4359/3469/4475 4354/3464/4470 4360/3470/4476
f 4360/3470/4476 4354/3464/4470 4356/3466/4472
f 4360/3470/4476 4356/3466/4472 4361/3367/4477
f 4361/3367/4477 4356/3466/4472 2519/2455/2634
f 4361/3367/4477 2519/2455/2634 2489/2456/2605
f 2364/2279/2489 2367/2286/2491 4358/3473/4474
f 2364/2279/2489 4358/3473/4474 2348/2263/2473
f 4359/3472/4475 2348/2263/2473 4358/3473/4474
f 4359/3472/4475 2349/2264/2474 2348/2263/2473
f 2349/2264/2474 4359/3472/4475 4360/3471/4476
f 2349/2264/2474 4360/3471/4476 2351/2266/2476
f 2351/2266/2476 4360/3471/4476 4361/3474/4477
f 4361/3474/4477 2476/2405/2593 2351/2266/2476
f 4361/3474/4477 2489/2418/2605 2476/2405/2593
f 2401/2330/2520 2408/2337/2527 4357/3475/4473
f 2401/2330/2520 4357/3475/4473 2403/2332/2522
f 4357/3475/4473 4355/3369/4471 2403/2332/2522
f 2405/2334/2524 2403/2332/2522 4355/3369/4471
f 2405/2334/2524 4355/3369/4471 4353/3370/4469
f 2406/2335/2525 2405/2334/2524 4353/3370/4469
f 2406/2335/2525 4353/3370/4469 4350/3371/4466
f 4350/3371/4466 2391/2318/2511 2406/2335/2525
f 4350/3371/4466 2392/2319/2512 2391/2318/2511
f 4362/3476/4478 4363/3477/4479 4364/3478/4480
f 4365/3479/4481 4366/3480/4482 4367/3481/4483
f 4367/3481/4483 4366/3480/4482 4368/3482/4484
f 4368/3482/4484 4366/3480/4482 4369/3483/4485
f 4368/3482/4484 4369/3483/4485 4370/3484/4486
f 4370/3484/4486 4369/3483/4485 4371/3485/4487
f 4372/3486/4488 4370/3484/4486 4371/3485/4487
f 4371/3485/4487 4373/3487/4489 4372/3486/4488
f 4372/3486/4488 4373/3487/4489 4362/3476/4478
f 4372/3486/4488 4362/3476/4478 4374/3488/4490
f 4364/3478/4480 4374/3488/4490 4362/3476/4478
f 4364/3478/4480 4375/3489/4491 4374/3488/4490
f 4364/3478/4480 4376/3490/4492 4375/3489/4491
f 4375/3489/4491 4376/3490/4492 4377/3491/4493
f 4377/3491/4493 4376/3490/4492 4378/3492/4494
f 4379/3493/4495 4377/3491/4493 4378/3492/4494
f 4379/3493/4495 4378/3492/4494 4380/3494/4496
f 4381/3495/4497 4379/3493/4495 4380/3494/4496
f 4381/3495/4497 4380/3494/4496 4382/3496/4498
f 4369/3483/4485 4365/3479/4481 4383/3497/4499
f 4369/3483/4485 4366/3480/4482 4365/3479/4481
f 4371/3485/4487 4369/3483/4485 4383/3497/4499
f 4384/3498/4500 4382/3496/4498 4380/3494/4496
f 4381/3495/4497 4382/3496/4498 4385/3499/4501
f 4384/3498/4500 4385/3499/4501 4382/3496/4498
f 4385/3499/4501 4384/3498/4500 4386/3500/4502
f 4367/3481/4483 4386/3500/4502 4384/3498/4500
f 4386/3500/4502 4367/3481/4483 4368/3482/4484
f 4368/3482/4484 4385/3499/4501 4386/3500/4502
f 4370/3484/4486 4385/3499/4501 4368/3482/4484
f 4381/3495/4497 4385/3499/4501 4370/3484/4486
f 4381/3495/4497 4370/3484/4486 4372/3486/4488
f 4379/3493/4495 4381/3495/4497 4372/3486/4488
f 4374/3488/4490 4379/3493/4495 4372/3486/4488
f 4374/3488/4490 4377/3491/4493 4379/3493/4495
f 4375/3489/4491 4377/3491/4493 4374/3488/4490
f 4387/3501/4503 4367/3481/4483 4384/3498/4500
f 4387/3501/4503 4384/3498/4500 4388/3502/4504
f 4389/3503/4505 4388/3502/4504 4384/3498/4500
f 4389/3503/4505 4384/3498/4500 4380/3494/4496
f 4389/3503/4505 4380/3494/4496 4378/3492/4494
f 4378/3492/4494 4364/3504/4480 4389/3503/4505
f 4378/3492/4494 4376/3490/4492 4364/3504/4480
f 4390/3505/4506 4364/3504/4480 4363/3506/4479
f 4390/3505/4506 4389/3503/4505 4364/3504/4480
f 4365/3479/4481 4367/3481/4483 4391/3507/4507
f 4392/3508/4508 4391/3507/4507 4367/3481/4483
f 4387/3501/4503 4392/3508/4508 4367/3481/4483
f 4393/3509/4509 4392/3508/4508 4387/3501/4503
f 4393/3509/4509 4394/3510/4510 4392/3508/4508
f 4393/3509/4509 4395/3511/4511 4394/3510/4510
f 4395/3511/4511 4396/3512/4512 4394/3510/4510
f 4395/3511/4511 4397/3513/4513 4396/3512/4512
f 4397/3513/4513 4398/3514/4514 4396/3512/4512
f 4399/3515/4515 4398/3514/4514 4397/3513/4513
f 4400/3516/4516 4398/3514/4514 4399/3515/4515
f 4400/3516/4516 4399/3515/4515 4401/3517/4517
f 4401/3517/4517 4402/3518/4518 4400/3516/4516
f 4401/3517/4517 4371/3485/4487 4402/3518/4518
f 4403/3519/4519 4402/3518/4518 4371/3485/4487
f 4383/3497/4499 4403/3519/4519 4371/3485/4487
f 4404/3520/4520 4403/3519/4519 4383/3497/4499
f 4383/3497/4499 4365/3479/4481 4404/3520/4520
f 4404/3520/4520 4405/3521/4521 4403/3519/4519
f 4404/3520/4520 4365/3479/4481 4391/3507/4507
f 4391/3507/4507 4392/3508/4508 4404/3520/4520
f 4392/3508/4508 4405/3521/4521 4404/3520/4520
f 4406/3522/4522 4405/3521/4521 4392/3508/4508
f 4406/3522/4522 4403/3519/4519 4405/3521/4521
f 4406/3522/4522 4402/3518/4518 4403/3519/4519
f 4406/3522/4522 4407/3523/4523 4402/3518/4518
f 4400/3516/4516 4402/3518/4518 4407/3523/4523
f 4400/3516/4516 4407/3523/4523 4408/3524/4524
f 4400/3516/4516 4408/3524/4524 4398/3514/4514
f 4398/3514/4514 4408/3524/4524 4394/3510/4510
f 4398/3514/4514 4394/3510/4510 4396/3512/4512
f 4394/3510/4510 4408/3524/4524 4407/3523/4523
f 4409/3525/4525 4394/3510/4510 4407/3523/4523
f 4394/3510/4510 4409/3525/4525 4392/3508/4508
f 4406/3522/4522 4392/3508/4508 4409/3525/4525
f 4407/3523/4523 4406/3522/4522 4409/3525/4525
f 4410/3526/4526 4411/3527/4527 4395/3511/4511
f 4395/3511/4511 4411/3527/4527 4397/3513/4513
f 4397/3513/4513 4411/3527/4527 4412/3528/4528
f 4397/3513/4513 4412/3528/4528 4399/3515/4515
f 4412/3528/4528 4401/3517/4517 4399/3515/4515
f 4412/3528/4528 4413/3529/4529 4401/3517/4517
f 4413/3529/4529 4371/3485/4487 4401/3517/4517
f 4413/3529/4529 4373/3487/4489 4371/3485/4487
f 4412/3528/4528 4411/3527/4527 4410/3526/4526
f 4414/3530/4530 4413/3529/4529 4412/3528/4528
f 4415/3531/4531 4413/3529/4529 4414/3530/4530
f 4414/3530/4530 4416/3532/4532 4415/3531/4531
f 4417/3533/4533 4415/3531/4531 4416/3532/4532
f 4417/3533/4533 4416/3532/4532 4418/3534/4534
f 4419/3535/4535 4417/3533/4533 4418/3534/4534
f 4420/3536/4536 4419/3535/4535 4418/3534/4534
f 4416/3532/4532 4420/3536/4536 4418/3534/4534
f 4416/3532/4532 4421/3537/4537 4420/3536/4536
f 4414/3530/4530 4421/3537/4537 4416/3532/4532
f 4422/3538/4538 4421/3537/4537 4414/3530/4530
f 4414/3530/4530 4412/3528/4528 4422/3538/4538
f 4412/3528/4528 4423/3539/4539 4422/3538/4538
f 4412/3528/4528 4410/3526/4526 4423/3539/4539
f 4410/3526/4526 4424/3540/4540 4423/3539/4539
f 4410/3526/4526 4395/3511/4511 4424/3540/4540
f 4425/3541/4541 4424/3540/4540 4395/3511/4511
f 4425/3541/4541 4395/3511/4511 4393/3509/4509
f 4425/3541/4541 4393/3509/4509 4426/3542/4542
f 4426/3542/4542 4427/3543/4543 4425/3541/4541
f 4428/3544/4544 4427/3543/4543 4426/3542/4542
f 4428/3544/4544 4429/3545/4545 4427/3543/4543
f 4430/3546/4546 4429/3545/4545 4428/3544/4544
f 4417/3533/4533 4431/3547/4547 4415/3531/4531
f 4427/3543/4543 4431/3547/4547 4417/3533/4533
f 4419/3535/4535 4427/3543/4543 4417/3533/4533
f 4427/3543/4543 4419/3535/4535 4425/3541/4541
f 4420/3536/4536 4425/3541/4541 4419/3535/4535
f 4420/3536/4536 4432/3548/4548 4425/3541/4541
f 4432/3548/4548 4420/3536/4536 4421/3537/4537
f 4433/3549/4549 4432/3548/4548 4421/3537/4537
f 4433/3549/4549 4421/3537/4537 4422/3538/4538
f 4433/3549/4549 4422/3538/4538 4423/3539/4539
f 4424/3540/4540 4433/3549/4549 4423/3539/4539
f 4424/3540/4540 4425/3541/4541 4433/3549/4549
f 4425/3541/4541 4432/3548/4548 4433/3549/4549
f 4415/3531/4531 4434/3550/4550 4413/3529/4529
f 4435/3551/4551 4434/3550/4550 4415/3531/4531
f 4436/3552/4552 4435/3551/4551 4415/3531/4531
f 4437/3553/4553 4435/3551/4551 4436/3552/4552
f 4435/3551/4551 4438/3554/4554 4434/3550/4550
f 4435/3551/4551 4439/3555/4555 4438/3554/4554
f 4440/3556/4556 4441/3557/4557 4442/3558/4558
f 4443/3559/4559 4441/3557/4557 4440/3556/4556
f 4443/3559/4559 4440/3556/4556 4444/3560/4560
f 4443/3559/4559 4444/3560/4560 4445/3561/4561
f 4445/3561/4561 4444/3560/4560 4440/3556/4556
f 4445/3561/4561 4440/3556/4556 4446/3562/4562
f 4446/3562/4562 4440/3556/4556 4447/3563/4563
f 4446/3562/4562 4447/3563/4563 4429/3545/4545
f 4429/3545/4545 4447/3563/4563 4448/3564/4564
f 4429/3545/4545 4448/3564/4564 4427/3543/4543
f 4448/3564/4564 4449/3565/4565 4427/3543/4543
f 4449/3565/4565 4431/3547/4547 4427/3543/4543
f 4450/3565/4566 4431/3547/4547 4449/3565/4565
f 4450/3565/4566 4415/3531/4531 4431/3547/4547
f 4415/3531/4531 4450/3565/4566 4451/3566/4567
f 4436/3552/4552 4415/3531/4531 4451/3566/4567
f 4442/3558/4558 4436/3552/4552 4451/3566/4567
f 4442/3558/4558 4441/3557/4557 4436/3552/4552
f 4452/3567/4568 4441/3557/4557 4443/3559/4559
f 4440/3556/4556 4442/3558/4558 4453/3568/4569
f 4454/3569/4570 4440/3556/4556 4453/3568/4569
f 4454/3569/4570 4453/3568/4569 4442/3558/4558
f 4454/3569/4570 4442/3558/4558 4455/3569/4571
f 4442/3558/4558 4451/3566/4567 4455/3569/4571
f 4455/3569/4571 4451/3566/4567 4450/3565/4566
f 4455/3569/4571 4450/3565/4566 4449/3565/4565
f 4455/3569/4571 4449/3565/4565 4454/3569/4570
f 4448/3564/4564 4454/3569/4570 4449/3565/4565
f 4454/3569/4570 4448/3564/4564 4440/3556/4556
f 4447/3563/4563 4440/3556/4556 4448/3564/4564
f 4430/3546/4546 4446/3562/4562 4429/3545/4545
f 4430/3546/4546 4456/3570/4572 4446/3562/4562
f 4456/3570/4572 4445/3561/4561 4446/3562/4562
f 4456/3570/4572 4457/3561/4573 4445/3561/4561
f 4443/3559/4559 4445/3561/4561 4457/3561/4573
f 4443/3559/4559 4457/3561/4573 4458/3571/4574
f 4443/3559/4559 4458/3571/4574 4452/3567/4568
f 4452/3567/4568 4458/3571/4574 4459/3572/4575
f 4458/3571/4574 4460/3570/4576 4459/3572/4575
f 4460/3570/4576 4461/3573/4577 4459/3572/4575
f 4460/3570/4576 4456/3570/4572 4461/3573/4577
f 4430/3546/4546 4461/3573/4577 4456/3570/4572
f 4462/3574/4578 4461/3573/4577 4430/3546/4546
f 4462/3574/4578 4430/3546/4546 4463/3575/4579
f 4464/3576/4580 4462/3574/4578 4463/3575/4579
f 4465/3577/4581 4464/3576/4580 4463/3575/4579
f 4466/3578/4582 4464/3576/4580 4465/3577/4581
f 4466/3578/4582 4465/3577/4581 4467/3579/4583
f 4456/3570/4572 4460/3570/4576 4457/3561/4573
f 4460/3570/4576 4458/3571/4574 4457/3561/4573
f 4466/3578/4582 4462/3574/4578 4464/3576/4580
f 4466/3578/4582 4468/3580/4584 4459/3572/4575
f 4466/3578/4582 4459/3572/4575 4462/3574/4578
f 4459/3572/4575 4461/3573/4577 4462/3574/4578
f 4467/3579/4583 4465/3577/4581 4469/3581/4585
f 4466/3578/4582 4467/3579/4583 4468/3580/4584
f 4468/3580/4584 4467/3579/4583 4470/3582/4586
f 4471/3583/4587 4470/3582/4586 4467/3579/4583
f 4467/3579/4583 4469/3581/4585 4471/3583/4587
f 4471/3583/4587 4469/3581/4585 4472/3584/4588
f 4472/3584/4588 4469/3581/4585 4465/3577/4581
f 4465/3577/4581 4463/3575/4579 4472/3584/4588
f 4472/3584/4588 4463/3575/4579 4430/3546/4546
f 4472/3584/4588 4430/3546/4546 4473/3585/4589
f 4430/3546/4546 4428/3544/4544 4473/3585/4589
f 4472/3584/4588 4473/3585/4589 4474/3586/4590
f 4437/3553/4553 4436/3552/4552 4441/3557/4557
f 4437/3553/4553 4441/3557/4557 4452/3567/4568
f 4437/3553/4553 4452/3567/4568 4435/3551/4551
f 4452/3567/4568 4459/3572/4575 4435/3551/4551
f 4435/3551/4551 4459/3572/4575 4439/3555/4555
f 4475/3587/4591 4439/3555/4555 4459/3572/4575
f 4475/3587/4591 4459/3572/4575 4468/3580/4584
f 4468/3580/4584 4476/3588/4592 4475/3587/4591
f 4468/3580/4584 4470/3582/4586 4476/3588/4592
f 4477/3589/4593 4476/3588/4592 4470/3582/4586
f 4471/3583/4587 4477/3589/4593 4470/3582/4586
f 4471/3583/4587 4478/3590/4594 4477/3589/4593
f 4471/3583/4587 4472/3584/4588 4478/3590/4594
f 4479/3591/4595 4478/3590/4594 4472/3584/4588
f 4472/3584/4588 4474/3586/4590 4479/3591/4595
f 4480/3592/4596 4479/3591/4595 4474/3586/4590
f 4481/3593/4597 4480/3592/4596 4474/3586/4590
f 4481/3593/4597 4482/3594/4598 4480/3592/4596
f 4481/3593/4597 4474/3586/4590 4483/3595/4599
f 4482/3594/4598 4481/3593/4597 4484/3596/4600
f 4482/3594/4598 4484/3596/4600 4485/3597/4601
f 4484/3596/4600 4486/3598/4602 4485/3597/4601
f 4487/3599/4603 4485/3597/4601 4486/3598/4602
f 4488/3600/4604 4487/3599/4603 4486/3598/4602
f 4488/3600/4604 4489/3601/4605 4487/3599/4603
f 4488/3600/4604 4476/3588/4592 4489/3601/4605
f 4476/3588/4592 4490/3602/4606 4489/3601/4605
f 4476/3588/4592 4491/3603/4607 4490/3602/4606
f 4490/3602/4606 4491/3603/4607 4479/3591/4595
f 4479/3591/4595 4491/3603/4607 4492/3604/4608
f 4492/3604/4608 4478/3590/4594 4479/3591/4595
f 4492/3604/4608 4477/3589/4593 4478/3590/4594
f 4477/3589/4593 4492/3604/4608 4476/3588/4592
f 4492/3604/4608 4491/3603/4607 4476/3588/4592
f 4493/3605/4609 4487/3599/4603 4489/3601/4605
f 4490/3602/4606 4493/3605/4609 4489/3601/4605
f 4494/3606/4610 4493/3605/4609 4490/3602/4606
f 4494/3606/4610 4490/3602/4606 4479/3591/4595
f 4480/3592/4596 4494/3606/4610 4479/3591/4595
f 4494/3606/4610 4480/3592/4596 4493/3605/4609
f 4480/3592/4596 4495/3607/4611 4493/3605/4609
f 4493/3605/4609 4495/3607/4611 4487/3599/4603
f 4487/3599/4603 4495/3607/4611 4485/3597/4601
f 4485/3597/4601 4495/3607/4611 4480/3592/4596
f 4485/3597/4601 4480/3592/4596 4482/3594/4598
f 4496/3608/4612 4497/3609/4613 4498/3610/4614
f 4496/3608/4612 4483/3595/4599 4497/3609/4613
f 4496/3608/4612 4499/3611/4615 4483/3595/4599
f 4499/3611/4615 4481/3593/4597 4483/3595/4599
f 4499/3611/4615 4500/3612/4616 4481/3593/4597
f 4501/3613/4617 4502/3614/4618 4496/3608/4612
f 4498/3610/4614 4501/3613/4617 4496/3608/4612
f 4498/3610/4614 4503/3615/4619 4501/3613/4617
f 4504/3616/4620 4503/3615/4619 4498/3610/4614
f 4504/3616/4620 4505/3617/4621 4503/3615/4619
f 4504/3616/4620 4506/3618/4622 4507/3619/4623
f 4504/3616/4620 4498/3610/4614 4506/3618/4622
f 4508/3620/4624 4509/3621/4625 4510/3622/4626
f 4508/3620/4624 4510/3622/4626 4511/3623/4627
f 4504/3624/4620 4508/3620/4624 4511/3623/4627
f 4504/3624/4620 4511/3623/4627 4512/3625/4628
f 4512/3625/4628 4505/3617/4621 4504/3624/4620
f 4512/3625/4628 4513/3626/4629 4505/3617/4621
f 4503/3615/4619 4505/3617/4621 4513/3626/4629
f 4503/3615/4619 4513/3626/4629 4514/3627/4630
f 4503/3615/4619 4514/3627/4630 4501/3613/4617
f 4515/3628/4631 4501/3613/4617 4514/3627/4630
f 4515/3628/4631 4502/3614/4618 4501/3613/4617
f 4516/3629/4632 4502/3614/4618 4515/3628/4631
f 4502/3614/4618 4516/3629/4632 4496/3608/4612
f 4517/3630/4633 4496/3608/4612 4516/3629/4632
f 4496/3608/4612 4517/3630/4633 4499/3611/4615
f 4518/3631/4634 4499/3611/4615 4517/3630/4633
f 4517/3630/4633 4516/3629/4632 4518/3631/4634
f 4518/3631/4634 4516/3629/4632 4519/3632/4635
f 4516/3629/4632 4515/3628/4631 4519/3632/4635
f 4510/3622/4626 4519/3632/4635 4515/3628/4631
f 4510/3622/4626 4515/3628/4631 4514/3627/4630
f 4514/3627/4630 4511/3623/4627 4510/3622/4626
f 4514/3627/4630 4513/3626/4629 4511/3623/4627
f 4512/3625/4628 4511/3623/4627 4513/3626/4629
f 4504/3624/4620 4507/3633/4623 4508/3620/4624
f 4520/3634/4636 4509/3621/4625 4475/3587/4591
f 4488/3600/4604 4475/3587/4591 4476/3588/4592
f 4520/3634/4636 4475/3587/4591 4488/3600/4604
f 4488/3600/4604 4486/3598/4602 4520/3634/4636
f 4520/3634/4636 4486/3598/4602 4521/3635/4637
f 4484/3596/4600 4521/3635/4637 4486/3598/4602
f 4484/3596/4600 4522/3636/4638 4521/3635/4637
f 4481/3593/4597 4522/3636/4638 4484/3596/4600
f 4523/3637/4639 4522/3636/4638 4481/3593/4597
f 4523/3637/4639 4481/3593/4597 4500/3612/4616
f 4500/3612/4616 4524/3638/4640 4523/3637/4639
f 4500/3612/4616 4499/3611/4615 4524/3638/4640
f 4499/3611/4615 4525/3639/4641 4524/3638/4640
f 4518/3631/4634 4525/3639/4641 4499/3611/4615
f 4526/3640/4642 4525/3639/4641 4518/3631/4634
f 4526/3640/4642 4518/3631/4634 4519/3632/4635
f 4520/3634/4636 4526/3640/4642 4519/3632/4635
f 4520/3634/4636 4519/3632/4635 4510/3622/4626
f 4510/3622/4626 4509/3621/4625 4520/3634/4636
f 4523/3637/4639 4524/3638/4640 4527/3641/4643
f 4524/3638/4640 4526/3640/4642 4527/3641/4643
f 4524/3638/4640 4525/3639/4641 4526/3640/4642
f 4527/3641/4643 4526/3640/4642 4520/3634/4636
f 4520/3634/4636 4521/3635/4637 4527/3641/4643
f 4521/3635/4637 4523/3637/4639 4527/3641/4643
f 4521/3635/4637 4522/3636/4638 4523/3637/4639
f 4528/3642/4644 4529/3643/4645 4530/3644/4646
f 4531/3645/4647 4532/3646/4648 4533/3647/4649
f 4534/3648/4650 4532/3646/4648 4531/3645/4647
f 4534/3648/4650 4531/3645/4647 4535/3649/4651
f 4534/3648/4650 4535/3649/4651 4536/3650/4652
f 4537/3651/4653 4536/3650/4652 4535/3649/4651
f 4537/3651/4653 4538/3652/4654 4536/3650/4652
f 4537/3651/4653 4539/3653/4655 4538/3652/4654
f 4540/3654/4656 4538/3652/4654 4539/3653/4655
f 4540/3654/4656 4539/3653/4655 4541/3655/4657
f 4542/3656/4658 4540/3654/4656 4541/3655/4657
f 4542/3656/4658 4541/3655/4657 4543/3657/4659
f 4544/3658/4660 4542/3656/4658 4543/3657/4659
f 4543/3657/4659 4528/3642/4644 4544/3658/4660
f 4528/3642/4644 4545/3659/4661 4544/3658/4660
f 4528/3642/4644 4530/3644/4646 4545/3659/4661
f 4530/3644/4646 4546/3660/4662 4545/3659/4661
f 4530/3644/4646 4547/3661/4663 4546/3660/4662
f 4547/3661/4663 4530/3644/4646 4529/3643/4645
f 4534/3648/4650 4548/3662/4664 4532/3646/4648
f 4549/3663/4665 4550/3664/4666 4551/3665/4667
f 4551/3665/4667 4550/3664/4666 4552/3666/4668
f 4553/3667/4669 4552/3666/4668 4550/3664/4666
f 4553/3667/4669 4554/3668/4670 4552/3666/4668
f 4553/3667/4669 4555/3669/4671 4554/3668/4670
f 4556/3670/4672 4554/3668/4670 4555/3669/4671
f 4556/3670/4672 4557/3671/4673 4554/3668/4670
f 4556/3670/4672 4558/3672/4674 4557/3671/4673
f 4557/3671/4673 4558/3672/4674 4548/3662/4664
f 4557/3671/4673 4548/3662/4664 4559/3673/4675
f 4534/3648/4650 4559/3673/4675 4548/3662/4664
f 4559/3673/4675 4534/3648/4650 4560/3674/4676
f 4534/3648/4650 4536/3650/4652 4560/3674/4676
f 4538/3652/4654 4560/3674/4676 4536/3650/4652
f 4538/3652/4654 4540/3654/4656 4560/3674/4676
f 4561/3675/4677 4560/3674/4676 4540/3654/4656
f 4561/3675/4677 4540/3654/4656 4542/3656/4658
f 4542/3656/4658 4562/3676/4678 4561/3675/4677
f 4563/3677/4679 4564/3678/4680 4565/3679/4681
f 4563/3677/4679 4565/3679/4681 4566/3680/4682
f 4563/3677/4679 4566/3680/4682 4549/3663/4665
f 4549/3663/4665 4566/3680/4682 4567/3681/4683
f 4549/3663/4665 4567/3681/4683 4550/3664/4666
f 4568/3682/4684 4550/3664/4666 4567/3681/4683
f 4568/3682/4684 4553/3667/4669 4550/3664/4666
f 4569/3683/4685 4553/3667/4669 4568/3682/4684
f 4569/3683/4685 4555/3669/4671 4553/3667/4669
f 4570/3684/4686 4555/3669/4671 4569/3683/4685
f 4556/3670/4672 4555/3669/4671 4570/3684/4686
f 4571/3685/4687 4556/3670/4672 4570/3684/4686
f 4571/3685/4687 4558/3672/4674 4556/3670/4672
f 4572/3686/4688 4558/3672/4674 4571/3685/4687
f 4572/3686/4688 4548/3662/4664 4558/3672/4674
f 4572/3686/4688 4573/3687/4689 4548/3662/4664
f 4548/3662/4664 4573/3687/4689 4533/3647/4649
f 4548/3662/4664 4533/3647/4649 4532/3646/4648
f 4531/3645/4647 4574/3688/4690 4575/3689/4691
f 4576/3690/4692 4574/3688/4690 4531/3645/4647
f 4533/3647/4649 4576/3690/4692 4531/3645/4647
f 4576/3690/4692 4533/3647/4649 4577/3691/4693
f 4533/3647/4649 4578/3692/4694 4577/3691/4693
f 4533/3647/4649 4573/3687/4689 4578/3692/4694
f 4573/3687/4689 4579/3693/4695 4578/3692/4694
f 4573/3687/4689 4572/3686/4688 4579/3693/4695
f 4579/3693/4695 4572/3686/4688 4580/3694/4696
f 4572/3686/4688 4571/3685/4687 4580/3694/4696
f 4580/3694/4696 4571/3685/4687 4581/3695/4697
f 4581/3695/4697 4571/3685/4687 4570/3684/4686
f 4581/3695/4697 4570/3684/4686 4582/3696/4698
f 4570/3684/4686 4569/3683/4685 4582/3696/4698
f 4583/3697/4699 4582/3696/4698 4569/3683/4685
f 4583/3697/4699 4569/3683/4685 4584/3698/4700
f 4585/3699/4701 4583/3697/4699 4584/3698/4700
f 4585/3699/4701 4584/3698/4700 4586/3700/4702
f 4583/3697/4699 4585/3699/4701 4587/3701/4703
f 4588/3702/4704 4586/3700/4702 4584/3698/4700
f 4588/3702/4704 4584/3698/4700 4589/3703/4705
f 4589/3703/4705 4584/3698/4700 4569/3683/4685
f 4589/3703/4705 4569/3683/4685 4568/3682/4684
f 4566/3680/4682 4568/3682/4684 4567/3681/4683
f 4566/3680/4682 4589/3703/4705 4568/3682/4684
f 4565/3679/4681 4589/3703/4705 4566/3680/4682
f 4565/3679/4681 4588/3702/4704 4589/3703/4705
f 4565/3679/4681 4590/3704/4706 4588/3702/4704
f 4590/3704/4706 4586/3700/4702 4588/3702/4704
f 4590/3704/4706 4591/3705/4707 4586/3700/4702
f 4592/3706/4708 4593/3707/4709 4594/3708/4710
f 4595/3709/4711 4594/3708/4710 4593/3707/4709
f 4596/3710/4712 4594/3708/4710 4595/3709/4711
f 4596/3710/4712 4595/3709/4711 4597/3711/4713
f 4585/3699/4701 4596/3710/4712 4597/3711/4713
f 4585/3699/4701 4597/3711/4713 4587/3701/4703
f 4597/3711/4713 4598/3712/4714 4587/3701/4703
f 4587/3701/4703 4598/3712/4714 4599/3713/4715
f 4599/3713/4715 4600/3714/4716 4587/3701/4703
f 4583/3697/4699 4587/3701/4703 4600/3714/4716
f 4581/3695/4697 4583/3697/4699 4600/3714/4716
f 4581/3695/4697 4582/3696/4698 4583/3697/4699
f 4580/3694/4696 4581/3695/4697 4601/3715/4717
f 4601/3715/4717 4581/3695/4697 4600/3714/4716
f 4601/3715/4717 4600/3714/4716 4599/3713/4715
f 4579/3693/4695 4580/3694/4696 4602/3716/4718
f 4601/3715/4717 4602/3716/4718 4580/3694/4696
f 4601/3715/4717 4603/3717/4719 4602/3716/4718
f 4603/3717/4719 4601/3715/4717 4599/3713/4715
f 4603/3717/4719 4599/3713/4715 4604/3718/4720
f 4599/3713/4715 4605/3719/4721 4604/3718/4720
f 4599/3713/4715 4598/3712/4714 4605/3719/4721
f 4605/3719/4721 4598/3712/4714 4606/3720/4722
f 4597/3711/4713 4606/3720/4722 4598/3712/4714
f 4607/3721/4723 4606/3720/4722 4597/3711/4713
f 4607/3721/4723 4597/3711/4713 4595/3709/4711
f 4607/3721/4723 4595/3709/4711 4608/3722/4724
f 4608/3722/4724 4595/3709/4711 4609/3723/4725
f 4608/3722/4724 4609/3723/4725 4610/3724/4726
f 4574/3688/4690 4610/3724/4726 4609/3723/4725
f 4611/3725/4727 4610/3724/4726 4574/3688/4690
f 4576/3690/4692 4611/3725/4727 4574/3688/4690
f 4576/3690/4692 4612/3726/4728 4611/3725/4727
f 4576/3690/4692 4613/3727/4729 4612/3726/4728
f 4576/3690/4692 4577/3691/4693 4613/3727/4729
f 4605/3719/4721 4606/3720/4722 4614/3728/4730
f 4614/3728/4730 4606/3720/4722 4607/3721/4723
f 4614/3728/4730 4607/3721/4723 4615/3729/4731
f 4615/3729/4731 4607/3721/4723 4616/3730/4732
f 4607/3721/4723 4608/3722/4724 4616/3730/4732
f 4617/3731/4733 4616/3730/4732 4608/3722/4724
f 4617/3731/4733 4608/3722/4724 4610/3724/4726
f 4611/3725/4727 4617/3731/4733 4610/3724/4726
f 4618/3732/4734 4617/3731/4733 4611/3725/4727
f 4618/3732/4734 4611/3725/4727 4612/3726/4728
f 4615/3729/4731 4616/3730/4732 4619/3733/4735
f 4617/3731/4733 4619/3733/4735 4616/3730/4732
f 4617/3731/4733 4618/3732/4734 4619/3733/4735
f 4620/3734/4736 4621/3735/4737 4622/3736/4738
f 4622/3736/4738 4623/3737/4739 4620/3734/4736
f 4622/3736/4738 4624/3738/4740 4623/3737/4739
f 4624/3738/4740 4625/3739/4741 4623/3737/4739
f 4624/3738/4740 4626/3740/4742 4625/3739/4741
f 4625/3739/4741 4626/3740/4742 4627/3741/4743
f 4626/3740/4742 4628/3742/4744 4627/3741/4743
f 4627/3741/4743 4628/3742/4744 4629/3743/4745
f 4630/3744/4746 4629/3743/4745 4628/3742/4744
f 4592/3706/4708 4629/3743/4745 4630/3744/4746
f 4592/3706/4708 4630/3744/4746 4631/3745/4747
f 4592/3706/4708 4631/3745/4747 4593/3707/4709
f 4632/3746/4748 4593/3707/4709 4631/3745/4747
f 4593/3707/4709 4632/3746/4748 4595/3709/4711
f 4633/3747/4749 4595/3709/4711 4632/3746/4748
f 4633/3747/4749 4609/3723/4725 4595/3709/4711
f 4575/3689/4691 4609/3723/4725 4633/3747/4749
f 4574/3688/4690 4609/3723/4725 4575/3689/4691
f 4575/3689/4691 4633/3747/4749 4634/3748/4750
f 4633/3747/4749 4632/3746/4748 4635/3749/4751
f 4633/3747/4749 4635/3749/4751 4634/3748/4750
f 4634/3748/4750 4635/3749/4751 4636/3750/4752
f 4634/3748/4750 4636/3750/4752 4637/3751/4753
f 4634/3748/4750 4637/3751/4753 4537/3651/4653
f 4634/3748/4750 4537/3651/4653 4575/3689/4691
f 4537/3651/4653 4535/3649/4651 4575/3689/4691
f 4531/3645/4647 4575/3689/4691 4535/3649/4651
f 4638/3752/4754 4639/3753/4755 4640/3754/4756
f 4641/3755/4757 4640/3754/4756 4639/3753/4755
f 4641/3755/4757 4642/3756/4758 4640/3754/4756
f 4643/3757/4759 4642/3756/4758 4641/3755/4757
f 4643/3757/4759 4644/3758/4760 4642/3756/4758
f 4643/3757/4759 4645/3759/4761 4644/3758/4760
f 4645/3759/4761 4628/3742/4744 4644/3758/4760
f 4645/3759/4761 4646/3760/4762 4628/3742/4744
f 4630/3744/4746 4628/3742/4744 4646/3760/4762
f 4647/3761/4763 4630/3744/4746 4646/3760/4762
f 4631/3745/4747 4630/3744/4746 4647/3761/4763
f 4631/3745/4747 4647/3761/4763 4648/3762/4764
f 4632/3746/4748 4631/3745/4747 4648/3762/4764
f 4632/3746/4748 4648/3762/4764 4649/3763/4765
f 4632/3746/4748 4649/3763/4765 4635/3749/4751
f 4635/3749/4751 4649/3763/4765 4650/3764/4766
f 4635/3749/4751 4650/3764/4766 4636/3750/4752
f 4636/3750/4752 4650/3764/4766 4651/3765/4767
f 4651/3765/4767 4652/3766/4768 4653/3767/4769
f 4650/3764/4766 4652/3766/4768 4651/3765/4767
f 4650/3764/4766 4654/3768/4770 4652/3766/4768
f 4649/3763/4765 4654/3768/4770 4650/3764/4766
f 4649/3763/4765 4655/3769/4771 4654/3768/4770
f 4648/3762/4764 4655/3769/4771 4649/3763/4765
f 4648/3762/4764 4647/3761/4763 4655/3769/4771
f 4655/3769/4771 4647/3761/4763 4656/3770/4772
f 4647/3761/4763 4646/3760/4762 4656/3770/4772
f 4657/3771/4773 4656/3770/4772 4646/3760/4762
f 4657/3771/4773 4646/3760/4762 4645/3759/4761
f 4645/3759/4761 4643/3757/4759 4657/3771/4773
f 4643/3757/4759 4658/3772/4774 4657/3771/4773
f 4643/3757/4759 4659/3773/4775 4658/3772/4774
f 4660/3774/4776 4658/3772/4774 4659/3773/4775
f 4659/3773/4775 4661/3775/4777 4660/3774/4776
f 4660/3774/4776 4661/3775/4777 4662/3776/4778
f 4663/3777/4779 4662/3776/4778 4661/3775/4777
f 4664/3778/4780 4654/3768/4770 4655/3769/4771
f 4655/3769/4771 4656/3770/4772 4664/3778/4780
f 4664/3778/4780 4656/3770/4772 4657/3771/4773
f 4664/3778/4780 4657/3771/4773 4665/3779/4781
f 4658/3772/4774 4665/3779/4781 4657/3771/4773
f 4658/3772/4774 4666/3780/4782 4665/3779/4781
f 4660/3774/4776 4666/3780/4782 4658/3772/4774
f 4667/3781/4783 4666/3780/4782 4660/3774/4776
f 4668/3782/4784 4667/3781/4783 4660/3774/4776
f 4660/3774/4776 4662/3776/4778 4668/3782/4784
f 4666/3780/4782 4669/3783/4785 4665/3779/4781
f 4666/3780/4782 4670/3784/4786 4669/3783/4785
f 4667/3781/4783 4670/3784/4786 4666/3780/4782
f 4665/3779/4781 4671/3785/4787 4664/3778/4780
f 4665/3779/4781 4669/3783/4785 4671/3785/4787
f 4672/3786/4788 4671/3785/4787 4669/3783/4785
f 4673/3787/4789 4674/3788/4790 4675/3789/4791
f 4675/3789/4791 4676/3790/4792 4673/3787/4789
f 4675/3789/4791 4677/3791/4793 4676/3790/4792
f 4677/3791/4793 5757/3792/4794 4676/3790/4792
f 4677/3791/4793 5760/3793/4795 5757/3792/4794
f 5757/3792/4794 5760/3793/4795 4667/3781/4783
f 5760/3793/4795 4678/3794/4796 4667/3781/4783
f 4678/3794/4796 4670/3784/4786 4667/3781/4783
f 4678/3794/4796 4679/3795/4797 4670/3784/4786
f 4679/3795/4797 4669/3783/4785 4670/3784/4786
f 4679/3795/4797 4680/3796/4798 4669/3783/4785
f 4672/3786/4788 4669/3783/4785 4680/3796/4798
f 4681/3797/4799 4672/3786/4788 4680/3796/4798
f 4653/3767/4769 4672/3786/4788 4681/3797/4799
f 4653/3767/4769 4652/3766/4768 4672/3786/4788
f 4652/3766/4768 4671/3785/4787 4672/3786/4788
f 4652/3766/4768 4654/3768/4770 4671/3785/4787
f 4664/3778/4780 4671/3785/4787 4654/3768/4770
f 4682/3798/4800 4683/3799/4801 4684/3800/4802
f 4682/3798/4800 4684/3800/4802 4685/3801/4803
f 4682/3798/4800 4685/3801/4803 4686/3802/4804
f 4685/3801/4803 4681/3797/4799 4686/3802/4804
f 4681/3797/4799 4680/3796/4798 4686/3802/4804
f 4687/3803/4805 4686/3802/4804 4680/3796/4798
f 4679/3795/4797 4687/3803/4805 4680/3796/4798
f 4688/3804/4806 4687/3803/4805 4679/3795/4797
f 4688/3804/4806 4679/3795/4797 4678/3794/4796
f 4682/3798/4800 4686/3802/4804 4689/3805/4807
f 4687/3803/4805 4689/3805/4807 4686/3802/4804
f 4688/3804/4806 4689/3805/4807 4687/3803/4805
f 4690/3806/4808 5759/3807/4809 5760/3793/4795
f 5760/3793/4795 5759/3807/4809 4678/3794/4796
f 5761/3808/4810 4678/3794/4796 5759/3807/4809
f 5761/3808/4810 4688/3804/4806 4678/3794/4796
f 4691/3809/4811 4688/3804/4806 5761/3808/4810
f 4688/3804/4806 4691/3809/4811 4689/3805/4807
f 4692/3810/4812 4689/3805/4807 4691/3809/4811
f 4692/3810/4812 4682/3798/4800 4689/3805/4807
f 4693/3811/4813 4682/3798/4800 4692/3810/4812
f 4693/3811/4813 4683/3799/4801 4682/3798/4800
f 4683/3799/4801 4693/3811/4813 4694/3812/4814
f 4694/3812/4814 4684/3800/4802 4683/3799/4801
f 4695/3813/4815 4684/3800/4802 4694/3812/4814
f 4684/3800/4802 4695/3813/4815 4696/3814/4816
f 4697/3815/4817 4696/3814/4816 4695/3813/4815
f 4697/3815/4817 4698/3816/4818 4696/3814/4816
f 4698/3816/4818 4697/3815/4817 4693/3811/4813
f 4698/3816/4818 4693/3811/4813 4692/3810/4812
f 4697/3815/4817 4694/3812/4814 4693/3811/4813
f 4697/3815/4817 4695/3813/4815 4694/3812/4814
f 4698/3816/4818 4699/3817/4819 4700/3818/4820
f 4700/3818/4820 4696/3814/4816 4698/3816/4818
f 4700/3818/4820 4701/3819/4821 4696/3814/4816
f 5758/3820/4822 5761/3808/4810 5759/3807/4809
f 5758/3820/4822 5759/3807/4809 4690/3806/4808
f 4702/3821/4823 5758/3820/4822 4690/3806/4808
f 4702/3821/4823 4690/3806/4808 4703/3822/4824
f 4704/3823/4825 4702/3821/4823 4703/3822/4824
f 4705/3824/4826 4704/3823/4825 4706/3825/4827
f 4704/3823/4825 4705/3824/4826 4702/3821/4823
f 4707/3826/4828 4702/3821/4823 4705/3824/4826
f 5758/3820/4822 4702/3821/4823 4707/3826/4828
f 5758/3820/4822 4707/3826/4828 4708/3827/4829
f 4709/3828/4830 5758/3820/4822 4708/3827/4829
f 4709/3828/4830 5761/3808/4810 5758/3820/4822
f 4691/3809/4811 5761/3808/4810 4709/3828/4830
f 4692/3810/4812 4691/3809/4811 4709/3828/4830
f 4698/3816/4818 4692/3810/4812 4699/3817/4819
f 4692/3810/4812 4709/3828/4830 4699/3817/4819
f 4708/3827/4829 4707/3826/4828 4710/3829/4831
f 4710/3829/4831 4707/3826/4828 4711/3830/4832
f 4707/3826/4828 4705/3824/4826 4711/3830/4832
f 4711/3830/4832 4705/3824/4826 4712/3831/4833
f 4705/3824/4826 4706/3825/4827 4712/3831/4833
f 4706/3825/4827 4713/3832/4834 4712/3831/4833
f 4706/3825/4827 4714/3833/4835 4713/3832/4834
f 4714/3833/4835 4715/3834/4836 4713/3832/4834
f 4714/3833/4835 4716/3835/4837 4715/3834/4836
f 4716/3835/4837 4717/3836/4838 4715/3834/4836
f 4718/3837/4839 4717/3836/4838 4716/3835/4837
f 4718/3837/4839 4719/3838/4840 4717/3836/4838
f 4719/3838/4840 4720/3839/4841 4717/3836/4838
f 4711/3830/4832 4712/3831/4833 4721/3840/4842
f 4721/3840/4842 4712/3831/4833 4713/3832/4834
f 4721/3840/4842 4713/3832/4834 4722/3841/4843
f 4713/3832/4834 4723/3842/4844 4722/3841/4843
f 4713/3832/4834 4715/3834/4836 4723/3842/4844
f 4724/3843/4845 4714/3833/4835 4706/3825/4827
f 4724/3843/4845 4716/3835/4837 4714/3833/4835
f 4724/3843/4845 4718/3837/4839 4716/3835/4837
f 4709/3828/4830 4708/3827/4829 4710/3829/4831 4699/3817/4819
f 4699/3817/4819 4710/3829/4831 4725/3844/4846
f 4710/3829/4831 4726/3845/4847 4725/3844/4846
f 4710/3829/4831 4711/3830/4832 4726/3845/4847
f 4711/3830/4832 4721/3840/4842 4726/3845/4847
f 4726/3845/4847 4721/3840/4842 4727/3846/4848
f 4721/3840/4842 4722/3841/4843 4727/3846/4848
f 4728/3847/4849 4727/3846/4848 4722/3841/4843
f 4728/3847/4849 4722/3841/4843 4723/3842/4844
f 4728/3847/4849 4723/3842/4844 4729/3848/4850
f 4730/3849/4851 4729/3848/4850 4723/3842/4844
f 4715/3834/4836 4730/3849/4851 4723/3842/4844
f 4715/3834/4836 4731/3850/4852 4730/3849/4851
f 4717/3836/4838 4731/3850/4852 4715/3834/4836
f 4717/3836/4838 4720/3839/4841 4731/3850/4852
f 4732/3851/4853 4731/3850/4852 4720/3839/4841
f 4732/3851/4853 4733/3852/4854 4731/3850/4852
f 4731/3850/4852 4733/3852/4854 4734/3853/4855
f 4733/3852/4854 4735/3854/4856 4734/3853/4855
f 4736/3855/4857 4734/3853/4855 4735/3854/4856
f 4735/3854/4856 4737/3856/4858 4736/3855/4857
f 4731/3850/4852 4734/3853/4855 4730/3849/4851
f 4734/3853/4855 4738/3857/4859 4730/3849/4851
f 4734/3853/4855 4739/3858/4860 4738/3857/4859
f 4736/3855/4857 4739/3858/4860 4734/3853/4855
f 4730/3849/4851 4738/3857/4859 4729/3848/4850
f 4719/3838/4840 4740/3859/4861 4720/3839/4841
f 4741/3860/4862 4720/3839/4841 4740/3859/4861
f 4720/3839/4841 4741/3860/4862 4732/3851/4853
f 4742/3861/4863 4732/3851/4853 4741/3860/4862
f 4742/3861/4863 4743/3862/4864 4732/3851/4853
f 4743/3862/4864 4733/3852/4854 4732/3851/4853
f 4743/3862/4864 4744/3863/4865 4733/3852/4854
f 4733/3852/4854 4744/3863/4865 4735/3854/4856
f 4744/3863/4865 4745/3864/4866 4735/3854/4856
f 4735/3854/4856 4745/3864/4866 4737/3856/4858
f 4746/3865/4867 4737/3856/4858 4745/3864/4866
f 4747/3866/4868 4748/3867/4869 4749/3868/4870
f 4750/3869/4871 4748/3867/4869 4747/3866/4868
f 4750/3869/4871 4751/3870/4872 4748/3867/4869
f 4750/3869/4871 4752/3871/4873 4751/3870/4872
f 4751/3870/4872 4752/3871/4873 4753/3872/4874
f 4754/3873/4875 4753/3872/4874 4752/3871/4873
f 4755/3874/4876 4753/3872/4874 4754/3873/4875
f 4755/3874/4876 4756/3875/4877 4753/3872/4874
f 4746/3865/4867 4756/3875/4877 4755/3874/4876
f 4746/3865/4867 4757/3876/4878 4756/3875/4877
f 4746/3865/4867 4745/3864/4866 4757/3876/4878
f 4758/3877/4879 4757/3876/4878 4745/3864/4866
f 4744/3863/4865 4758/3877/4879 4745/3864/4866
f 4759/3878/4880 4758/3877/4879 4744/3863/4865
f 4759/3878/4880 4744/3863/4865 4743/3862/4864
f 4760/3879/4881 4759/3878/4880 4743/3862/4864
f 4760/3879/4881 4743/3862/4864 4742/3861/4863
f 4761/3880/4882 4760/3879/4881 4742/3861/4863
f 4751/3870/4872 4762/3881/4883 4748/3867/4869
f 4751/3870/4872 4763/3882/4884 4762/3881/4883
f 4751/3870/4872 4753/3872/4874 4763/3882/4884
f 4763/3882/4884 4753/3872/4874 4756/3875/4877
f 4762/3881/4883 4764/3883/4885 4765/3884/4886
f 4763/3882/4884 4764/3883/4885 4762/3881/4883
f 4763/3882/4884 4766/3885/4887 4764/3883/4885
f 4763/3882/4884 4756/3875/4877 4766/3885/4887
f 4766/3885/4887 4756/3875/4877 4757/3876/4878
f 4762/3881/4883 4765/3884/4886 4767/3886/4888
f 4768/3887/4889 4767/3886/4888 4765/3884/4886
f 4768/3887/4889 4765/3884/4886 4769/3888/4890
f 4769/3888/4890 4765/3884/4886 4770/3889/4891
f 4764/3883/4885 4770/3889/4891 4765/3884/4886
f 4764/3883/4885 4771/3890/4892 4770/3889/4891
f 4766/3885/4887 4771/3890/4892 4764/3883/4885
f 4766/3885/4887 4772/3891/4893 4771/3890/4892
f 4766/3885/4887 4757/3876/4878 4772/3891/4893
f 4758/3877/4879 4772/3891/4893 4757/3876/4878
f 4771/3890/4892 4772/3891/4893 4758/3877/4879
f 4771/3890/4892 4758/3877/4879 4759/3878/4880
f 4770/3889/4891 4771/3890/4892 4759/3878/4880
f 4770/3889/4891 4759/3878/4880 4760/3879/4881
f 4773/3892/4894 4774/3893/4895 4775/3894/4896
f 4775/3894/4896 4774/3893/4895 4776/3895/4897
f 4776/3895/4897 4761/3880/4882 4775/3894/4896
f 4776/3895/4897 4777/3896/4898 4761/3880/4882
f 4761/3880/4882 4777/3896/4898 4760/3879/4881
f 4777/3896/4898 4770/3889/4891 4760/3879/4881
f 4777/3896/4898 4778/3897/4899 4770/3889/4891
f 4769/3888/4890 4770/3889/4891 4778/3897/4899
f 4779/3898/4900 4769/3888/4890 4778/3897/4899
f 4768/3887/4889 4769/3888/4890 4779/3898/4900
f 4768/3887/4889 4779/3898/4900 4780/3899/4901
f 4781/3900/4902 4768/3887/4889 4780/3899/4901
f 4781/3900/4902 4780/3899/4901 4782/3901/4903
f 4781/3900/4902 4782/3901/4903 4783/3902/4904
f 4782/3901/4903 4784/3903/4905 4783/3902/4904
f 4783/3902/4904 4784/3903/4905 4785/3904/4906
f 5751/3905/4907 4785/3904/4906 4784/3903/4905
f 5751/3905/4907 4786/3906/4908 4785/3904/4906
f 4776/3895/4897 4778/3897/4899 4777/3896/4898
f 4780/3899/4901 4779/3898/4900 4782/3901/4903
f 5752/3907/4909 5751/3905/4907 4773/3892/4894
f 4773/3892/4894 5751/3905/4907 4774/3893/4895
f 4774/3893/4895 5751/3905/4907 4784/3903/4905
f 4774/3893/4895 4784/3903/4905 4787/3908/4910
f 4776/3895/4897 4774/3893/4895 4787/3908/4910
f 4776/3895/4897 4787/3908/4910 4788/3909/4911
f 4776/3895/4897 4788/3909/4911 4778/3897/4899
f 4779/3898/4900 4778/3897/4899 4788/3909/4911
f 4779/3898/4900 4788/3909/4911 4787/3908/4910
f 4779/3898/4900 4787/3908/4910 4782/3901/4903
f 4782/3901/4903 4787/3908/4910 4784/3903/4905
f 5752/3907/4909 4789/3910/4912 5753/3911/4913
f 5752/3907/4909 4773/3892/4894 4789/3910/4912
f 4773/3892/4894 4761/3880/4882 4789/3910/4912
f 4773/3892/4894 4775/3894/4896 4761/3880/4882
f 4748/3867/4869 4762/3881/4883 4767/3886/4888
f 4748/3867/4869 4767/3886/4888 4749/3868/4870
f 4749/3868/4870 4767/3886/4888 4768/3887/4889
f 4790/3912/4914 4749/3868/4870 4768/3887/4889
f 4781/3900/4902 4790/3912/4914 4768/3887/4889
f 4791/3913/4915 4790/3912/4914 4781/3900/4902
f 4791/3913/4915 4781/3900/4902 4783/3902/4904
f 4791/3913/4915 4783/3902/4904 4792/3914/4916
f 4783/3902/4904 4785/3904/4906 4792/3914/4916
f 4792/3914/4916 4785/3904/4906 4793/3915/4917
f 4786/3906/4908 4793/3915/4917 4785/3904/4906
f 4786/3906/4908 4794/3916/4918 4793/3915/4917
f 4795/3917/4919 4794/3916/4918 4786/3906/4908
f 4795/3917/4919 4796/3918/4920 4794/3916/4918
f 4797/3919/4921 4796/3918/4920 4795/3917/4919
f 4797/3919/4921 4798/3920/4922 4796/3918/4920
f 4799/3921/4923 4798/3920/4922 4797/3919/4921
f 4799/3921/4923 4800/3922/4924 4798/3920/4922
f 4801/3923/4925 4802/3924/4926 4794/3916/4918
f 4802/3924/4926 4793/3915/4917 4794/3916/4918
f 4802/3924/4926 4803/3925/4927 4793/3915/4917
f 4804/3926/4928 4805/3927/4929 4806/3928/4930
f 4804/3926/4928 4807/3929/4931 4805/3927/4929
f 4805/3927/4929 4807/3929/4931 4801/3923/4925
f 4807/3929/4931 4808/3930/4932 4801/3923/4925
f 4801/3923/4925 4808/3930/4932 4802/3924/4926
f 4808/3930/4932 4809/3931/4933 4802/3924/4926
f 4802/3924/4926 4809/3931/4933 4803/3925/4927
f 4810/3932/4934 4803/3925/4927 4809/3931/4933
f 4793/3915/4917 4803/3925/4927 4810/3932/4934
f 4793/3915/4917 4810/3932/4934 4811/3933/4935
f 4792/3914/4916 4793/3915/4917 4811/3933/4935
f 4812/3934/4936 4792/3914/4916 4811/3933/4935
f 4791/3913/4915 4792/3914/4916 4812/3934/4936
f 4813/3935/4937 4791/3913/4915 4812/3934/4936
f 4791/3913/4915 4813/3935/4937 4790/3912/4914
f 4813/3935/4937 4814/3936/4938 4790/3912/4914
f 4814/3936/4938 4749/3868/4870 4790/3912/4914
f 4814/3936/4938 4747/3866/4868 4749/3868/4870
f 4813/3935/4937 4815/3937/4939 4814/3936/4938
f 4815/3937/4939 4747/3866/4868 4814/3936/4938
f 4815/3937/4939 4816/3938/4940 4747/3866/4868
f 4816/3938/4940 4750/3869/4871 4747/3866/4868
f 4817/3939/4941 4809/3931/4933 4808/3930/4932
f 4817/3939/4941 4818/3940/4942 4809/3931/4933
f 4819/3941/4943 4811/3933/4935 4820/3942/4944
f 4819/3941/4943 4821/3943/4945 4811/3933/4935
f 4812/3934/4936 4811/3933/4935 4821/3943/4945
f 4822/3944/4946 4812/3934/4936 4821/3943/4945
f 4813/3935/4937 4812/3934/4936 4822/3944/4946
f 4823/3945/4947 4813/3935/4937 4822/3944/4946
f 4823/3945/4947 4815/3937/4939 4813/3935/4937
f 4823/3945/4947 4824/3946/4948 4815/3937/4939
f 4824/3946/4948 4816/3938/4940 4815/3937/4939
f 4824/3946/4948 4825/3947/4949 4816/3938/4940
f 4825/3947/4949 4826/3948/4950 4816/3938/4940
f 4816/3938/4940 4826/3948/4950 4750/3869/4871
f 4826/3948/4950 4827/3949/4951 4750/3869/4871
f 4750/3869/4871 4827/3949/4951 4752/3871/4873
f 4752/3871/4873 4827/3949/4951 4828/3950/4952
f 4752/3871/4873 4828/3950/4952 4829/3951/4953
f 4754/3873/4875 4752/3871/4873 4829/3951/4953
f 4827/3949/4951 4830/3952/4954 4828/3950/4952
f 4827/3949/4951 4831/3953/4955 4830/3952/4954
f 4826/3948/4950 4831/3953/4955 4827/3949/4951
f 4831/3953/4955 4832/3954/4956 4830/3952/4954
f 4833/3955/4957 4826/3948/4950 4825/3947/4949
f 4547/3661/4663 4833/3955/4957 4825/3947/4949
f 4547/3661/4663 4825/3947/4949 4824/3946/4948
f 4546/3660/4662 4547/3661/4663 4824/3946/4948
f 4546/3660/4662 4824/3946/4948 4823/3945/4947
f 4546/3660/4662 4823/3945/4947 4834/3956/4958
f 4823/3945/4947 4822/3944/4946 4834/3956/4958
f 4834/3956/4958 4822/3944/4946 4835/3957/4959
f 4822/3944/4946 4821/3943/4945 4835/3957/4959
f 4821/3943/4945 4836/3958/4960 4835/3957/4959
f 4821/3943/4945 4819/3941/4943 4836/3958/4960
f 4836/3958/4960 4819/3941/4943 4837/3959/4961
f 4819/3941/4943 4838/3960/4962 4837/3959/4961
f 4837/3959/4961 4838/3960/4962 4839/3961/4963
f 4838/3960/4962 4840/3962/4964 4839/3961/4963
f 4840/3962/4964 4841/3963/4965 4839/3961/4963
f 4840/3962/4964 4842/3964/4966 4841/3963/4965
f 4843/3965/4967 4841/3963/4965 4842/3964/4966
f 4545/3659/4661 4546/3660/4662 4844/3966/4968
f 4546/3660/4662 4834/3956/4958 4844/3966/4968
f 4844/3966/4968 4834/3956/4958 4845/3967/4969
f 4834/3956/4958 4835/3957/4959 4845/3967/4969
f 4845/3967/4969 4835/3957/4959 4836/3958/4960
f 4544/3658/4660 4562/3676/4678 4542/3656/4658
f 4545/3659/4661 4562/3676/4678 4544/3658/4660
f 4545/3659/4661 4846/3968/4970 4562/3676/4678
f 4545/3659/4661 4844/3966/4968 4846/3968/4970
f 4847/3969/4971 4846/3968/4970 4844/3966/4968
f 4844/3966/4968 4845/3967/4969 4847/3969/4971
f 4847/3969/4971 4845/3967/4969 4848/3970/4972
f 4845/3967/4969 4836/3958/4960 4848/3970/4972
f 4848/3970/4972 4836/3958/4960 4849/3971/4973
f 4836/3958/4960 4837/3959/4961 4849/3971/4973
f 4849/3971/4973 4837/3959/4961 4850/3972/4974
f 4837/3959/4961 4839/3961/4963 4850/3972/4974
f 4851/3973/4975 4850/3972/4974 4839/3961/4963
f 4851/3973/4975 4839/3961/4963 4841/3963/4965
f 4841/3963/4965 4852/3974/4976 4851/3973/4975
f 4841/3963/4965 4853/3975/4977 4852/3974/4976
f 4853/3975/4977 4854/3976/4978 4852/3974/4976
f 4853/3975/4977 4855/3977/4979 4854/3976/4978
f 4856/3978/4980 4857/3979/4981 4858/3980/4982
f 4856/3978/4980 4858/3980/4982 4851/3973/4975
f 4856/3978/4980 4851/3973/4975 4854/3976/4978
f 4851/3973/4975 4852/3974/4976 4854/3976/4978
f 4859/3981/4983 4561/3675/4677 4562/3676/4678
f 4859/3981/4983 4562/3676/4678 4860/3982/4984
f 4846/3968/4970 4860/3982/4984 4562/3676/4678
f 4846/3968/4970 4861/3983/4985 4860/3982/4984
f 4847/3969/4971 4861/3983/4985 4846/3968/4970
f 4862/3984/4986 4861/3983/4985 4847/3969/4971
f 4847/3969/4971 4848/3970/4972 4862/3984/4986
f 4862/3984/4986 4848/3970/4972 4849/3971/4973
f 4862/3984/4986 4849/3971/4973 4863/3985/4987
f 4849/3971/4973 4850/3972/4974 4863/3985/4987
f 4864/3986/4988 4863/3985/4987 4850/3972/4974
f 4864/3986/4988 4865/3987/4989 4863/3985/4987
f 4866/3988/4990 4865/3987/4989 4864/3986/4988
f 4867/3989/4991 4865/3987/4989 4866/3988/4990
f 4868/3990/4992 4867/3989/4991 4866/3988/4990
f 4868/3990/4992 4869/3991/4993 4867/3989/4991
f 4868/3990/4992 4870/3992/4994 4869/3991/4993
f 4865/3987/4989 4862/3984/4986 4863/3985/4987
f 4865/3987/4989 4871/3993/4995 4862/3984/4986
f 4862/3984/4986 4871/3993/4995 4861/3983/4985
f 4861/3983/4985 4871/3993/4995 4867/3989/4991
f 4861/3983/4985 4867/3989/4991 4860/3982/4984
f 4869/3991/4993 4860/3982/4984 4867/3989/4991
f 4867/3989/4991 4871/3993/4995 4865/3987/4989
f 4869/3991/4993 4859/3981/4983 4860/3982/4984
f 4864/3986/4988 4850/3972/4974 4851/3973/4975
f 4864/3986/4988 4851/3973/4975 4858/3980/4982
f 4872/3994/4996 4864/3986/4988 4858/3980/4982
f 4866/3988/4990 4864/3986/4988 4872/3994/4996
f 4873/3995/4997 4866/3988/4990 4872/3994/4996
f 4868/3990/4992 4866/3988/4990 4873/3995/4997
f 4874/3996/4998 4875/3997/4999 4876/3998/5000
f 4875/3997/4999 4877/3999/5001 4876/3998/5000
f 4876/3998/5000 4877/3999/5001 4857/3979/4981
f 4877/3999/5001 4858/3980/4982 4857/3979/4981
f 4877/3999/5001 4878/4000/5002 4858/3980/4982
f 4872/3994/4996 4858/3980/4982 4878/4000/5002
f 4879/4001/5003 4872/3994/4996 4878/4000/5002
f 4879/4001/5003 4880/4002/5004 4872/3994/4996
f 4873/3995/4997 4872/3994/4996 4880/4002/5004
f 4880/4002/5004 4881/4003/5005 4873/3995/4997
f 4881/4003/5005 4868/3990/4992 4873/3995/4997
f 4881/4003/5005 4551/3665/4667 4868/3990/4992
f 4551/3665/4667 4870/3992/4994 4868/3990/4992
f 4551/3665/4667 4552/3666/4668 4870/3992/4994
f 4870/3992/4994 4552/3666/4668 4554/3668/4670
f 4870/3992/4994 4554/3668/4670 4869/3991/4993
f 4869/3991/4993 4554/3668/4670 4557/3671/4673
f 4869/3991/4993 4557/3671/4673 4859/3981/4983
f 4859/3981/4983 4557/3671/4673 4559/3673/4675
f 4859/3981/4983 4559/3673/4675 4561/3675/4677
f 4559/3673/4675 4560/3674/4676 4561/3675/4677
f 4882/4004/5006 4883/4005/5007 4884/4006/5008
f 4882/4004/5006 4884/4006/5008 4885/4007/5009
f 4884/4006/5008 4886/4008/5010 4885/4007/5009
f 4887/4009/5011 4885/4007/5009 4886/4008/5010
f 4887/4009/5011 4886/4008/5010 4879/4001/5003
f 4888/4010/5012 4887/4009/5011 4879/4001/5003
f 4888/4010/5012 4879/4001/5003 4878/4000/5002
f 4878/4000/5002 4889/4011/5013 4888/4010/5012
f 4877/3999/5001 4889/4011/5013 4878/4000/5002
f 4877/3999/5001 4890/4012/5014 4889/4011/5013
f 4877/3999/5001 4875/3997/4999 4890/4012/5014
f 4891/4013/5015 4890/4012/5014 4875/3997/4999
f 4874/3996/4998 4891/4013/5015 4875/3997/4999
f 4892/4014/5016 4891/4013/5015 4874/3996/4998
f 4893/4015/5017 4892/4014/5016 4874/3996/4998
f 4893/4015/5017 4894/4016/5018 4892/4014/5016
f 4893/4015/5017 4895/4017/5019 4894/4016/5018
f 4894/4016/5018 4895/4017/5019 4896/4018/5020
f 4894/4016/5018 4896/4018/5020 4897/4019/5021
f 4898/4020/5022 4885/4007/5009 4887/4009/5011
f 4899/4021/5023 4900/4022/5024 4901/4023/5025
f 4900/4022/5024 4902/4024/5026 4901/4023/5025
f 4901/4023/5025 4902/4024/5026 4898/4020/5022
f 4901/4023/5025 4898/4020/5022 4903/4025/5027
f 4887/4009/5011 4903/4025/5027 4898/4020/5022
f 4887/4009/5011 4888/4010/5012 4903/4025/5027
f 4889/4011/5013 4903/4025/5027 4888/4010/5012
f 4889/4011/5013 4890/4012/5014 4903/4025/5027
f 4890/4012/5014 4901/4023/5025 4903/4025/5027
f 4890/4012/5014 4899/4021/5023 4901/4023/5025
f 4891/4013/5015 4899/4021/5023 4890/4012/5014
f 4898/4020/5022 4904/4026/5028 4885/4007/5009
f 4902/4024/5026 4904/4026/5028 4898/4020/5022
f 4902/4024/5026 4905/4027/5029 4904/4026/5028
f 4906/4028/5030 4905/4027/5029 4902/4024/5026
f 4900/4022/5024 4906/4028/5030 4902/4024/5026
f 4907/4029/5031 4906/4028/5030 4900/4022/5024
f 4907/4029/5031 4900/4022/5024 4908/4030/5032
f 4909/4031/5033 4907/4029/5031 4908/4030/5032
f 4909/4031/5033 4908/4030/5032 4910/4032/5034
f 4909/4031/5033 4910/4032/5034 4897/4019/5021
f 4911/4033/5035 4897/4019/5021 4910/4032/5034
f 4911/4033/5035 4894/4016/5018 4897/4019/5021
f 4894/4016/5018 4911/4033/5035 4912/4034/5036
f 4894/4016/5018 4912/4034/5036 4892/4014/5016
f 4892/4014/5016 4912/4034/5036 4891/4013/5015
f 4913/4035/5037 4891/4013/5015 4912/4034/5036
f 4913/4035/5037 4899/4021/5023 4891/4013/5015
f 4899/4021/5023 4913/4035/5037 4900/4022/5024
f 4908/4030/5032 4911/4033/5035 4910/4032/5034
f 4913/4035/5037 4911/4033/5035 4908/4030/5032
f 4913/4035/5037 4912/4034/5036 4911/4033/5035
f 4913/4035/5037 4908/4030/5032 4900/4022/5024
f 4905/4027/5029 4882/4004/5006 4904/4026/5028
f 4882/4004/5006 4885/4007/5009 4904/4026/5028
f 4914/4036/5038 4915/4037/5039 4905/4027/5029
f 4906/4028/5030 4914/4036/5038 4905/4027/5029
f 4916/4038/5040 4914/4036/5038 4906/4028/5030
f 4916/4038/5040 4906/4028/5030 4907/4029/5031
f 4917/4039/5041 4916/4038/5040 4907/4029/5031
f 4909/4031/5033 4917/4039/5041 4907/4029/5031
f 4917/4039/5041 4909/4031/5033 4918/4040/5042
f 4909/4031/5033 4897/4019/5021 4918/4040/5042
f 4897/4019/5021 4919/4041/5043 4918/4040/5042
f 4897/4019/5021 4896/4018/5020 4919/4041/5043
f 4896/4018/5020 4920/4042/5044 4919/4041/5043
f 4921/4043/5045 4919/4041/5043 4920/4042/5044
f 4921/4043/5045 4922/4044/5046 4919/4041/5043
f 4922/4044/5046 4921/4043/5045 4923/4045/5047
f 4922/4044/5046 4923/4045/5047 4924/4046/5048
f 4924/4046/5048 4923/4045/5047 4925/4047/5049
f 4924/4046/5048 4925/4047/5049 4926/4048/5050
f 4927/4049/5051 4926/4048/5050 4925/4047/5049
f 4923/4045/5047 4928/4050/5052 4925/4047/5049
f 4921/4043/5045 4929/4051/5053 4923/4045/5047
f 4923/4045/5047 4929/4051/5053 4928/4050/5052
f 4930/4052/5054 4928/4050/5052 4929/4051/5053
f 4931/4053/5055 4928/4050/5052 4930/4052/5054
f 4931/4053/5055 4925/4047/5049 4928/4050/5052
f 4927/4049/5051 4925/4047/5049 4931/4053/5055
f 4932/4054/5056 4924/4046/5048 4933/4055/5057
f 4932/4054/5056 4922/4044/5046 4924/4046/5048
f 4934/4056/5058 4932/4054/5056 4933/4055/5057
f 4933/4055/5057 4935/4057/5059 4934/4056/5058
f 4933/4055/5057 4936/4058/5060 4935/4057/5059
f 4936/4058/5060 4933/4055/5057 4924/4046/5048
f 4936/4058/5060 4924/4046/5048 4926/4048/5050
f 4936/4058/5060 4926/4048/5050 4927/4049/5051
f 4936/4058/5060 4927/4049/5051 4937/4059/5061
f 4935/4057/5059 4936/4058/5060 4937/4059/5061
f 4935/4057/5059 4937/4059/5061 4915/4037/5039
f 4914/4036/5038 4935/4057/5059 4915/4037/5039
f 4914/4036/5038 4934/4056/5058 4935/4057/5059
f 4914/4036/5038 4916/4038/5040 4934/4056/5058
f 4917/4039/5041 4934/4056/5058 4916/4038/5040
f 4934/4056/5058 4917/4039/5041 4932/4054/5056
f 4917/4039/5041 4918/4040/5042 4932/4054/5056
f 4922/4044/5046 4932/4054/5056 4918/4040/5042
f 4922/4044/5046 4918/4040/5042 4919/4041/5043
f 4895/4017/5019 4938/4060/5062 4896/4018/5020
f 4896/4018/5020 4938/4060/5062 4920/4042/5044
f 4920/4042/5044 4938/4060/5062 4939/4061/5063
f 4939/4061/5063 4921/4043/5045 4920/4042/5044
f 4940/4062/5064 4921/4043/5045 4939/4061/5063
f 4921/4043/5045 4940/4062/5064 4929/4051/5053
f 4941/4063/5065 4929/4051/5053 4940/4062/5064
f 4930/4052/5054 4929/4051/5053 4941/4063/5065
f 4942/4064/5066 4930/4052/5054 4941/4063/5065
f 4943/4065/5067 4930/4052/5054 4942/4064/5066
f 4943/4065/5067 4931/4053/5055 4930/4052/5054
f 4944/4066/5068 4931/4053/5055 4943/4065/5067
f 4944/4066/5068 4927/4049/5051 4931/4053/5055
f 4927/4049/5051 4944/4066/5068 4945/4067/5069
f 4927/4049/5051 4945/4067/5069 4937/4059/5061
f 4937/4059/5061 4945/4067/5069 4882/4004/5006
f 4937/4059/5061 4882/4004/5006 4915/4037/5039
f 4905/4027/5029 4915/4037/5039 4882/4004/5006
f 4946/4068/5070 4947/4069/5071 4948/4070/5072
f 4947/4069/5071 4941/4063/5065 4948/4070/5072
f 4947/4069/5071 4942/4064/5066 4941/4063/5065
f 4842/3964/4966 4949/4071/5073 4843/3965/4967
f 4950/4072/5074 4843/3965/4967 4949/4071/5073
f 4950/4072/5074 4949/4071/5073 4951/4073/5075
f 4950/4072/5074 4951/4073/5075 4952/4074/5076
f 4951/4073/5075 4953/4075/5077 4952/4074/5076
f 4953/4075/5077 4946/4068/5070 4952/4074/5076
f 4953/4075/5077 4954/4076/5078 4946/4068/5070
f 4947/4069/5071 4946/4068/5070 4954/4076/5078
f 4947/4069/5071 4954/4076/5078 4955/4077/5079
f 4942/4064/5066 4947/4069/5071 4955/4077/5079
f 4942/4064/5066 4955/4077/5079 4956/4078/5080
f 4943/4065/5067 4942/4064/5066 4956/4078/5080
f 4943/4065/5067 4956/4078/5080 4957/4079/5081
f 4944/4066/5068 4943/4065/5067 4957/4079/5081
f 4944/4066/5068 4957/4079/5081 4958/4080/5082
f 4945/4067/5069 4944/4066/5068 4958/4080/5082
f 4945/4067/5069 4958/4080/5082 4883/4005/5007
f 4882/4004/5006 4945/4067/5069 4883/4005/5007
f 4949/4071/5073 4953/4075/5077 4951/4073/5075
f 4958/4080/5082 4957/4079/5081 4959/4081/5083
f 4958/4080/5082 4959/4081/5083 4960/4082/5084
f 4883/4005/5007 4958/4080/5082 4960/4082/5084
f 4883/4005/5007 4960/4082/5084 4961/4083/5085
f 4962/4084/5086 4883/4005/5007 4961/4083/5085
f 4962/4084/5086 4884/4006/5008 4883/4005/5007
f 4884/4006/5008 4962/4084/5086 4886/4008/5010
f 4963/4085/5087 4964/4086/5088 4965/4087/5089
f 4964/4086/5088 4966/4088/5090 4965/4087/5089
f 4965/4087/5089 4966/4088/5090 4967/4089/5091
f 4966/4088/5090 4840/3962/4964 4967/4089/5091
f 4966/4088/5090 4968/4090/5092 4840/3962/4964
f 4968/4090/5092 4842/3964/4966 4840/3962/4964
f 4968/4090/5092 4969/4091/5093 4842/3964/4966
f 4969/4091/5093 4949/4071/5073 4842/3964/4966
f 4969/4091/5093 4970/4092/5094 4949/4071/5073
f 4949/4071/5073 4970/4092/5094 4953/4075/5077
f 4970/4092/5094 4954/4076/5078 4953/4075/5077
f 4970/4092/5094 4971/4093/5095 4954/4076/5078
f 4971/4093/5095 4955/4077/5079 4954/4076/5078
f 4971/4093/5095 4972/4094/5096 4955/4077/5079
f 4972/4094/5096 4956/4078/5080 4955/4077/5079
f 4972/4094/5096 4973/4095/5097 4956/4078/5080
f 4973/4095/5097 4957/4079/5081 4956/4078/5080
f 4973/4095/5097 4959/4081/5083 4957/4079/5081
f 4969/4091/5093 4971/4093/5095 4970/4092/5094
f 4964/4086/5088 4974/4096/5098 4966/4088/5090
f 4974/4096/5098 4975/4097/5099 4966/4088/5090
f 4968/4090/5092 4966/4088/5090 4975/4097/5099
f 4968/4090/5092 4975/4097/5099 4976/4098/5100
f 4969/4091/5093 4968/4090/5092 4976/4098/5100
f 4969/4091/5093 4976/4098/5100 4977/4099/5101
f 4969/4091/5093 4977/4099/5101 4971/4093/5095
f 4977/4099/5101 4972/4094/5096 4971/4093/5095
f 4977/4099/5101 4978/4100/5102 4972/4094/5096
f 4978/4100/5102 4973/4095/5097 4972/4094/5096
f 4978/4100/5102 4979/4101/5103 4973/4095/5097
f 4979/4101/5103 4959/4081/5083 4973/4095/5097
f 4979/4101/5103 4980/4102/5104 4959/4081/5083
f 4980/4102/5104 4960/4082/5084 4959/4081/5083
f 4980/4102/5104 4981/4103/5105 4960/4082/5084
f 4981/4103/5105 4961/4083/5085 4960/4082/5084
f 4982/4104/5106 4975/4097/5099 4983/4105/5107
f 4976/4098/5100 4975/4097/5099 4982/4104/5106
f 4978/4100/5102 4976/4098/5100 4982/4104/5106
f 4978/4100/5102 4977/4099/5101 4976/4098/5100
f 4979/4101/5103 4978/4100/5102 4982/4104/5106
f 4984/4106/5108 4985/4107/5109 4986/4108/5110
f 4986/4108/5110 4985/4107/5109 4981/4103/5105
f 4986/4108/5110 4981/4103/5105 4980/4102/5104
f 4986/4108/5110 4980/4102/5104 4979/4101/5103
f 4986/4108/5110 4979/4101/5103 4987/4109/5111
f 4979/4101/5103 4982/4104/5106 4987/4109/5111
f 4982/4104/5106 4983/4105/5107 4987/4109/5111
f 4983/4105/5107 4986/4108/5110 4987/4109/5111
f 4983/4105/5107 4984/4106/5108 4986/4108/5110
f 4984/4106/5108 4988/4110/5112 4985/4107/5109
f 4988/4110/5112 4989/4111/5113 4985/4107/5109
f 4989/4111/5113 4981/4103/5105 4985/4107/5109
f 4989/4111/5113 4990/4112/5114 4981/4103/5105
f 4981/4103/5105 4990/4112/5114 4961/4083/5085
f 4961/4083/5085 4990/4112/5114 4991/4113/5115
f 4961/4083/5085 4991/4113/5115 4962/4084/5086
f 4962/4084/5086 4991/4113/5115 4992/4114/5116
f 4962/4084/5086 4992/4114/5116 4886/4008/5010
f 4993/4115/5117 4886/4008/5010 4992/4114/5116
f 4993/4115/5117 4879/4001/5003 4886/4008/5010
f 4994/4116/5118 4879/4001/5003 4993/4115/5117
f 4994/4116/5118 4880/4002/5004 4879/4001/5003
f 4994/4116/5118 4995/4117/5119 4880/4002/5004
f 4880/4002/5004 4995/4117/5119 4881/4003/5005
f 4995/4117/5119 4996/4118/5120 4881/4003/5005
f 4996/4118/5120 4551/3665/4667 4881/4003/5005
f 4996/4118/5120 4549/3663/4665 4551/3665/4667
f 4997/4119/5121 4990/4112/5114 4989/4111/5113
f 4997/4119/5121 4991/4113/5115 4990/4112/5114
f 4992/4114/5116 4991/4113/5115 4997/4119/5121
f 4992/4114/5116 4997/4119/5121 4993/4115/5117
f 4997/4119/5121 4994/4116/5118 4993/4115/5117
f 4997/4119/5121 4998/4120/5122 4994/4116/5118
f 4998/4120/5122 4999/4121/5123 4994/4116/5118
f 4994/4116/5118 4999/4121/5123 4995/4117/5119
f 4999/4121/5123 5000/4122/5124 4995/4117/5119
f 4995/4117/5119 5000/4122/5124 4996/4118/5120
f 5001/4123/5125 4563/3677/4679 4549/3663/4665
f 5001/4123/5125 4549/3663/4665 4996/4118/5120
f 5002/4124/5126 5001/4123/5125 4996/4118/5120
f 5002/4124/5126 4996/4118/5120 5000/4122/5124
f 5003/4125/5127 5002/4124/5126 5000/4122/5124
f 5003/4125/5127 5000/4122/5124 5004/4126/5128
f 4999/4121/5123 5004/4126/5128 5000/4122/5124
f 5005/4127/5129 5004/4126/5128 4999/4121/5123
f 4998/4120/5122 5005/4127/5129 4999/4121/5123
f 5006/4128/5130 5005/4127/5129 4998/4120/5122
f 5006/4128/5130 4998/4120/5122 5007/4129/5131
f 5008/4130/5132 5006/4128/5130 5007/4129/5131
f 5008/4130/5132 5007/4129/5131 4988/4110/5112
f 5009/4131/5133 5008/4130/5132 4988/4110/5112
f 4988/4110/5112 5007/4129/5131 4989/4111/5113
f 4989/4111/5113 5007/4129/5131 4998/4120/5122
f 4989/4111/5113 4998/4120/5122 4997/4119/5121
f 5010/4132/5134 5002/4124/5126 5003/4125/5127
f 5010/4132/5134 5011/4133/5135 5002/4124/5126
f 5011/4133/5135 5001/4123/5125 5002/4124/5126
f 5012/4134/5136 5013/4135/5137 5009/4131/5133
f 5013/4135/5137 5008/4130/5132 5009/4131/5133
f 5013/4135/5137 5014/4136/5138 5008/4130/5132
f 5014/4136/5138 5006/4128/5130 5008/4130/5132
f 5014/4136/5138 5015/4137/5139 5006/4128/5130
f 5015/4137/5139 5005/4127/5129 5006/4128/5130
f 5015/4137/5139 5016/4138/5140 5005/4127/5129
f 5005/4127/5129 5016/4138/5140 5004/4126/5128
f 5017/4139/5141 5004/4126/5128 5016/4138/5140
f 5017/4139/5141 5003/4125/5127 5004/4126/5128
f 5018/4140/5142 5003/4125/5127 5017/4139/5141
f 5018/4140/5142 5010/4132/5134 5003/4125/5127
f 5019/4141/5143 5010/4132/5134 5018/4140/5142
f 5020/4142/5144 5010/4132/5134 5019/4141/5143
f 5020/4142/5144 5011/4133/5135 5010/4132/5134
f 5020/4142/5144 5021/4143/5145 5011/4133/5135
f 5011/4133/5135 5021/4143/5145 5001/4123/5125
f 5021/4143/5145 4563/3677/4679 5001/4123/5125
f 5021/4143/5145 5022/4144/5146 4563/3677/4679
f 4563/3677/4679 5022/4144/5146 4564/3678/4680
f 5020/4142/5144 5023/4145/5147 5021/4143/5145
f 5023/4145/5147 5022/4144/5146 5021/4143/5145
f 5023/4145/5147 5024/4146/5148 5022/4144/5146
f 5025/4147/5149 5022/4144/5146 5024/4146/5148
f 5025/4147/5149 4564/3678/4680 5022/4144/5146
f 5026/4148/5150 4564/3678/4680 5025/4147/5149
f 5026/4148/5150 5027/4149/5151 4564/3678/4680
f 4564/3678/4680 5027/4149/5151 5028/4150/5152
f 5029/4151/5153 5030/4152/5154 5020/4153/5144
f 5020/4153/5144 5030/4152/5154 5031/4154/5155
f 5020/4153/5144 5031/4154/5155 5023/4155/5147
f 5023/4155/5147 5031/4154/5155 5032/4156/5156
f 5023/4155/5147 5032/4156/5156 5024/4146/5148
f 5032/4156/5156 5025/4147/5149 5024/4146/5148
f 5032/4156/5156 5033/4157/5157 5025/4147/5149
f 5033/4157/5157 5026/4148/5150 5025/4147/5149
f 5033/4157/5157 5034/4158/5158 5026/4148/5150
f 5034/4158/5158 5035/4159/5159 5026/4148/5150
f 5035/4159/5159 5027/4149/5151 5026/4148/5150
f 5035/4159/5159 5036/4160/5160 5027/4149/5151
f 5036/4160/5160 5028/4150/5152 5027/4149/5151
f 5036/4160/5160 5037/4161/5161 5028/4150/5152
f 5028/4150/5152 5037/4161/5161 4591/3705/4707
f 5028/4150/5152 4591/3705/4707 4590/3704/4706
f 4564/3678/4680 5028/4150/5152 4590/3704/4706
f 4565/3679/4681 4564/3678/4680 4590/3704/4706
f 4596/3710/4712 4585/3699/4701 4586/3700/4702
f 4596/3710/4712 4586/3700/4702 4591/3705/4707
f 4594/3708/4710 4596/3710/4712 4591/3705/4707
f 4594/3708/4710 4591/3705/4707 5037/4161/5161
f 5037/4161/5161 4592/3706/4708 4594/3708/4710
f 5037/4161/5161 5036/4160/5160 4592/3706/4708
f 4629/3743/4745 4592/3706/4708 5036/4160/5160
f 4629/3743/4745 5036/4160/5160 5035/4159/5159
f 4627/3741/4743 4629/3743/4745 5035/4159/5159
f 5034/4158/5158 4627/3741/4743 5035/4159/5159
f 4625/3739/4741 4627/3741/4743 5034/4158/5158
f 5033/4157/5157 4625/3739/4741 5034/4158/5158
f 5033/4157/5157 4623/3737/4739 4625/3739/4741
f 5038/4162/5162 4623/3737/4739 5033/4157/5157
f 5038/4162/5162 4620/3734/4736 4623/3737/4739
f 5038/4162/5162 5039/4163/5163 4620/3734/4736
f 5038/4162/5162 5040/4164/5164 5039/4163/5163
f 5040/4164/5164 5041/4165/5165 5039/4163/5163
f 5042/4166/5166 5043/4167/5167 5040/4164/5164
f 5040/4164/5164 5044/4168/5168 5042/4166/5166
f 5040/4164/5164 5038/4162/5162 5044/4168/5168
f 5044/4168/5168 5038/4162/5162 5033/4157/5157
f 5044/4168/5168 5033/4157/5157 5032/4156/5156
f 5031/4154/5155 5044/4168/5168 5032/4156/5156
f 5031/4154/5155 5045/4169/5169 5044/4168/5168
f 5030/4152/5154 5045/4169/5169 5031/4154/5155
f 5030/4152/5154 5046/4170/5170 5045/4169/5169
f 5047/4171/5171 5045/4169/5169 5046/4170/5170
f 5047/4171/5171 5046/4170/5170 5048/4172/5172
f 5049/4173/5173 5047/4171/5171 5048/4172/5172
f 5050/4174/5174 5049/4173/5173 5048/4172/5172
f 5051/4175/5175 5049/4173/5173 5050/4174/5174
f 5052/4176/5176 5051/4175/5175 5050/4174/5174
f 5053/4177/5177 5051/4175/5175 5052/4176/5176
f 5054/4178/5178 5053/4177/5177 5052/4176/5176
f 5053/4177/5177 5054/4178/5178 5055/4179/5179
f 5042/4166/5166 5045/4169/5169 5047/4171/5171
f 5042/4166/5166 5044/4168/5168 5045/4169/5169
f 5053/4177/5177 5055/4179/5179 5056/4180/5180
f 5057/4181/5181 5053/4177/5177 5056/4180/5180
f 5057/4181/5181 5058/4182/5182 5053/4177/5177
f 5053/4177/5177 5058/4182/5182 5051/4175/5175
f 5054/4178/5178 5059/4183/5183 5060/4184/5184
f 5054/4178/5178 5052/4176/5176 5059/4183/5183
f 5040/4164/5164 5043/4167/5167 5041/4165/5165
f 5061/4185/5185 5041/4165/5165 5043/4167/5167
f 5061/4185/5185 5043/4167/5167 5042/4166/5166
f 5061/4185/5185 5042/4166/5166 5062/4186/5186
f 5062/4186/5186 5042/4166/5166 5047/4171/5171
f 5062/4186/5186 5047/4171/5171 5063/4187/5187
f 5049/4173/5173 5063/4187/5187 5047/4171/5171
f 5064/4188/5188 5063/4187/5187 5049/4173/5173
f 5051/4175/5175 5064/4188/5188 5049/4173/5173
f 5065/4189/5189 5064/4188/5188 5051/4175/5175
f 5065/4189/5189 5051/4175/5175 5058/4182/5182
f 5066/4190/5190 5065/4189/5189 5058/4182/5182
f 5066/4190/5190 5058/4182/5182 5057/4181/5181
f 5057/4181/5181 5067/4191/5191 5066/4190/5190
f 5057/4181/5181 5056/4180/5180 5067/4191/5191
f 5056/4180/5180 5068/4192/5192 5067/4191/5191
f 5056/4180/5180 5055/4179/5179 5068/4192/5192
f 5069/4193/5193 5068/4192/5192 5055/4179/5179
f 5066/4190/5190 5067/4191/5191 5070/4194/5194
f 5071/4195/5195 5072/4196/5196 5073/4197/5197
f 5071/4195/5195 5073/4197/5197 5074/4198/5198
f 5069/4193/5193 5071/4195/5195 5074/4198/5198
f 5074/4198/5198 5075/4199/5199 5069/4193/5193
f 5069/4193/5193 5075/4199/5199 5068/4192/5192
f 5075/4199/5199 5076/4200/5200 5068/4192/5192
f 5067/4191/5191 5068/4192/5192 5076/4200/5200
f 5067/4191/5191 5076/4200/5200 5070/4194/5194
f 5076/4200/5200 5077/4201/5201 5070/4194/5194
f 5078/4202/5202 5070/4194/5194 5077/4201/5201
f 5078/4202/5202 5077/4201/5201 5079/4203/5203
f 5078/4202/5202 5079/4203/5203 5080/4204/5204
f 5078/4202/5202 5080/4204/5204 5081/4205/5205
f 5081/4205/5205 5080/4204/5204 5082/4206/5206
f 5081/4205/5205 5082/4206/5206 5083/4207/5207
f 5082/4206/5206 5084/4208/5208 5083/4207/5207
f 5069/4193/5193 5085/4209/5209 5071/4195/5195
f 5086/4210/5210 5071/4195/5195 5085/4209/5209
f 5071/4195/5195 5086/4210/5210 5087/4211/5211
f 5071/4195/5195 5087/4211/5211 5072/4196/5196
f 5066/4190/5190 5070/4194/5194 5078/4202/5202
f 5081/4205/5205 5066/4190/5190 5078/4202/5202
f 5081/4205/5205 5065/4189/5189 5066/4190/5190
f 5065/4189/5189 5081/4205/5205 5083/4207/5207
f 5065/4189/5189 5083/4207/5207 5088/4212/5212
f 5088/4212/5212 5083/4207/5207 5084/4208/5208
f 5088/4212/5212 5084/4208/5208 5089/4213/5213
f 5090/4214/5214 5089/4213/5213 5084/4208/5208
f 5082/4206/5206 5090/4214/5214 5084/4208/5208
f 5090/4214/5214 5082/4206/5206 5091/4215/5215
f 5091/4215/5215 5082/4206/5206 5080/4204/5204
f 5091/4215/5215 5080/4204/5204 5092/4216/5216
f 5092/4216/5216 5080/4204/5204 5079/4203/5203
f 5092/4216/5216 5079/4203/5203 5093/4217/5217
f 5093/4217/5217 5079/4203/5203 5077/4201/5201
f 5093/4217/5217 5077/4201/5201 5094/4218/5218
f 5077/4201/5201 5095/4219/5219 5094/4218/5218
f 5096/4220/5220 5094/4218/5218 5095/4219/5219
f 5097/4221/5221 5098/4222/5222 5096/4220/5220
f 5098/4222/5222 5099/4223/5223 5096/4220/5220
f 5099/4223/5223 5094/4218/5218 5096/4220/5220
f 5099/4223/5223 5093/4217/5217 5094/4218/5218
f 5098/4222/5222 5100/4224/5224 5099/4223/5223
f 5101/4225/5225 5099/4223/5223 5100/4224/5224
f 5101/4225/5225 5093/4217/5217 5099/4223/5223
f 5101/4225/5225 5092/4216/5216 5093/4217/5217
f 5096/4220/5220 5095/4219/5219 5102/4226/5226
f 5097/4221/5221 5096/4220/5220 5102/4226/5226
f 5102/4226/5226 5103/4227/5227 5097/4221/5221
f 5103/4227/5227 5104/4228/5228 5097/4221/5221
f 5104/4228/5228 5098/4222/5222 5097/4221/5221
f 5104/4228/5228 5105/4229/5229 5098/4222/5222
f 5105/4229/5229 5100/4224/5224 5098/4222/5222
f 5105/4229/5229 5106/4230/5230 5100/4224/5224
f 5101/4225/5225 5100/4224/5224 5106/4230/5230
f 5107/4231/5231 5101/4225/5225 5106/4230/5230
f 5107/4231/5231 5092/4216/5216 5101/4225/5225
f 5107/4231/5231 5091/4215/5215 5092/4216/5216
f 5107/4231/5231 5108/4232/5232 5091/4215/5215
f 5090/4214/5214 5091/4215/5215 5108/4232/5232
f 5109/4233/5233 5110/4234/5234 5103/4227/5227
f 5110/4234/5234 5111/4235/5235 5103/4227/5227
f 5103/4227/5227 5111/4235/5235 5104/4228/5228
f 5111/4235/5235 5112/4236/5236 5104/4228/5228
f 5112/4236/5236 5105/4229/5229 5104/4228/5228
f 5112/4236/5236 5113/4237/5237 5105/4229/5229
f 5113/4237/5237 5106/4230/5230 5105/4229/5229
f 5114/4238/5238 5106/4230/5230 5113/4237/5237
f 5107/4231/5231 5106/4230/5230 5114/4238/5238
f 5115/4239/5239 5107/4231/5231 5114/4238/5238
f 5107/4231/5231 5115/4239/5239 5108/4232/5232
f 5116/4240/5240 5108/4232/5232 5115/4239/5239
f 5116/4240/5240 5090/4214/5214 5108/4232/5232
f 5116/4240/5240 5117/4241/5241 5090/4214/5214
f 5090/4214/5214 5117/4241/5241 5089/4213/5213
f 5117/4241/5241 5118/4242/5242 5089/4213/5213
f 5118/4242/5242 5119/4243/5243 5089/4213/5213
f 5118/4242/5242 5120/4244/5244 5119/4243/5243
f 5121/4245/5245 5117/4241/5241 5116/4240/5240
f 5121/4245/5245 5118/4242/5242 5117/4241/5241
f 5122/4246/5246 5118/4242/5242 5121/4245/5245
f 5120/4244/5244 5118/4242/5242 5122/4246/5246
f 5123/4247/5247 5124/4248/5248 5125/4249/5249
f 5125/4249/5249 5124/4248/5248 5126/4250/5250
f 5125/4249/5249 5126/4250/5250 5127/4251/5251
f 5115/4239/5239 5127/4251/5251 5126/4250/5250
f 5115/4239/5239 5114/4238/5238 5127/4251/5251
f 5114/4238/5238 5128/4252/5252 5127/4251/5251
f 5114/4238/5238 5113/4237/5237 5128/4252/5252
f 5129/4253/5253 5128/4252/5252 5113/4237/5237
f 5129/4253/5253 5113/4237/5237 5112/4236/5236
f 5130/4254/5254 5129/4253/5253 5112/4236/5236
f 5111/4235/5235 5130/4254/5254 5112/4236/5236
f 5131/4255/5255 5130/4254/5254 5111/4235/5235
f 5110/4234/5234 5131/4255/5255 5111/4235/5235
f 5132/4256/5256 5131/4255/5255 5110/4234/5234
f 5133/4257/5257 5132/4256/5256 5110/4234/5234
f 5132/4256/5256 5133/4257/5257 5134/4258/5258
f 5132/4256/5256 5134/4258/5258 5135/4259/5259
f 5136/4260/5260 5135/4259/5259 5134/4258/5258
f 5130/4254/5254 5137/4261/5261 5129/4253/5253
f 5138/4262/5262 5137/4261/5261 5130/4254/5254
f 5131/4255/5255 5138/4262/5262 5130/4254/5254
f 5127/4251/5251 5128/4252/5252 5129/4253/5253
f 5127/4251/5251 5129/4253/5253 5125/4249/5249
f 5125/4249/5249 5129/4253/5253 5137/4261/5261
f 5125/4249/5249 5137/4261/5261 5139/4263/5263
f 5140/4264/5264 5139/4263/5263 5137/4261/5261
f 5138/4262/5262 5140/4264/5264 5137/4261/5261
f 5138/4262/5262 5141/4265/5265 5140/4264/5264
f 5141/4265/5265 5138/4262/5262 5131/4255/5255
f 5142/4266/5266 5141/4265/5265 5131/4255/5255
f 5132/4256/5256 5142/4266/5266 5131/4255/5255
f 5135/4259/5259 5142/4266/5266 5132/4256/5256
f 5135/4259/5259 5143/4267/5267 5142/4266/5266
f 5144/4268/5268 5143/4267/5267 5135/4259/5259
f 5144/4268/5268 5145/4269/5269 5143/4267/5267
f 5144/4268/5268 5146/4270/5270 5145/4269/5269
f 5146/4270/5270 5147/4271/5271 5145/4269/5269
f 5146/4270/5270 5148/4272/5272 5147/4271/5271
f 5148/4272/5272 5149/4273/5273 5147/4271/5271
f 5140/4264/5264 5147/4271/5271 5149/4273/5273
f 5140/4264/5264 5141/4265/5265 5147/4271/5271
f 5145/4269/5269 5147/4271/5271 5141/4265/5265
f 5145/4269/5269 5141/4265/5265 5143/4267/5267
f 5143/4267/5267 5141/4265/5265 5142/4266/5266
f 5150/4274/5274 5144/4268/5268 5135/4259/5259
f 5146/4270/5270 5144/4268/5268 5150/4274/5274
f 5151/4275/5275 5146/4270/5270 5150/4274/5274
f 5148/4272/5272 5152/4276/5276 5149/4273/5273
f 5152/4276/5276 5148/4272/5272 5146/4270/5270
f 5153/4277/5277 5152/4276/5276 5146/4270/5270
f 5153/4277/5277 5146/4270/5270 5151/4275/5275
f 5154/4278/5278 5153/4277/5277 5151/4275/5275
f 5150/4274/5274 5135/4259/5259 5136/4260/5260
f 5155/4279/5279 5150/4274/5274 5136/4260/5260
f 5151/4275/5275 5150/4274/5274 5155/4279/5279
f 5156/4280/5280 5151/4275/5275 5155/4279/5279
f 5154/4278/5278 5151/4275/5275 5156/4280/5280
f 5157/4281/5281 5154/4278/5278 5156/4280/5280
f 5158/4282/5282 5154/4278/5278 5157/4281/5281
f 5158/4282/5282 5153/4277/5277 5154/4278/5278
f 5158/4282/5282 5159/4283/5283 5153/4277/5277
f 5159/4283/5283 5152/4276/5276 5153/4277/5277
f 5152/4276/5276 5159/4283/5283 5160/4284/5284
f 5152/4276/5276 5160/4284/5284 5161/4285/5285
f 5160/4284/5284 5159/4283/5283 5158/4282/5282
f 5162/4286/5286 5163/4287/5287 5164/4288/5288
f 5162/4286/5286 5165/4289/5289 5163/4287/5287
f 5166/4290/5290 5165/4289/5289 5162/4286/5286
f 5167/4291/5291 5166/4290/5290 5162/4286/5286
f 5167/4291/5291 5168/4292/5292 5166/4290/5290
f 5157/4281/5281 5168/4292/5292 5167/4291/5291
f 5157/4281/5281 5169/4293/5293 5168/4292/5292
f 5157/4281/5281 5156/4280/5280 5169/4293/5293
f 5169/4293/5293 5156/4280/5280 5170/4294/5294
f 5156/4280/5280 5155/4279/5279 5170/4294/5294
f 5170/4294/5294 5155/4279/5279 5171/4295/5295
f 5155/4279/5279 5136/4260/5260 5171/4295/5295
f 5171/4295/5295 5136/4260/5260 5172/4296/5296
f 5172/4296/5296 5136/4260/5260 5134/4258/5258
f 5172/4296/5296 5134/4258/5258 5173/4297/5297
f 5133/4257/5257 5173/4297/5297 5134/4258/5258
f 5133/4257/5257 5109/4233/5233 5173/4297/5297
f 5133/4257/5257 5110/4234/5234 5109/4233/5233
f 5102/4226/5226 5174/4298/5298 5103/4227/5227
f 5109/4233/5233 5103/4227/5227 5174/4298/5298
f 5109/4233/5233 5174/4298/5298 5175/4299/5299
f 5109/4233/5233 5175/4299/5299 5173/4297/5297
f 5176/4300/5300 5173/4297/5297 5175/4299/5299
f 5176/4300/5300 5172/4296/5296 5173/4297/5297
f 5177/4301/5301 5172/4296/5296 5176/4300/5300
f 5171/4295/5295 5172/4296/5296 5177/4301/5301
f 5178/4302/5302 5171/4295/5295 5177/4301/5301
f 5170/4294/5294 5171/4295/5295 5178/4302/5302
f 5179/4303/5303 5170/4294/5294 5178/4302/5302
f 5169/4293/5293 5170/4294/5294 5179/4303/5303
f 5168/4292/5292 5169/4293/5293 5179/4303/5303
f 5168/4292/5292 5179/4303/5303 5180/4304/5304
f 5168/4292/5292 5180/4304/5304 5166/4290/5290
f 5180/4304/5304 5087/4211/5211 5166/4290/5290
f 5180/4304/5304 5072/4196/5196 5087/4211/5211
f 5073/4197/5197 5072/4196/5196 5180/4304/5304
f 5181/4305/5305 5176/4300/5300 5175/4299/5299
f 5182/4306/5306 5176/4300/5300 5181/4305/5305
f 5177/4301/5301 5176/4300/5300 5182/4306/5306
f 5183/4307/5307 5177/4301/5301 5182/4306/5306
f 5178/4302/5302 5177/4301/5301 5183/4307/5307
f 5102/4226/5226 5175/4299/5299 5174/4298/5298
f 5102/4226/5226 5095/4219/5219 5175/4299/5299
f 5181/4305/5305 5175/4299/5299 5095/4219/5219
f 5077/4201/5201 5181/4305/5305 5095/4219/5219
f 5076/4200/5200 5181/4305/5305 5077/4201/5201
f 5182/4306/5306 5181/4305/5305 5076/4200/5200
f 5075/4199/5199 5182/4306/5306 5076/4200/5200
f 5183/4307/5307 5182/4306/5306 5075/4199/5199
f 5074/4198/5198 5183/4307/5307 5075/4199/5199
f 5073/4197/5197 5183/4307/5307 5074/4198/5198
f 5073/4197/5197 5178/4302/5302 5183/4307/5307
f 5179/4303/5303 5178/4302/5302 5073/4197/5197
f 5073/4197/5197 5180/4304/5304 5179/4303/5303
f 5069/4193/5193 5055/4179/5179 5054/4178/5178
f 5069/4193/5193 5054/4178/5178 5085/4209/5209
f 5054/4178/5178 5060/4184/5184 5085/4209/5209
f 5086/4210/5210 5085/4209/5209 5060/4184/5184
f 5184/4308/5308 5086/4210/5210 5060/4184/5184
f 5087/4211/5211 5086/4210/5210 5184/4308/5308
f 5087/4211/5211 5184/4308/5308 5185/4309/5309
f 5166/4290/5290 5087/4211/5211 5185/4309/5309
f 5166/4290/5290 5185/4309/5309 5186/4310/5310
f 5166/4290/5290 5186/4310/5310 5165/4289/5289
f 5187/4311/5311 5165/4289/5289 5186/4310/5310
f 5163/4287/5287 5165/4289/5289 5187/4311/5311
f 5163/4287/5287 5187/4311/5311 5188/4312/5312
f 5163/4287/5287 5188/4312/5312 5189/4313/5313
f 5190/4314/5314 5189/4313/5313 5188/4312/5312
f 5190/4314/5314 5191/4315/5315 5189/4313/5313
f 5191/4315/5315 4806/3928/4930 5189/4313/5313
f 5191/4315/5315 4804/3926/4928 4806/3928/4930
f 5187/4311/5311 5192/4316/5316 5188/4312/5312
f 5190/4314/5314 5188/4312/5312 5192/4316/5316
f 5190/4314/5314 5192/4316/5316 5193/4317/5317
f 5187/4311/5311 5186/4310/5310 5194/4318/5318
f 5186/4310/5310 5195/4319/5319 5194/4318/5318
f 5186/4310/5310 5185/4309/5309 5195/4319/5319
f 5185/4309/5309 5196/4320/5320 5195/4319/5319
f 5185/4309/5309 5184/4308/5308 5196/4320/5320
f 5197/4321/5321 5196/4320/5320 5184/4308/5308
f 5184/4308/5308 5060/4184/5184 5197/4321/5321
f 5059/4183/5183 5197/4321/5321 5060/4184/5184
f 5059/4183/5183 5198/4322/5322 5197/4321/5321
f 5052/4176/5176 5198/4322/5322 5059/4183/5183
f 5052/4176/5176 5199/4323/5323 5198/4322/5322
f 5052/4176/5176 5050/4174/5174 5199/4323/5323
f 5199/4323/5323 5050/4174/5174 5200/4324/5324
f 5050/4174/5174 5048/4172/5172 5200/4324/5324
f 5048/4172/5172 5201/4325/5325 5200/4324/5324
f 5048/4172/5172 5046/4170/5170 5201/4325/5325
f 5029/4151/5153 5201/4325/5325 5046/4170/5170
f 5029/4151/5153 5046/4170/5170 5030/4152/5154
f 5196/4320/5320 5202/4326/5326 5195/4319/5319
f 5196/4320/5320 5203/4327/5327 5202/4326/5326
f 5204/4328/5328 5205/4329/5329 5206/4330/5330
f 5203/4327/5327 5204/4328/5328 5206/4330/5330
f 5204/4328/5328 5203/4327/5327 5207/4331/5331
f 5196/4320/5320 5207/4331/5331 5203/4327/5327
f 5196/4320/5320 5208/4332/5332 5207/4331/5331
f 5197/4321/5321 5208/4332/5332 5196/4320/5320
f 5198/4322/5322 5208/4332/5332 5197/4321/5321
f 5198/4322/5322 5209/4333/5333 5208/4332/5332
f 5199/4323/5323 5209/4333/5333 5198/4322/5322
f 5199/4323/5323 5210/4334/5334 5209/4333/5333
f 5199/4323/5323 5200/4324/5324 5210/4334/5334
f 5200/4324/5324 5211/4335/5335 5210/4334/5334
f 5200/4324/5324 5201/4325/5325 5211/4335/5335
f 5212/4336/5336 5211/4335/5335 5201/4325/5325
f 5212/4336/5336 5201/4325/5325 5029/4151/5153
f 5212/4336/5336 5029/4151/5153 5019/4337/5143
f 5029/4151/5153 5020/4153/5144 5019/4337/5143
f 5212/4336/5336 5019/4337/5143 5205/4329/5329
f 5204/4328/5328 5212/4336/5336 5205/4329/5329
f 5204/4328/5328 5211/4335/5335 5212/4336/5336
f 5204/4328/5328 5213/4338/5337 5211/4335/5335
f 5204/4328/5328 5207/4331/5331 5213/4338/5337
f 5209/4333/5333 5213/4338/5337 5207/4331/5331
f 5209/4333/5333 5207/4331/5331 5208/4332/5332
f 5210/4334/5334 5213/4338/5337 5209/4333/5333
f 5210/4334/5334 5211/4335/5335 5213/4338/5337
f 5214/4339/5338 5215/4340/5339 5216/4341/5340
f 5216/4341/5340 5217/4342/5341 5214/4339/5338
f 5218/4343/5342 5217/4342/5341 5216/4341/5340
f 5218/4343/5342 5219/4344/5343 5217/4342/5341
f 5220/4345/5344 5218/4343/5342 5216/4341/5340
f 5221/4346/5345 5218/4343/5342 5220/4345/5344
f 5221/4346/5345 5222/4347/5346 5218/4343/5342
f 5222/4347/5346 5219/4344/5343 5218/4343/5342
f 4820/3942/4944 5219/4344/5343 5222/4347/5346
f 4811/3933/4935 5219/4344/5343 4820/3942/4944
f 4811/3933/4935 4810/3932/4934 5219/4344/5343
f 5219/4344/5343 4810/3932/4934 5217/4342/5341
f 5217/4342/5341 4810/3932/4934 4809/3931/4933
f 5214/4339/5338 5217/4342/5341 4809/3931/4933
f 5214/4339/5338 4809/3931/4933 4818/3940/4942
f 5214/4339/5338 4818/3940/4942 5215/4340/5339
f 5215/4340/5339 4818/3940/4942 4817/3939/4941
f 5215/4340/5339 4817/3939/4941 5223/4348/5347
f 5223/4348/5347 4817/3939/4941 4808/3930/4932
f 4807/3929/4931 5223/4348/5347 4808/3930/4932
f 5224/4349/5348 5223/4348/5347 4807/3929/4931
f 4804/3926/4928 5224/4349/5348 4807/3929/4931
f 5225/4350/5349 5226/4351/5350 5221/4346/5345
f 5221/4346/5345 5226/4351/5350 5222/4347/5346
f 5226/4351/5350 5227/4352/5351 5222/4347/5346
f 4820/3942/4944 5222/4347/5346 5227/4352/5351
f 4838/3960/4962 4820/3942/4944 5227/4352/5351
f 4819/3941/4943 4820/3942/4944 4838/3960/4962
f 4838/3960/4962 4967/4089/5091 4840/3962/4964
f 4838/3960/4962 5227/4352/5351 4967/4089/5091
f 4965/4087/5089 4967/4089/5091 5227/4352/5351
f 5226/4351/5350 4965/4087/5089 5227/4352/5351
f 4963/4085/5087 4965/4087/5089 5226/4351/5350
f 5225/4350/5349 4963/4085/5087 5226/4351/5350
f 5228/4353/5352 4963/4085/5087 5225/4350/5349
f 5228/4353/5352 5229/4354/5353 4963/4085/5087
f 5229/4354/5353 4964/4086/5088 4963/4085/5087
f 5229/4354/5353 5230/4355/5354 4964/4086/5088
f 4964/4086/5088 5230/4355/5354 4974/4096/5098
f 5230/4355/5354 5231/4356/5355 4974/4096/5098
f 4974/4096/5098 5231/4356/5355 4975/4097/5099
f 4975/4097/5099 5231/4356/5355 5012/4134/5136
f 4975/4097/5099 5012/4134/5136 4983/4105/5107
f 4983/4105/5107 5012/4134/5136 5009/4131/5133
f 4983/4105/5107 5009/4131/5133 4984/4106/5108
f 5009/4131/5133 4988/4110/5112 4984/4106/5108
f 5019/4141/5143 5018/4140/5142 5205/4357/5329
f 5205/4357/5329 5018/4140/5142 5232/4358/5356
f 5205/4357/5329 5232/4358/5356 5206/4359/5330
f 5233/4360/5357 5206/4359/5330 5232/4358/5356
f 5233/4360/5357 5234/4361/5358 5206/4359/5330
f 5235/4362/5359 5234/4361/5358 5233/4360/5357
f 5235/4362/5359 5233/4360/5357 5236/4363/5360
f 5236/4363/5360 5233/4360/5357 5013/4135/5137
f 5236/4363/5360 5013/4135/5137 5237/4364/5361
f 5012/4134/5136 5237/4364/5361 5013/4135/5137
f 5231/4356/5355 5237/4364/5361 5012/4134/5136
f 5231/4356/5355 5238/4365/5362 5237/4364/5361
f 5230/4355/5354 5238/4365/5362 5231/4356/5355
f 5239/4366/5363 5235/4362/5359 5236/4363/5360
f 5240/4367/5364 5232/4358/5356 5241/4368/5365
f 5240/4367/5364 5233/4360/5357 5232/4358/5356
f 5013/4135/5137 5233/4360/5357 5240/4367/5364
f 5013/4135/5137 5240/4367/5364 5014/4136/5138
f 5240/4367/5364 5015/4137/5139 5014/4136/5138
f 5240/4367/5364 5241/4368/5365 5015/4137/5139
f 5241/4368/5365 5016/4138/5140 5015/4137/5139
f 5241/4368/5365 5017/4139/5141 5016/4138/5140
f 5232/4358/5356 5017/4139/5141 5241/4368/5365
f 5232/4358/5356 5018/4140/5142 5017/4139/5141
f 5242/4369/5366 5243/4370/5367 5244/4371/5368
f 5245/4372/5369 5243/4370/5367 5242/4369/5366
f 5245/4372/5369 5246/4373/5370 5243/4370/5367
f 5247/4374/5371 5248/4375/5372 5249/4376/5373
f 5247/4374/5371 5250/4377/5374 5248/4375/5372
f 5250/4377/5374 5244/4371/5368 5248/4375/5372
f 5250/4377/5374 5251/4369/5375 5244/4371/5368
f 5242/4369/5366 5244/4371/5368 5251/4369/5375
f 5250/4377/5374 5242/4369/5366 5251/4369/5375
f 5250/4377/5374 5245/4372/5369 5242/4369/5366
f 5252/4378/5376 5245/4372/5369 5250/4377/5374
f 5252/4378/5376 5246/4373/5370 5245/4372/5369
f 5252/4378/5376 5253/4379/5377 5246/4373/5370
f 5254/4380/5378 5253/4379/5377 5252/4378/5376
f 5254/4380/5378 5255/4381/5379 5253/4379/5377
f 5256/4382/5380 5255/4381/5379 5254/4380/5378
f 5256/4382/5380 5257/4383/5381 5255/4381/5379
f 5256/4382/5380 5258/4384/5382 5257/4383/5381
f 5256/4382/5380 5259/4385/5383 5258/4384/5382
f 5260/4386/5384 5258/4384/5382 5259/4385/5383
f 5260/4386/5384 5259/4385/5383 5754/4387/5385
f 5261/4388/5386 5754/4387/5385 5259/4385/5383
f 5262/4389/5387 5754/4387/5385 5261/4388/5386
f 5261/4388/5386 5259/4385/5383 5263/4390/5388
f 5263/4390/5388 5259/4385/5383 5256/4382/5380
f 5263/4390/5388 5256/4382/5380 5264/4391/5389
f 5256/4382/5380 5265/4392/5390 5264/4391/5389
f 5256/4382/5380 5254/4380/5378 5265/4392/5390
f 5254/4380/5378 5247/4374/5371 5265/4392/5390
f 5254/4380/5378 5252/4378/5376 5247/4374/5371
f 5252/4378/5376 5250/4377/5374 5247/4374/5371
f 5266/4393/5391 5260/4386/5384 5754/4387/5385
f 5266/4393/5391 5754/4387/5385 5267/4394/5392
f 5262/4389/5387 5267/4394/5392 5754/4387/5385
f 5268/4395/5393 5267/4394/5392 5262/4389/5387
f 5268/4395/5393 5262/4389/5387 5269/4395/5394
f 5270/4396/5395 5268/4395/5393 5269/4395/5394
f 5262/4389/5387 5270/4396/5395 5269/4395/5394
f 5262/4389/5387 5271/4397/5396 5270/4396/5395
f 5261/4388/5386 5271/4397/5396 5262/4389/5387
f 5261/4388/5386 5272/4398/5397 5271/4397/5396
f 5263/4390/5388 5272/4398/5397 5261/4388/5386
f 5263/4390/5388 5273/4399/5398 5272/4398/5397
f 5264/4391/5389 5273/4399/5398 5263/4390/5388
f 5264/4391/5389 5274/4400/5399 5273/4399/5398
f 5264/4391/5389 5275/4401/5400 5274/4400/5399
f 5264/4391/5389 5265/4392/5390 5275/4401/5400
f 5265/4392/5390 5249/4376/5373 5275/4401/5400
f 5265/4392/5390 5247/4374/5371 5249/4376/5373
f 5270/4396/5395 5276/4402/5401 5268/4395/5393
f 5276/4402/5401 5267/4394/5392 5268/4395/5393
f 5276/4402/5401 5266/4393/5391 5267/4394/5392
f 5277/4403/5402 5278/4404/5403 5279/4405/5404
f 5280/4406/5405 5279/4405/5404 5278/4404/5403
f 5280/4406/5405 5281/4407/5406 5279/4405/5404
f 5282/4408/5407 5280/4406/5405 5283/4409/5408
f 5283/4409/5408 5280/4406/5405 5278/4404/5403
f 5283/4409/5408 5278/4404/5403 5284/4410/5409
f 5285/4411/5410 5284/4410/5409 5278/4404/5403
f 5285/4411/5410 5278/4404/5403 5277/4403/5402
f 5285/4411/5410 5277/4403/5402 5286/4412/5411
f 5286/4412/5411 5277/4403/5402 5279/4405/5404
f 5286/4412/5411 5279/4405/5404 5287/4413/5412
f 5281/4407/5406 5287/4413/5412 5279/4405/5404
f 5281/4407/5406 5288/4414/5413 5287/4413/5412
f 5285/4411/5410 5286/4412/5411 5289/4415/5414
f 5290/4416/5415 5289/4415/5414 5286/4412/5411
f 5290/4416/5415 5286/4412/5411 5291/4417/5416
f 5291/4417/5416 5286/4412/5411 5287/4413/5412
f 5290/4416/5415 5292/4418/5417 5293/4419/5418
f 5290/4416/5415 5291/4417/5416 5292/4418/5417
f 5291/4417/5416 5294/4420/5419 5292/4418/5417
f 5295/4421/5420 5294/4420/5419 5291/4417/5416
f 5291/4417/5416 5287/4413/5412 5295/4421/5420
f 5295/4421/5420 5287/4413/5412 5296/4422/5421
f 5287/4413/5412 5288/4414/5413 5296/4422/5421
f 5297/4423/5422 5296/4422/5421 5288/4414/5413
f 5297/4423/5422 5288/4414/5413 5298/4424/5423
f 5299/4425/5424 5297/4423/5422 5298/4424/5423
f 5299/4425/5424 5298/4424/5423 5300/4426/5425
f 5301/4427/5426 5300/4426/5425 5298/4424/5423
f 5302/4428/5427 5301/4427/5426 5298/4424/5423
f 5302/4428/5427 5298/4424/5423 5288/4414/5413
f 5302/4428/5427 5288/4414/5413 5303/4429/5428
f 5303/4429/5428 5288/4414/5413 5281/4407/5406
f 5303/4429/5428 5281/4407/5406 5282/4408/5407
f 5282/4408/5407 5281/4407/5406 5280/4406/5405
f 5297/4423/5422 5299/4425/5424 5295/4421/5420
f 5295/4421/5420 5296/4422/5421 5297/4423/5422
f 5304/4430/5429 5305/4431/5430 5306/4432/5431
f 5304/4430/5429 5307/4433/5432 5305/4431/5430
f 5304/4430/5429 5308/4434/5433 5307/4433/5432
f 5309/4435/5434 5308/4434/5433 5304/4430/5429
f 5309/4435/5434 5310/4436/5435 5308/4434/5433
f 5309/4435/5434 5311/4437/5436 5310/4436/5435
f 5309/4435/5434 5312/4438/5437 5311/4437/5436
f 5313/4439/5438 5311/4437/5436 5312/4438/5437
f 5313/4439/5438 5312/4438/5437 5314/4440/5439
f 5315/4441/5440 5314/4440/5439 5312/4438/5437
f 5316/4442/5441 5314/4440/5439 5315/4441/5440
f 5316/4442/5441 5315/4441/5440 5317/4443/5442
f 5316/4442/5441 5317/4443/5442 5318/4444/5443
f 5316/4442/5441 5318/4444/5443 5319/4445/5444
f 4439/4446/4555 5319/4445/5444 5318/4444/5443
f 5319/4445/5444 4439/4446/4555 4475/4447/4591
f 5319/4445/5444 4475/4447/4591 4509/4448/4625
f 5319/4445/5444 4509/4448/4625 5316/4442/5441
f 5315/4441/5440 5312/4438/5437 5320/4449/5445
f 5306/4432/5431 5320/4449/5445 5312/4438/5437
f 5306/4432/5431 5312/4438/5437 5309/4435/5434
f 5304/4430/5429 5306/4432/5431 5309/4435/5434
f 4439/4446/4555 5318/4444/5443 4438/4450/4554
f 5321/4451/5446 5313/4439/5438 5314/4440/5439
f 5316/4442/5441 4509/4448/4625 4508/4452/4624
f 5316/4442/5441 4508/4452/4624 5314/4440/5439
f 5322/4453/5447 5314/4440/5439 4508/4452/4624
f 5321/4451/5446 5314/4440/5439 5322/4453/5447
f 5323/4454/5448 5321/4451/5446 5322/4453/5447
f 5323/4454/5448 5322/4453/5447 5324/4455/5449
f 5324/4455/5449 5322/4453/5447 5325/4456/5450
f 4507/4457/4623 5325/4456/5450 5322/4453/5447
f 5322/4453/5447 4508/4452/4624 4507/4457/4623
f 5326/4458/5451 5327/4459/5452 5328/4460/5453
f 5326/4458/5451 5329/4461/5454 5327/4459/5452
f 5290/4462/5415 5293/4463/5418 5330/4464/5455
f 5290/4462/5415 5330/4464/5455 5331/4465/5456
f 5330/4464/5455 5332/4466/5457 5331/4465/5456
f 5331/4465/5456 5332/4466/5457 5326/4458/5451
f 5333/4467/5458 5331/4465/5456 5326/4458/5451
f 5326/4458/5451 5328/4460/5453 5333/4467/5458
f 5328/4460/5453 5334/4468/5459 5333/4467/5458
f 5334/4468/5459 5328/4460/5453 5327/4459/5452
f 5334/4468/5459 5327/4459/5452 5335/4469/5460
f 5329/4461/5454 5335/4469/5460 5327/4459/5452
f 5329/4461/5454 5336/4470/5461 5335/4469/5460
f 5335/4469/5460 5336/4470/5461 5301/4471/5426
f 5335/4469/5460 5301/4471/5426 5302/4472/5427
f 5302/4472/5427 5334/4468/5459 5335/4469/5460
f 5302/4472/5427 5303/4473/5428 5334/4468/5459
f 5303/4473/5428 5337/4474/5462 5334/4468/5459
f 5303/4473/5428 5282/4475/5407 5337/4474/5462
f 5282/4475/5407 5338/4476/5463 5337/4474/5462
f 5333/4467/5458 5339/4477/5464 5331/4465/5456
f 5339/4477/5464 5290/4462/5415 5331/4465/5456
f 5339/4477/5464 5289/4478/5414 5290/4462/5415
f 5285/4479/5410 5289/4478/5414 5339/4477/5464
f 5282/4475/5407 5283/4480/5408 5338/4476/5463
f 5283/4480/5408 5340/4481/5465 5338/4476/5463
f 5283/4480/5408 5284/4482/5409 5340/4481/5465
f 5340/4481/5465 5284/4482/5409 5285/4479/5410
f 5340/4481/5465 5285/4479/5410 5341/4483/5466
f 5285/4479/5410 5339/4477/5464 5341/4483/5466
f 5342/4484/5467 5341/4483/5466 5339/4477/5464
f 5342/4484/5467 5339/4477/5464 5333/4467/5458
f 5333/4467/5458 5337/4474/5462 5342/4484/5467
f 5333/4467/5458 5334/4468/5459 5337/4474/5462
f 5342/4484/5467 5340/4481/5465 5341/4483/5466
f 5342/4484/5467 5338/4476/5463 5340/4481/5465
f 5342/4484/5467 5337/4474/5462 5338/4476/5463
f 5343/4485/5468 5344/4486/5469 5345/4487/5470
f 5346/4488/5471 5119/4243/5243 5120/4244/5244
f 5161/4285/5285 5346/4488/5471 5120/4244/5244
f 5347/4489/5472 5346/4488/5471 5161/4285/5285
f 5347/4489/5472 5161/4285/5285 5160/4284/5284
f 5347/4489/5472 5160/4284/5284 5348/4490/5473
f 5160/4284/5284 5158/4282/5282 5348/4490/5473
f 5349/4491/5474 5348/4490/5473 5158/4282/5282
f 5158/4282/5282 5157/4281/5281 5349/4491/5474
f 5349/4491/5474 5157/4281/5281 5167/4291/5291
f 5349/4491/5474 5167/4291/5291 5343/4485/5468
f 5343/4485/5468 5167/4291/5291 5162/4286/5286
f 5343/4485/5468 5162/4286/5286 5344/4486/5469
f 5344/4486/5469 5162/4286/5286 5164/4288/5288
f 5344/4486/5469 5164/4288/5288 5350/4492/5475
f 5345/4487/5470 5344/4486/5469 5350/4492/5475
f 5345/4487/5470 5350/4492/5475 5351/4493/5476
f 5345/4487/5470 5351/4493/5476 5352/4494/5477
f 5345/4487/5470 5352/4494/5477 5353/4495/5478
f 5354/4496/5479 5345/4487/5470 5353/4495/5478
f 5343/4485/5468 5345/4487/5470 5354/4496/5479
f 5355/4497/5480 5343/4485/5468 5354/4496/5479
f 5355/4497/5480 5349/4491/5474 5343/4485/5468
f 5355/4497/5480 5348/4490/5473 5349/4491/5474
f 5355/4497/5480 5356/4498/5481 5348/4490/5473
f 5347/4489/5472 5348/4490/5473 5356/4498/5481
f 5357/4499/5482 5358/4500/5483 5359/4501/5484
f 5359/4501/5484 5358/4500/5483 5360/4502/5485
f 5359/4501/5484 5360/4502/5485 5361/4503/5486
f 5361/4503/5486 5360/4502/5485 5362/4504/5487
f 5361/4503/5486 5362/4504/5487 4800/3922/4924
f 4800/3922/4924 5362/4504/5487 5363/4505/5488
f 4800/3922/4924 5363/4505/5488 4798/3920/4922
f 5363/4505/5488 4796/3918/4920 4798/3920/4922
f 5363/4505/5488 5352/4494/5477 4796/3918/4920
f 5352/4494/5477 4794/3916/4918 4796/3918/4920
f 5352/4494/5477 5351/4493/5476 4794/3916/4918
f 4801/3923/4925 4794/3916/4918 5351/4493/5476
f 4805/3927/4929 4801/3923/4925 5351/4493/5476
f 4805/3927/4929 5351/4493/5476 5350/4492/5475
f 4806/3928/4930 4805/3927/4929 5350/4492/5475
f 4806/3928/4930 5350/4492/5475 5164/4288/5288
f 5164/4288/5288 5189/4313/5313 4806/3928/4930
f 5164/4288/5288 5163/4287/5287 5189/4313/5313
f 5364/4506/5489 5365/4507/5490 5366/4508/5491
f 5364/4506/5489 5357/4499/5482 5365/4507/5490
f 5367/4509/5492 5357/4499/5482 5364/4506/5489
f 5367/4509/5492 5358/4500/5483 5357/4499/5482
f 5367/4509/5492 5360/4502/5485 5358/4500/5483
f 5353/4495/5478 5352/4494/5477 5363/4505/5488
f 5353/4495/5478 5363/4505/5488 5368/4510/5493
f 5362/4504/5487 5368/4510/5493 5363/4505/5488
f 5360/4502/5485 5368/4510/5493 5362/4504/5487
f 5360/4502/5485 5369/4511/5494 5368/4510/5493
f 5367/4509/5492 5369/4511/5494 5360/4502/5485
f 5370/4512/5495 5369/4511/5494 5367/4509/5492
f 5370/4512/5495 5367/4509/5492 5364/4506/5489
f 5370/4512/5495 5364/4506/5489 5371/4513/5496
f 5371/4513/5496 5364/4506/5489 5366/4508/5491
f 5371/4513/5496 5366/4508/5491 5064/4188/5188
f 5064/4188/5188 5366/4508/5491 5063/4187/5187
f 5365/4507/5490 5063/4187/5187 5366/4508/5491
f 5365/4507/5490 5062/4186/5186 5063/4187/5187
f 5372/4514/5497 5370/4512/5495 5371/4513/5496
f 5370/4512/5495 5373/4515/5498 5369/4511/5494
f 5374/4516/5499 5373/4515/5498 5370/4512/5495
f 5374/4516/5499 5370/4512/5495 5372/4514/5497
f 5374/4516/5499 5372/4514/5497 5375/4517/5500
f 5374/4516/5499 5375/4517/5500 5376/4518/5501
f 5374/4516/5499 5376/4518/5501 5377/4519/5502
f 5065/4189/5189 5371/4513/5496 5064/4188/5188
f 5065/4189/5189 5088/4212/5212 5371/4513/5496
f 5372/4514/5497 5371/4513/5496 5088/4212/5212
f 5088/4212/5212 5089/4213/5213 5372/4514/5497
f 5089/4213/5213 5119/4243/5243 5372/4514/5497
f 5375/4517/5500 5372/4514/5497 5119/4243/5243
f 5346/4488/5471 5375/4517/5500 5119/4243/5243
f 5375/4517/5500 5346/4488/5471 5347/4489/5472
f 5375/4517/5500 5347/4489/5472 5376/4518/5501
f 5376/4518/5501 5347/4489/5472 5356/4498/5481
f 5376/4518/5501 5356/4498/5481 5377/4519/5502
f 5377/4519/5502 5356/4498/5481 5355/4497/5480
f 5377/4519/5502 5355/4497/5480 5374/4516/5499
f 5374/4516/5499 5355/4497/5480 5354/4496/5479
f 5374/4516/5499 5354/4496/5479 5373/4515/5498
f 5354/4496/5479 5353/4495/5478 5373/4515/5498
f 5373/4515/5498 5353/4495/5478 5368/4510/5493
f 5373/4515/5498 5368/4510/5493 5369/4511/5494
f 5378/4520/5503 5379/4521/5504 5380/4522/5505
f 5378/4520/5503 5381/4523/5506 5379/4521/5504
f 5381/4523/5506 5378/4520/5503 5382/4524/5507
f 5381/4523/5506 5382/4524/5507 5383/4525/5508
f 5384/4526/5509 5385/4527/5510 5386/4528/5511
f 5386/4528/5511 5385/4527/5510 5387/4529/5512
f 5386/4528/5511 5387/4529/5512 5388/4530/5513
f 5389/4531/5514 5386/4528/5511 5388/4530/5513
f 5389/4531/5514 5390/4532/5515 5386/4528/5511
f 5389/4531/5514 5378/4520/5503 5390/4532/5515
f 5384/4526/5509 5390/4532/5515 5378/4520/5503
f 5391/4533/5516 5384/4526/5509 5378/4520/5503
f 5380/4522/5505 5391/4533/5516 5378/4520/5503
f 5380/4522/5505 5392/4534/5517 5391/4533/5516
f 5384/4526/5509 5386/4528/5511 5390/4532/5515
f 5385/4527/5510 5393/4535/5518 5394/4536/5519
f 5385/4527/5510 5394/4536/5519 5387/4529/5512
f 5387/4529/5512 5394/4536/5519 5395/4537/5520
f 5395/4537/5520 5388/4530/5513 5387/4529/5512
f 5395/4537/5520 5396/4538/5521 5388/4530/5513
f 5389/4531/5514 5388/4530/5513 5396/4538/5521
f 5389/4531/5514 5396/4538/5521 5397/4539/5522
f 5398/4540/5523 5389/4531/5514 5397/4539/5522
f 5397/4539/5522 5399/4541/5524 5398/4540/5523
f 5398/4540/5523 5399/4541/5524 5383/4525/5508
f 5383/4525/5508 5399/4541/5524 5400/4542/5525
f 5383/4525/5508 5400/4542/5525 5381/4523/5506
f 5400/4542/5525 5401/4543/5526 5381/4523/5506
f 5401/4543/5526 5379/4521/5504 5381/4523/5506
f 5401/4543/5526 5402/4544/5527 5379/4521/5504
f 5402/4544/5527 5403/4545/5528 5379/4521/5504
f 5403/4545/5528 5402/4544/5527 5404/4546/5529
f 5405/4547/5530 5403/4545/5528 5404/4546/5529
f 5393/4535/5518 5406/4548/5531 5394/4536/5519
f 5394/4536/5519 5406/4548/5531 5395/4537/5520
f 5406/4548/5531 5407/4549/5532 5395/4537/5520
f 5408/4550/5533 5395/4537/5520 5407/4549/5532
f 5408/4550/5533 5407/4549/5532 5409/4551/5534
f 5408/4550/5533 5409/4551/5534 5410/4552/5535
f 5395/4537/5520 5408/4550/5533 5410/4552/5535
f 5395/4537/5520 5410/4552/5535 5411/4553/5536
f 5411/4553/5536 5396/4538/5521 5395/4537/5520
f 5411/4553/5536 5412/4554/5537 5396/4538/5521
f 5412/4554/5537 5413/4555/5538 5396/4538/5521
f 5412/4554/5537 5414/4556/5539 5413/4555/5538
f 5413/4555/5538 5414/4556/5539 5415/4557/5540
f 5400/4542/5525 5415/4557/5540 5414/4556/5539
f 5400/4542/5525 5399/4541/5524 5415/4557/5540
f 5397/4539/5522 5415/4557/5540 5399/4541/5524
f 5413/4555/5538 5415/4557/5540 5397/4539/5522
f 5413/4555/5538 5397/4539/5522 5396/4538/5521
f 5409/4551/5534 5407/4549/5532 5416/4558/5541
f 5406/4548/5531 5416/4558/5541 5407/4549/5532
f 5412/4554/5537 5417/4559/5542 5418/4560/5543
f 5412/4554/5537 5411/4553/5536 5417/4559/5542
f 5411/4553/5536 5419/4561/5544 5417/4559/5542
f 5411/4553/5536 5420/4562/5545 5419/4561/5544
f 5410/4552/5535 5420/4562/5545 5411/4553/5536
f 5410/4552/5535 5494/4563/5546 5420/4562/5545
f 5421/4564/5547 5422/4565/5548 5423/4566/5549
f 5424/4567/5550 5423/4566/5549 5422/4565/5548
f 5424/4567/5550 5422/4565/5548 5425/4568/5551
f 5425/4568/5551 5445/4569/5552 5424/4567/5550
f 5424/4567/5550 5445/4569/5552 5494/4563/5546
f 5423/4566/5549 5424/4567/5550 5494/4563/5546
f 5423/4566/5549 5494/4563/5546 5410/4552/5535
f 5421/4564/5547 5423/4566/5549 5410/4552/5535
f 5409/4551/5534 5421/4564/5547 5410/4552/5535
f 5426/4570/5553 5421/4564/5547 5409/4551/5534
f 5409/4551/5534 5416/4558/5541 5426/4570/5553
f 5426/4570/5553 5416/4558/5541 5427/4571/5554
f 5406/4548/5531 5427/4571/5554 5416/4558/5541
f 5406/4548/5531 5391/4533/5516 5427/4571/5554
f 5391/4533/5516 5406/4548/5531 5428/4572/5555
f 5391/4533/5516 5428/4572/5555 5384/4526/5509
f 5384/4526/5509 5428/4572/5555 5393/4535/5518
f 5384/4526/5509 5393/4535/5518 5385/4527/5510
f 5428/4572/5555 5406/4548/5531 5393/4535/5518
f 5425/4568/5551 5422/4565/5548 5429/4573/5556
f 5421/4564/5547 5429/4573/5556 5422/4565/5548
f 5421/4564/5547 5392/4534/5517 5429/4573/5556
f 5392/4534/5517 5421/4564/5547 5430/4574/5557
f 5391/4533/5516 5392/4534/5517 5430/4574/5557
f 5391/4533/5516 5430/4574/5557 5427/4571/5554
f 5426/4570/5553 5427/4571/5554 5430/4574/5557
f 5430/4574/5557 5421/4564/5547 5426/4570/5553
f 5431/4575/5558 5379/4521/5504 5432/4576/5559
f 5431/4575/5558 5380/4522/5505 5379/4521/5504
f 5431/4575/5558 5433/4577/5560 5380/4522/5505
f 5433/4577/5560 5392/4534/5517 5380/4522/5505
f 5433/4577/5560 5434/4578/5561 5392/4534/5517
f 5434/4578/5561 5429/4573/5556 5392/4534/5517
f 5434/4578/5561 5435/4579/5562 5429/4573/5556
f 5425/4568/5551 5429/4573/5556 5435/4579/5562
f 5435/4579/5562 5445/4580/5552 5425/4568/5551
f 5434/4578/5561 5445/4580/5552 5435/4579/5562
f 5431/4575/5558 5436/4581/5563 5433/4577/5560
f 5433/4577/5560 5436/4581/5563 5437/4582/5564
f 5437/4582/5564 5438/4583/5565 5439/4584/5566
f 5437/4582/5564 5439/4584/5566 5440/4585/5567
f 5433/4577/5560 5437/4582/5564 5440/4585/5567
f 5441/4586/5568 5433/4577/5560 5440/4585/5567
f 5441/4586/5568 5434/4578/5561 5433/4577/5560
f 5434/4578/5561 5441/4586/5568 5442/4587/5569
f 5434/4578/5561 5442/4587/5569 5443/4588/5570
f 5444/4589/5571 5443/4588/5570 5442/4587/5569
f 5444/4589/5571 5445/4580/5552 5443/4588/5570
f 5443/4588/5570 5445/4580/5552 5434/4578/5561
f 5444/4589/5571 5442/4587/5569 5446/4590/5572
f 5446/4590/5572 5442/4587/5569 5447/4591/5573
f 5442/4587/5569 5441/4586/5568 5447/4591/5573
f 5448/4592/5574 5449/4593/5575 5450/4594/5576
f 5451/4595/5577 5448/4592/5574 5450/4594/5576
f 5448/4592/5574 5451/4595/5577 5452/4596/5578
f 5453/4597/5579 5452/4596/5578 5451/4595/5577
f 5452/4596/5578 5453/4597/5579 5454/4598/5580
f 5455/4599/5581 5454/4598/5580 5453/4597/5579
f 5455/4599/5581 5456/4600/5582 5454/4598/5580
f 5455/4599/5581 5457/4601/5583 5456/4600/5582
f 5456/4600/5582 5457/4601/5583 5439/4584/5566
f 5458/4602/5584 5439/4584/5566 5457/4601/5583
f 5458/4602/5584 5440/4585/5567 5439/4584/5566
f 5458/4602/5584 5459/4603/5585 5440/4585/5567
f 5459/4603/5585 5441/4586/5568 5440/4585/5567
f 5460/4604/5586 5441/4586/5568 5459/4603/5585
f 5460/4604/5586 5447/4591/5573 5441/4586/5568
f 5461/4605/5587 5447/4591/5573 5460/4604/5586
f 5462/4606/5588 5447/4591/5573 5461/4605/5587
f 5463/4607/5589 5462/4606/5588 5461/4605/5587
f 5456/4600/5582 5439/4584/5566 5464/4608/5590
f 5464/4608/5590 5454/4598/5580 5456/4600/5582
f 5464/4608/5590 5452/4596/5578 5454/4598/5580
f 5455/4599/5581 5465/4609/5591 5457/4601/5583
f 5466/4610/5592 5457/4601/5583 5465/4609/5591
f 5466/4610/5592 5458/4602/5584 5457/4601/5583
f 5463/4607/5589 5467/4611/5593 5462/4606/5588
f 5467/4611/5593 5463/4607/5589 5468/4612/5594
f 5463/4607/5589 5469/4613/5595 5468/4612/5594
f 5469/4613/5595 5459/4603/5585 5468/4612/5594
f 5460/4604/5586 5459/4603/5585 5469/4613/5595
f 5469/4613/5595 5461/4605/5587 5460/4604/5586
f 5469/4613/5595 5463/4607/5589 5461/4605/5587
f 5458/4602/5584 5470/4614/5596 5471/4615/5597
f 5458/4602/5584 5471/4615/5597 5459/4603/5585
f 5471/4615/5597 5472/4616/5598 5459/4603/5585
f 5472/4616/5598 5468/4612/5594 5459/4603/5585
f 5473/4617/5599 5468/4612/5594 5472/4616/5598
f 5473/4617/5599 5472/4616/5598 5471/4615/5597
f 5474/4618/5600 5475/4619/5601 5476/4620/5602
f 5455/4599/5581 5476/4620/5602 5475/4619/5601
f 5455/4599/5581 5475/4619/5601 5477/4621/5603
f 5455/4599/5581 5477/4621/5603 5465/4609/5591
f 5465/4609/5591 5477/4621/5603 5478/4622/5604
f 5465/4609/5591 5478/4622/5604 5466/4623/5592
f 5466/4623/5592 5478/4622/5604 5479/4624/5605
f 5458/4602/5584 5466/4623/5592 5479/4624/5605
f 5470/4614/5596 5458/4602/5584 5479/4624/5605
f 5480/4625/5606 5470/4614/5596 5479/4624/5605
f 5471/4615/5597 5470/4614/5596 5480/4625/5606
f 5471/4615/5597 5480/4625/5606 5481/4626/5607
f 5473/4617/5599 5471/4615/5597 5481/4626/5607
f 5482/4627/5608 5473/4617/5599 5481/4626/5607
f 5482/4627/5608 5468/4612/5594 5473/4617/5599
f 5483/4628/5609 5468/4612/5594 5482/4627/5608
f 5483/4628/5609 5467/4611/5593 5468/4612/5594
f 5484/4629/5610 5467/4611/5593 5483/4628/5609
f 5474/4618/5600 5476/4620/5602 5485/4630/5611
f 5486/4631/5612 5480/4625/5606 5487/4632/5613
f 5487/4632/5613 5480/4625/5606 5479/4624/5605
f 5486/4631/5612 5481/4626/5607 5480/4625/5606
f 5482/4627/5608 5481/4626/5607 5486/4631/5612
f 5483/4628/5609 5482/4627/5608 5486/4631/5612
f 5483/4628/5609 5486/4631/5612 5487/4632/5613
f 5483/4628/5609 5487/4632/5613 5488/4633/5614
f 5488/4633/5614 5487/4632/5613 5479/4624/5605
f 5489/4634/5615 5488/4633/5614 5479/4624/5605
f 5489/4634/5615 5479/4624/5605 5478/4622/5604
f 5489/4634/5615 5478/4622/5604 5477/4621/5603
f 5489/4634/5615 5477/4621/5603 5475/4619/5601
f 5474/4618/5600 5489/4634/5615 5475/4619/5601
f 5474/4618/5600 5488/4633/5614 5489/4634/5615
f 5474/4618/5600 5485/4630/5611 5488/4633/5614
f 5490/4635/5616 5488/4633/5614 5485/4630/5611
f 5490/4635/5616 5483/4628/5609 5488/4633/5614
f 5483/4628/5609 5490/4635/5616 5491/4636/5617
f 5483/4628/5609 5491/4636/5617 5484/4629/5610
f 5484/4629/5610 5462/4606/5588 5467/4611/5593
f 5484/4629/5610 5491/4636/5617 5462/4606/5588
f 5491/4636/5617 5447/4591/5573 5462/4606/5588
f 5491/4636/5617 5492/4637/5618 5447/4591/5573
f 5492/4637/5618 5446/4590/5572 5447/4591/5573
f 5493/4638/5619 5446/4590/5572 5492/4637/5618
f 5493/4638/5619 5444/4589/5571 5446/4590/5572
f 5493/4638/5619 5445/4569/5552 5444/4589/5571
f 5494/4563/5546 5445/4569/5552 5493/4638/5619
f 5492/4637/5618 5494/4563/5546 5493/4638/5619
f 5492/4637/5618 5491/4636/5617 5494/4563/5546
f 5420/4562/5545 5494/4563/5546 5491/4636/5617
f 5420/4562/5545 5491/4636/5617 5490/4635/5616
f 5419/4561/5544 5420/4562/5545 5490/4635/5616
f 5419/4561/5544 5490/4635/5616 5495/4639/5620
f 5495/4639/5620 5490/4635/5616 5485/4630/5611
f 5485/4630/5611 5496/4640/5621 5495/4639/5620
f 5485/4630/5611 5450/4594/5576 5496/4640/5621
f 5451/4595/5577 5450/4594/5576 5485/4630/5611
f 5451/4595/5577 5485/4630/5611 5476/4620/5602
f 5453/4597/5579 5451/4595/5577 5476/4620/5602
f 5455/4599/5581 5453/4597/5579 5476/4620/5602
f 5450/4594/5576 5497/4641/5622 5496/4640/5621
f 5450/4594/5576 5449/4593/5575 5497/4641/5622
f 5449/4593/5575 5498/4642/5623 5497/4641/5622
f 5449/4593/5575 5499/4643/5624 5498/4642/5623
f 5499/4643/5624 5500/4644/5625 5498/4642/5623
f 5499/4643/5624 5501/4645/5626 5500/4644/5625
f 5499/4643/5624 5502/4646/5627 5501/4645/5626
f 5499/4643/5624 5503/4647/5628 5502/4646/5627
f 5504/4648/5629 5502/4646/5627 5503/4647/5628
f 5504/4648/5629 5503/4647/5628 5505/4649/5630
f 5506/4650/5631 5504/4648/5629 5505/4649/5630
f 5506/4650/5631 5505/4649/5630 5507/4651/5632
f 5508/4652/5633 5506/4650/5631 5507/4651/5632
f 5508/4652/5633 5507/4651/5632 5509/4653/5634
f 5510/4654/5635 5509/4653/5634 5507/4651/5632
f 5510/4654/5635 5511/4655/5636 5509/4653/5634
f 5438/4583/5565 5511/4655/5636 5510/4654/5635
f 5438/4583/5565 5510/4654/5635 5439/4584/5566
f 5512/4656/5637 5510/4654/5635 5507/4651/5632
f 5505/4649/5630 5512/4656/5637 5507/4651/5632
f 5513/4657/5638 5512/4656/5637 5505/4649/5630
f 5513/4657/5638 5505/4649/5630 5503/4647/5628
f 5513/4657/5638 5503/4647/5628 5499/4643/5624
f 5513/4657/5638 5499/4643/5624 5449/4593/5575
f 5514/4658/5639 5513/4657/5638 5449/4593/5575
f 5448/4592/5574 5514/4658/5639 5449/4593/5575
f 5514/4658/5639 5448/4592/5574 5515/4659/5640
f 5448/4592/5574 5452/4596/5578 5515/4659/5640
f 5516/4660/5641 5515/4659/5640 5452/4596/5578
f 5516/4660/5641 5452/4596/5578 5464/4608/5590
f 5516/4660/5641 5464/4608/5590 5517/4661/5642
f 5439/4584/5566 5517/4661/5642 5464/4608/5590
f 5439/4584/5566 5510/4654/5635 5517/4661/5642
f 5512/4656/5637 5517/4661/5642 5510/4654/5635
f 5516/4660/5641 5517/4661/5642 5512/4656/5637
f 5516/4660/5641 5512/4656/5637 5518/4662/5643
f 5518/4662/5643 5512/4656/5637 5513/4657/5638
f 5518/4662/5643 5515/4659/5640 5516/4660/5641
f 5518/4662/5643 5519/4663/5644 5515/4659/5640
f 5514/4658/5639 5515/4659/5640 5519/4663/5644
f 5519/4663/5644 5513/4657/5638 5514/4658/5639
f 5519/4663/5644 5520/4664/5645 5513/4657/5638
f 5518/4662/5643 5513/4657/5638 5520/4664/5645
f 5518/4662/5643 5520/4664/5645 5519/4663/5644
f 5243/4665/5367 4832/4666/4956 5244/4667/5368
f 5244/4667/5368 4832/4666/4956 5521/4668/5646
f 5244/4667/5368 5521/4668/5646 5248/4669/5372
f 5521/4668/5646 5249/4670/5373 5248/4669/5372
f 5521/4668/5646 5522/4671/5647 5249/4670/5373
f 5522/4671/5647 5275/4672/5400 5249/4670/5373
f 5522/4671/5647 5523/4673/5648 5275/4672/5400
f 5523/4673/5648 5274/4674/5399 5275/4672/5400
f 5523/4673/5648 5524/4675/5649 5274/4674/5399
f 5274/4674/5399 5524/4675/5649 5525/4676/5650
f 5274/4674/5399 5525/4676/5650 5273/4677/5398
f 5273/4677/5398 5525/4676/5650 5526/4678/5651
f 5273/4677/5398 5526/4678/5651 5272/4679/5397
f 5272/4679/5397 5526/4678/5651 5527/4680/5652
f 5272/4679/5397 5527/4680/5652 5271/4681/5396
f 5527/4680/5652 5270/4682/5395 5271/4681/5396
f 5527/4680/5652 4728/4683/4849 5270/4682/5395
f 4728/4683/4849 5276/4684/5401 5270/4682/5395
f 4728/4683/4849 4729/4685/4850 5276/4684/5401
f 4729/4685/4850 4738/4686/4859 5276/4684/5401
f 4738/4686/4859 5266/4687/5391 5276/4684/5401
f 4738/4686/4859 4739/4688/4860 5266/4687/5391
f 4739/4688/4860 5260/4689/5384 5266/4687/5391
f 4739/4688/4860 4736/4690/4857 5260/4689/5384
f 4736/4690/4857 5258/4691/5382 5260/4689/5384
f 4736/4690/4857 4737/4692/4858 5258/4691/5382
f 4737/4692/4858 5257/4693/5381 5258/4691/5382
f 4737/4692/4858 4746/4694/4867 5257/4693/5381
f 5257/4693/5381 4746/4694/4867 4755/4695/4876
f 5257/4693/5381 4755/4695/4876 5255/4696/5379
f 5255/4696/5379 4755/4695/4876 4754/4697/4875
f 5255/4696/5379 4754/4697/4875 5253/4698/5377
f 5253/4698/5377 4754/4697/4875 4829/4699/4953
f 5253/4698/5377 4829/4699/4953 5246/4700/5370
f 4829/4699/4953 4828/4701/4952 5246/4700/5370
f 5246/4700/5370 4828/4701/4952 4830/4702/4954
f 5246/4700/5370 4830/4702/4954 5243/4665/5367
f 5243/4665/5367 4830/4702/4954 4832/4666/4956
f 5389/4531/5514 5382/4703/5507 5378/4520/5503
f 5389/4531/5514 5398/4540/5523 5382/4703/5507
f 5398/4540/5523 5383/4525/5508 5382/4703/5507
f 5528/4704/5653 5529/4705/5654 5530/4706/5655
f 5528/4704/5653 5531/4707/5656 5529/4705/5654
f 5403/4545/5528 5532/4708/5657 5379/4521/5504
f 5405/4547/5530 5532/4708/5657 5403/4545/5528
f 5405/4547/5530 5533/4709/5658 5532/4708/5657
f 5533/4709/5658 5405/4547/5530 5534/4710/5659
f 5535/4711/5660 5534/4710/5659 5405/4547/5530
f 5535/4711/5660 5536/4712/5661 5534/4710/5659
f 5535/4711/5660 5537/4713/5662 5536/4712/5661
f 5535/4711/5660 5531/4707/5656 5537/4713/5662
f 5531/4707/5656 5535/4711/5660 5538/4714/5663
f 5531/4707/5656 5538/4714/5663 5529/4705/5654
f 5538/4714/5663 5539/4715/5664 5529/4705/5654
f 5529/4705/5654 5539/4715/5664 5540/4716/5665
f 5529/4705/5654 5540/4716/5665 5530/4706/5655
f 5541/4717/5666 5530/4706/5655 5540/4716/5665
f 5542/4718/5667 5541/4717/5666 5540/4716/5665
f 5535/4711/5660 5543/4719/5668 5538/4714/5663
f 5538/4714/5663 5543/4719/5668 5539/4715/5664
f 5528/4704/5653 5418/4560/5543 5544/4720/5669
f 5528/4704/5653 5544/4720/5669 5531/4707/5656
f 5531/4707/5656 5544/4720/5669 5545/4721/5670
f 5531/4707/5656 5545/4721/5670 5537/4713/5662
f 5537/4713/5662 5545/4721/5670 5546/4722/5671
f 5537/4713/5662 5546/4722/5671 5547/4723/5672
f 5548/4724/5673 5537/4713/5662 5547/4723/5672
f 5548/4724/5673 5536/4712/5661 5537/4713/5662
f 5549/4725/5674 5536/4712/5661 5548/4724/5673
f 5549/4725/5674 5534/4710/5659 5536/4712/5661
f 5550/4726/5675 5534/4710/5659 5549/4725/5674
f 5550/4726/5675 5533/4709/5658 5534/4710/5659
f 5551/4727/5676 5533/4709/5658 5550/4726/5675
f 5551/4727/5676 5552/4728/5677 5533/4709/5658
f 5552/4728/5677 5532/4708/5657 5533/4709/5658
f 5552/4728/5677 5553/4729/5678 5532/4708/5657
f 5432/4576/5559 5532/4708/5657 5553/4729/5678
f 5432/4576/5559 5379/4521/5504 5532/4708/5657
f 5405/4547/5530 5404/4546/5529 5554/4730/5679
f 5535/4711/5660 5405/4547/5530 5554/4730/5679
f 5535/4711/5660 5554/4730/5679 5555/4731/5680
f 5535/4711/5660 5555/4731/5680 5543/4719/5668
f 5554/4730/5679 5543/4719/5668 5555/4731/5680
f 5554/4730/5679 5539/4715/5664 5543/4719/5668
f 5554/4730/5679 5404/4546/5529 5539/4715/5664
f 5540/4716/5665 5539/4715/5664 5404/4546/5529
f 5540/4716/5665 5404/4546/5529 5402/4544/5527
f 5542/4718/5667 5540/4716/5665 5402/4544/5527
f 5542/4718/5667 5402/4544/5527 5401/4543/5526
f 5400/4542/5525 5542/4718/5667 5401/4543/5526
f 5541/4717/5666 5542/4718/5667 5400/4542/5525
f 5541/4717/5666 5400/4542/5525 5414/4556/5539
f 5541/4717/5666 5414/4556/5539 5530/4706/5655
f 5412/4554/5537 5530/4706/5655 5414/4556/5539
f 5412/4554/5537 5528/4704/5653 5530/4706/5655
f 5412/4554/5537 5418/4560/5543 5528/4704/5653
f 5321/4732/5446 5556/4733/5681 5313/4734/5438
f 5306/4735/5431 5305/4736/5430 5557/4737/5682
f 5305/4736/5430 5307/4738/5432 5557/4737/5682
f 5307/4738/5432 5308/4739/5433 5557/4737/5682
f 5558/4740/5683 5557/4737/5682 5308/4739/5433
f 5558/4740/5683 5308/4739/5433 5310/4741/5435
f 5311/4742/5436 5558/4740/5683 5310/4741/5435
f 5311/4742/5436 5559/4743/5684 5558/4740/5683
f 5313/4734/5438 5559/4743/5684 5311/4742/5436
f 5313/4734/5438 5556/4733/5681 5559/4743/5684
f 5559/4743/5684 5556/4733/5681 5315/4744/5440
f 5315/4744/5440 5556/4733/5681 5560/4745/5685
f 5315/4744/5440 5560/4745/5685 5317/4746/5442
f 5560/4745/5685 5318/4747/5443 5317/4746/5442
f 5560/4745/5685 5561/4748/5686 5318/4747/5443
f 5306/4735/5431 5557/4737/5682 5558/4740/5683
f 5306/4735/5431 5558/4740/5683 5559/4743/5684
f 5306/4735/5431 5559/4743/5684 5320/4749/5445
f 5559/4743/5684 5315/4744/5440 5320/4749/5445
f 4438/4750/4554 5318/4747/5443 4434/4751/4550
f 5318/4747/5443 5561/4748/5686 4434/4751/4550
f 4413/4752/4529 4434/4751/4550 5561/4748/5686
f 5561/4748/5686 4373/4753/4489 4413/4752/4529
f 5561/4748/5686 5560/4745/5685 4373/4753/4489
f 4362/4754/4478 4373/4753/4489 5560/4745/5685
f 4362/4754/4478 5560/4745/5685 5556/4733/5681
f 5562/4755/5687 4362/4754/4478 5556/4733/5681
f 5321/4732/5446 5562/4755/5687 5556/4733/5681
f 5562/4755/5687 5321/4732/5446 5323/4756/5448
f 5562/4755/5687 5323/4756/5448 5563/4757/5688
f 5564/4758/5689 5562/4755/5687 5563/4757/5688
f 5562/4755/5687 5564/4758/5689 4363/4759/4479
f 5562/4755/5687 4363/4759/4479 4362/4754/4478
f 4725/3844/4846 5565/4760/5690 5566/4761/5691
f 4725/3844/4846 4726/3845/4847 5565/4760/5690
f 4726/3845/4847 4727/3846/4848 5565/4760/5690
f 5566/4761/5691 5525/4762/5650 5524/4763/5649
f 5526/4764/5651 5525/4762/5650 5566/4761/5691
f 5526/4764/5651 5566/4761/5691 5565/4760/5690
f 5565/4760/5690 5527/4765/5652 5526/4764/5651
f 5565/4760/5690 4727/3846/4848 5527/4765/5652
f 4728/3847/4849 5527/4765/5652 4727/3846/4848
f 5567/4766/5692 5568/4767/5693 4699/3817/4819
f 5567/4766/5692 4699/3817/4819 4725/3844/4846
f 5567/4766/5692 4725/3844/4846 5569/4768/5694
f 5569/4768/5694 4725/3844/4846 5566/4761/5691
f 5569/4768/5694 5566/4761/5691 5570/4769/5695
f 5566/4761/5691 5524/4763/5649 5570/4769/5695
f 5571/4770/5696 5570/4769/5695 5524/4763/5649
f 5571/4770/5696 5524/4763/5649 5523/4771/5648
f 5522/4772/5647 5571/4770/5696 5523/4771/5648
f 5522/4772/5647 5572/4773/5697 5571/4770/5696
f 5521/4774/5646 5572/4773/5697 5522/4772/5647
f 5521/4774/5646 5573/4775/5698 5572/4773/5697
f 4832/3954/4956 5573/4775/5698 5521/4774/5646
f 4832/3954/4956 5574/4776/5699 5573/4775/5698
f 4831/3953/4955 5574/4776/5699 4832/3954/4956
f 5575/4777/5700 5574/4776/5699 4831/3953/4955
f 5575/4777/5700 4831/3953/4955 4826/3948/4950
f 4833/3955/4957 5575/4777/5700 4826/3948/4950
f 5569/4768/5694 5570/4769/5695 5571/4770/5696
f 5567/4766/5692 5569/4768/5694 5576/4778/5701
f 5577/4779/5702 5574/4776/5699 5575/4777/5700
f 5577/4779/5702 5573/4775/5698 5574/4776/5699
f 5578/4780/5703 5573/4775/5698 5577/4779/5702
f 5578/4780/5703 5572/4773/5697 5573/4775/5698
f 5579/4781/5704 5572/4773/5697 5578/4780/5703
f 5579/4781/5704 5571/4770/5696 5572/4773/5697
f 5569/4768/5694 5571/4770/5696 5579/4781/5704
f 5580/4782/5705 5569/4768/5694 5579/4781/5704
f 5580/4782/5705 5576/4778/5701 5569/4768/5694
f 5580/4782/5705 5581/4783/5706 5576/4778/5701
f 5581/4783/5706 5567/4766/5692 5576/4778/5701
f 5581/4783/5706 5568/4767/5693 5567/4766/5692
f 4547/3661/4663 4529/3643/4645 4833/3955/4957
f 5575/4777/5700 4833/3955/4957 4529/3643/4645
f 5575/4777/5700 4529/3643/4645 5582/4784/5707
f 5577/4779/5702 5575/4777/5700 5582/4784/5707
f 5583/4785/5708 5577/4779/5702 5582/4784/5707
f 5583/4785/5708 5578/4780/5703 5577/4779/5702
f 5584/4786/5709 5578/4780/5703 5583/4785/5708
f 5584/4786/5709 5579/4781/5704 5578/4780/5703
f 5584/4786/5709 5585/4787/5710 5579/4781/5704
f 5580/4782/5705 5579/4781/5704 5585/4787/5710
f 5580/4782/5705 5585/4787/5710 5586/4788/5711
f 5580/4782/5705 5586/4788/5711 5581/4783/5706
f 5581/4783/5706 5586/4788/5711 5587/4789/5712
f 5585/4787/5710 5587/4789/5712 5586/4788/5711
f 5585/4787/5710 5588/4790/5713 5587/4789/5712
f 5585/4787/5710 5589/4791/5714 5588/4790/5713
f 5588/4790/5713 5589/4791/5714 5590/4792/5715
f 5590/4792/5715 5589/4791/5714 5591/4793/5716
f 5590/4792/5715 5591/4793/5716 5592/4794/5717
f 4636/3750/4752 4651/3765/4767 5593/4795/5718
f 5593/4795/5718 4651/3765/4767 5594/4796/5719
f 5593/4795/5718 5594/4796/5719 5595/4797/5720
f 5596/4798/5721 5595/4797/5720 5594/4796/5719
f 5591/4793/5716 5595/4797/5720 5596/4798/5721
f 5591/4793/5716 5596/4798/5721 5597/4799/5722
f 5591/4793/5716 5597/4799/5722 5592/4794/5717
f 5598/4800/5723 5592/4794/5717 5597/4799/5722
f 5592/4794/5717 5598/4800/5723 5590/4792/5715
f 5599/4801/5724 5590/4792/5715 5598/4800/5723
f 5588/4790/5713 5590/4792/5715 5599/4801/5724
f 5600/4802/5725 5588/4790/5713 5599/4801/5724
f 5600/4802/5725 5587/4789/5712 5588/4790/5713
f 5600/4802/5725 4701/3819/4821 5587/4789/5712
f 5581/4783/5706 5587/4789/5712 4701/3819/4821
f 5581/4783/5706 4701/3819/4821 4700/3818/4820
f 5581/4783/5706 4700/3818/4820 5568/4767/5693
f 4699/3817/4819 5568/4767/5693 4700/3818/4820
f 5599/4801/5724 5598/4800/5723 5601/4803/5726
f 5601/4803/5726 5598/4800/5723 5597/4799/5722
f 5600/4802/5725 5601/4803/5726 5597/4799/5722
f 5600/4802/5725 5599/4801/5724 5601/4803/5726
f 5602/4804/5727 5593/4795/5718 5595/4797/5720
f 5602/4804/5727 5595/4797/5720 5603/4805/5728
f 5591/4793/5716 5603/4805/5728 5595/4797/5720
f 5589/4791/5714 5603/4805/5728 5591/4793/5716
f 4651/3765/4767 4653/3767/4769 5594/4796/5719
f 5594/4796/5719 4653/3767/4769 5604/4806/5729
f 5604/4806/5729 4653/3767/4769 4681/3797/4799
f 5604/4806/5729 4681/3797/4799 5605/4807/5730
f 4685/3801/4803 5605/4807/5730 4681/3797/4799
f 5606/4808/5731 5605/4807/5730 4685/3801/4803
f 5606/4808/5731 4685/3801/4803 4684/3800/4802
f 4684/3800/4802 4696/3814/4816 5606/4808/5731
f 5606/4808/5731 4696/3814/4816 5607/4809/5732
f 5607/4809/5732 4696/3814/4816 4701/3819/4821
f 5607/4809/5732 4701/3819/4821 5600/4802/5725
f 5607/4809/5732 5600/4802/5725 5608/4810/5733
f 5600/4802/5725 5597/4799/5722 5608/4810/5733
f 5596/4798/5721 5608/4810/5733 5597/4799/5722
f 5596/4798/5721 5609/4811/5734 5608/4810/5733
f 5596/4798/5721 5594/4796/5719 5609/4811/5734
f 5594/4796/5719 5604/4806/5729 5609/4811/5734
f 5608/4810/5733 5609/4811/5734 5604/4806/5729
f 5608/4810/5733 5604/4806/5729 5610/4812/5735
f 5607/4809/5732 5608/4810/5733 5610/4812/5735
f 5606/4808/5731 5607/4809/5732 5610/4812/5735
f 5606/4808/5731 5610/4812/5735 5604/4806/5729
f 5606/4808/5731 5604/4806/5729 5605/4807/5730
f 5611/4813/5736 5612/4814/5737 5613/4815/5738
f 4855/3977/4979 5611/4813/5736 5613/4815/5738
f 5612/4814/5737 5614/4816/5739 5615/4817/5740
f 5614/4816/5739 5612/4814/5737 5611/4813/5736
f 5616/4818/5741 5614/4816/5739 5611/4813/5736
f 5616/4818/5741 5611/4813/5736 4952/4074/5076
f 4950/4072/5074 4952/4074/5076 5611/4813/5736
f 4855/3977/4979 4950/4072/5074 5611/4813/5736
f 4843/3965/4967 4950/4072/5074 4855/3977/4979
f 4843/3965/4967 4855/3977/4979 4853/3975/4977
f 4843/3965/4967 4853/3975/4977 4841/3963/4965
f 4856/3978/4980 4854/3976/4978 4855/3977/4979
f 4856/3978/4980 4855/3977/4979 5613/4815/5738
f 4857/3979/4981 4856/3978/4980 5613/4815/5738
f 4857/3979/4981 5613/4815/5738 5612/4814/5737
f 4876/3998/5000 4857/3979/4981 5612/4814/5737
f 5612/4814/5737 5615/4817/5740 4876/3998/5000
f 5615/4817/5740 4874/3996/4998 4876/3998/5000
f 4893/4015/5017 4874/3996/4998 5615/4817/5740
f 5614/4816/5739 4893/4015/5017 5615/4817/5740
f 5614/4816/5739 5617/4819/5742 4893/4015/5017
f 5616/4818/5741 5617/4819/5742 5614/4816/5739
f 5617/4819/5742 5616/4818/5741 5618/4820/5743
f 5616/4818/5741 4952/4074/5076 5618/4820/5743
f 5618/4820/5743 4952/4074/5076 5619/4821/5744
f 5619/4821/5744 4952/4074/5076 5620/4822/5745
f 5619/4821/5744 5620/4822/5745 5621/4823/5746
f 4946/4068/5070 5621/4823/5746 5620/4822/5745
f 4946/4068/5070 5622/4824/5747 5621/4823/5746
f 4952/4074/5076 4946/4068/5070 5620/4822/5745
f 4948/4070/5072 5622/4824/5747 4946/4068/5070
f 4948/4070/5072 5623/4825/5748 5622/4824/5747
f 4948/4070/5072 4941/4063/5065 5623/4825/5748
f 4941/4063/5065 4940/4062/5064 5623/4825/5748
f 5623/4825/5748 4940/4062/5064 4939/4061/5063
f 5622/4824/5747 5623/4825/5748 4939/4061/5063
f 5622/4824/5747 4939/4061/5063 5621/4823/5746
f 4938/4060/5062 5621/4823/5746 4939/4061/5063
f 4938/4060/5062 5619/4821/5744 5621/4823/5746
f 5624/4826/5749 5619/4821/5744 4938/4060/5062
f 5618/4820/5743 5619/4821/5744 5624/4826/5749
f 5617/4819/5742 5618/4820/5743 5624/4826/5749
f 5625/4827/5750 5617/4819/5742 5624/4826/5749
f 5625/4827/5750 4893/4015/5017 5617/4819/5742
f 5625/4827/5750 4895/4017/5019 4893/4015/5017
f 4895/4017/5019 5625/4827/5750 4938/4060/5062
f 5624/4826/5749 4938/4060/5062 5625/4827/5750
f 5239/4828/5363 5202/4326/5326 5235/4829/5359
f 5235/4829/5359 5202/4326/5326 5203/4327/5327
f 5235/4829/5359 5203/4327/5327 5234/4830/5358
f 5203/4327/5327 5206/4330/5330 5234/4830/5358
f 5626/4831/5751 5627/4832/5752 5628/4833/5753
f 5629/4834/5754 5628/4833/5753 5627/4832/5752
f 5629/4834/5754 5630/4835/5755 5628/4833/5753
f 5629/4834/5754 5631/4836/5756 5630/4835/5755
f 5632/4837/5757 5633/4838/5758 5626/4831/5751
f 5632/4837/5757 5626/4831/5751 5628/4833/5753
f 5634/4839/5759 5632/4837/5757 5628/4833/5753
f 5634/4839/5759 5628/4833/5753 5630/4835/5755
f 5635/4840/5760 5634/4839/5759 5630/4835/5755
f 5635/4840/5760 5630/4835/5755 5631/4836/5756
f 5636/4841/5761 5635/4840/5760 5631/4836/5756
f 5636/4841/5761 5631/4836/5756 5637/4842/5762
f 5638/4843/5763 5636/4841/5761 5637/4842/5762
f 5639/4844/5764 4663/3777/4779 5640/4845/5765
f 5633/4838/5758 5640/4845/5765 4663/3777/4779
f 5633/4838/5758 4663/3777/4779 5626/4831/5751
f 4663/3777/4779 4661/3775/4777 5626/4831/5751
f 5626/4831/5751 4661/3775/4777 5627/4832/5752
f 4659/3773/4775 5627/4832/5752 4661/3775/4777
f 5629/4834/5754 5627/4832/5752 4659/3773/4775
f 5629/4834/5754 4659/3773/4775 4643/3757/4759
f 5629/4834/5754 4643/3757/4759 5631/4836/5756
f 4641/3755/4757 5631/4836/5756 4643/3757/4759
f 4641/3755/4757 5637/4842/5762 5631/4836/5756
f 4641/3755/4757 5641/4846/5766 5637/4842/5762
f 5638/4843/5763 5637/4842/5762 5641/4846/5766
f 5638/4843/5763 5641/4846/5766 5642/4847/5767
f 5638/4843/5763 5642/4847/5767 5643/4848/5768
f 5644/4849/5769 5643/4848/5768 5642/4847/5767
f 5644/4849/5769 5642/4847/5767 5645/4850/5770
f 5646/4851/5771 5644/4849/5769 5645/4850/5770
f 4641/3755/4757 4639/3753/4755 5641/4846/5766
f 4639/3753/4755 5642/4847/5767 5641/4846/5766
f 5642/4847/5767 4639/3753/4755 5647/4852/5772
f 5647/4852/5772 5645/4850/5770 5642/4847/5767
f 5648/4853/5773 4662/3776/4778 4663/3777/4779
f 5639/4844/5764 5648/4853/5773 4663/3777/4779
f 5649/4854/5774 5648/4853/5773 5639/4844/5764
f 5649/4854/5774 5650/4855/5775 5648/4853/5773
f 5651/4856/5776 5650/4855/5775 5649/4854/5774
f 4667/3781/4783 5756/4857/5777 5757/3792/4794
f 4667/3781/4783 5755/4858/5778 5756/4857/5777
f 4668/3782/4784 5755/4858/5778 4667/3781/4783
f 5755/4858/5778 4668/3782/4784 5652/4859/5779
f 4662/3776/4778 5652/4859/5779 4668/3782/4784
f 4662/3776/4778 5653/4860/5780 5652/4859/5779
f 4662/3776/4778 5648/4853/5773 5653/4860/5780
f 5648/4853/5773 5654/4861/5781 5653/4860/5780
f 5648/4853/5773 5650/4855/5775 5654/4861/5781
f 5654/4861/5781 5650/4855/5775 5655/4862/5782
f 5651/4856/5776 5655/4862/5782 5650/4855/5775
f 5651/4856/5776 5656/4863/5783 5655/4862/5782
f 5651/4856/5776 5646/4851/5771 5656/4863/5783
f 5646/4851/5771 5645/4850/5770 5656/4863/5783
f 5657/4864/5784 5656/4863/5783 5645/4850/5770
f 5647/4852/5772 5657/4864/5784 5645/4850/5770
f 5657/4864/5784 5647/4852/5772 4638/3752/4754
f 4638/3752/4754 5647/4852/5772 4639/3753/4755
f 5652/4859/5779 5653/4860/5780 5654/4861/5781
f 5654/4861/5781 5655/4862/5782 5658/4865/5785
f 5659/4866/5786 5658/4865/5785 5655/4862/5782
f 5659/4866/5786 5655/4862/5782 5656/4863/5783
f 5657/4864/5784 5659/4866/5786 5656/4863/5783
f 5660/4867/5787 5661/4868/5788 5662/4869/5789
f 5663/4870/5790 5661/4868/5788 5660/4867/5787
f 5663/4870/5790 5660/4867/5787 5664/4871/5791
f 5663/4870/5790 5664/4871/5791 5665/4872/5792
f 5664/4871/5791 5666/4873/5793 5665/4872/5792
f 5667/4874/5794 5665/4872/5792 5666/4873/5793
f 5667/4874/5794 5666/4873/5793 5668/4875/5795
f 5669/4876/5796 5667/4874/5794 5668/4875/5795
f 5669/4876/5796 5668/4875/5795 5670/4877/5797
f 5669/4876/5796 5670/4877/5797 4638/3752/4754
f 5657/4864/5784 4638/3752/4754 5670/4877/5797
f 5657/4864/5784 5670/4877/5797 5668/4875/5795
f 5657/4864/5784 5668/4875/5795 5659/4866/5786
f 5659/4866/5786 5668/4875/5795 5666/4873/5793
f 5659/4866/5786 5666/4873/5793 5658/4865/5785
f 5664/4871/5791 5658/4865/5785 5666/4873/5793
f 5664/4871/5791 5654/4861/5781 5658/4865/5785
f 5664/4871/5791 5671/4878/5798 5654/4861/5781
f 5660/4867/5787 5671/4878/5798 5664/4871/5791
f 5660/4867/5787 5672/4879/5799 5671/4878/5798
f 5660/4867/5787 5662/4869/5789 5672/4879/5799
f 5661/4868/5788 5673/4880/5800 5662/4869/5789
f 5674/4881/5801 5671/4878/5798 5672/4879/5799
f 5669/4876/5796 5675/4882/5802 5667/4874/5794
f 5667/4874/5794 5675/4882/5802 5665/4872/5792
f 5676/4883/5803 5665/4872/5792 5675/4882/5802
f 5677/4884/5804 5665/4872/5792 5676/4883/5803
f 5677/4884/5804 5663/4870/5790 5665/4872/5792
f 5652/4859/5779 5654/4861/5781 5671/4878/5798
f 5674/4881/5801 5652/4859/5779 5671/4878/5798
f 5755/4858/5778 5652/4859/5779 5674/4881/5801
f 5674/4881/5801 5756/4857/5777 5755/4858/5778
f 5674/4881/5801 5678/4885/5805 5756/4857/5777
f 5672/4879/5799 5678/4885/5805 5674/4881/5801
f 5672/4879/5799 5679/4886/5806 5678/4885/5805
f 5662/4869/5789 5679/4886/5806 5672/4879/5799
f 5680/4887/5807 5679/4886/5806 5662/4869/5789
f 5662/4869/5789 5681/4888/5808 5680/4887/5807
f 5662/4869/5789 5673/4880/5800 5681/4888/5808
f 5681/4888/5808 5673/4880/5800 5682/4889/5809
f 5752/3907/4909 4786/3906/4908 5751/3905/4907
f 5752/3907/4909 4795/3917/4919 4786/3906/4908
f 4795/3917/4919 5752/3907/4909 5753/3911/4913
f 4795/3917/4919 5753/3911/4913 4797/3919/4921
f 4797/3919/4921 5753/3911/4913 5683/4890/5810
f 4797/3919/4921 5683/4890/5810 4799/3921/4923
f 5684/4891/5811 4799/3921/4923 5683/4890/5810
f 5684/4891/5811 5682/4889/5809 4799/3921/4923
f 5681/4888/5808 5682/4889/5809 5684/4891/5811
f 5684/4891/5811 5685/4892/5812 5681/4888/5808
f 5681/4888/5808 5685/4892/5812 4674/3788/4790
f 5681/4888/5808 4674/3788/4790 5680/4887/5807
f 4673/3787/4789 5680/4887/5807 4674/3788/4790
f 5680/4887/5807 4673/3787/4789 5679/4886/5806
f 5679/4886/5806 4673/3787/4789 4676/3790/4792
f 5679/4886/5806 4676/3790/4792 5678/4885/5805
f 5678/4885/5805 4676/3790/4792 5757/3792/4794
f 5678/4885/5805 5757/3792/4794 5756/4857/5777
f 4741/3860/4862 4761/3880/4882 4742/3861/4863
f 4789/3910/4912 4761/3880/4882 4741/3860/4862
f 4741/3860/4862 4740/3859/4861 4789/3910/4912
f 5753/3911/4913 4789/3910/4912 4740/3859/4861
f 5753/3911/4913 4740/3859/4861 4719/3838/4840
f 5683/4890/5810 5753/3911/4913 4719/3838/4840
f 5683/4890/5810 4719/3838/4840 4718/3837/4839
f 5684/4891/5811 5683/4890/5810 4718/3837/4839
f 5684/4891/5811 4718/3837/4839 4724/3843/4845
f 5684/4891/5811 4724/3843/4845 5685/4892/5812
f 4724/3843/4845 4706/3825/4827 5685/4892/5812
f 4674/3788/4790 5685/4892/5812 4706/3825/4827
f 4674/3788/4790 4706/3825/4827 4704/3823/4825
f 4675/3789/4791 4674/3788/4790 4704/3823/4825
f 4675/3789/4791 4704/3823/4825 4703/3822/4824
f 4703/3822/4824 4677/3791/4793 4675/3789/4791
f 4703/3822/4824 4690/3806/4808 4677/3791/4793
f 4690/3806/4808 5760/3793/4795 4677/3791/4793
f 5669/4876/5796 4638/3752/4754 4621/3735/4737
f 4621/3735/4737 4638/3752/4754 4640/3754/4756
f 4621/3735/4737 4640/3754/4756 4622/3736/4738
f 4642/3756/4758 4622/3736/4738 4640/3754/4756
f 4642/3756/4758 4624/3738/4740 4622/3736/4738
f 4644/3758/4760 4624/3738/4740 4642/3756/4758
f 4644/3758/4760 4626/3740/4742 4624/3738/4740
f 4626/3740/4742 4644/3758/4760 4628/3742/4744
f 5682/4889/5809 4800/3922/4924 4799/3921/4923
f 5682/4889/5809 5361/4503/5486 4800/3922/4924
f 5673/4880/5800 5361/4503/5486 5682/4889/5809
f 5673/4880/5800 5359/4501/5484 5361/4503/5486
f 5661/4868/5788 5359/4501/5484 5673/4880/5800
f 5357/4499/5482 5359/4501/5484 5661/4868/5788
f 5663/4870/5790 5357/4499/5482 5661/4868/5788
f 5663/4870/5790 5365/4507/5490 5357/4499/5482
f 5663/4870/5790 5677/4884/5804 5365/4507/5490
f 5677/4884/5804 5062/4186/5186 5365/4507/5490
f 5677/4884/5804 5676/4883/5803 5062/4186/5186
f 5062/4186/5186 5676/4883/5803 5061/4185/5185
f 5676/4883/5803 5675/4882/5802 5061/4185/5185
f 5061/4185/5185 5675/4882/5802 5041/4165/5165
f 5669/4876/5796 5041/4165/5165 5675/4882/5802
f 5039/4163/5163 5041/4165/5165 5669/4876/5796
f 5039/4163/5163 5669/4876/5796 4621/3735/4737
f 4620/3734/4736 5039/4163/5163 4621/3735/4737
f 5116/4240/5240 5115/4239/5239 5126/4250/5250
f 5124/4248/5248 5116/4240/5240 5126/4250/5250
f 5124/4248/5248 5121/4245/5245 5116/4240/5240
f 5123/4247/5247 5121/4245/5245 5124/4248/5248
f 5123/4247/5247 5122/4246/5246 5121/4245/5245
f 5686/4893/5813 5122/4246/5246 5123/4247/5247
f 5120/4244/5244 5122/4246/5246 5686/4893/5813
f 5686/4893/5813 5161/4285/5285 5120/4244/5244
f 5686/4893/5813 5687/4894/5814 5161/4285/5285
f 5152/4276/5276 5161/4285/5285 5687/4894/5814
f 5152/4276/5276 5687/4894/5814 5688/4895/5815
f 5149/4273/5273 5152/4276/5276 5688/4895/5815
f 5149/4273/5273 5688/4895/5815 5689/4896/5816
f 5140/4264/5264 5149/4273/5273 5689/4896/5816
f 5140/4264/5264 5689/4896/5816 5690/4897/5817
f 5140/4264/5264 5690/4897/5817 5139/4263/5263
f 5123/4247/5247 5139/4263/5263 5690/4897/5817
f 5123/4247/5247 5125/4249/5249 5139/4263/5263
f 5123/4247/5247 5690/4897/5817 5691/4898/5818
f 5690/4897/5817 5689/4896/5816 5691/4898/5818
f 5691/4898/5818 5689/4896/5816 5688/4895/5815
f 5691/4898/5818 5688/4895/5815 5687/4894/5814
f 5686/4893/5813 5691/4898/5818 5687/4894/5814
f 5686/4893/5813 5123/4247/5247 5691/4898/5818
f 5692/4899/5819 5693/4900/5820 5694/4901/5821
f 5692/4899/5819 5695/4902/5822 5693/4900/5820
f 5695/4902/5822 5692/4899/5819 5696/4903/5823
f 5695/4902/5822 5696/4903/5823 5697/4904/5824
f 5698/4905/5825 5699/4906/5826 5700/4907/5827
f 5694/4901/5821 5699/4906/5826 5698/4905/5825
f 5701/4908/5828 5694/4901/5821 5698/4905/5825
f 5701/4908/5828 5702/4909/5829 5694/4901/5821
f 5702/4909/5829 5692/4899/5819 5694/4901/5821
f 5702/4909/5829 5703/4910/5830 5692/4899/5819
f 5704/4911/5831 5692/4899/5819 5703/4910/5830
f 5704/4911/5831 5696/4903/5823 5692/4899/5819
f 5704/4911/5831 5705/4912/5832 5696/4903/5823
f 5696/4903/5823 5705/4912/5832 5706/4913/5833
f 5696/4903/5823 5706/4913/5833 5697/4904/5824
f 5707/4914/5834 5697/4904/5824 5706/4913/5833
f 5708/4915/5835 5697/4904/5824 5707/4914/5834
f 5708/4915/5835 5695/4902/5822 5697/4904/5824
f 5695/4902/5822 5708/4915/5835 5709/4916/5836
f 5695/4902/5822 5709/4916/5836 5693/4900/5820
f 5709/4916/5836 5699/4906/5826 5693/4900/5820
f 5693/4900/5820 5699/4906/5826 5694/4901/5821
f 5700/4907/5827 4637/3751/4753 4636/3750/4752
f 5699/4906/5826 4637/3751/4753 5700/4907/5827
f 5699/4906/5826 4537/3651/4653 4637/3751/4753
f 5709/4916/5836 4537/3651/4653 5699/4906/5826
f 4539/3653/4655 4537/3651/4653 5709/4916/5836
f 5708/4915/5835 4539/3653/4655 5709/4916/5836
f 5708/4915/5835 4541/3655/4657 4539/3653/4655
f 4541/3655/4657 5708/4915/5835 5707/4914/5834
f 4541/3655/4657 5707/4914/5834 4543/3657/4659
f 4543/3657/4659 5707/4914/5834 4528/3642/4644
f 5707/4914/5834 5706/4913/5833 4528/3642/4644
f 4528/3642/4644 5706/4913/5833 4529/3643/4645
f 5705/4912/5832 4529/3643/4645 5706/4913/5833
f 5705/4912/5832 5582/4784/5707 4529/3643/4645
f 5583/4785/5708 5582/4784/5707 5705/4912/5832
f 5704/4911/5831 5583/4785/5708 5705/4912/5832
f 5584/4786/5709 5583/4785/5708 5704/4911/5831
f 5703/4910/5830 5584/4786/5709 5704/4911/5831
f 5702/4909/5829 5585/4787/5710 5584/4786/5709 5703/4910/5830
f 5589/4791/5714 5585/4787/5710 5702/4909/5829
f 5589/4791/5714 5702/4909/5829 5701/4908/5828
f 5589/4791/5714 5701/4908/5828 5603/4805/5728
f 5698/4905/5825 5603/4805/5728 5701/4908/5828
f 5698/4905/5825 5602/4804/5727 5603/4805/5728
f 5602/4804/5727 5698/4905/5825 5700/4907/5827
f 5700/4907/5827 5593/4795/5718 5602/4804/5727
f 5700/4907/5827 4636/3750/4752 5593/4795/5718
f 5187/4311/5311 5710/4917/5837 5192/4316/5316
f 5194/4318/5318 5710/4917/5837 5187/4311/5311
f 5194/4318/5318 5711/4918/5838 5710/4917/5837
f 5195/4319/5319 5711/4918/5838 5194/4318/5318
f 5195/4319/5319 5202/4326/5326 5711/4918/5838
f 5239/4828/5363 5711/4918/5838 5202/4326/5326
f 5712/4919/5839 5711/4918/5838 5239/4828/5363
f 5712/4919/5839 5710/4917/5837 5711/4918/5838
f 5710/4917/5837 5712/4919/5839 5713/4920/5840
f 5710/4917/5837 5713/4920/5840 5192/4316/5316
f 5193/4317/5317 5192/4316/5316 5713/4920/5840
f 5714/4921/5841 5238/4365/5362 5230/4355/5354
f 5714/4921/5841 5715/4922/5842 5238/4365/5362
f 5715/4922/5842 5237/4364/5361 5238/4365/5362
f 5715/4922/5842 5236/4363/5360 5237/4364/5361
f 5239/4366/5363 5236/4363/5360 5715/4922/5842
f 5712/4923/5839 5239/4366/5363 5715/4922/5842
f 5712/4923/5839 5715/4922/5842 5714/4921/5841
f 5713/4924/5840 5712/4923/5839 5714/4921/5841
f 5713/4924/5840 5714/4921/5841 5716/4925/5843
f 5193/4926/5317 5713/4924/5840 5716/4925/5843
f 5716/4925/5843 5228/4353/5352 5193/4926/5317
f 5716/4925/5843 5229/4354/5353 5228/4353/5352
f 5716/4925/5843 5230/4355/5354 5229/4354/5353
f 5716/4925/5843 5714/4921/5841 5230/4355/5354
f 5731/4927/5844 5730/4928/5845 5732/4929/5846
f 5731/4927/5844 5732/4929/5846 5743/4930/5847
f 5733/4931/5848 5743/4930/5847 5732/4929/5846
f 5733/4931/5848 5734/4932/5849 5743/4930/5847
f 5734/4932/5849 5744/4933/5850 5743/4930/5847
f 5734/4932/5849 5735/4934/5851 5744/4933/5850
f 5738/4935/5852 5744/4933/5850 5735/4934/5851
f 5738/4935/5852 5745/4936/5853 5744/4933/5850
f 5745/4936/5853 5738/4935/5852 5739/4937/5854
f 5745/4936/5853 5739/4937/5854 5746/4938/5855
f 5740/4939/5856 5746/4938/5855 5739/4937/5854
f 5740/4939/5856 5742/4940/5857 5746/4938/5855
f 5742/4940/5857 5741/4941/5858 5746/4938/5855
f 5741/4941/5858 5745/4936/5853 5746/4938/5855
f 5741/4941/5858 5736/4942/5859 5745/4936/5853
f 5736/4942/5859 5744/4933/5850 5745/4936/5853
f 5736/4942/5859 5737/4943/5860 5744/4933/5850
f 5744/4933/5850 5737/4943/5860 5731/4927/5844
f 5744/4933/5850 5731/4927/5844 5743/4930/5847
f 5729/4944/5861 5728/4945/5862 5724/4946/5863
f 5729/4944/5861 5724/4946/5863 5747/4947/5864
f 5747/4947/5864 5727/4948/5865 5729/4944/5861
f 5747/4947/5864 5726/4949/5866 5727/4948/5865
f 5726/4949/5866 5747/4947/5864 5748/4950/5867
f 5726/4949/5866 5748/4950/5867 5723/4951/5868
f 5722/4952/5869 5723/4951/5868 5748/4950/5867
f 5722/4952/5869 5748/4950/5867 5749/4953/5870
f 5721/4954/5871 5722/4952/5869 5749/4953/5870
f 5721/4954/5871 5749/4953/5870 5750/4955/5872
f 5750/4955/5872 5720/4956/5873 5721/4954/5871
f 5750/4955/5872 5719/4957/5874 5720/4956/5873
f 5750/4955/5872 5718/4958/5875 5719/4957/5874
f 5718/4958/5875 5750/4955/5872 5749/4953/5870
f 5718/4958/5875 5749/4953/5870 5717/4959/5876
f 5748/4950/5867 5717/4959/5876 5749/4953/5870
f 5748/4950/5867 5725/4960/5877 5717/4959/5876
f 5724/4946/5863 5725/4960/5877 5748/4950/5867
f 5724/4946/5863 5748/4950/5867 5747/4947/5864
l 5252 5762
o UCX_HEavyWeaponsSoul
v -26.378492 -99.684914 12.215788
v -26.378492 -86.733284 12.215788
v -37.288433 -99.684914 -18.719818
v -37.288433 -86.733284 -18.719818
v 29.899906 -99.684914 18.719791
v 29.899906 -86.733284 18.719791
v 29.899906 -99.684914 -18.719818
v 29.899906 -86.733284 -18.719818
v -37.288433 -44.352360 7.600046
v -27.634018 -29.299850 -13.894229
v 29.899906 -44.352360 7.600046
v 20.378841 -32.542503 -15.172888
v -37.078629 9.903435 20.368179
v -47.988571 18.505501 -42.709778
v 31.997971 10.113235 20.368179
v 40.390236 18.715309 -42.709778
v -41.694374 52.469292 9.474983
v -52.604313 54.147743 -34.678432
v 33.886234 49.531990 9.474983
v 42.278496 51.210457 -34.678432
v -30.784430 75.875145 8.031739
v -30.784430 75.665337 -18.078318
v 24.025322 74.616310 8.031739
v 24.025322 74.406502 -18.078318
v -13.790095 88.432030 5.579134
v -13.790095 89.690865 -12.348466
v 5.142728 88.641853 5.579134
v 5.142728 89.900673 -12.348466
v -10.852803 98.765266 -1.675558
v -10.852803 98.345650 -7.853992
v -0.102437 99.604500 -1.675558
v -0.102437 99.184868 -7.853992
vn -0.9431 -0.0000 0.3326
vn -0.0000 -0.0000 -1.0000
vn 1.0000 -0.0000 -0.0000
vn -0.1148 -0.0000 0.9934
vn -0.0000 -1.0000 -0.0000
vn 0.9865 0.0864 -0.1391
vn 0.0004 -0.2287 0.9735
vn -0.9997 -0.0126 0.0203
vn -0.0518 0.1758 0.9831
vn -0.0090 0.0748 -0.9972
vn 0.9876 -0.0459 0.1502
vn -0.0191 -0.4944 -0.8690
vn 0.9750 -0.2128 -0.0634
vn -0.9790 -0.1997 -0.0413
vn 0.8737 0.4729 0.1142
vn -0.9761 -0.1083 0.1882
vn 0.0048 0.2570 0.9664
vn 0.0034 0.2296 -0.9733
vn 0.0026 0.1816 0.9834
vn -0.8221 0.5520 0.1392
vn 0.0019 0.0594 0.9982
vn 0.0167 0.5952 -0.8034
vn 0.8869 0.4617 0.0161
vn 0.0052 0.3622 -0.9321
vn 0.6167 0.7869 0.0187
vn -0.6171 0.7867 0.0187
vn -0.0777 0.9947 -0.0676
vn -0.9548 0.2969 0.0103
vn -0.0198 0.5615 0.8273
vn -0.0158 0.4463 -0.8947
vt 0.375000 0.000000
vt 0.625000 0.000000
vt 0.625000 0.250000
vt 0.375000 0.250000
vt 0.625000 0.500000
vt 0.375000 0.500000
vt 0.625000 0.750000
vt 0.375000 0.750000
vt 0.625000 1.000000
vt 0.375000 1.000000
vt 0.125000 0.500000
vt 0.125000 0.750000
vt 0.875000 0.500000
vt 0.875000 0.750000
s 0
f 5763/4961/5878 5764/4962/5878 5766/4963/5878 5765/4964/5878
f 5765/4964/5879 5766/4963/5879 5770/4965/5879 5769/4966/5879
f 5769/4966/5880 5770/4965/5880 5768/4967/5880 5767/4968/5880
f 5767/4968/5881 5768/4967/5881 5764/4969/5881 5763/4970/5881
f 5765/4971/5882 5769/4966/5882 5767/4968/5882 5763/4972/5882
f 5768/4967/5883 5770/4965/5883 5774/4965/5883 5773/4967/5883
f 5771/4969/5884 5773/4967/5884 5777/4967/5884 5775/4969/5884
f 5766/4963/5885 5764/4962/5885 5771/4962/5885 5772/4963/5885
f 5764/4969/5886 5768/4967/5886 5773/4967/5886 5771/4969/5886
f 5770/4965/5887 5766/4963/5887 5772/4963/5887 5774/4965/5887
f 5777/4967/5888 5778/4965/5888 5782/4965/5888 5781/4967/5888
f 5774/4965/5889 5772/4963/5889 5776/4963/5889 5778/4965/5889
f 5773/4967/5890 5774/4965/5890 5778/4965/5890 5777/4967/5890
f 5772/4963/5891 5771/4962/5891 5775/4962/5891 5776/4963/5891
f 5781/4967/5892 5782/4965/5892 5786/4965/5892 5785/4967/5892
f 5776/4963/5893 5775/4962/5893 5779/4962/5893 5780/4963/5893
f 5775/4969/5894 5777/4967/5894 5781/4967/5894 5779/4969/5894
f 5778/4965/5895 5776/4963/5895 5780/4963/5895 5782/4965/5895
f 5783/4969/5896 5785/4967/5896 5789/4967/5896 5787/4969/5896
f 5780/4963/5897 5779/4962/5897 5783/4962/5897 5784/4963/5897
f 5779/4969/5898 5781/4967/5898 5785/4967/5898 5783/4969/5898
f 5782/4965/5899 5780/4963/5899 5784/4963/5899 5786/4965/5899
f 5789/4967/5900 5790/4965/5900 5794/4965/5900 5793/4967/5900
f 5786/4965/5901 5784/4963/5901 5788/4963/5901 5790/4965/5901
f 5785/4967/5902 5786/4965/5902 5790/4965/5902 5789/4967/5902
f 5784/4963/5903 5783/4962/5903 5787/4962/5903 5788/4963/5903
f 5794/4965/5904 5792/4973/5904 5791/4974/5904 5793/4967/5904
f 5788/4963/5905 5787/4962/5905 5791/4962/5905 5792/4963/5905
f 5787/4969/5906 5789/4967/5906 5793/4967/5906 5791/4969/5906
f 5790/4965/5907 5788/4963/5907 5792/4963/5907 5794/4965/5907
